1,1,274.300,591.300,45.600,144.600,1,-1,-1,-1
1,2,1521.800,565.500,52.000,114.200,1,-1,-1,-1
1,3,1610.200,555.900,58.200,123.000,1,-1,-1,-1
1,4,194.500,578.700,47.800,154.500,1,-1,-1,-1
1,5,120.700,704.400,54.100,106.500,1,-1,-1,-1
1,6,1370.200,516.400,34.400,98.500,1,-1,-1,-1
1,7,504.000,549.800,35.000,91.400,1,-1,-1,-1
1,8,1445.800,507.200,33.000,80.000,1,-1,-1,-1
1,9,1.000,667.600,48.900,223.300,1,-1,-1,-1
1,10,542.700,549.400,34.600,91.500,1,-1,-1,-1
1,11,652.400,528.200,27.900,71.800,1,-1,-1,-1
1,12,1478.800,518.000,38.000,79.700,1,-1,-1,-1
1,13,827.200,512.400,19.300,44.100,1,-1,-1,-1
1,14,1182.400,488.500,14.900,35.900,1,-1,-1,-1
1,15,1073.400,495.800,16.300,27.700,1,-1,-1,-1
1,16,793.800,506.700,19.600,44.900,1,-1,-1,-1
1,17,634.200,528.100,23.800,63.500,1,-1,-1,-1
1,18,817.300,510.900,19.000,43.900,1,-1,-1,-1
2,1,264.608,578.864,46.885,145.774,1,-1,-1,-1
2,2,1528.560,559.815,53.878,119.671,1,-1,-1,-1
2,3,1616.372,555.657,57.555,121.887,1,-1,-1,-1
2,4,187.925,564.899,48.452,153.405,1,-1,-1,-1
2,5,109.700,698.625,50.402,102.652,1,-1,-1,-1
2,6,1374.369,514.501,33.661,95.499,1,-1,-1,-1
2,7,502.542,536.958,35.617,93.687,1,-1,-1,-1
2,8,1451.354,507.266,31.292,75.269,1,-1,-1,-1
2,9,2.955,660.223,42.991,214.857,1,-1,-1,-1
2,10,541.755,538.721,34.690,92.260,1,-1,-1,-1
2,11,652.324,518.701,27.953,72.799,1,-1,-1,-1
2,12,1481.208,515.679,36.583,76.642,1,-1,-1,-1
2,13,827.296,504.446,18.807,44.010,1,-1,-1,-1
2,14,1178.439,485.782,15.523,34.837,1,-1,-1,-1
2,15,1072.473,487.628,16.654,29.245,1,-1,-1,-1
2,16,797.000,499.537,19.000,44.528,1,-1,-1,-1
2,17,639.674,520.140,23.950,66.522,1,-1,-1,-1
2,18,814.677,502.598,18.247,43.406,1,-1,-1,-1
2,19,1186.500,482.500,15.300,36.500,1,-1,-1,-1
2,20,1878.300,582.100,30.000,86.200,1,-1,-1,-1
2,21,785.100,496.900,20.200,48.100,1,-1,-1,-1
2,22,1434.100,489.900,23.300,52.300,1,-1,-1,-1
2,23,1424.800,485.600,20.400,44.100,1,-1,-1,-1
3,1,259.388,594.325,48.543,150.068,1,-1,-1,-1
3,2,1535.721,554.901,54.299,119.551,1,-1,-1,-1
3,3,1625.486,548.104,59.497,123.534,1,-1,-1,-1
3,4,176.702,583.132,48.139,153.083,1,-1,-1,-1
3,5,104.190,721.596,48.898,102.578,1,-1,-1,-1
3,6,1376.495,512.372,34.373,96.250,1,-1,-1,-1
3,7,500.892,551.150,35.205,92.912,1,-1,-1,-1
3,8,1453.924,501.574,32.539,76.687,1,-1,-1,-1
3,10,541.701,553.216,33.374,89.821,1,-1,-1,-1
3,11,651.271,528.963,27.982,72.674,1,-1,-1,-1
3,12,1487.863,512.111,36.462,76.738,1,-1,-1,-1
3,13,826.575,511.438,19.196,44.329,1,-1,-1,-1
3,14,1174.060,484.168,14.910,34.952,1,-1,-1,-1
3,15,1073.168,489.663,16.210,28.728,1,-1,-1,-1
3,17,639.547,530.006,23.917,67.581,1,-1,-1,-1
3,18,813.046,510.462,18.049,42.952,1,-1,-1,-1
3,19,1184.098,485.564,16.504,37.271,1,-1,-1,-1
3,21,792.713,507.537,19.873,46.123,1,-1,-1,-1
3,23,1428.478,477.451,21.643,47.000,1,-1,-1,-1
3,24,1408.600,478.600,21.100,46.400,1,-1,-1,-1
3,25,601.900,532.000,20.500,59.100,1,-1,-1,-1
4,1,256.086,593.106,48.438,149.749,1,-1,-1,-1
4,2,1541.537,556.103,54.815,120.781,1,-1,-1,-1
4,3,1634.298,550.672,59.226,124.184,1,-1,-1,-1
4,4,170.148,581.879,49.555,158.455,1,-1,-1,-1
4,5,93.013,722.912,48.988,104.127,1,-1,-1,-1
4,6,1381.259,511.661,35.198,98.401,1,-1,-1,-1
4,7,501.445,550.588,35.530,94.161,1,-1,-1,-1
4,8,1458.022,499.992,32.533,77.266,1,-1,-1,-1
4,10,541.216,553.246,33.288,89.883,1,-1,-1,-1
4,11,651.864,529.062,28.039,73.224,1,-1,-1,-1
4,12,1492.431,510.639,36.103,76.249,1,-1,-1,-1
4,13,827.508,511.315,18.931,44.281,1,-1,-1,-1
4,15,1073.846,488.794,16.160,28.912,1,-1,-1,-1
4,17,638.152,529.467,24.015,67.914,1,-1,-1,-1
4,18,813.672,509.151,17.771,43.361,1,-1,-1,-1
4,19,1186.260,483.456,16.015,36.058,1,-1,-1,-1
4,21,795.754,505.143,19.374,45.272,1,-1,-1,-1
4,23,1429.952,475.368,21.554,46.141,1,-1,-1,-1
4,24,1405.717,477.387,21.066,47.125,1,-1,-1,-1
5,1,248.960,587.830,47.372,149.022,1,-1,-1,-1
5,2,1546.445,561.738,56.238,123.236,1,-1,-1,-1
5,3,1641.200,559.363,61.521,127.311,1,-1,-1,-1
5,4,163.119,578.128,49.412,157.825,1,-1,-1,-1
5,5,79.290,719.889,48.036,104.051,1,-1,-1,-1
5,6,1386.440,517.406,35.159,98.481,1,-1,-1,-1
5,7,499.688,546.784,36.009,95.329,1,-1,-1,-1
5,8,1460.424,505.937,32.531,78.769,1,-1,-1,-1
5,10,541.602,548.248,33.003,90.171,1,-1,-1,-1
5,11,650.981,526.241,27.757,73.453,1,-1,-1,-1
5,12,1496.577,518.598,35.893,76.184,1,-1,-1,-1
5,13,828.316,509.853,19.000,45.119,1,-1,-1,-1
5,15,1074.745,493.511,15.380,26.970,1,-1,-1,-1
5,18,812.036,507.506,17.440,43.278,1,-1,-1,-1
5,19,1191.341,486.478,17.209,37.611,1,-1,-1,-1
5,21,791.407,502.907,19.631,46.752,1,-1,-1,-1
5,26,1482.200,515.700,29.200,74.100,1,-1,-1,-1
5,27,1277.400,495.700,14.600,45.300,1,-1,-1,-1
5,28,775.800,500.200,18.000,47.000,1,-1,-1,-1
6,1,241.021,595.100,47.816,150.705,1,-1,-1,-1
6,2,1555.228,571.385,56.077,123.944,1,-1,-1,-1
6,3,1647.966,569.559,62.606,129.109,1,-1,-1,-1
6,4,154.038,587.649,48.794,154.655,1,-1,-1,-1
6,5,67.854,733.587,45.738,101.184,1,-1,-1,-1
6,6,1391.039,529.241,35.104,98.340,1,-1,-1,-1
6,7,499.722,554.657,35.362,94.887,1,-1,-1,-1
6,8,1464.912,515.992,32.682,79.576,1,-1,-1,-1
6,10,541.154,555.067,33.285,91.303,1,-1,-1,-1
6,11,651.439,534.260,27.933,73.112,1,-1,-1,-1
6,12,1501.361,528.423,37.225,77.208,1,-1,-1,-1
6,13,831.354,517.370,19.261,46.600,1,-1,-1,-1
6,15,1077.237,501.703,14.512,26.930,1,-1,-1,-1
6,17,634.014,537.552,24.435,67.676,1,-1,-1,-1
6,18,810.841,514.878,17.693,44.025,1,-1,-1,-1
6,19,1192.564,495.449,16.459,37.627,1,-1,-1,-1
6,21,792.532,512.098,19.293,46.621,1,-1,-1,-1
6,27,1283.731,501.519,14.737,46.660,1,-1,-1,-1
6,29,523.700,557.100,26.900,90.800,1,-1,-1,-1
6,30,1385.800,516.300,21.800,51.600,1,-1,-1,-1
7,1,232.041,597.438,49.030,153.049,1,-1,-1,-1
7,2,1560.707,571.292,56.660,126.438,1,-1,-1,-1
7,3,1656.283,570.529,63.173,131.517,1,-1,-1,-1
7,4,143.208,590.492,49.158,155.248,1,-1,-1,-1
7,5,53.232,738.886,46.588,103.594,1,-1,-1,-1
7,6,1393.201,528.212,35.909,100.450,1,-1,-1,-1
7,7,498.205,551.854,35.637,97.178,1,-1,-1,-1
7,8,1467.006,510.365,33.500,82.606,1,-1,-1,-1
7,10,539.818,553.152,33.282,92.841,1,-1,-1,-1
7,11,650.735,531.313,28.313,73.934,1,-1,-1,-1
7,12,1504.877,523.872,39.092,80.529,1,-1,-1,-1
7,13,830.731,512.482,19.488,48.175,1,-1,-1,-1
7,15,1077.602,498.733,14.884,27.091,1,-1,-1,-1
7,18,808.240,510.636,18.002,45.794,1,-1,-1,-1
7,19,1193.935,490.364,16.236,38.019,1,-1,-1,-1
7,21,790.622,507.358,20.021,49.329,1,-1,-1,-1
7,25,601.896,528.912,21.508,62.075,1,-1,-1,-1
7,31,1279.100,493.600,16.800,44.300,1,-1,-1,-1
7,32,1449.200,494.800,21.700,45.800,1,-1,-1,-1
8,1,223.800,603.368,48.181,151.643,1,-1,-1,-1
8,2,1567.629,579.768,57.220,127.517,1,-1,-1,-1
8,3,1662.993,578.682,63.286,131.610,1,-1,-1,-1
8,4,133.970,596.137,48.003,153.995,1,-1,-1,-1
8,5,38.420,747.650,46.604,104.537,1,-1,-1,-1
8,6,1395.257,532.682,36.742,101.606,1,-1,-1,-1
8,7,496.234,554.912,35.825,97.712,1,-1,-1,-1
8,8,1470.680,516.124,33.425,83.083,1,-1,-1,-1
8,10,537.550,556.792,33.642,93.380,1,-1,-1,-1
8,11,651.665,534.550,28.758,74.574,1,-1,-1,-1
8,12,1507.871,530.485,40.083,82.828,1,-1,-1,-1
8,13,830.894,516.434,18.985,47.492,1,-1,-1,-1
8,15,1077.728,501.946,14.513,27.183,1,-1,-1,-1
8,17,634.607,538.602,24.811,68.864,1,-1,-1,-1
8,18,804.212,514.036,18.252,45.656,1,-1,-1,-1
8,19,1195.332,496.244,16.048,37.466,1,-1,-1,-1
8,21,791.180,511.122,19.445,47.975,1,-1,-1,-1
8,26,1495.602,529.447,24.895,69.605,1,-1,-1,-1
8,31,1286.062,501.715,15.676,45.168,1,-1,-1,-1
8,33,815.900,516.900,18.800,44.700,1,-1,-1,-1
8,34,613.500,538.600,20.700,63.100,1,-1,-1,-1
8,35,1085.600,503.000,15.200,27.900,1,-1,-1,-1
9,1,213.842,603.457,49.377,153.130,1,-1,-1,-1
9,2,1574.885,587.021,56.326,128.144,1,-1,-1,-1
9,3,1670.371,585.760,64.102,134.034,1,-1,-1,-1
9,4,121.987,595.256,48.972,155.638,1,-1,-1,-1
9,5,20.197,749.443,47.796,107.638,1,-1,-1,-1
9,6,1396.745,536.641,36.968,101.114,1,-1,-1,-1
9,7,493.997,553.816,35.945,98.588,1,-1,-1,-1
9,8,1473.189,521.405,33.112,81.802,1,-1,-1,-1
9,10,535.620,556.721,33.932,94.022,1,-1,-1,-1
9,11,649.200,534.197,29.112,75.399,1,-1,-1,-1
9,12,1511.156,536.574,40.053,82.788,1,-1,-1,-1
9,13,830.426,517.548,18.761,47.104,1,-1,-1,-1
9,15,1077.266,503.731,14.777,28.810,1,-1,-1,-1
9,19,1196.256,500.031,15.607,37.265,1,-1,-1,-1
9,21,791.912,511.952,19.526,47.602,1,-1,-1,-1
9,31,1286.049,503.526,15.889,46.600,1,-1,-1,-1
9,33,814.764,516.487,18.273,43.826,1,-1,-1,-1
9,34,612.680,536.563,21.240,63.673,1,-1,-1,-1
9,36,678.500,532.400,24.400,56.800,1,-1,-1,-1
10,1,202.098,596.068,51.458,155.740,1,-1,-1,-1
10,2,1581.253,597.704,56.723,129.611,1,-1,-1,-1
10,3,1675.276,597.253,65.588,136.306,1,-1,-1,-1
10,4,108.497,583.861,48.403,158.106,1,-1,-1,-1
10,5,3.041,740.856,48.040,107.651,1,-1,-1,-1
10,6,1398.522,545.797,37.251,100.790,1,-1,-1,-1
10,7,490.926,549.792,35.778,98.364,1,-1,-1,-1
10,8,1476.106,530.802,33.179,81.839,1,-1,-1,-1
10,10,532.915,553.057,34.250,94.018,1,-1,-1,-1
10,11,645.681,531.466,29.401,76.389,1,-1,-1,-1
10,12,1513.041,544.911,39.232,82.118,1,-1,-1,-1
10,13,830.611,518.161,18.663,47.077,1,-1,-1,-1
10,15,1076.310,506.047,14.563,29.151,1,-1,-1,-1
10,19,1197.787,504.514,15.486,37.511,1,-1,-1,-1
10,21,792.547,511.344,19.236,46.407,1,-1,-1,-1
10,26,1498.018,542.150,27.843,76.503,1,-1,-1,-1
10,31,1286.642,511.243,16.629,49.096,1,-1,-1,-1
10,33,807.370,514.292,18.118,43.034,1,-1,-1,-1
10,34,609.726,531.389,21.718,63.558,1,-1,-1,-1
10,35,1085.726,506.440,15.948,29.920,1,-1,-1,-1
10,36,676.566,530.583,26.067,61.034,1,-1,-1,-1
10,37,1457.900,508.700,25.000,48.300,1,-1,-1,-1
11,1,191.450,601.085,54.314,160.219,1,-1,-1,-1
11,2,1588.980,592.140,56.646,131.182,1,-1,-1,-1
11,3,1680.497,590.544,67.402,138.104,1,-1,-1,-1
11,4,99.333,591.387,49.690,161.746,1,-1,-1,-1
11,5,-3.084,754.704,44.742,107.221,1,-1,-1,-1
11,6,1400.284,539.086,37.358,101.695,1,-1,-1,-1
11,7,488.129,552.967,35.656,98.173,1,-1,-1,-1
11,8,1477.555,523.159,32.526,82.433,1,-1,-1,-1
11,10,531.626,556.566,34.363,94.375,1,-1,-1,-1
11,11,644.636,532.755,29.512,76.598,1,-1,-1,-1
11,12,1515.437,539.492,38.744,81.458,1,-1,-1,-1
11,13,829.939,518.022,18.729,47.127,1,-1,-1,-1
11,15,1076.571,503.066,14.836,29.175,1,-1,-1,-1
11,19,1196.955,501.192,15.428,37.649,1,-1,-1,-1
11,21,792.084,511.519,19.026,45.212,1,-1,-1,-1
11,25,599.664,535.124,24.004,65.599,1,-1,-1,-1
11,31,1287.567,502.246,16.506,48.419,1,-1,-1,-1
11,33,808.115,514.696,18.115,42.874,1,-1,-1,-1
11,34,614.614,535.412,22.613,65.686,1,-1,-1,-1
11,37,1465.888,508.676,28.721,58.947,1,-1,-1,-1
11,38,1494.000,523.600,25.500,71.200,1,-1,-1,-1
12,1,176.701,602.756,58.213,164.648,1,-1,-1,-1
12,2,1595.943,591.741,56.712,132.807,1,-1,-1,-1
12,3,1687.582,591.363,66.935,138.204,1,-1,-1,-1
12,4,89.790,596.547,50.074,160.768,1,-1,-1,-1
12,6,1403.140,541.151,36.755,100.875,1,-1,-1,-1
12,7,486.024,555.745,35.528,97.889,1,-1,-1,-1
12,8,1481.128,524.477,30.710,81.219,1,-1,-1,-1
12,10,530.078,558.871,34.236,94.478,1,-1,-1,-1
12,11,642.530,536.325,28.443,75.211,1,-1,-1,-1
12,12,1518.910,540.684,38.370,81.769,1,-1,-1,-1
12,13,830.269,519.288,18.568,47.403,1,-1,-1,-1
12,15,1074.540,504.449,14.360,27.720,1,-1,-1,-1
12,19,1196.360,502.384,15.244,37.144,1,-1,-1,-1
12,21,792.921,514.066,18.544,44.846,1,-1,-1,-1
12,31,1288.452,503.916,16.573,48.179,1,-1,-1,-1
12,33,809.244,517.702,18.147,43.193,1,-1,-1,-1
12,34,613.129,539.792,23.597,66.137,1,-1,-1,-1
12,38,1497.248,531.752,28.203,79.394,1,-1,-1,-1
12,39,1464.100,506.200,24.700,52.100,1,-1,-1,-1
12,40,1438.500,499.100,20.700,47.500,1,-1,-1,-1
13,1,165.550,591.799,60.483,165.325,1,-1,-1,-1
13,2,1603.123,594.943,56.492,133.366,1,-1,-1,-1
13,3,1695.180,592.284,67.058,139.761,1,-1,-1,-1
13,4,76.033,584.677,51.005,164.524,1,-1,-1,-1
13,6,1405.242,538.638,36.756,101.257,1,-1,-1,-1
13,7,485.120,547.300,35.380,97.226,1,-1,-1,-1
13,8,1484.653,525.837,30.678,80.654,1,-1,-1,-1
13,10,528.518,549.966,34.584,95.181,1,-1,-1,-1
13,11,639.382,529.375,27.317,73.470,1,-1,-1,-1
13,12,1522.322,538.035,39.172,82.196,1,-1,-1,-1
13,13,830.370,512.898,18.732,47.632,1,-1,-1,-1
13,15,1075.625,498.724,14.934,28.908,1,-1,-1,-1
13,19,1197.871,498.429,15.489,37.505,1,-1,-1,-1
13,21,791.601,506.616,19.022,45.607,1,-1,-1,-1
13,31,1290.397,499.989,16.267,46.996,1,-1,-1,-1
13,34,611.048,528.488,24.440,66.484,1,-1,-1,-1
13,41,816.300,507.500,19.500,45.400,1,-1,-1,-1
13,42,1301.200,500.300,15.100,45.400,1,-1,-1,-1
14,1,155.164,597.339,62.072,166.261,1,-1,-1,-1
14,2,1610.496,590.718,57.128,134.990,1,-1,-1,-1
14,3,1703.577,587.854,66.055,140.025,1,-1,-1,-1
14,4,62.307,588.439,52.403,169.278,1,-1,-1,-1
14,6,1407.929,535.774,36.385,101.067,1,-1,-1,-1
14,7,481.837,550.098,35.579,95.834,1,-1,-1,-1
14,8,1487.475,522.815,30.429,81.058,1,-1,-1,-1
14,10,525.289,552.512,35.063,95.577,1,-1,-1,-1
14,11,641.021,531.017,27.768,74.181,1,-1,-1,-1
14,12,1526.970,533.258,39.286,82.773,1,-1,-1,-1
14,13,828.664,513.274,18.685,47.068,1,-1,-1,-1
14,15,1075.125,497.634,15.108,29.476,1,-1,-1,-1
14,19,1197.854,495.884,15.861,37.981,1,-1,-1,-1
14,21,791.908,506.708,18.998,45.015,1,-1,-1,-1
14,25,603.660,532.542,24.874,67.191,1,-1,-1,-1
14,31,1289.442,497.796,16.055,46.286,1,-1,-1,-1
14,34,618.190,532.098,25.069,68.183,1,-1,-1,-1
14,37,1502.066,524.964,38.967,80.184,1,-1,-1,-1
14,39,1458.797,514.808,25.907,54.684,1,-1,-1,-1
14,41,816.937,511.613,19.225,44.374,1,-1,-1,-1
14,42,1300.380,499.668,15.241,44.763,1,-1,-1,-1
15,1,143.020,599.148,62.553,167.724,1,-1,-1,-1
15,2,1618.953,591.854,57.712,137.354,1,-1,-1,-1
15,3,1712.131,588.481,66.033,141.468,1,-1,-1,-1
15,4,46.953,585.700,54.381,172.855,1,-1,-1,-1
15,6,1411.655,535.509,36.752,100.742,1,-1,-1,-1
15,7,481.227,549.376,35.654,95.398,1,-1,-1,-1
15,8,1490.561,521.721,30.561,81.458,1,-1,-1,-1
15,10,524.173,551.054,35.277,95.898,1,-1,-1,-1
15,11,640.843,530.218,27.768,74.475,1,-1,-1,-1
15,12,1530.736,533.444,40.769,84.700,1,-1,-1,-1
15,13,829.451,512.966,18.770,47.200,1,-1,-1,-1
15,15,1074.625,495.237,15.657,30.650,1,-1,-1,-1
15,19,1199.401,494.775,16.192,37.990,1,-1,-1,-1
15,21,791.332,505.937,19.117,45.217,1,-1,-1,-1
15,25,604.590,530.398,24.651,66.479,1,-1,-1,-1
15,31,1285.999,495.436,16.322,44.683,1,-1,-1,-1
15,34,621.620,531.774,25.188,69.000,1,-1,-1,-1
15,39,1461.393,513.109,25.671,55.478,1,-1,-1,-1
15,41,814.180,510.802,18.869,43.785,1,-1,-1,-1
15,42,1295.673,497.738,15.343,44.936,1,-1,-1,-1
15,43,1477.500,515.800,28.000,69.500,1,-1,-1,-1
15,44,1304.700,499.800,17.000,45.800,1,-1,-1,-1
15,45,1424.200,513.700,21.800,51.700,1,-1,-1,-1
16,1,131.681,599.356,63.594,169.098,1,-1,-1,-1
16,2,1626.445,591.901,58.235,138.987,1,-1,-1,-1
16,3,1719.954,590.731,64.919,142.438,1,-1,-1,-1
16,4,31.596,587.830,57.238,176.258,1,-1,-1,-1
16,6,1414.547,536.662,37.401,101.163,1,-1,-1,-1
16,7,480.111,548.365,35.738,95.760,1,-1,-1,-1
16,8,1493.955,523.362,30.748,80.371,1,-1,-1,-1
16,10,522.442,549.525,35.579,96.881,1,-1,-1,-1
16,11,641.097,529.917,27.657,74.289,1,-1,-1,-1
16,12,1535.457,535.842,41.900,85.281,1,-1,-1,-1
16,13,829.689,512.672,18.652,47.381,1,-1,-1,-1
16,15,1074.007,494.518,15.730,30.106,1,-1,-1,-1
16,19,1200.494,494.818,16.339,38.080,1,-1,-1,-1
16,21,789.915,505.409,19.256,45.713,1,-1,-1,-1
16,25,606.997,529.980,24.672,66.777,1,-1,-1,-1
16,34,626.248,530.490,25.412,70.079,1,-1,-1,-1
16,39,1458.250,517.092,24.523,52.824,1,-1,-1,-1
16,41,810.339,509.913,18.371,43.470,1,-1,-1,-1
16,42,1295.382,498.311,15.243,44.961,1,-1,-1,-1
16,44,1306.102,501.072,16.595,45.856,1,-1,-1,-1
16,45,1416.963,509.424,22.275,50.053,1,-1,-1,-1
16,46,1511.500,534.500,25.200,69.800,1,-1,-1,-1
17,1,118.894,601.758,64.748,169.979,1,-1,-1,-1
17,2,1633.342,591.430,58.404,140.836,1,-1,-1,-1
17,3,1727.682,591.171,64.019,142.817,1,-1,-1,-1
17,4,15.917,592.367,59.519,181.016,1,-1,-1,-1
17,6,1416.972,536.253,38.456,102.775,1,-1,-1,-1
17,7,478.142,550.092,35.955,95.541,1,-1,-1,-1
17,8,1496.962,522.683,30.445,78.987,1,-1,-1,-1
17,10,519.716,551.627,36.255,97.394,1,-1,-1,-1
17,11,640.071,530.704,27.747,74.628,1,-1,-1,-1
17,12,1539.961,536.542,42.065,85.678,1,-1,-1,-1
17,13,829.176,514.250,18.488,47.079,1,-1,-1,-1
17,15,1073.666,492.586,16.367,31.301,1,-1,-1,-1
17,19,1200.547,494.790,16.374,37.962,1,-1,-1,-1
17,21,790.023,506.881,18.957,45.468,1,-1,-1,-1
17,25,605.589,531.570,24.708,67.377,1,-1,-1,-1
17,31,1284.278,493.846,16.551,43.580,1,-1,-1,-1
17,34,623.666,532.058,25.779,71.100,1,-1,-1,-1
17,41,809.929,511.812,18.057,42.908,1,-1,-1,-1
17,42,1293.180,497.863,15.133,44.862,1,-1,-1,-1
17,44,1301.651,500.240,15.850,45.132,1,-1,-1,-1
18,1,107.349,601.979,65.017,171.761,1,-1,-1,-1
18,2,1643.210,591.504,58.679,142.292,1,-1,-1,-1
18,3,1737.186,590.917,63.521,142.744,1,-1,-1,-1
18,4,5.308,593.956,59.963,183.451,1,-1,-1,-1
18,6,1420.078,536.357,39.196,103.165,1,-1,-1,-1
18,7,475.910,550.051,36.171,96.171,1,-1,-1,-1
18,8,1501.758,522.214,30.750,79.799,1,-1,-1,-1
18,10,516.722,551.351,36.862,97.994,1,-1,-1,-1
18,11,639.292,530.534,27.833,75.404,1,-1,-1,-1
18,12,1543.270,535.335,41.722,85.906,1,-1,-1,-1
18,13,828.682,513.548,18.365,46.714,1,-1,-1,-1
18,15,1073.733,492.633,16.611,31.971,1,-1,-1,-1
18,19,1201.806,495.003,16.202,37.500,1,-1,-1,-1
18,21,791.864,506.869,18.548,44.874,1,-1,-1,-1
18,25,604.244,532.225,24.912,68.398,1,-1,-1,-1
18,31,1284.659,494.807,16.993,42.836,1,-1,-1,-1
18,34,620.130,532.481,25.921,71.538,1,-1,-1,-1
18,41,811.773,511.486,17.843,42.737,1,-1,-1,-1
18,42,1293.743,497.525,15.260,45.502,1,-1,-1,-1
18,44,1304.006,498.716,15.897,45.153,1,-1,-1,-1
18,46,1520.261,525.661,25.577,76.578,1,-1,-1,-1
19,1,97.568,603.492,63.691,172.145,1,-1,-1,-1
19,2,1651.441,590.576,57.943,144.190,1,-1,-1,-1
19,3,1743.953,591.865,64.207,143.925,1,-1,-1,-1
19,4,-2.583,595.944,57.984,183.802,1,-1,-1,-1
19,6,1422.723,535.515,39.743,104.068,1,-1,-1,-1
19,7,473.524,549.006,36.959,97.722,1,-1,-1,-1
19,8,1503.838,522.534,31.040,79.182,1,-1,-1,-1
19,10,514.765,550.830,37.079,98.300,1,-1,-1,-1
19,11,637.974,530.242,28.130,76.061,1,-1,-1,-1
19,12,1546.479,534.932,41.535,86.907,1,-1,-1,-1
19,13,828.446,513.325,18.414,46.930,1,-1,-1,-1
19,15,1073.126,492.194,16.985,32.485,1,-1,-1,-1
19,19,1203.783,494.614,16.088,37.380,1,-1,-1,-1
19,21,791.211,506.480,18.540,44.762,1,-1,-1,-1
19,25,603.797,533.061,25.104,69.161,1,-1,-1,-1
19,31,1285.357,494.508,17.556,43.079,1,-1,-1,-1
19,41,813.291,511.473,18.008,43.192,1,-1,-1,-1
19,42,1294.984,496.992,15.308,46.103,1,-1,-1,-1
19,44,1304.321,497.626,16.095,45.835,1,-1,-1,-1
19,47,1538.200,533.000,24.500,79.000,1,-1,-1,-1
20,1,82.192,607.526,63.805,172.527,1,-1,-1,-1
20,2,1658.780,590.698,58.343,146.693,1,-1,-1,-1
20,3,1752.537,592.924,64.223,145.036,1,-1,-1,-1
20,4,-7.138,601.257,53.672,184.684,1,-1,-1,-1
20,6,1425.846,534.904,39.961,105.046,1,-1,-1,-1
20,7,470.896,549.160,36.955,98.830,1,-1,-1,-1
20,8,1507.125,522.998,30.852,79.847,1,-1,-1,-1
20,10,512.629,552.271,37.178,98.781,1,-1,-1,-1
20,11,636.351,531.394,28.712,77.039,1,-1,-1,-1
20,12,1549.203,534.016,40.536,87.093,1,-1,-1,-1
20,13,826.591,513.611,18.229,46.713,1,-1,-1,-1
20,15,1071.990,492.877,17.235,32.622,1,-1,-1,-1
20,19,1204.071,494.343,16.171,37.686,1,-1,-1,-1
20,21,791.039,507.876,18.521,44.264,1,-1,-1,-1
20,25,602.868,534.794,25.621,70.402,1,-1,-1,-1
20,31,1285.438,494.836,17.990,43.144,1,-1,-1,-1
20,41,809.303,511.945,17.989,43.023,1,-1,-1,-1
20,42,1297.291,497.451,15.597,47.218,1,-1,-1,-1
20,44,1307.713,497.882,16.712,47.406,1,-1,-1,-1
20,47,1536.203,530.676,24.195,76.548,1,-1,-1,-1
20,48,653.300,527.400,29.500,76.700,1,-1,-1,-1
20,49,835.400,515.400,18.700,47.100,1,-1,-1,-1
20,50,773.100,506.500,18.400,42.400,1,-1,-1,-1
21,1,70.970,609.444,63.605,173.011,1,-1,-1,-1
21,2,1666.624,593.288,58.335,147.654,1,-1,-1,-1
21,3,1761.256,596.143,64.959,145.299,1,-1,-1,-1
21,4,-9.021,612.137,48.317,178.908,1,-1,-1,-1
21,6,1428.523,535.484,40.125,106.280,1,-1,-1,-1
21,7,469.236,550.201,36.569,98.966,1,-1,-1,-1
21,8,1511.708,525.307,30.118,79.189,1,-1,-1,-1
21,10,510.770,554.066,37.596,99.188,1,-1,-1,-1
21,11,635.828,532.328,28.676,76.453,1,-1,-1,-1
21,12,1555.026,534.698,39.948,87.067,1,-1,-1,-1
21,13,826.952,514.154,18.529,47.189,1,-1,-1,-1
21,15,1071.190,494.187,17.291,32.601,1,-1,-1,-1
21,19,1205.203,494.248,16.048,37.831,1,-1,-1,-1
21,21,787.988,507.400,18.394,44.642,1,-1,-1,-1
21,25,602.932,534.317,25.892,70.724,1,-1,-1,-1
21,41,807.313,511.797,17.860,43.315,1,-1,-1,-1
21,42,1294.948,496.685,17.022,48.543,1,-1,-1,-1
21,44,1306.734,499.088,16.775,48.052,1,-1,-1,-1
21,47,1540.168,530.948,24.481,73.046,1,-1,-1,-1
21,48,650.695,528.756,29.110,74.588,1,-1,-1,-1
21,50,773.104,505.529,18.692,44.041,1,-1,-1,-1
21,51,1330.300,502.800,19.300,50.000,1,-1,-1,-1
21,52,1315.300,500.600,18.300,50.400,1,-1,-1,-1
22,1,60.393,614.734,64.050,174.412,1,-1,-1,-1
22,2,1674.008,596.182,59.346,149.616,1,-1,-1,-1
22,3,1768.389,597.106,66.222,146.737,1,-1,-1,-1
22,6,1431.494,536.954,40.002,107.324,1,-1,-1,-1
22,7,467.112,551.461,36.456,99.816,1,-1,-1,-1
22,8,1516.325,523.052,30.807,80.170,1,-1,-1,-1
22,10,508.188,555.540,38.089,100.205,1,-1,-1,-1
22,11,634.516,534.613,28.460,75.349,1,-1,-1,-1
22,12,1558.746,534.286,39.780,87.028,1,-1,-1,-1
22,13,824.252,514.908,18.633,46.781,1,-1,-1,-1
22,15,1069.990,495.601,17.478,32.718,1,-1,-1,-1
22,19,1205.384,494.715,15.904,38.041,1,-1,-1,-1
22,21,788.099,508.184,18.317,45.214,1,-1,-1,-1
22,25,600.763,536.017,26.099,70.652,1,-1,-1,-1
22,41,808.357,512.957,17.839,44.510,1,-1,-1,-1
22,42,1297.011,497.849,16.679,48.317,1,-1,-1,-1
22,44,1307.491,500.321,16.760,48.078,1,-1,-1,-1
22,48,652.780,530.902,28.940,73.155,1,-1,-1,-1
22,50,769.431,505.335,18.339,44.131,1,-1,-1,-1
22,51,1331.116,504.610,19.767,49.879,1,-1,-1,-1
22,52,1316.234,501.548,18.932,50.504,1,-1,-1,-1
22,53,799.000,508.000,18.000,48.500,1,-1,-1,-1
23,1,49.326,620.651,63.528,176.267,1,-1,-1,-1
23,2,1682.200,597.492,60.215,152.272,1,-1,-1,-1
23,3,1777.033,598.355,67.317,149.149,1,-1,-1,-1
23,6,1434.353,537.842,40.150,107.578,1,-1,-1,-1
23,7,464.482,551.001,37.307,100.741,1,-1,-1,-1
23,8,1519.450,522.603,31.305,80.071,1,-1,-1,-1
23,10,506.604,556.108,38.556,101.049,1,-1,-1,-1
23,11,631.877,535.340,28.273,75.698,1,-1,-1,-1
23,12,1564.121,536.371,40.035,85.811,1,-1,-1,-1
23,15,1069.329,496.065,17.520,32.694,1,-1,-1,-1
23,19,1205.753,495.147,15.772,38.247,1,-1,-1,-1
23,25,599.560,536.370,26.347,71.225,1,-1,-1,-1
23,42,1294.492,498.185,16.885,48.627,1,-1,-1,-1
23,44,1305.634,500.009,17.059,48.218,1,-1,-1,-1
23,47,1539.727,527.993,26.302,73.848,1,-1,-1,-1
23,48,658.142,528.257,29.057,73.431,1,-1,-1,-1
23,51,1332.906,505.970,20.359,51.131,1,-1,-1,-1
23,52,1323.204,502.854,18.785,50.079,1,-1,-1,-1
23,53,793.965,509.429,17.372,46.041,1,-1,-1,-1
23,54,1495.300,516.800,27.000,56.500,1,-1,-1,-1
24,1,38.893,628.567,63.421,177.885,1,-1,-1,-1
24,2,1687.852,597.400,61.878,154.825,1,-1,-1,-1
24,3,1785.842,596.738,68.636,151.018,1,-1,-1,-1
24,6,1436.764,536.300,41.081,109.465,1,-1,-1,-1
24,7,460.613,553.438,38.395,101.919,1,-1,-1,-1
24,8,1523.190,524.011,31.588,80.308,1,-1,-1,-1
24,10,504.689,558.203,38.797,101.613,1,-1,-1,-1
24,11,630.217,536.587,28.144,76.267,1,-1,-1,-1
24,12,1568.737,537.056,40.928,84.005,1,-1,-1,-1
24,15,1068.310,496.432,17.457,32.545,1,-1,-1,-1
24,19,1205.843,494.582,15.824,38.518,1,-1,-1,-1
24,21,785.263,510.345,19.187,47.334,1,-1,-1,-1
24,25,596.852,539.100,26.758,71.840,1,-1,-1,-1
24,44,1303.162,499.233,17.264,48.829,1,-1,-1,-1
24,48,661.957,528.293,28.937,73.412,1,-1,-1,-1
24,51,1335.111,505.324,21.380,52.872,1,-1,-1,-1
24,52,1326.731,502.908,18.435,50.650,1,-1,-1,-1
24,54,1487.504,516.285,24.993,51.331,1,-1,-1,-1
24,55,612.200,540.100,26.600,74.300,1,-1,-1,-1
24,56,1565.700,522.500,26.000,59.900,1,-1,-1,-1
24,57,1589.300,512.500,24.500,52.700,1,-1,-1,-1
25,1,27.717,631.909,62.893,179.252,1,-1,-1,-1
25,2,1695.899,602.516,62.881,156.587,1,-1,-1,-1
25,3,1795.597,600.414,70.032,153.921,1,-1,-1,-1
25,6,1439.470,540.089,41.120,110.324,1,-1,-1,-1
25,7,458.540,556.409,38.514,102.812,1,-1,-1,-1
25,8,1526.315,525.362,31.849,80.425,1,-1,-1,-1
25,10,503.984,561.375,38.763,102.052,1,-1,-1,-1
25,11,628.316,538.747,28.359,77.381,1,-1,-1,-1
25,12,1572.267,540.703,40.512,83.684,1,-1,-1,-1
25,15,1068.530,497.837,17.419,32.749,1,-1,-1,-1
25,19,1207.418,497.193,15.650,38.447,1,-1,-1,-1
25,44,1307.332,501.043,17.461,48.820,1,-1,-1,-1
25,48,664.603,529.831,29.037,74.108,1,-1,-1,-1
25,51,1336.650,507.894,21.812,53.727,1,-1,-1,-1
25,54,1479.039,524.467,28.935,61.800,1,-1,-1,-1
25,55,608.239,543.872,25.923,73.156,1,-1,-1,-1
25,56,1562.969,524.670,24.763,57.360,1,-1,-1,-1
25,57,1593.633,515.625,23.233,49.649,1,-1,-1,-1
26,1,13.178,637.777,64.444,183.357,1,-1,-1,-1
26,2,1703.777,606.156,63.042,158.862,1,-1,-1,-1
26,3,1804.600,603.196,72.159,158.052,1,-1,-1,-1
26,6,1442.317,542.424,41.482,110.877,1,-1,-1,-1
26,7,456.890,557.361,38.655,104.557,1,-1,-1,-1
26,8,1529.033,528.328,32.318,80.163,1,-1,-1,-1
26,10,502.347,563.378,38.986,103.229,1,-1,-1,-1
26,11,626.809,540.812,28.390,78.069,1,-1,-1,-1
26,12,1575.597,541.620,40.677,83.787,1,-1,-1,-1
26,15,1068.587,500.292,17.287,32.162,1,-1,-1,-1
26,19,1209.301,498.922,15.899,38.425,1,-1,-1,-1
26,42,1289.582,500.651,15.822,48.071,1,-1,-1,-1
26,44,1310.873,503.686,17.496,48.739,1,-1,-1,-1
26,48,664.659,532.067,29.115,74.202,1,-1,-1,-1
26,51,1337.385,510.085,21.729,53.357,1,-1,-1,-1
26,55,607.039,545.704,25.934,73.350,1,-1,-1,-1
26,56,1564.386,526.197,23.229,54.035,1,-1,-1,-1
26,57,1593.700,520.271,23.911,51.088,1,-1,-1,-1
26,58,579.000,543.600,22.200,65.600,1,-1,-1,-1
27,1,5.151,641.841,61.290,185.252,1,-1,-1,-1
27,2,1711.420,608.601,63.941,161.606,1,-1,-1,-1
27,3,1811.163,605.334,74.093,160.494,1,-1,-1,-1
27,6,1444.844,544.651,42.257,112.504,1,-1,-1,-1
27,7,454.871,560.704,37.965,104.486,1,-1,-1,-1
27,8,1532.688,530.675,32.580,80.314,1,-1,-1,-1
27,10,500.509,565.986,39.324,103.494,1,-1,-1,-1
27,11,624.972,543.916,28.529,78.791,1,-1,-1,-1
27,12,1579.798,542.241,40.808,85.043,1,-1,-1,-1
27,15,1068.562,502.238,16.959,31.840,1,-1,-1,-1
27,19,1209.269,500.632,16.052,38.432,1,-1,-1,-1
27,44,1308.295,505.830,17.425,48.029,1,-1,-1,-1
27,48,665.353,533.140,29.949,74.806,1,-1,-1,-1
27,51,1338.991,512.664,21.644,53.508,1,-1,-1,-1
27,55,605.732,547.663,26.130,74.196,1,-1,-1,-1
27,56,1566.122,529.923,23.537,55.047,1,-1,-1,-1
27,57,1593.577,525.695,26.408,56.886,1,-1,-1,-1
27,58,582.050,544.155,23.298,68.190,1,-1,-1,-1
27,59,1328.000,510.200,18.300,49.400,1,-1,-1,-1
28,1,-2.750,643.166,59.607,192.424,1,-1,-1,-1
28,2,1718.786,610.872,64.449,162.257,1,-1,-1,-1
28,3,1820.554,608.075,75.694,163.012,1,-1,-1,-1
28,6,1447.886,545.945,43.351,113.764,1,-1,-1,-1
28,7,452.585,561.173,37.478,105.199,1,-1,-1,-1
28,8,1536.189,532.599,32.737,80.269,1,-1,-1,-1
28,10,499.572,568.268,39.584,103.144,1,-1,-1,-1
28,11,624.184,546.566,28.453,79.248,1,-1,-1,-1
28,12,1583.325,541.907,40.454,85.745,1,-1,-1,-1
28,15,1068.735,503.003,16.488,31.557,1,-1,-1,-1
28,19,1210.154,502.064,16.216,38.263,1,-1,-1,-1
28,42,1287.955,508.407,15.453,45.019,1,-1,-1,-1
28,44,1307.181,507.338,16.983,48.359,1,-1,-1,-1
28,48,664.055,535.634,30.580,75.682,1,-1,-1,-1
28,51,1339.041,512.846,20.246,51.338,1,-1,-1,-1
28,55,604.630,549.413,26.673,75.425,1,-1,-1,-1
28,56,1566.494,533.093,24.226,57.405,1,-1,-1,-1
28,58,585.008,545.706,24.584,70.482,1,-1,-1,-1
28,59,1320.905,509.266,17.092,47.268,1,-1,-1,-1
28,60,639.200,542.700,30.600,83.900,1,-1,-1,-1
29,1,-6.947,641.586,55.602,194.148,1,-1,-1,-1
29,2,1727.370,618.586,64.579,162.919,1,-1,-1,-1
29,3,1829.909,615.380,77.361,165.437,1,-1,-1,-1
29,6,1451.157,548.608,44.305,116.529,1,-1,-1,-1
29,7,451.108,563.439,37.338,105.263,1,-1,-1,-1
29,8,1538.604,537.311,32.557,80.973,1,-1,-1,-1
29,10,497.938,568.991,39.598,103.005,1,-1,-1,-1
29,11,623.426,548.064,28.315,79.787,1,-1,-1,-1
29,12,1588.561,547.327,39.646,86.156,1,-1,-1,-1
29,15,1068.324,506.963,16.171,31.123,1,-1,-1,-1
29,19,1211.870,505.257,16.333,38.082,1,-1,-1,-1
29,44,1309.701,509.996,17.060,48.607,1,-1,-1,-1
29,48,662.214,537.393,30.512,75.242,1,-1,-1,-1
29,51,1338.291,516.598,18.944,49.193,1,-1,-1,-1
29,55,603.565,549.995,27.018,76.312,1,-1,-1,-1
29,56,1568.567,532.862,24.358,57.125,1,-1,-1,-1
29,58,585.156,546.083,25.304,72.204,1,-1,-1,-1
29,61,1321.900,513.500,16.500,46.500,1,-1,-1,-1
30,2,1735.585,620.952,65.702,164.159,1,-1,-1,-1
30,3,1839.368,617.089,77.566,167.767,1,-1,-1,-1
30,6,1453.954,549.545,45.014,117.942,1,-1,-1,-1
30,7,448.696,569.011,37.464,105.450,1,-1,-1,-1
30,8,1540.989,538.386,32.793,81.474,1,-1,-1,-1
30,10,495.093,572.945,39.648,103.663,1,-1,-1,-1
30,11,621.874,551.570,28.454,79.447,1,-1,-1,-1
30,12,1591.971,547.010,39.890,87.590,1,-1,-1,-1
30,15,1066.701,509.570,15.997,30.918,1,-1,-1,-1
30,19,1210.922,507.750,16.574,38.466,1,-1,-1,-1
30,44,1311.476,511.864,16.868,48.747,1,-1,-1,-1
30,48,662.073,539.880,31.028,75.544,1,-1,-1,-1
30,51,1333.728,518.742,17.660,47.815,1,-1,-1,-1
30,55,604.343,553.473,26.983,76.756,1,-1,-1,-1
30,56,1569.537,532.019,24.967,57.880,1,-1,-1,-1
30,57,1597.020,530.378,26.616,57.882,1,-1,-1,-1
30,58,587.940,552.681,25.528,73.049,1,-1,-1,-1
30,61,1323.355,515.331,15.989,46.838,1,-1,-1,-1
31,2,1743.552,624.244,66.302,164.979,1,-1,-1,-1
31,3,1847.583,623.811,76.376,170.267,1,-1,-1,-1
31,6,1457.301,553.248,45.279,119.705,1,-1,-1,-1
31,7,445.983,579.942,37.646,106.018,1,-1,-1,-1
31,8,1544.604,541.232,32.799,82.964,1,-1,-1,-1
31,10,493.063,582.473,39.976,104.743,1,-1,-1,-1
31,11,620.021,561.573,28.697,79.185,1,-1,-1,-1
31,12,1596.444,550.770,39.633,87.734,1,-1,-1,-1
31,15,1066.955,514.475,16.044,32.088,1,-1,-1,-1
31,19,1211.535,512.923,16.881,39.304,1,-1,-1,-1
31,44,1312.045,517.293,16.370,48.026,1,-1,-1,-1
31,48,661.216,552.995,30.731,75.498,1,-1,-1,-1
31,51,1331.083,523.251,16.910,47.533,1,-1,-1,-1
31,55,595.667,563.382,27.390,74.883,1,-1,-1,-1
31,56,1568.756,527.899,25.214,57.109,1,-1,-1,-1
31,60,645.885,562.940,27.030,74.320,1,-1,-1,-1
31,62,829.500,539.300,18.300,52.300,1,-1,-1,-1
31,63,579.000,572.600,24.900,65.900,1,-1,-1,-1
31,64,813.500,539.800,21.300,51.800,1,-1,-1,-1
32,2,1752.963,628.619,66.563,165.945,1,-1,-1,-1
32,3,1854.860,629.414,72.913,171.486,1,-1,-1,-1
32,6,1459.625,555.518,45.680,120.807,1,-1,-1,-1
32,7,443.809,578.216,37.854,106.088,1,-1,-1,-1
32,8,1548.594,543.027,32.447,83.829,1,-1,-1,-1
32,10,490.344,580.028,40.123,105.582,1,-1,-1,-1
32,11,619.291,561.286,29.447,79.417,1,-1,-1,-1
32,12,1602.936,556.543,38.177,85.606,1,-1,-1,-1
32,15,1066.806,514.877,15.924,32.429,1,-1,-1,-1
32,19,1212.207,514.267,16.980,39.795,1,-1,-1,-1
32,44,1310.544,521.659,15.764,47.108,1,-1,-1,-1
32,48,659.661,554.579,30.419,74.253,1,-1,-1,-1
32,51,1331.745,527.445,16.497,47.399,1,-1,-1,-1
32,55,597.197,561.539,27.679,74.476,1,-1,-1,-1
32,56,1567.574,523.255,25.566,57.294,1,-1,-1,-1
32,57,1595.702,544.374,27.746,61.664,1,-1,-1,-1
32,58,587.019,560.546,25.206,71.014,1,-1,-1,-1
32,62,828.746,535.455,19.008,51.191,1,-1,-1,-1
32,64,815.775,537.857,19.750,48.286,1,-1,-1,-1
32,65,798.900,541.200,19.000,48.300,1,-1,-1,-1
32,66,788.300,542.700,19.600,51.500,1,-1,-1,-1
32,67,1600.000,520.000,23.500,51.100,1,-1,-1,-1
32,68,1550.600,523.800,24.800,53.100,1,-1,-1,-1
33,2,1764.432,622.725,67.980,166.239,1,-1,-1,-1
33,3,1865.123,623.413,66.030,171.822,1,-1,-1,-1
33,6,1462.827,548.034,46.086,122.108,1,-1,-1,-1
33,7,440.817,571.717,37.962,107.000,1,-1,-1,-1
33,8,1553.048,534.965,32.422,83.506,1,-1,-1,-1
33,10,488.102,573.584,40.034,106.595,1,-1,-1,-1
33,11,618.370,554.964,29.663,80.156,1,-1,-1,-1
33,12,1609.151,548.621,38.280,85.453,1,-1,-1,-1
33,15,1066.128,510.326,15.709,31.746,1,-1,-1,-1
33,19,1212.389,507.754,17.176,39.166,1,-1,-1,-1
33,48,656.580,546.728,29.282,72.048,1,-1,-1,-1
33,58,586.448,553.855,26.146,71.430,1,-1,-1,-1
33,62,828.328,524.356,19.233,52.353,1,-1,-1,-1
33,64,814.521,529.725,17.823,45.481,1,-1,-1,-1
33,66,783.363,524.541,19.276,49.923,1,-1,-1,-1
33,67,1596.240,526.007,22.821,52.085,1,-1,-1,-1
33,69,768.000,529.600,19.600,52.300,1,-1,-1,-1
33,70,1317.400,513.800,16.300,43.700,1,-1,-1,-1
33,71,1483.100,508.000,21.800,42.800,1,-1,-1,-1
34,2,1772.691,622.580,70.095,167.582,1,-1,-1,-1
34,6,1466.700,547.734,46.470,122.240,1,-1,-1,-1
34,7,439.563,571.513,37.790,108.055,1,-1,-1,-1
34,8,1556.658,533.077,32.403,83.241,1,-1,-1,-1
34,10,485.377,573.590,40.273,107.320,1,-1,-1,-1
34,11,616.984,555.048,30.522,80.643,1,-1,-1,-1
34,12,1614.445,548.028,38.571,84.656,1,-1,-1,-1
34,15,1064.886,510.479,15.662,30.980,1,-1,-1,-1
34,19,1212.932,507.066,17.037,39.134,1,-1,-1,-1
34,48,655.594,547.576,28.154,68.547,1,-1,-1,-1
34,55,598.005,554.532,27.141,76.657,1,-1,-1,-1
34,58,584.584,553.952,26.183,70.424,1,-1,-1,-1
34,62,827.299,526.771,19.169,51.295,1,-1,-1,-1
34,66,781.712,526.378,17.930,46.652,1,-1,-1,-1
34,67,1598.407,523.430,22.899,53.016,1,-1,-1,-1
34,69,761.189,535.926,17.923,47.948,1,-1,-1,-1
34,72,1631.100,519.900,22.500,49.400,1,-1,-1,-1
34,73,461.500,574.100,30.000,100.700,1,-1,-1,-1
35,2,1782.055,622.154,72.647,169.057,1,-1,-1,-1
35,6,1471.057,545.174,47.038,123.119,1,-1,-1,-1
35,7,437.609,564.811,37.622,108.355,1,-1,-1,-1
35,8,1560.694,529.405,32.064,83.780,1,-1,-1,-1
35,10,482.756,566.994,40.001,108.430,1,-1,-1,-1
35,11,617.374,550.101,30.007,80.507,1,-1,-1,-1
35,12,1619.680,546.036,38.539,84.893,1,-1,-1,-1
35,15,1065.073,506.899,15.399,30.795,1,-1,-1,-1
35,19,1213.372,503.783,17.185,38.391,1,-1,-1,-1
35,48,653.652,544.525,26.653,67.420,1,-1,-1,-1
35,56,1576.487,526.555,25.582,67.971,1,-1,-1,-1
35,58,583.557,548.550,25.963,70.427,1,-1,-1,-1
35,62,828.428,521.254,19.050,50.486,1,-1,-1,-1
35,67,1595.127,520.263,23.492,54.899,1,-1,-1,-1
35,71,1479.042,504.717,22.317,44.366,1,-1,-1,-1
35,72,1629.903,518.520,23.194,51.859,1,-1,-1,-1
35,74,765.500,518.500,19.200,51.800,1,-1,-1,-1
36,2,1792.913,620.253,73.660,172.092,1,-1,-1,-1
36,6,1475.857,543.140,47.476,124.074,1,-1,-1,-1
36,7,435.421,561.475,37.125,108.224,1,-1,-1,-1
36,8,1565.654,525.467,32.038,84.020,1,-1,-1,-1
36,10,481.088,564.963,39.673,108.628,1,-1,-1,-1
36,11,615.879,548.021,29.836,80.922,1,-1,-1,-1
36,12,1625.691,545.810,38.479,84.667,1,-1,-1,-1
36,15,1064.515,504.750,15.345,30.438,1,-1,-1,-1
36,19,1214.847,500.324,16.864,37.803,1,-1,-1,-1
36,48,652.376,544.728,25.346,66.525,1,-1,-1,-1
36,56,1580.473,518.653,25.964,67.367,1,-1,-1,-1
36,57,1599.338,539.877,29.698,70.232,1,-1,-1,-1
36,58,582.453,545.706,25.757,71.105,1,-1,-1,-1
36,62,827.810,519.117,18.918,49.936,1,-1,-1,-1
36,71,1477.147,501.106,22.910,47.192,1,-1,-1,-1
36,72,1633.641,513.891,23.901,53.665,1,-1,-1,-1
36,74,764.803,514.461,20.395,51.379,1,-1,-1,-1
36,75,1498.900,505.000,23.500,46.900,1,-1,-1,-1
37,2,1802.391,619.760,76.015,175.718,1,-1,-1,-1
37,6,1478.980,541.837,47.563,124.860,1,-1,-1,-1
37,7,432.903,557.006,37.640,108.475,1,-1,-1,-1
37,8,1569.846,523.157,32.011,83.715,1,-1,-1,-1
37,10,479.151,559.373,40.195,110.410,1,-1,-1,-1
37,11,614.201,544.503,30.102,81.076,1,-1,-1,-1
37,12,1630.121,545.034,38.562,85.213,1,-1,-1,-1
37,15,1062.937,502.851,15.277,29.713,1,-1,-1,-1
37,19,1216.470,497.669,16.724,38.037,1,-1,-1,-1
37,48,659.631,542.130,23.996,65.715,1,-1,-1,-1
37,55,591.972,543.390,28.051,75.987,1,-1,-1,-1
37,57,1608.626,541.858,30.414,73.515,1,-1,-1,-1
37,58,578.527,543.454,25.417,71.186,1,-1,-1,-1
37,62,827.672,515.913,18.963,50.287,1,-1,-1,-1
37,71,1475.613,500.423,22.567,47.696,1,-1,-1,-1
37,72,1638.332,513.359,23.379,51.722,1,-1,-1,-1
37,74,763.358,508.469,22.049,53.263,1,-1,-1,-1
37,75,1501.340,504.119,22.319,45.062,1,-1,-1,-1
37,76,1461.200,499.600,19.400,47.200,1,-1,-1,-1
38,2,1811.456,618.957,77.988,177.478,1,-1,-1,-1
38,6,1482.101,537.786,47.875,125.641,1,-1,-1,-1
38,7,430.847,555.302,37.759,108.647,1,-1,-1,-1
38,8,1574.021,519.020,32.146,84.326,1,-1,-1,-1
38,10,477.140,557.735,40.525,111.087,1,-1,-1,-1
38,11,613.562,543.696,30.213,81.427,1,-1,-1,-1
38,12,1632.984,541.990,38.473,85.343,1,-1,-1,-1
38,15,1062.675,499.729,15.196,29.536,1,-1,-1,-1
38,19,1216.756,493.600,16.820,38.319,1,-1,-1,-1
38,48,658.283,539.801,24.796,69.387,1,-1,-1,-1
38,55,590.867,542.804,28.543,75.498,1,-1,-1,-1
38,58,577.242,541.871,25.206,71.841,1,-1,-1,-1
38,62,826.962,513.074,19.276,50.999,1,-1,-1,-1
38,71,1477.041,502.715,22.177,47.073,1,-1,-1,-1
38,72,1638.478,516.079,24.100,53.381,1,-1,-1,-1
38,74,762.813,506.389,22.248,52.704,1,-1,-1,-1
38,75,1501.906,506.428,22.442,45.221,1,-1,-1,-1
38,77,631.500,542.100,26.200,78.700,1,-1,-1,-1
39,2,1822.389,621.928,78.502,179.830,1,-1,-1,-1
39,6,1486.121,538.037,48.497,126.713,1,-1,-1,-1
39,7,429.027,549.831,38.978,109.363,1,-1,-1,-1
39,8,1579.821,519.344,32.472,86.025,1,-1,-1,-1
39,10,475.701,552.570,41.017,111.822,1,-1,-1,-1
39,11,611.883,539.931,30.652,81.222,1,-1,-1,-1
39,12,1636.829,541.759,38.895,86.861,1,-1,-1,-1
39,15,1062.188,497.131,14.996,29.371,1,-1,-1,-1
39,19,1218.290,492.281,16.957,38.921,1,-1,-1,-1
39,48,656.131,534.626,26.538,72.799,1,-1,-1,-1
39,58,578.056,539.617,25.358,72.385,1,-1,-1,-1
39,62,827.329,510.324,19.399,51.408,1,-1,-1,-1
39,71,1479.926,503.101,22.152,47.734,1,-1,-1,-1
39,72,1634.807,515.075,23.664,52.757,1,-1,-1,-1
39,74,762.601,503.186,22.480,52.705,1,-1,-1,-1
39,75,1495.742,505.949,23.380,47.536,1,-1,-1,-1
39,76,1462.940,500.049,19.320,47.702,1,-1,-1,-1
39,77,641.519,535.441,25.761,77.120,1,-1,-1,-1
39,78,1548.600,517.200,21.100,46.600,1,-1,-1,-1
39,79,1659.000,508.000,25.500,53.900,1,-1,-1,-1
39,80,1052.000,496.000,12.800,26.900,1,-1,-1,-1
40,2,1830.698,623.554,79.309,181.758,1,-1,-1,-1
40,6,1490.102,536.881,48.822,126.999,1,-1,-1,-1
40,7,426.773,549.426,39.438,111.153,1,-1,-1,-1
40,8,1583.987,516.230,32.795,87.635,1,-1,-1,-1
40,10,473.262,552.194,41.718,113.007,1,-1,-1,-1
40,11,610.390,540.023,31.033,81.567,1,-1,-1,-1
40,12,1639.458,540.547,39.166,86.742,1,-1,-1,-1
40,15,1061.449,494.866,14.822,29.220,1,-1,-1,-1
40,19,1218.763,489.525,17.174,39.654,1,-1,-1,-1
40,58,579.040,542.213,25.158,72.870,1,-1,-1,-1
40,62,826.741,509.925,19.418,51.795,1,-1,-1,-1
40,71,1479.231,499.750,22.220,49.273,1,-1,-1,-1
40,72,1628.492,518.496,24.719,56.416,1,-1,-1,-1
40,74,762.004,502.922,22.399,51.968,1,-1,-1,-1
40,75,1493.292,504.781,24.560,50.418,1,-1,-1,-1
40,76,1462.965,496.398,19.332,49.065,1,-1,-1,-1
40,77,649.921,529.389,30.063,83.828,1,-1,-1,-1
40,78,1549.834,512.453,23.431,52.395,1,-1,-1,-1
40,79,1654.634,504.604,28.633,62.991,1,-1,-1,-1
40,81,1501.400,488.000,23.000,48.500,1,-1,-1,-1
40,82,816.700,511.100,18.500,50.300,1,-1,-1,-1
40,83,1670.300,537.900,30.600,69.100,1,-1,-1,-1
41,2,1840.365,627.880,80.085,184.868,1,-1,-1,-1
41,6,1495.295,538.541,48.861,127.540,1,-1,-1,-1
41,7,424.592,548.573,39.653,112.559,1,-1,-1,-1
41,8,1588.719,518.069,33.086,87.859,1,-1,-1,-1
41,10,471.664,551.906,42.274,113.590,1,-1,-1,-1
41,11,610.630,537.786,32.314,82.996,1,-1,-1,-1
41,12,1642.593,541.371,40.654,87.981,1,-1,-1,-1
41,15,1061.350,494.939,14.819,29.560,1,-1,-1,-1
41,19,1219.666,490.123,17.322,39.959,1,-1,-1,-1
41,48,653.644,530.933,28.432,76.914,1,-1,-1,-1
41,58,578.159,540.887,25.241,74.332,1,-1,-1,-1
41,62,826.654,509.600,19.584,52.490,1,-1,-1,-1
41,71,1480.805,501.812,21.783,48.881,1,-1,-1,-1
41,72,1624.231,522.445,25.044,57.916,1,-1,-1,-1
41,74,761.912,502.890,22.549,52.204,1,-1,-1,-1
41,75,1496.169,504.945,24.105,49.941,1,-1,-1,-1
41,78,1548.420,511.826,22.590,51.360,1,-1,-1,-1
41,79,1664.116,509.989,28.255,62.522,1,-1,-1,-1
41,80,1052.781,494.941,13.239,28.017,1,-1,-1,-1
41,84,632.300,534.200,26.800,83.700,1,-1,-1,-1
41,85,1454.400,502.800,17.600,45.600,1,-1,-1,-1
42,2,1850.839,632.997,76.284,187.182,1,-1,-1,-1
42,6,1499.630,539.225,49.004,128.542,1,-1,-1,-1
42,7,422.363,549.143,39.406,113.302,1,-1,-1,-1
42,8,1593.512,519.311,33.602,89.244,1,-1,-1,-1
42,10,469.635,552.938,42.447,113.720,1,-1,-1,-1
42,11,609.624,539.080,32.842,83.775,1,-1,-1,-1
42,12,1645.767,541.786,41.802,89.420,1,-1,-1,-1
42,15,1061.510,495.789,14.785,29.726,1,-1,-1,-1
42,19,1220.189,491.842,17.485,40.211,1,-1,-1,-1
42,48,653.034,530.682,29.437,78.473,1,-1,-1,-1
42,58,577.303,543.810,25.354,74.960,1,-1,-1,-1
42,62,826.419,509.768,19.865,53.259,1,-1,-1,-1
42,71,1479.535,502.959,21.402,48.790,1,-1,-1,-1
42,72,1624.248,525.197,25.914,61.321,1,-1,-1,-1
42,74,761.502,503.694,22.768,52.633,1,-1,-1,-1
42,75,1497.928,508.881,24.102,50.158,1,-1,-1,-1
42,78,1542.671,514.048,21.037,48.210,1,-1,-1,-1
42,79,1666.298,512.465,27.745,61.202,1,-1,-1,-1
42,80,1054.204,496.202,13.288,28.187,1,-1,-1,-1
42,84,635.537,536.497,25.726,81.206,1,-1,-1,-1
42,85,1451.854,499.924,17.993,47.152,1,-1,-1,-1
43,2,1859.135,638.067,71.141,189.998,1,-1,-1,-1
43,6,1503.263,541.990,49.672,129.966,1,-1,-1,-1
43,7,420.875,550.719,39.162,113.512,1,-1,-1,-1
43,8,1598.141,521.794,33.986,89.558,1,-1,-1,-1
43,10,466.034,555.196,42.483,113.460,1,-1,-1,-1
43,11,608.216,538.956,33.196,85.515,1,-1,-1,-1
43,12,1648.992,543.653,41.907,89.281,1,-1,-1,-1
43,15,1060.410,497.998,14.644,29.645,1,-1,-1,-1
43,19,1220.558,493.490,17.346,40.119,1,-1,-1,-1
43,48,651.588,529.542,30.356,80.742,1,-1,-1,-1
43,58,577.156,544.165,25.728,75.455,1,-1,-1,-1
43,62,825.845,510.755,20.027,53.407,1,-1,-1,-1
43,71,1481.741,505.642,20.979,47.950,1,-1,-1,-1
43,72,1627.260,526.353,26.969,64.831,1,-1,-1,-1
43,74,761.049,505.063,22.940,52.650,1,-1,-1,-1
43,75,1498.572,511.448,23.903,49.661,1,-1,-1,-1
43,78,1539.094,514.914,20.352,46.112,1,-1,-1,-1
43,79,1666.518,511.305,27.413,60.239,1,-1,-1,-1
43,84,635.846,534.398,26.461,82.987,1,-1,-1,-1
43,85,1448.691,501.593,18.019,47.331,1,-1,-1,-1
43,86,1378.600,507.900,19.700,53.000,1,-1,-1,-1
43,87,1367.900,508.200,18.100,50.100,1,-1,-1,-1
43,88,1570.600,493.900,35.100,80.700,1,-1,-1,-1
44,6,1507.041,544.182,49.974,130.479,1,-1,-1,-1
44,7,418.194,554.321,39.060,113.026,1,-1,-1,-1
44,8,1602.848,522.322,34.688,89.993,1,-1,-1,-1
44,10,463.368,556.931,42.737,114.039,1,-1,-1,-1
44,11,606.723,539.567,32.828,86.828,1,-1,-1,-1
44,12,1653.348,543.562,42.137,90.028,1,-1,-1,-1
44,15,1059.434,498.694,14.628,29.731,1,-1,-1,-1
44,19,1221.620,494.327,17.357,40.141,1,-1,-1,-1
44,48,650.204,530.260,31.217,82.523,1,-1,-1,-1
44,58,575.568,544.936,25.678,76.919,1,-1,-1,-1
44,62,825.723,512.139,20.114,53.637,1,-1,-1,-1
44,71,1481.470,507.486,20.374,46.928,1,-1,-1,-1
44,72,1627.360,527.685,28.440,69.726,1,-1,-1,-1
44,74,760.200,506.051,23.108,52.949,1,-1,-1,-1
44,75,1499.446,514.466,23.120,48.180,1,-1,-1,-1
44,78,1539.727,517.921,19.631,44.005,1,-1,-1,-1
44,79,1668.399,510.859,28.128,61.886,1,-1,-1,-1
44,85,1451.416,504.207,17.581,45.879,1,-1,-1,-1
44,87,1369.998,507.040,19.803,53.620,1,-1,-1,-1
44,89,1640.700,540.600,30.900,83.100,1,-1,-1,-1
45,6,1511.754,548.683,50.077,130.801,1,-1,-1,-1
45,7,416.670,552.077,39.189,113.606,1,-1,-1,-1
45,8,1608.356,525.120,35.266,92.076,1,-1,-1,-1
45,10,461.737,556.465,42.834,114.358,1,-1,-1,-1
45,11,606.185,539.458,32.629,87.423,1,-1,-1,-1
45,12,1659.115,544.947,42.215,91.565,1,-1,-1,-1
45,15,1058.143,499.639,14.670,29.659,1,-1,-1,-1
45,19,1223.162,496.106,17.055,40.053,1,-1,-1,-1
45,48,649.144,529.607,32.111,83.948,1,-1,-1,-1
45,58,577.090,545.364,25.770,76.925,1,-1,-1,-1
45,62,825.802,512.378,20.045,53.743,1,-1,-1,-1
45,71,1484.549,508.791,20.043,46.543,1,-1,-1,-1
45,72,1630.342,528.634,28.398,72.333,1,-1,-1,-1
45,74,760.368,505.924,23.112,53.111,1,-1,-1,-1
45,75,1500.748,512.922,22.642,46.829,1,-1,-1,-1
45,78,1538.221,514.409,19.162,42.057,1,-1,-1,-1
45,79,1668.994,508.490,27.238,59.897,1,-1,-1,-1
45,80,1050.154,496.280,15.350,31.387,1,-1,-1,-1
45,85,1457.493,506.543,18.066,46.855,1,-1,-1,-1
45,87,1364.185,510.523,22.835,60.465,1,-1,-1,-1
45,88,1560.024,494.699,39.753,87.803,1,-1,-1,-1
45,90,1580.700,521.100,22.500,51.100,1,-1,-1,-1
45,91,1683.400,499.800,27.400,58.600,1,-1,-1,-1
46,6,1516.320,550.017,50.316,131.285,1,-1,-1,-1
46,7,413.836,553.703,39.248,113.572,1,-1,-1,-1
46,8,1612.784,525.099,35.689,92.993,1,-1,-1,-1
46,10,460.227,559.216,42.759,114.431,1,-1,-1,-1
46,11,604.340,541.473,32.570,88.168,1,-1,-1,-1
46,12,1662.395,543.637,42.727,92.333,1,-1,-1,-1
46,15,1057.217,500.475,14.616,29.601,1,-1,-1,-1
46,19,1223.666,496.662,16.984,40.460,1,-1,-1,-1
46,48,647.101,531.269,32.749,85.182,1,-1,-1,-1
46,58,575.716,546.688,26.258,78.383,1,-1,-1,-1
46,62,826.066,513.491,20.158,54.137,1,-1,-1,-1
46,71,1481.323,507.829,19.357,45.869,1,-1,-1,-1
46,74,759.710,506.891,23.114,53.335,1,-1,-1,-1
46,75,1501.953,510.460,21.690,45.152,1,-1,-1,-1
46,78,1539.823,512.885,19.246,41.548,1,-1,-1,-1
46,79,1669.589,508.709,27.242,60.100,1,-1,-1,-1
46,87,1364.700,510.251,22.935,60.464,1,-1,-1,-1
46,88,1565.624,499.229,45.783,90.465,1,-1,-1,-1
46,90,1579.006,516.322,23.388,54.057,1,-1,-1,-1
46,91,1686.000,499.021,28.999,62.958,1,-1,-1,-1
46,92,1347.700,509.000,20.000,48.700,1,-1,-1,-1
47,6,1520.821,551.969,50.494,132.291,1,-1,-1,-1
47,7,411.214,552.208,39.949,114.913,1,-1,-1,-1
47,8,1617.667,528.867,35.622,93.139,1,-1,-1,-1
47,10,457.895,559.824,42.786,114.539,1,-1,-1,-1
47,11,603.555,542.690,32.326,88.582,1,-1,-1,-1
47,12,1666.897,545.880,42.919,92.274,1,-1,-1,-1
47,15,1056.751,500.948,14.865,29.922,1,-1,-1,-1
47,19,1225.112,497.973,17.266,40.829,1,-1,-1,-1
47,48,646.079,532.196,33.380,86.362,1,-1,-1,-1
47,58,572.743,547.367,26.657,79.470,1,-1,-1,-1
47,62,825.839,513.729,20.271,54.595,1,-1,-1,-1
47,74,759.583,506.871,23.036,53.360,1,-1,-1,-1
47,75,1502.699,509.653,21.397,44.506,1,-1,-1,-1
47,78,1535.560,510.568,19.416,41.338,1,-1,-1,-1
47,79,1670.930,511.280,26.452,57.579,1,-1,-1,-1
47,87,1367.682,510.881,22.298,59.847,1,-1,-1,-1
47,90,1581.435,513.487,23.278,53.973,1,-1,-1,-1
47,91,1691.629,501.867,28.495,61.383,1,-1,-1,-1
47,92,1354.915,513.177,20.569,52.046,1,-1,-1,-1
47,93,1603.400,523.700,24.600,64.600,1,-1,-1,-1
47,94,544.300,545.000,23.000,72.400,1,-1,-1,-1
47,95,1694.200,544.200,32.900,80.200,1,-1,-1,-1
48,6,1525.317,554.177,50.733,133.382,1,-1,-1,-1
48,7,408.630,555.349,40.592,115.709,1,-1,-1,-1
48,8,1620.870,531.004,35.545,93.378,1,-1,-1,-1
48,10,455.775,562.300,42.719,114.576,1,-1,-1,-1
48,11,601.469,544.431,33.592,90.211,1,-1,-1,-1
48,12,1671.783,548.209,42.893,92.468,1,-1,-1,-1
48,15,1056.224,501.465,15.051,30.348,1,-1,-1,-1
48,19,1225.531,499.755,16.989,40.612,1,-1,-1,-1
48,48,645.074,534.301,33.646,87.800,1,-1,-1,-1
48,58,571.853,548.614,27.347,81.274,1,-1,-1,-1
48,62,825.617,515.307,20.202,54.218,1,-1,-1,-1
48,74,758.680,508.758,22.756,52.722,1,-1,-1,-1
48,75,1505.759,509.855,21.294,44.422,1,-1,-1,-1
48,78,1531.259,509.411,19.838,41.971,1,-1,-1,-1
48,79,1671.762,517.645,26.273,56.705,1,-1,-1,-1
48,87,1369.098,511.727,21.980,59.834,1,-1,-1,-1
48,90,1582.768,519.979,25.494,59.359,1,-1,-1,-1
48,91,1692.621,505.371,28.843,61.984,1,-1,-1,-1
48,93,1604.775,525.358,23.050,58.484,1,-1,-1,-1
48,94,550.186,550.142,24.626,74.914,1,-1,-1,-1
48,96,1513.400,522.200,26.700,54.700,1,-1,-1,-1
48,97,1496.400,510.900,20.400,50.000,1,-1,-1,-1
48,98,627.800,539.800,31.000,91.500,1,-1,-1,-1
48,99,1404.300,511.100,18.500,49.700,1,-1,-1,-1
49,6,1530.354,556.848,51.475,135.202,1,-1,-1,-1
49,7,406.999,555.930,40.643,116.640,1,-1,-1,-1
49,8,1625.188,534.125,35.816,92.716,1,-1,-1,-1
49,10,452.548,564.091,43.227,114.888,1,-1,-1,-1
49,11,599.283,545.600,34.645,91.351,1,-1,-1,-1
49,12,1677.070,551.482,42.854,93.209,1,-1,-1,-1
49,15,1055.267,502.451,15.042,30.558,1,-1,-1,-1
49,19,1226.093,501.465,17.066,40.406,1,-1,-1,-1
49,48,643.139,536.275,33.163,88.517,1,-1,-1,-1
49,58,571.388,548.936,28.424,83.069,1,-1,-1,-1
49,62,825.792,517.185,20.125,54.055,1,-1,-1,-1
49,74,758.185,510.837,22.395,52.077,1,-1,-1,-1
49,78,1528.429,510.384,20.848,43.401,1,-1,-1,-1
49,79,1671.707,515.206,25.585,56.092,1,-1,-1,-1
49,87,1369.587,513.058,22.309,60.636,1,-1,-1,-1
49,90,1585.003,520.523,26.049,60.699,1,-1,-1,-1
49,91,1693.641,504.143,29.866,65.062,1,-1,-1,-1
49,93,1600.428,519.052,22.309,53.238,1,-1,-1,-1
49,94,554.634,548.680,25.932,77.838,1,-1,-1,-1
49,96,1513.938,517.971,22.325,48.060,1,-1,-1,-1
49,99,1398.246,513.350,18.110,49.300,1,-1,-1,-1
49,100,1526.000,530.600,31.800,56.300,1,-1,-1,-1
49,101,1359.400,515.500,20.400,53.800,1,-1,-1,-1
49,102,1658.200,543.600,31.700,85.300,1,-1,-1,-1
50,6,1535.285,557.515,51.915,136.097,1,-1,-1,-1
50,7,405.317,556.994,40.053,116.069,1,-1,-1,-1
50,8,1630.510,532.261,35.844,92.034,1,-1,-1,-1
50,10,449.959,564.840,43.148,114.961,1,-1,-1,-1
50,11,597.564,545.689,35.066,91.734,1,-1,-1,-1
50,12,1683.095,550.877,42.813,94.586,1,-1,-1,-1
50,15,1054.822,501.658,15.177,30.808,1,-1,-1,-1
50,19,1227.591,499.903,16.953,40.221,1,-1,-1,-1
50,48,642.358,536.407,33.178,89.136,1,-1,-1,-1
50,58,568.651,548.640,29.415,84.147,1,-1,-1,-1
50,62,825.554,516.624,20.189,54.077,1,-1,-1,-1
50,74,757.844,510.219,22.334,51.937,1,-1,-1,-1
50,79,1669.812,521.021,25.085,55.238,1,-1,-1,-1
50,87,1371.625,513.491,22.338,60.624,1,-1,-1,-1
50,90,1589.409,517.360,26.792,62.607,1,-1,-1,-1
50,91,1694.350,510.261,28.972,61.283,1,-1,-1,-1
50,92,1384.406,514.394,20.370,53.080,1,-1,-1,-1
50,94,552.940,545.383,26.990,79.803,1,-1,-1,-1
50,98,619.491,540.196,32.919,90.108,1,-1,-1,-1
50,99,1396.880,511.720,18.975,50.072,1,-1,-1,-1
50,101,1355.497,516.106,19.207,50.688,1,-1,-1,-1
50,103,1608.200,519.400,23.600,51.300,1,-1,-1,-1
51,6,1539.956,560.213,52.150,137.058,1,-1,-1,-1
51,7,402.834,558.258,39.734,116.000,1,-1,-1,-1
51,8,1636.366,532.354,35.667,91.616,1,-1,-1,-1
51,10,446.903,564.464,43.288,115.550,1,-1,-1,-1
51,11,595.163,546.681,35.339,91.488,1,-1,-1,-1
51,12,1687.601,550.946,42.966,95.430,1,-1,-1,-1
51,15,1054.224,502.527,15.018,30.640,1,-1,-1,-1
51,19,1227.639,501.439,17.376,40.374,1,-1,-1,-1
51,48,641.078,537.209,33.431,89.065,1,-1,-1,-1
51,58,564.191,549.218,30.529,85.024,1,-1,-1,-1
51,62,825.615,517.360,20.182,54.308,1,-1,-1,-1
51,74,757.188,510.851,22.017,51.798,1,-1,-1,-1
51,79,1668.251,523.353,24.654,55.068,1,-1,-1,-1
51,87,1373.371,514.441,22.253,60.747,1,-1,-1,-1
51,90,1594.579,520.774,26.263,60.028,1,-1,-1,-1
51,91,1696.002,512.497,28.693,59.856,1,-1,-1,-1
51,99,1395.525,512.219,19.457,50.567,1,-1,-1,-1
51,103,1610.843,525.911,26.213,56.576,1,-1,-1,-1
51,104,1629.100,524.800,24.800,58.100,1,-1,-1,-1
52,6,1545.723,559.250,52.329,138.680,1,-1,-1,-1
52,7,400.484,559.692,40.149,116.781,1,-1,-1,-1
52,8,1641.753,532.708,35.769,92.210,1,-1,-1,-1
52,10,444.000,564.630,43.639,116.160,1,-1,-1,-1
52,11,595.137,548.190,34.337,90.525,1,-1,-1,-1
52,12,1690.661,550.337,44.010,96.899,1,-1,-1,-1
52,15,1053.605,502.688,14.933,30.710,1,-1,-1,-1
52,19,1228.377,501.753,17.542,40.298,1,-1,-1,-1
52,48,639.712,538.265,32.984,88.667,1,-1,-1,-1
52,58,562.875,551.446,31.363,85.931,1,-1,-1,-1
52,62,825.253,518.063,20.171,54.353,1,-1,-1,-1
52,74,756.861,512.110,21.626,51.346,1,-1,-1,-1
52,79,1666.556,522.958,24.203,54.931,1,-1,-1,-1
52,87,1375.081,514.130,22.512,61.312,1,-1,-1,-1
52,90,1604.140,522.958,26.321,59.466,1,-1,-1,-1
52,91,1697.763,510.973,27.657,57.527,1,-1,-1,-1
52,98,613.765,547.194,28.533,84.513,1,-1,-1,-1
52,99,1390.591,513.247,20.144,51.742,1,-1,-1,-1
52,101,1346.192,512.688,19.129,49.698,1,-1,-1,-1
52,104,1630.014,524.103,23.272,55.395,1,-1,-1,-1
52,105,582.800,551.200,26.200,90.500,1,-1,-1,-1
52,106,1721.000,501.600,29.500,58.800,1,-1,-1,-1
53,6,1550.712,559.002,52.713,140.652,1,-1,-1,-1
53,7,397.430,558.740,41.048,118.402,1,-1,-1,-1
53,8,1645.007,534.675,36.810,92.252,1,-1,-1,-1
53,10,441.107,563.510,44.431,117.349,1,-1,-1,-1
53,11,590.811,548.890,33.658,89.926,1,-1,-1,-1
53,12,1694.547,549.750,44.802,96.874,1,-1,-1,-1
53,15,1053.005,502.690,14.953,30.712,1,-1,-1,-1
53,19,1228.658,501.774,17.550,40.181,1,-1,-1,-1
53,48,637.163,539.044,32.680,87.976,1,-1,-1,-1
53,58,562.078,552.678,32.079,86.824,1,-1,-1,-1
53,62,825.180,518.590,20.243,54.191,1,-1,-1,-1
53,74,756.605,512.794,21.316,51.018,1,-1,-1,-1
53,79,1667.333,519.939,24.080,53.854,1,-1,-1,-1
53,87,1376.638,514.970,22.286,60.651,1,-1,-1,-1
53,90,1607.253,526.796,26.029,58.034,1,-1,-1,-1
53,91,1698.437,510.954,26.562,55.241,1,-1,-1,-1
53,98,616.429,547.043,27.775,83.697,1,-1,-1,-1
53,104,1630.695,518.066,22.870,52.262,1,-1,-1,-1
53,107,1356.300,515.100,17.100,47.600,1,-1,-1,-1
54,6,1554.654,557.902,53.239,142.465,1,-1,-1,-1
54,7,392.941,558.177,41.918,119.516,1,-1,-1,-1
54,8,1647.866,534.215,37.577,93.002,1,-1,-1,-1
54,10,437.808,562.755,45.233,118.750,1,-1,-1,-1
54,11,595.944,547.679,32.410,89.278,1,-1,-1,-1
54,12,1698.429,548.737,45.614,97.809,1,-1,-1,-1
54,15,1052.364,501.941,14.913,30.765,1,-1,-1,-1
54,19,1229.447,501.363,17.638,39.840,1,-1,-1,-1
54,48,634.505,539.048,32.542,87.667,1,-1,-1,-1
54,58,559.470,553.200,32.580,86.925,1,-1,-1,-1
54,62,824.069,518.231,20.352,54.078,1,-1,-1,-1
54,74,755.185,512.609,21.386,50.720,1,-1,-1,-1
54,79,1664.081,518.852,24.511,54.531,1,-1,-1,-1
54,87,1377.360,514.040,22.561,61.667,1,-1,-1,-1
54,90,1606.785,525.423,25.355,56.819,1,-1,-1,-1
54,91,1696.784,511.809,25.209,51.148,1,-1,-1,-1
54,105,579.643,549.750,30.314,92.099,1,-1,-1,-1
54,107,1351.206,513.869,18.288,48.361,1,-1,-1,-1
55,6,1559.234,557.414,54.094,144.378,1,-1,-1,-1
55,7,388.982,558.417,42.597,119.584,1,-1,-1,-1
55,8,1652.305,533.910,38.310,94.086,1,-1,-1,-1
55,10,435.018,562.243,45.956,120.096,1,-1,-1,-1
55,11,595.935,547.855,31.886,88.703,1,-1,-1,-1
55,12,1702.722,548.511,45.871,98.721,1,-1,-1,-1
55,15,1052.419,501.970,14.798,30.606,1,-1,-1,-1
55,19,1230.154,500.865,17.590,39.593,1,-1,-1,-1
55,48,633.351,539.029,32.521,87.156,1,-1,-1,-1
55,58,557.632,553.544,33.029,87.394,1,-1,-1,-1
55,62,823.510,518.034,20.547,54.098,1,-1,-1,-1
55,74,754.881,512.244,21.504,50.728,1,-1,-1,-1
55,87,1378.627,514.437,22.710,61.945,1,-1,-1,-1
55,90,1606.655,526.047,24.550,55.658,1,-1,-1,-1
55,91,1694.123,513.480,24.673,49.947,1,-1,-1,-1
55,104,1631.828,515.356,22.433,50.924,1,-1,-1,-1
55,105,580.488,549.868,30.973,91.343,1,-1,-1,-1
55,106,1717.350,509.001,26.700,52.698,1,-1,-1,-1
55,107,1351.192,514.426,18.635,48.372,1,-1,-1,-1
55,108,1239.700,501.100,18.100,40.400,1,-1,-1,-1
56,6,1563.318,558.685,54.264,145.829,1,-1,-1,-1
56,7,384.862,559.160,43.150,120.171,1,-1,-1,-1
56,8,1655.943,534.539,38.832,94.399,1,-1,-1,-1
56,10,431.068,562.786,46.419,120.934,1,-1,-1,-1
56,11,588.323,549.373,32.144,88.688,1,-1,-1,-1
56,12,1707.725,548.921,45.724,99.542,1,-1,-1,-1
56,15,1051.827,502.080,14.519,30.212,1,-1,-1,-1
56,19,1231.010,500.561,17.196,39.715,1,-1,-1,-1
56,48,632.027,538.816,32.793,87.404,1,-1,-1,-1
56,58,552.381,553.343,32.512,86.737,1,-1,-1,-1
56,62,822.004,518.291,20.545,54.170,1,-1,-1,-1
56,74,753.482,512.328,21.535,50.868,1,-1,-1,-1
56,79,1662.026,521.063,25.747,55.952,1,-1,-1,-1
56,87,1380.122,515.180,22.829,61.990,1,-1,-1,-1
56,90,1604.854,528.513,23.814,54.471,1,-1,-1,-1
56,91,1692.569,516.117,24.342,49.222,1,-1,-1,-1
56,98,616.866,545.766,28.249,83.470,1,-1,-1,-1
56,104,1636.181,514.175,23.092,51.460,1,-1,-1,-1
56,105,570.792,553.473,28.199,87.760,1,-1,-1,-1
56,106,1718.739,510.522,26.597,51.584,1,-1,-1,-1
56,107,1347.668,512.616,19.265,48.928,1,-1,-1,-1
56,108,1243.245,501.324,18.109,40.952,1,-1,-1,-1
56,109,1254.400,504.100,19.500,40.100,1,-1,-1,-1
57,6,1568.883,557.010,54.820,148.326,1,-1,-1,-1
57,7,381.466,558.878,43.663,120.707,1,-1,-1,-1
57,8,1660.539,533.198,39.101,94.695,1,-1,-1,-1
57,10,428.000,562.410,46.754,121.669,1,-1,-1,-1
57,11,584.073,549.729,32.165,88.830,1,-1,-1,-1
57,12,1712.020,548.884,45.354,99.422,1,-1,-1,-1
57,15,1050.096,501.091,14.786,29.833,1,-1,-1,-1
57,19,1230.013,499.600,17.223,40.267,1,-1,-1,-1
57,48,629.731,538.549,32.967,87.969,1,-1,-1,-1
57,58,550.064,552.480,32.135,86.765,1,-1,-1,-1
57,62,820.649,517.602,20.626,54.144,1,-1,-1,-1
57,74,752.479,511.402,21.745,51.326,1,-1,-1,-1
57,79,1660.769,516.820,26.340,56.031,1,-1,-1,-1
57,87,1381.216,514.173,23.046,62.407,1,-1,-1,-1
57,91,1690.775,511.781,24.562,48.961,1,-1,-1,-1
57,107,1343.085,509.021,19.592,48.997,1,-1,-1,-1
57,109,1259.280,500.857,20.039,42.286,1,-1,-1,-1
57,110,600.300,546.700,28.800,87.300,1,-1,-1,-1
57,111,1272.100,502.700,18.800,47.800,1,-1,-1,-1
58,6,1573.246,554.680,55.326,150.362,1,-1,-1,-1
58,7,378.363,557.811,43.671,120.837,1,-1,-1,-1
58,8,1665.821,531.974,39.609,95.546,1,-1,-1,-1
58,10,424.441,560.146,47.195,122.767,1,-1,-1,-1
58,11,584.972,548.105,32.541,89.040,1,-1,-1,-1
58,12,1715.584,547.375,45.559,99.850,1,-1,-1,-1
58,15,1049.093,499.318,14.900,29.937,1,-1,-1,-1
58,19,1229.655,498.061,17.411,40.859,1,-1,-1,-1
58,48,624.752,537.247,32.377,87.618,1,-1,-1,-1
58,58,548.130,551.111,31.981,87.504,1,-1,-1,-1
58,62,819.874,516.120,20.681,54.034,1,-1,-1,-1
58,74,751.744,509.812,21.987,51.815,1,-1,-1,-1
58,87,1382.735,512.933,23.268,62.386,1,-1,-1,-1
58,91,1685.956,517.124,26.639,52.960,1,-1,-1,-1
58,105,566.622,549.891,29.542,89.551,1,-1,-1,-1
58,106,1720.749,505.255,25.200,49.971,1,-1,-1,-1
58,111,1268.474,500.086,20.953,51.328,1,-1,-1,-1
58,112,1489.200,509.700,17.100,49.300,1,-1,-1,-1
59,6,1577.564,553.878,55.899,151.293,1,-1,-1,-1
59,7,374.762,556.393,43.730,120.929,1,-1,-1,-1
59,8,1670.564,530.179,39.974,97.388,1,-1,-1,-1
59,10,421.959,558.150,46.983,123.347,1,-1,-1,-1
59,11,578.901,547.945,32.231,89.094,1,-1,-1,-1
59,12,1719.606,547.764,45.953,99.888,1,-1,-1,-1
59,15,1047.201,497.704,15.072,30.299,1,-1,-1,-1
59,19,1230.719,496.519,17.263,41.041,1,-1,-1,-1
59,48,622.031,536.056,32.145,87.615,1,-1,-1,-1
59,58,542.455,549.101,31.656,87.464,1,-1,-1,-1
59,62,819.240,514.803,20.692,53.946,1,-1,-1,-1
59,74,750.680,508.221,22.317,52.541,1,-1,-1,-1
59,87,1383.682,511.199,23.508,62.239,1,-1,-1,-1
59,105,558.778,549.078,30.523,89.583,1,-1,-1,-1
59,106,1721.611,505.730,25.205,50.938,1,-1,-1,-1
59,107,1341.312,503.788,19.631,49.556,1,-1,-1,-1
59,110,602.491,543.030,29.218,87.240,1,-1,-1,-1
59,111,1268.324,498.792,22.551,52.875,1,-1,-1,-1
59,112,1491.136,508.829,18.028,50.243,1,-1,-1,-1
59,113,1242.800,496.300,19.900,44.500,1,-1,-1,-1
59,114,510.500,549.200,23.400,69.100,1,-1,-1,-1
60,6,1582.128,553.694,56.169,151.412,1,-1,-1,-1
60,7,372.002,554.674,44.038,122.393,1,-1,-1,-1
60,8,1673.335,528.180,40.356,99.395,1,-1,-1,-1
60,10,419.536,557.522,47.357,124.277,1,-1,-1,-1
60,11,574.046,547.479,33.210,90.231,1,-1,-1,-1
60,12,1722.557,548.437,46.431,99.747,1,-1,-1,-1
60,15,1045.643,496.592,15.234,30.866,1,-1,-1,-1
60,19,1230.368,495.560,17.378,41.276,1,-1,-1,-1
60,48,621.049,536.269,32.520,88.427,1,-1,-1,-1
60,58,538.513,547.151,31.698,87.448,1,-1,-1,-1
60,62,818.408,514.342,20.669,53.791,1,-1,-1,-1
60,74,750.381,507.832,22.211,52.136,1,-1,-1,-1
60,87,1384.622,510.950,23.793,62.135,1,-1,-1,-1
60,106,1724.154,502.216,25.512,51.686,1,-1,-1,-1
60,110,601.027,542.619,27.475,86.950,1,-1,-1,-1
60,111,1268.263,498.209,23.113,52.711,1,-1,-1,-1
60,112,1491.168,506.563,19.281,51.339,1,-1,-1,-1
60,113,1239.604,496.389,18.992,42.423,1,-1,-1,-1
60,114,519.796,549.316,25.807,76.266,1,-1,-1,-1
61,6,1586.538,553.012,56.556,151.522,1,-1,-1,-1
61,7,367.814,555.187,44.085,123.025,1,-1,-1,-1
61,8,1676.782,527.640,40.183,98.985,1,-1,-1,-1
61,10,416.670,558.201,47.508,124.296,1,-1,-1,-1
61,11,571.330,547.223,33.760,91.456,1,-1,-1,-1
61,12,1727.035,545.073,46.473,99.659,1,-1,-1,-1
61,15,1043.219,494.809,15.359,31.602,1,-1,-1,-1
61,19,1229.536,492.428,17.739,41.496,1,-1,-1,-1
61,48,616.535,538.437,33.349,88.925,1,-1,-1,-1
61,58,534.026,547.296,32.151,87.748,1,-1,-1,-1
61,62,817.000,514.121,20.851,53.784,1,-1,-1,-1
61,74,749.865,507.579,22.366,52.013,1,-1,-1,-1
61,79,1652.267,523.259,27.317,61.745,1,-1,-1,-1
61,87,1386.491,508.940,24.137,61.910,1,-1,-1,-1
61,105,552.482,548.937,30.446,90.642,1,-1,-1,-1
61,110,597.378,541.667,31.324,93.303,1,-1,-1,-1
61,111,1269.117,496.293,23.074,50.859,1,-1,-1,-1
61,112,1491.860,502.596,19.794,52.076,1,-1,-1,-1
61,113,1239.815,493.027,18.799,41.506,1,-1,-1,-1
61,114,517.980,547.966,27.380,79.874,1,-1,-1,-1
61,115,1578.900,521.400,25.700,48.500,1,-1,-1,-1
62,6,1591.444,554.687,56.336,151.764,1,-1,-1,-1
62,7,363.809,552.386,43.696,123.046,1,-1,-1,-1
62,8,1679.107,530.061,39.888,98.402,1,-1,-1,-1
62,10,413.288,555.333,47.230,124.477,1,-1,-1,-1
62,11,567.705,545.000,34.334,93.021,1,-1,-1,-1
62,12,1732.153,547.860,46.556,98.603,1,-1,-1,-1
62,15,1041.369,494.290,15.495,31.985,1,-1,-1,-1
62,19,1230.512,492.399,17.810,41.829,1,-1,-1,-1
62,48,616.761,535.859,34.272,90.091,1,-1,-1,-1
62,58,534.039,545.075,32.108,87.776,1,-1,-1,-1
62,62,816.968,513.371,20.671,53.767,1,-1,-1,-1
62,74,749.207,506.142,22.279,51.984,1,-1,-1,-1
62,79,1644.783,517.628,27.411,62.643,1,-1,-1,-1
62,87,1389.123,509.911,23.613,61.767,1,-1,-1,-1
62,111,1269.349,497.886,23.547,50.967,1,-1,-1,-1
62,112,1489.725,504.144,20.806,53.740,1,-1,-1,-1
62,113,1243.317,495.328,18.791,41.270,1,-1,-1,-1
62,114,518.103,544.465,28.547,82.367,1,-1,-1,-1
62,115,1575.837,521.917,22.327,43.467,1,-1,-1,-1
62,116,1257.800,498.600,20.900,42.800,1,-1,-1,-1
62,117,1598.100,514.400,22.500,46.700,1,-1,-1,-1
62,118,1581.600,529.600,32.600,67.000,1,-1,-1,-1
62,119,1661.400,517.000,25.500,57.200,1,-1,-1,-1
62,120,1378.300,508.900,23.300,55.900,1,-1,-1,-1
62,121,1553.800,516.300,17.500,41.400,1,-1,-1,-1
62,122,1562.300,516.800,21.700,56.500,1,-1,-1,-1
62,123,1762.000,553.400,33.600,83.400,1,-1,-1,-1
63,6,1597.934,548.226,56.818,152.883,1,-1,-1,-1
63,7,362.109,562.878,43.771,122.991,1,-1,-1,-1
63,8,1683.101,520.798,39.478,98.292,1,-1,-1,-1
63,10,411.599,565.254,46.993,123.751,1,-1,-1,-1
63,11,566.833,551.020,35.060,94.631,1,-1,-1,-1
63,12,1740.116,538.423,45.890,97.897,1,-1,-1,-1
63,15,1039.408,494.151,15.456,32.304,1,-1,-1,-1
63,19,1229.453,488.442,18.580,41.978,1,-1,-1,-1
63,48,614.806,542.145,35.359,92.963,1,-1,-1,-1
63,58,527.487,552.352,32.097,87.219,1,-1,-1,-1
63,62,816.297,516.278,20.651,53.738,1,-1,-1,-1
63,74,747.770,509.960,22.570,52.415,1,-1,-1,-1
63,79,1645.650,501.781,26.173,61.942,1,-1,-1,-1
63,87,1391.924,502.982,23.842,61.437,1,-1,-1,-1
63,105,547.346,556.322,29.879,90.854,1,-1,-1,-1
63,111,1269.562,493.462,23.395,49.816,1,-1,-1,-1
63,112,1488.786,494.675,21.328,54.570,1,-1,-1,-1
63,114,510.958,554.286,28.515,80.566,1,-1,-1,-1
63,115,1576.931,507.634,25.038,52.691,1,-1,-1,-1
63,117,1597.897,491.950,23.107,49.804,1,-1,-1,-1
63,120,1379.253,499.367,21.895,54.068,1,-1,-1,-1
63,122,1563.353,501.419,20.794,52.366,1,-1,-1,-1
63,124,1658.600,486.700,24.900,55.100,1,-1,-1,-1
63,125,1686.300,485.200,25.600,50.600,1,-1,-1,-1
63,126,1726.700,530.200,36.200,87.400,1,-1,-1,-1
63,127,1671.000,506.200,32.600,80.900,1,-1,-1,-1
64,6,1601.785,554.685,57.444,154.065,1,-1,-1,-1
64,7,358.326,555.925,43.607,123.536,1,-1,-1,-1
64,8,1688.136,526.451,39.263,98.593,1,-1,-1,-1
64,10,409.212,558.042,47.433,124.326,1,-1,-1,-1
64,11,563.247,547.567,35.460,95.007,1,-1,-1,-1
64,12,1745.850,544.455,45.146,99.045,1,-1,-1,-1
64,15,1039.630,493.632,15.538,32.603,1,-1,-1,-1
64,19,1230.662,490.519,18.562,42.292,1,-1,-1,-1
64,48,614.917,538.534,35.672,93.351,1,-1,-1,-1
64,58,525.889,547.549,32.622,87.239,1,-1,-1,-1
64,62,816.474,514.130,20.665,53.717,1,-1,-1,-1
64,74,747.673,507.125,22.806,52.665,1,-1,-1,-1
64,79,1642.763,494.377,29.982,70.015,1,-1,-1,-1
64,87,1393.778,506.855,24.080,61.884,1,-1,-1,-1
64,110,588.675,540.486,34.587,97.923,1,-1,-1,-1
64,111,1271.609,496.712,23.893,50.223,1,-1,-1,-1
64,112,1487.136,500.049,22.534,56.558,1,-1,-1,-1
64,113,1242.546,493.765,19.290,42.824,1,-1,-1,-1
64,115,1575.221,512.872,24.730,54.386,1,-1,-1,-1
64,116,1259.127,497.350,22.246,44.300,1,-1,-1,-1
64,119,1660.122,510.736,27.257,59.828,1,-1,-1,-1
64,120,1377.708,505.387,21.624,52.656,1,-1,-1,-1
64,127,1678.152,516.095,27.895,66.409,1,-1,-1,-1
64,128,1597.900,513.100,22.600,49.800,1,-1,-1,-1
64,129,1561.200,514.300,22.600,53.400,1,-1,-1,-1
64,130,1718.000,512.100,25.600,52.400,1,-1,-1,-1
65,6,1605.558,555.445,57.447,154.409,1,-1,-1,-1
65,7,354.444,558.245,44.707,124.368,1,-1,-1,-1
65,8,1691.800,526.769,39.129,98.207,1,-1,-1,-1
65,10,405.159,560.179,47.726,124.954,1,-1,-1,-1
65,11,559.196,548.472,36.626,96.556,1,-1,-1,-1
65,12,1749.500,544.680,44.092,99.458,1,-1,-1,-1
65,15,1036.736,494.528,15.787,32.579,1,-1,-1,-1
65,19,1229.920,491.690,18.516,42.079,1,-1,-1,-1
65,48,612.938,539.351,36.147,95.022,1,-1,-1,-1
65,58,525.026,550.358,32.454,88.215,1,-1,-1,-1
65,62,814.705,514.991,20.851,54.091,1,-1,-1,-1
65,74,744.762,507.904,22.612,53.040,1,-1,-1,-1
65,79,1637.403,488.132,36.313,77.875,1,-1,-1,-1
65,87,1393.589,507.060,24.215,62.124,1,-1,-1,-1
65,110,587.749,541.353,36.911,101.361,1,-1,-1,-1
65,111,1271.890,498.146,24.115,50.225,1,-1,-1,-1
65,112,1486.934,499.290,22.857,56.966,1,-1,-1,-1
65,113,1242.706,494.353,19.280,42.471,1,-1,-1,-1
65,114,509.992,552.143,29.950,84.820,1,-1,-1,-1
65,115,1573.948,511.575,24.149,54.686,1,-1,-1,-1
65,119,1661.967,509.318,27.391,59.223,1,-1,-1,-1
65,121,1551.286,512.935,21.029,49.929,1,-1,-1,-1
65,127,1677.982,515.328,27.106,62.986,1,-1,-1,-1
65,128,1590.550,513.894,23.501,51.311,1,-1,-1,-1
65,130,1713.198,516.019,28.204,58.660,1,-1,-1,-1
65,131,761.400,508.900,23.100,53.900,1,-1,-1,-1
66,6,1612.936,555.622,57.002,154.389,1,-1,-1,-1
66,7,352.223,563.476,45.900,125.498,1,-1,-1,-1
66,8,1696.441,522.356,38.705,98.770,1,-1,-1,-1
66,10,402.969,566.061,48.069,124.252,1,-1,-1,-1
66,11,556.971,551.855,37.024,97.503,1,-1,-1,-1
66,12,1753.981,542.283,42.945,100.401,1,-1,-1,-1
66,15,1034.641,495.540,16.050,32.360,1,-1,-1,-1
66,19,1230.968,491.544,18.233,41.836,1,-1,-1,-1
66,62,814.272,516.624,20.870,54.315,1,-1,-1,-1
66,74,743.533,510.829,22.571,52.767,1,-1,-1,-1
66,87,1394.660,505.124,24.235,61.479,1,-1,-1,-1
66,110,594.766,543.519,35.692,101.441,1,-1,-1,-1
66,111,1272.726,498.807,24.229,49.523,1,-1,-1,-1
66,112,1485.715,496.672,22.620,56.606,1,-1,-1,-1
66,113,1243.775,493.828,19.457,42.478,1,-1,-1,-1
66,114,509.770,556.753,30.483,85.002,1,-1,-1,-1
66,115,1573.943,508.064,23.694,54.875,1,-1,-1,-1
66,116,1257.930,498.855,22.386,42.849,1,-1,-1,-1
66,119,1662.115,500.221,28.777,61.801,1,-1,-1,-1
66,121,1554.216,507.299,21.707,52.093,1,-1,-1,-1
66,127,1683.323,512.214,28.444,66.680,1,-1,-1,-1
66,128,1587.811,507.782,24.403,53.366,1,-1,-1,-1
66,131,765.827,512.386,21.245,52.328,1,-1,-1,-1
66,132,487.500,561.900,23.600,74.000,1,-1,-1,-1
66,133,1473.300,497.200,18.200,48.800,1,-1,-1,-1
66,134,1801.200,543.500,30.400,81.500,1,-1,-1,-1
67,6,1617.134,565.834,56.926,155.003,1,-1,-1,-1
67,7,349.410,557.160,46.826,126.690,1,-1,-1,-1
67,8,1699.728,527.944,39.010,99.815,1,-1,-1,-1
67,10,399.084,560.356,48.015,124.487,1,-1,-1,-1
67,11,549.784,549.270,37.082,97.334,1,-1,-1,-1
67,12,1758.526,548.845,43.120,100.641,1,-1,-1,-1
67,15,1034.183,494.962,16.078,32.454,1,-1,-1,-1
67,19,1231.526,493.811,18.109,41.820,1,-1,-1,-1
67,58,516.658,552.245,32.200,87.337,1,-1,-1,-1
67,62,813.378,514.883,21.135,54.359,1,-1,-1,-1
67,74,742.200,508.195,22.582,53.165,1,-1,-1,-1
67,79,1639.088,497.063,36.261,77.164,1,-1,-1,-1
67,87,1394.738,509.443,24.674,62.130,1,-1,-1,-1
67,110,590.528,540.264,36.109,102.381,1,-1,-1,-1
67,111,1270.023,500.915,24.522,49.658,1,-1,-1,-1
67,112,1485.819,501.629,22.619,58.094,1,-1,-1,-1
67,113,1245.963,496.819,19.568,42.459,1,-1,-1,-1
67,115,1574.192,515.002,23.259,54.544,1,-1,-1,-1
67,119,1662.244,506.745,29.357,63.008,1,-1,-1,-1
67,120,1371.358,508.086,21.467,50.431,1,-1,-1,-1
67,129,1558.455,518.507,22.489,53.686,1,-1,-1,-1
67,131,769.427,508.845,21.139,51.257,1,-1,-1,-1
67,132,482.864,550.067,25.273,74.168,1,-1,-1,-1
67,135,1595.300,521.100,22.400,47.500,1,-1,-1,-1
67,136,757.800,505.800,21.500,54.300,1,-1,-1,-1
68,6,1620.685,563.396,56.909,156.694,1,-1,-1,-1
68,7,344.844,558.560,47.373,128.518,1,-1,-1,-1
68,8,1701.994,526.160,39.172,100.455,1,-1,-1,-1
68,10,392.903,563.615,48.309,125.059,1,-1,-1,-1
68,11,546.476,550.735,37.709,97.885,1,-1,-1,-1
68,12,1760.568,545.036,43.108,100.722,1,-1,-1,-1
68,15,1031.945,495.191,15.985,32.324,1,-1,-1,-1
68,19,1228.240,493.092,18.242,41.986,1,-1,-1,-1
68,58,514.297,556.154,32.347,87.584,1,-1,-1,-1
68,62,811.759,515.855,21.221,54.772,1,-1,-1,-1
68,74,739.672,509.417,22.638,53.178,1,-1,-1,-1
68,87,1394.446,508.288,24.742,61.958,1,-1,-1,-1
68,110,586.898,540.821,36.941,103.972,1,-1,-1,-1
68,111,1269.207,500.331,24.810,49.711,1,-1,-1,-1
68,112,1485.917,500.943,22.200,56.820,1,-1,-1,-1
68,113,1245.203,496.688,20.089,42.942,1,-1,-1,-1
68,115,1574.641,512.382,23.207,54.857,1,-1,-1,-1
68,116,1257.449,500.316,22.411,42.981,1,-1,-1,-1
68,119,1660.458,501.039,30.116,64.747,1,-1,-1,-1
68,127,1679.140,510.522,26.371,59.929,1,-1,-1,-1
68,131,770.443,511.017,20.449,50.589,1,-1,-1,-1
68,135,1588.535,512.948,25.032,53.705,1,-1,-1,-1
68,137,491.200,558.400,25.900,78.200,1,-1,-1,-1
68,138,1380.300,506.000,23.100,53.000,1,-1,-1,-1
69,6,1624.283,568.827,57.837,158.632,1,-1,-1,-1
69,7,340.590,554.940,47.782,129.005,1,-1,-1,-1
69,8,1703.784,529.768,39.461,101.456,1,-1,-1,-1
69,10,387.869,561.446,48.626,124.430,1,-1,-1,-1
69,11,543.392,549.943,38.192,98.274,1,-1,-1,-1
69,12,1763.661,550.337,44.121,100.823,1,-1,-1,-1
69,15,1030.461,496.733,16.059,32.511,1,-1,-1,-1
69,19,1229.219,496.370,18.003,41.681,1,-1,-1,-1
69,58,511.173,555.147,33.029,88.987,1,-1,-1,-1
69,62,810.296,515.893,21.164,54.749,1,-1,-1,-1
69,74,737.799,508.758,22.462,53.601,1,-1,-1,-1
69,87,1394.051,512.279,25.060,62.443,1,-1,-1,-1
69,110,583.872,540.198,38.003,105.387,1,-1,-1,-1
69,111,1269.259,503.458,24.787,49.749,1,-1,-1,-1
69,112,1484.060,506.412,22.919,58.082,1,-1,-1,-1
69,113,1246.330,500.194,19.888,42.517,1,-1,-1,-1
69,115,1576.936,516.966,23.010,54.549,1,-1,-1,-1
69,119,1660.102,507.742,29.880,64.142,1,-1,-1,-1
69,120,1366.946,510.504,21.911,49.560,1,-1,-1,-1
69,127,1677.685,517.748,25.287,55.468,1,-1,-1,-1
69,129,1553.536,519.658,19.850,48.135,1,-1,-1,-1
69,131,776.053,511.898,19.793,49.713,1,-1,-1,-1
69,132,477.494,547.578,27.884,78.895,1,-1,-1,-1
69,135,1590.400,520.312,24.047,52.311,1,-1,-1,-1
69,136,766.746,509.838,19.708,50.424,1,-1,-1,-1
69,137,496.026,552.957,29.346,85.587,1,-1,-1,-1
69,139,1566.900,520.500,19.800,51.700,1,-1,-1,-1
69,140,1021.400,494.400,15.200,33.000,1,-1,-1,-1
70,6,1628.493,566.647,58.005,161.550,1,-1,-1,-1
70,7,336.206,555.553,48.186,129.045,1,-1,-1,-1
70,8,1705.011,528.348,39.466,101.199,1,-1,-1,-1
70,10,381.900,561.187,49.165,124.998,1,-1,-1,-1
70,11,541.024,549.668,38.404,98.597,1,-1,-1,-1
70,12,1765.449,549.975,44.697,101.280,1,-1,-1,-1
70,15,1028.367,495.542,16.227,32.876,1,-1,-1,-1
70,19,1227.175,495.651,17.973,42.032,1,-1,-1,-1
70,58,507.459,553.904,33.684,90.548,1,-1,-1,-1
70,62,807.462,515.442,20.979,54.497,1,-1,-1,-1
70,74,734.853,508.095,22.430,54.392,1,-1,-1,-1
70,79,1644.870,504.147,32.158,68.063,1,-1,-1,-1
70,87,1393.040,511.733,25.196,62.621,1,-1,-1,-1
70,110,580.313,540.358,38.099,107.213,1,-1,-1,-1
70,111,1268.063,502.437,25.011,50.231,1,-1,-1,-1
70,112,1482.502,506.548,22.952,57.651,1,-1,-1,-1
70,113,1245.776,499.370,20.102,42.641,1,-1,-1,-1
70,115,1576.020,515.036,23.074,55.070,1,-1,-1,-1
70,119,1660.991,511.022,28.649,60.287,1,-1,-1,-1
70,131,781.490,514.148,19.329,48.919,1,-1,-1,-1
70,132,475.234,548.130,28.030,78.933,1,-1,-1,-1
70,135,1593.906,517.549,23.463,52.059,1,-1,-1,-1
70,137,490.934,552.427,29.760,86.346,1,-1,-1,-1
70,138,1374.815,508.245,23.570,52.809,1,-1,-1,-1
70,139,1563.397,514.095,21.206,51.912,1,-1,-1,-1
70,140,1020.089,491.724,15.222,33.152,1,-1,-1,-1
70,141,794.500,514.600,19.900,51.700,1,-1,-1,-1
70,142,1691.800,522.800,23.000,54.000,1,-1,-1,-1
71,6,1632.966,569.473,58.155,162.751,1,-1,-1,-1
71,7,332.160,554.762,48.866,129.140,1,-1,-1,-1
71,8,1706.259,529.193,38.970,100.399,1,-1,-1,-1
71,10,378.129,559.552,49.915,125.534,1,-1,-1,-1
71,11,538.513,549.605,39.277,99.065,1,-1,-1,-1
71,12,1769.434,551.154,45.347,102.377,1,-1,-1,-1
71,15,1025.356,495.417,16.239,33.212,1,-1,-1,-1
71,19,1228.850,496.734,18.083,41.796,1,-1,-1,-1
71,58,511.369,554.342,33.523,91.765,1,-1,-1,-1
71,62,804.797,515.562,20.813,54.085,1,-1,-1,-1
71,74,732.041,507.362,22.423,54.675,1,-1,-1,-1
71,79,1646.197,510.887,29.792,65.372,1,-1,-1,-1
71,87,1392.700,512.487,25.361,63.290,1,-1,-1,-1
71,110,577.134,539.483,39.214,108.738,1,-1,-1,-1
71,111,1265.051,502.977,24.468,49.727,1,-1,-1,-1
71,112,1481.581,509.980,22.156,56.392,1,-1,-1,-1
71,113,1246.978,500.806,20.237,42.549,1,-1,-1,-1
71,115,1573.746,515.512,22.864,55.208,1,-1,-1,-1
71,119,1660.886,518.837,28.231,60.187,1,-1,-1,-1
71,132,475.458,548.446,29.551,82.024,1,-1,-1,-1
71,135,1587.869,515.445,23.568,54.033,1,-1,-1,-1
71,137,492.327,550.991,32.126,91.283,1,-1,-1,-1
71,138,1369.096,507.851,23.248,52.428,1,-1,-1,-1
71,143,1461.300,511.200,19.400,47.400,1,-1,-1,-1
72,6,1636.339,568.452,58.413,164.938,1,-1,-1,-1
72,7,325.852,557.321,49.276,129.001,1,-1,-1,-1
72,8,1707.082,528.595,38.774,100.545,1,-1,-1,-1
72,10,372.954,560.872,50.272,126.484,1,-1,-1,-1
72,11,535.326,550.185,39.616,100.096,1,-1,-1,-1
72,12,1773.305,549.785,45.118,102.541,1,-1,-1,-1
72,15,1022.336,495.163,15.911,33.040,1,-1,-1,-1
72,19,1228.629,496.688,18.274,41.569,1,-1,-1,-1
72,58,513.301,554.634,33.836,93.377,1,-1,-1,-1
72,62,802.585,515.435,20.669,54.277,1,-1,-1,-1
72,74,729.625,507.611,22.203,55.364,1,-1,-1,-1
72,87,1393.098,512.002,25.559,63.693,1,-1,-1,-1
72,110,574.002,539.453,39.793,109.859,1,-1,-1,-1
72,111,1263.115,502.643,24.225,49.273,1,-1,-1,-1
72,112,1481.968,508.756,21.426,55.297,1,-1,-1,-1
72,113,1245.833,500.902,20.256,42.234,1,-1,-1,-1
72,115,1571.954,514.784,22.488,55.251,1,-1,-1,-1
72,132,472.935,551.549,30.010,83.880,1,-1,-1,-1
72,135,1589.333,513.263,23.405,54.855,1,-1,-1,-1
72,137,492.109,551.418,33.505,94.575,1,-1,-1,-1
72,138,1367.715,506.493,23.335,52.968,1,-1,-1,-1
72,144,271.200,560.400,33.700,118.300,1,-1,-1,-1
72,145,1345.900,499.800,20.300,52.200,1,-1,-1,-1
73,6,1640.456,571.202,58.612,165.849,1,-1,-1,-1
73,7,319.737,555.872,49.906,129.075,1,-1,-1,-1
73,8,1708.826,529.468,38.632,100.867,1,-1,-1,-1
73,10,368.364,558.942,50.529,127.195,1,-1,-1,-1
73,11,529.197,550.035,39.962,99.893,1,-1,-1,-1
73,12,1778.366,551.959,44.897,102.927,1,-1,-1,-1
73,15,1020.175,494.261,15.764,33.549,1,-1,-1,-1
73,19,1229.834,497.116,18.439,41.235,1,-1,-1,-1
73,62,799.989,514.365,20.482,54.571,1,-1,-1,-1
73,74,727.139,506.791,21.892,55.564,1,-1,-1,-1
73,87,1392.302,512.897,25.847,64.279,1,-1,-1,-1
73,110,568.996,539.504,38.693,109.596,1,-1,-1,-1
73,111,1261.959,503.159,24.227,48.854,1,-1,-1,-1
73,112,1481.274,510.783,20.771,54.150,1,-1,-1,-1
73,113,1247.819,502.186,20.539,42.421,1,-1,-1,-1
73,115,1568.297,518.072,22.902,55.181,1,-1,-1,-1
73,132,475.947,555.109,30.541,84.917,1,-1,-1,-1
73,135,1588.607,515.902,23.221,54.759,1,-1,-1,-1
73,137,495.082,554.586,30.804,91.756,1,-1,-1,-1
73,138,1366.370,508.336,23.325,53.224,1,-1,-1,-1
73,146,1378.800,513.200,23.300,56.900,1,-1,-1,-1
73,147,1220.300,492.100,18.500,42.600,1,-1,-1,-1
73,148,453.100,558.700,26.200,69.700,1,-1,-1,-1
74,6,1644.993,571.231,58.975,166.684,1,-1,-1,-1
74,7,313.299,554.950,50.840,130.028,1,-1,-1,-1
74,8,1709.966,528.641,38.665,101.137,1,-1,-1,-1
74,10,363.674,559.807,50.880,127.854,1,-1,-1,-1
74,11,522.272,551.000,41.378,100.487,1,-1,-1,-1
74,12,1780.837,551.433,44.233,102.411,1,-1,-1,-1
74,15,1017.720,493.452,15.756,34.487,1,-1,-1,-1
74,19,1227.535,496.414,18.588,41.195,1,-1,-1,-1
74,62,797.526,513.457,20.380,55.172,1,-1,-1,-1
74,74,724.540,506.404,21.661,55.467,1,-1,-1,-1
74,87,1391.784,512.565,26.019,64.515,1,-1,-1,-1
74,110,564.351,540.318,38.467,109.781,1,-1,-1,-1
74,111,1262.956,503.254,24.092,48.883,1,-1,-1,-1
74,112,1482.102,510.772,20.099,52.211,1,-1,-1,-1
74,113,1249.128,502.353,20.675,42.494,1,-1,-1,-1
74,115,1566.055,518.133,22.665,55.030,1,-1,-1,-1
74,132,475.198,558.222,30.729,85.359,1,-1,-1,-1
74,135,1587.878,516.084,22.962,54.418,1,-1,-1,-1
74,137,492.681,557.285,29.093,89.648,1,-1,-1,-1
74,146,1373.614,509.631,23.573,56.338,1,-1,-1,-1
74,148,456.825,562.402,26.848,72.294,1,-1,-1,-1
75,6,1648.441,574.634,59.481,166.702,1,-1,-1,-1
75,7,307.745,554.625,50.935,130.333,1,-1,-1,-1
75,8,1710.930,528.879,38.474,101.884,1,-1,-1,-1
75,10,358.349,558.999,50.832,128.608,1,-1,-1,-1
75,11,517.643,550.520,41.420,101.332,1,-1,-1,-1
75,12,1782.421,553.019,43.470,101.941,1,-1,-1,-1
75,15,1014.265,493.236,15.950,34.673,1,-1,-1,-1
75,62,794.375,513.548,20.424,56.041,1,-1,-1,-1
75,74,721.405,506.046,21.476,55.990,1,-1,-1,-1
75,87,1390.683,514.516,26.223,64.540,1,-1,-1,-1
75,110,560.084,539.298,38.311,110.635,1,-1,-1,-1
75,111,1260.177,505.268,23.763,48.337,1,-1,-1,-1
75,113,1248.981,504.827,20.776,42.660,1,-1,-1,-1
75,115,1564.080,520.029,22.335,54.762,1,-1,-1,-1
75,132,480.027,556.925,30.083,86.777,1,-1,-1,-1
75,135,1592.582,518.207,23.000,53.523,1,-1,-1,-1
75,145,1339.012,504.571,20.577,52.759,1,-1,-1,-1
75,146,1368.722,512.186,23.821,54.727,1,-1,-1,-1
75,147,1221.956,498.274,18.488,41.952,1,-1,-1,-1
75,148,462.602,558.228,30.642,82.832,1,-1,-1,-1
75,149,1277.700,509.700,21.800,48.000,1,-1,-1,-1
75,150,1208.100,495.200,16.900,40.900,1,-1,-1,-1
76,6,1650.660,574.937,60.305,168.579,1,-1,-1,-1
76,7,302.658,552.929,50.982,131.367,1,-1,-1,-1
76,8,1712.148,529.018,38.219,102.319,1,-1,-1,-1
76,10,352.190,557.245,51.045,129.364,1,-1,-1,-1
76,11,511.906,550.102,41.972,102.095,1,-1,-1,-1
76,12,1782.679,553.241,43.160,101.508,1,-1,-1,-1
76,15,1011.430,491.906,16.123,35.030,1,-1,-1,-1
76,62,791.852,512.650,20.453,56.679,1,-1,-1,-1
76,74,717.602,505.092,21.589,56.331,1,-1,-1,-1
76,87,1390.630,515.187,26.196,64.336,1,-1,-1,-1
76,110,555.305,538.832,38.391,111.415,1,-1,-1,-1
76,111,1260.851,505.682,23.437,47.957,1,-1,-1,-1
76,113,1249.821,504.451,20.881,42.870,1,-1,-1,-1
76,115,1561.762,520.162,21.813,54.207,1,-1,-1,-1
76,132,479.265,554.852,29.714,87.721,1,-1,-1,-1
76,135,1592.071,517.663,22.546,52.963,1,-1,-1,-1
76,145,1339.319,506.610,20.478,51.911,1,-1,-1,-1
76,146,1368.447,513.476,23.520,53.040,1,-1,-1,-1
76,147,1220.030,496.507,18.772,42.239,1,-1,-1,-1
76,148,459.694,556.285,31.104,85.169,1,-1,-1,-1
76,149,1279.700,509.900,21.800,48.000,1,-1,-1,-1
77,6,1653.339,576.971,60.641,168.932,1,-1,-1,-1
77,7,297.682,552.533,50.565,131.393,1,-1,-1,-1
77,8,1712.280,529.909,38.094,103.207,1,-1,-1,-1
77,10,346.494,556.419,51.307,129.970,1,-1,-1,-1
77,11,507.616,549.863,42.323,103.105,1,-1,-1,-1
77,12,1782.334,554.411,43.239,101.749,1,-1,-1,-1
77,15,1007.372,491.995,15.748,34.515,1,-1,-1,-1
77,62,788.662,512.806,20.463,56.590,1,-1,-1,-1
77,74,714.598,505.575,21.615,56.542,1,-1,-1,-1
77,87,1389.779,515.979,26.518,64.525,1,-1,-1,-1
77,110,551.869,539.415,38.649,112.395,1,-1,-1,-1
77,111,1258.382,506.426,24.021,48.385,1,-1,-1,-1
77,115,1558.264,520.814,21.688,53.942,1,-1,-1,-1
77,132,477.525,556.171,30.078,89.730,1,-1,-1,-1
77,135,1589.953,519.401,21.980,52.949,1,-1,-1,-1
77,145,1339.297,507.410,21.240,53.511,1,-1,-1,-1
77,146,1364.439,513.118,23.994,53.231,1,-1,-1,-1
77,147,1218.989,496.981,19.170,42.778,1,-1,-1,-1
77,148,456.384,556.414,31.286,86.660,1,-1,-1,-1
77,149,1281.212,509.557,22.400,48.426,1,-1,-1,-1
77,150,1207.033,494.021,18.033,43.258,1,-1,-1,-1
77,151,1376.800,515.800,24.800,56.900,1,-1,-1,-1
78,6,1656.262,579.098,61.187,169.245,1,-1,-1,-1
78,7,291.264,553.482,50.397,131.494,1,-1,-1,-1
78,8,1713.062,530.548,37.995,103.319,1,-1,-1,-1
78,10,339.674,558.046,51.522,130.240,1,-1,-1,-1
78,11,501.990,550.200,42.656,103.783,1,-1,-1,-1
78,12,1781.478,554.891,43.073,101.473,1,-1,-1,-1
78,15,1003.847,492.172,15.336,33.919,1,-1,-1,-1
78,62,785.622,513.078,20.582,56.532,1,-1,-1,-1
78,74,710.711,505.183,21.442,56.998,1,-1,-1,-1
78,87,1388.558,516.332,26.785,65.111,1,-1,-1,-1
78,110,547.768,540.019,38.972,113.352,1,-1,-1,-1
78,111,1256.534,506.422,24.016,48.310,1,-1,-1,-1
78,115,1556.004,520.618,21.710,54.232,1,-1,-1,-1
78,132,472.732,555.278,31.056,92.501,1,-1,-1,-1
78,135,1591.956,519.807,21.799,53.267,1,-1,-1,-1
78,145,1343.230,507.403,21.886,55.233,1,-1,-1,-1
78,146,1362.668,512.566,24.219,53.686,1,-1,-1,-1
78,147,1218.046,496.540,19.349,43.150,1,-1,-1,-1
78,148,451.481,554.990,32.178,89.919,1,-1,-1,-1
78,150,1206.135,493.038,18.555,43.930,1,-1,-1,-1
78,152,1269.900,506.900,22.700,49.000,1,-1,-1,-1
78,153,736.300,504.700,20.400,54.800,1,-1,-1,-1
78,154,1582.900,521.400,20.100,53.300,1,-1,-1,-1
78,155,993.200,492.200,13.700,32.200,1,-1,-1,-1
78,156,724.700,503.800,20.300,59.000,1,-1,-1,-1
78,157,416.200,557.500,25.700,72.300,1,-1,-1,-1
79,6,1658.387,580.342,61.970,169.617,1,-1,-1,-1
79,7,284.458,553.281,50.605,131.742,1,-1,-1,-1
79,8,1713.837,530.765,37.837,102.735,1,-1,-1,-1
79,10,333.931,556.416,51.598,130.922,1,-1,-1,-1
79,11,494.804,549.246,43.068,104.807,1,-1,-1,-1
79,12,1780.743,555.207,42.923,101.323,1,-1,-1,-1
79,15,1000.603,491.591,14.894,33.502,1,-1,-1,-1
79,62,782.280,512.084,20.752,56.494,1,-1,-1,-1
79,74,707.778,503.662,21.431,57.571,1,-1,-1,-1
79,87,1387.725,516.355,26.373,64.673,1,-1,-1,-1
79,110,542.297,538.780,38.681,113.413,1,-1,-1,-1
79,111,1255.332,506.016,24.022,48.543,1,-1,-1,-1
79,115,1553.097,520.026,21.601,54.293,1,-1,-1,-1
79,135,1588.923,520.198,21.587,53.204,1,-1,-1,-1
79,145,1344.921,506.394,22.013,55.720,1,-1,-1,-1
79,146,1358.385,511.186,24.170,53.424,1,-1,-1,-1
79,147,1214.013,495.583,19.146,43.040,1,-1,-1,-1
79,148,446.964,553.972,32.334,91.036,1,-1,-1,-1
79,149,1281.176,508.758,22.747,48.381,1,-1,-1,-1
79,151,1372.116,515.763,24.168,55.274,1,-1,-1,-1
79,152,1269.421,506.773,22.057,48.355,1,-1,-1,-1
79,153,733.956,503.018,19.189,52.064,1,-1,-1,-1
79,155,993.151,490.818,13.897,33.165,1,-1,-1,-1
79,157,418.455,556.847,25.590,71.307,1,-1,-1,-1
79,158,748.400,506.300,19.000,51.100,1,-1,-1,-1
80,6,1660.710,579.956,62.957,170.770,1,-1,-1,-1
80,7,278.496,554.014,50.812,132.306,1,-1,-1,-1
80,8,1714.254,530.269,38.051,102.082,1,-1,-1,-1
80,10,328.355,557.055,51.070,131.277,1,-1,-1,-1
80,11,487.862,549.857,43.812,105.968,1,-1,-1,-1
80,12,1779.768,554.275,43.309,101.311,1,-1,-1,-1
80,62,779.302,512.501,20.903,56.466,1,-1,-1,-1
80,74,704.287,503.671,21.566,58.259,1,-1,-1,-1
80,87,1386.154,516.388,26.242,64.685,1,-1,-1,-1
80,110,536.028,539.334,38.922,113.325,1,-1,-1,-1
80,113,1251.850,505.889,22.270,45.396,1,-1,-1,-1
80,115,1550.235,517.665,22.117,55.155,1,-1,-1,-1
80,145,1344.954,506.710,22.173,55.974,1,-1,-1,-1
80,146,1358.516,511.036,24.014,53.017,1,-1,-1,-1
80,147,1211.496,494.357,18.774,42.740,1,-1,-1,-1
80,148,444.147,556.345,33.246,92.621,1,-1,-1,-1
80,149,1283.287,509.227,22.758,47.750,1,-1,-1,-1
80,152,1270.909,506.971,21.623,47.810,1,-1,-1,-1
80,154,1584.061,514.605,21.078,56.389,1,-1,-1,-1
80,155,995.866,491.017,13.463,32.191,1,-1,-1,-1
80,157,428.973,559.158,28.247,79.349,1,-1,-1,-1
80,158,751.674,509.105,18.952,50.090,1,-1,-1,-1
80,159,1221.000,492.800,19.300,43.300,1,-1,-1,-1
80,160,766.900,510.700,19.500,53.900,1,-1,-1,-1
81,6,1662.320,580.234,63.451,171.488,1,-1,-1,-1
81,7,272.327,553.660,50.323,131.628,1,-1,-1,-1
81,8,1714.500,530.108,38.288,101.696,1,-1,-1,-1
81,10,322.120,557.352,51.177,131.171,1,-1,-1,-1
81,11,481.587,549.788,43.878,106.596,1,-1,-1,-1
81,12,1779.053,553.302,43.673,101.274,1,-1,-1,-1
81,15,992.754,491.173,14.415,33.006,1,-1,-1,-1
81,62,776.094,510.783,20.875,56.629,1,-1,-1,-1
81,74,700.264,503.192,21.748,58.909,1,-1,-1,-1
81,87,1384.718,515.830,25.914,64.038,1,-1,-1,-1
81,110,530.126,538.651,39.092,113.551,1,-1,-1,-1
81,113,1250.989,505.486,22.797,46.504,1,-1,-1,-1
81,115,1549.220,516.770,22.297,55.467,1,-1,-1,-1
81,145,1343.161,506.275,22.650,56.323,1,-1,-1,-1
81,146,1356.907,510.521,24.095,53.129,1,-1,-1,-1
81,147,1211.884,494.300,18.883,42.660,1,-1,-1,-1
81,148,449.610,554.412,33.075,94.330,1,-1,-1,-1
81,150,1202.486,490.338,18.939,42.559,1,-1,-1,-1
81,152,1277.770,505.917,20.757,46.611,1,-1,-1,-1
81,154,1583.539,512.437,21.574,58.021,1,-1,-1,-1
81,157,433.049,554.865,32.319,89.895,1,-1,-1,-1
81,160,763.167,509.124,21.067,54.952,1,-1,-1,-1
81,161,1560.800,516.900,25.300,57.300,1,-1,-1,-1
82,6,1663.930,582.545,64.725,172.925,1,-1,-1,-1
82,7,265.634,555.220,49.358,131.566,1,-1,-1,-1
82,8,1714.479,530.396,38.357,102.405,1,-1,-1,-1
82,10,315.852,557.630,51.558,131.321,1,-1,-1,-1
82,11,477.406,549.775,43.671,106.195,1,-1,-1,-1
82,12,1777.963,553.648,44.470,102.092,1,-1,-1,-1
82,15,989.188,492.284,14.049,32.558,1,-1,-1,-1
82,62,772.752,510.522,20.684,56.377,1,-1,-1,-1
82,74,696.877,503.131,21.652,59.186,1,-1,-1,-1
82,87,1383.697,516.505,26.168,64.800,1,-1,-1,-1
82,110,525.393,538.510,39.348,113.644,1,-1,-1,-1
82,113,1249.409,505.296,23.395,47.255,1,-1,-1,-1
82,115,1547.797,517.623,22.467,55.158,1,-1,-1,-1
82,135,1589.356,515.572,22.353,54.588,1,-1,-1,-1
82,145,1344.174,508.126,23.034,56.173,1,-1,-1,-1
82,146,1356.733,511.781,24.250,53.215,1,-1,-1,-1
82,148,453.369,555.361,32.265,95.444,1,-1,-1,-1
82,150,1202.868,491.949,18.531,42.407,1,-1,-1,-1
82,152,1281.540,505.436,20.237,45.574,1,-1,-1,-1
82,154,1578.629,513.732,21.552,57.227,1,-1,-1,-1
82,157,431.336,554.999,33.315,93.147,1,-1,-1,-1
82,159,1220.997,499.349,22.406,44.801,1,-1,-1,-1
82,161,1560.101,518.775,24.798,55.149,1,-1,-1,-1
82,162,1524.600,519.600,22.100,45.900,1,-1,-1,-1
83,6,1665.597,583.291,66.065,174.219,1,-1,-1,-1
83,7,257.925,556.840,49.597,132.487,1,-1,-1,-1
83,8,1713.735,530.623,38.574,103.209,1,-1,-1,-1
83,10,309.655,559.587,51.752,131.588,1,-1,-1,-1
83,11,471.746,550.620,43.413,106.733,1,-1,-1,-1
83,12,1777.062,553.530,45.307,103.338,1,-1,-1,-1
83,15,984.362,493.293,14.150,32.486,1,-1,-1,-1
83,62,768.276,510.914,20.579,56.820,1,-1,-1,-1
83,74,694.044,503.885,21.551,59.249,1,-1,-1,-1
83,87,1381.677,517.586,26.086,64.791,1,-1,-1,-1
83,110,519.879,539.506,39.746,114.701,1,-1,-1,-1
83,113,1247.666,505.346,23.605,47.131,1,-1,-1,-1
83,115,1542.863,517.532,22.864,55.343,1,-1,-1,-1
83,145,1341.872,507.853,23.162,56.486,1,-1,-1,-1
83,146,1356.035,512.158,24.480,53.576,1,-1,-1,-1
83,148,445.828,556.508,33.664,99.728,1,-1,-1,-1
83,149,1287.149,506.928,21.824,47.058,1,-1,-1,-1
83,150,1202.108,492.950,18.446,42.442,1,-1,-1,-1
83,154,1577.052,513.224,21.738,57.176,1,-1,-1,-1
83,159,1220.401,500.233,22.864,44.211,1,-1,-1,-1
83,161,1554.146,517.637,23.608,54.132,1,-1,-1,-1
83,163,420.000,558.000,31.000,89.100,1,-1,-1,-1
83,164,399.500,559.100,31.500,81.100,1,-1,-1,-1
84,6,1667.665,582.099,67.393,177.093,1,-1,-1,-1
84,7,250.359,557.489,49.773,133.535,1,-1,-1,-1
84,8,1712.467,530.769,38.768,104.556,1,-1,-1,-1
84,10,302.964,562.528,51.946,131.724,1,-1,-1,-1
84,11,464.047,551.841,43.608,107.203,1,-1,-1,-1
84,12,1776.659,552.282,46.300,104.369,1,-1,-1,-1
84,15,979.955,493.702,14.051,32.541,1,-1,-1,-1
84,62,764.533,511.152,20.541,57.740,1,-1,-1,-1
84,74,690.535,504.067,21.395,59.423,1,-1,-1,-1
84,87,1379.713,516.331,25.864,65.284,1,-1,-1,-1
84,110,514.347,540.212,40.167,115.541,1,-1,-1,-1
84,113,1244.599,504.107,23.968,47.404,1,-1,-1,-1
84,115,1538.114,516.763,23.139,55.044,1,-1,-1,-1
84,145,1340.136,506.406,23.667,55.886,1,-1,-1,-1
84,146,1358.594,511.542,24.293,53.488,1,-1,-1,-1
84,147,1212.292,495.155,19.268,43.063,1,-1,-1,-1
84,149,1291.511,505.580,21.250,47.190,1,-1,-1,-1
84,150,1199.324,492.899,18.580,42.206,1,-1,-1,-1
84,154,1575.352,512.929,21.908,57.050,1,-1,-1,-1
84,157,426.879,553.112,44.958,105.767,1,-1,-1,-1
84,159,1225.596,501.269,22.883,43.741,1,-1,-1,-1
84,161,1558.795,516.023,23.047,53.774,1,-1,-1,-1
84,164,408.812,560.679,32.275,87.440,1,-1,-1,-1
84,165,537.500,532.100,35.300,101.400,1,-1,-1,-1
85,6,1669.351,583.998,68.813,178.929,1,-1,-1,-1
85,7,243.389,558.575,49.704,134.255,1,-1,-1,-1
85,8,1711.546,532.445,38.461,105.335,1,-1,-1,-1
85,10,295.800,564.057,52.196,131.709,1,-1,-1,-1
85,11,456.999,554.135,43.751,107.870,1,-1,-1,-1
85,12,1776.660,552.993,46.997,105.376,1,-1,-1,-1
85,15,977.196,495.023,13.840,32.192,1,-1,-1,-1
85,62,760.743,512.412,20.535,58.372,1,-1,-1,-1
85,74,686.344,505.080,21.615,59.496,1,-1,-1,-1
85,87,1378.393,517.402,25.920,65.419,1,-1,-1,-1
85,110,507.771,541.817,40.397,115.643,1,-1,-1,-1
85,113,1242.940,504.474,24.176,47.962,1,-1,-1,-1
85,115,1534.989,517.671,22.955,54.489,1,-1,-1,-1
85,145,1337.712,506.490,23.338,54.969,1,-1,-1,-1
85,146,1359.210,513.943,23.962,53.247,1,-1,-1,-1
85,147,1216.890,496.899,19.268,42.664,1,-1,-1,-1
85,149,1296.202,506.067,20.904,47.130,1,-1,-1,-1
85,150,1196.704,494.402,18.386,41.796,1,-1,-1,-1
85,154,1577.562,514.349,21.519,56.218,1,-1,-1,-1
85,159,1228.166,502.071,22.219,42.653,1,-1,-1,-1
85,161,1559.982,517.295,22.555,52.979,1,-1,-1,-1
85,164,411.564,561.481,33.089,92.515,1,-1,-1,-1
85,165,534.892,531.665,34.017,95.270,1,-1,-1,-1
85,166,391.900,563.500,27.700,79.900,1,-1,-1,-1
86,6,1671.276,583.757,70.158,181.316,1,-1,-1,-1
86,7,236.045,560.124,48.793,133.333,1,-1,-1,-1
86,8,1710.043,533.118,38.037,104.227,1,-1,-1,-1
86,10,287.888,567.309,51.852,131.026,1,-1,-1,-1
86,11,450.449,556.224,43.519,107.739,1,-1,-1,-1
86,12,1775.964,552.934,47.853,105.287,1,-1,-1,-1
86,15,973.376,494.523,13.826,31.908,1,-1,-1,-1
86,62,757.075,513.564,20.662,58.379,1,-1,-1,-1
86,74,681.886,505.078,21.608,59.645,1,-1,-1,-1
86,87,1376.905,516.742,25.932,65.622,1,-1,-1,-1
86,110,502.676,541.958,40.337,116.261,1,-1,-1,-1
86,113,1241.067,504.241,24.464,48.369,1,-1,-1,-1
86,115,1532.812,516.688,22.733,53.991,1,-1,-1,-1
86,145,1337.044,506.848,23.606,55.139,1,-1,-1,-1
86,146,1359.480,514.583,23.783,53.411,1,-1,-1,-1
86,147,1213.956,498.770,19.441,41.698,1,-1,-1,-1
86,149,1299.959,506.042,20.667,48.023,1,-1,-1,-1
86,150,1195.130,495.217,18.475,41.403,1,-1,-1,-1
86,161,1557.835,515.317,23.014,53.294,1,-1,-1,-1
86,164,418.599,563.685,32.035,93.802,1,-1,-1,-1
86,165,526.535,534.982,34.443,97.072,1,-1,-1,-1
86,166,401.480,562.107,32.438,91.284,1,-1,-1,-1
86,167,1609.300,511.600,26.500,63.800,1,-1,-1,-1
86,168,1253.000,506.400,24.200,50.100,1,-1,-1,-1
86,169,965.400,494.600,13.100,31.600,1,-1,-1,-1
86,170,695.800,504.600,22.400,60.500,1,-1,-1,-1
86,171,325.400,569.400,30.200,92.400,1,-1,-1,-1
87,6,1673.840,585.793,71.819,183.151,1,-1,-1,-1
87,7,229.514,560.878,49.124,134.120,1,-1,-1,-1
87,8,1710.806,532.698,36.657,99.056,1,-1,-1,-1
87,10,282.100,568.989,51.767,131.399,1,-1,-1,-1
87,11,445.138,558.491,43.210,107.500,1,-1,-1,-1
87,12,1775.964,554.540,49.141,105.764,1,-1,-1,-1
87,15,970.417,494.932,13.843,31.448,1,-1,-1,-1
87,62,753.652,514.632,21.033,58.486,1,-1,-1,-1
87,74,679.144,505.198,21.351,59.650,1,-1,-1,-1
87,87,1375.002,518.152,26.049,64.445,1,-1,-1,-1
87,110,497.493,545.358,40.171,116.760,1,-1,-1,-1
87,113,1237.713,504.548,24.259,48.494,1,-1,-1,-1
87,115,1530.167,517.935,22.517,53.764,1,-1,-1,-1
87,145,1336.780,508.405,23.891,54.784,1,-1,-1,-1
87,146,1354.893,514.986,23.654,52.273,1,-1,-1,-1
87,147,1213.042,501.352,19.708,41.391,1,-1,-1,-1
87,150,1191.142,496.520,19.143,41.654,1,-1,-1,-1
87,161,1557.209,516.714,22.711,52.712,1,-1,-1,-1
87,165,523.908,537.224,32.987,93.490,1,-1,-1,-1
87,166,395.902,562.159,34.741,95.828,1,-1,-1,-1
87,167,1607.006,512.831,25.189,61.638,1,-1,-1,-1
87,169,963.149,495.785,13.203,31.329,1,-1,-1,-1
87,170,692.384,504.819,19.932,56.363,1,-1,-1,-1
87,171,330.815,570.738,28.669,82.025,1,-1,-1,-1
87,172,704.700,505.400,20.600,56.800,1,-1,-1,-1
87,173,1315.500,508.500,21.500,51.500,1,-1,-1,-1
87,174,1180.000,496.600,15.700,41.000,1,-1,-1,-1
88,6,1676.395,586.251,73.452,185.743,1,-1,-1,-1
88,7,222.605,562.740,48.893,134.495,1,-1,-1,-1
88,8,1711.345,533.532,35.655,94.238,1,-1,-1,-1
88,10,276.394,570.072,51.542,132.226,1,-1,-1,-1
88,11,439.771,561.536,42.624,106.967,1,-1,-1,-1
88,12,1775.705,554.865,49.884,105.773,1,-1,-1,-1
88,62,749.945,516.022,21.083,58.767,1,-1,-1,-1
88,74,674.692,507.283,21.415,59.812,1,-1,-1,-1
88,87,1372.867,519.254,26.162,64.802,1,-1,-1,-1
88,110,493.356,548.127,40.492,118.326,1,-1,-1,-1
88,115,1526.266,518.475,22.765,53.740,1,-1,-1,-1
88,145,1330.482,510.436,24.352,54.242,1,-1,-1,-1
88,146,1356.229,516.758,23.288,52.540,1,-1,-1,-1
88,147,1210.745,503.075,19.791,41.595,1,-1,-1,-1
88,150,1187.315,496.889,19.921,42.700,1,-1,-1,-1
88,159,1234.360,506.507,23.401,46.648,1,-1,-1,-1
88,161,1558.887,517.271,22.766,52.518,1,-1,-1,-1
88,167,1608.453,513.187,24.865,60.568,1,-1,-1,-1
88,168,1248.719,507.762,24.663,50.876,1,-1,-1,-1
88,169,963.916,496.563,13.573,31.686,1,-1,-1,-1
88,172,708.693,509.000,19.013,53.700,1,-1,-1,-1
88,173,1312.760,508.923,22.679,51.554,1,-1,-1,-1
88,174,1177.509,497.330,16.883,42.839,1,-1,-1,-1
88,175,407.500,564.900,35.100,102.800,1,-1,-1,-1
88,176,379.600,568.400,30.900,87.200,1,-1,-1,-1
88,177,1222.500,504.100,22.000,46.000,1,-1,-1,-1
88,178,721.800,512.200,19.200,54.500,1,-1,-1,-1
88,179,731.800,514.100,20.000,55.800,1,-1,-1,-1
88,180,365.000,569.600,27.900,78.300,1,-1,-1,-1
88,181,1512.400,518.600,18.800,49.100,1,-1,-1,-1
89,6,1679.016,587.800,74.280,188.043,1,-1,-1,-1
89,7,216.020,565.940,48.693,133.393,1,-1,-1,-1
89,8,1708.394,532.942,35.995,90.562,1,-1,-1,-1
89,10,270.781,570.561,51.729,131.996,1,-1,-1,-1
89,12,1776.169,555.697,50.150,105.964,1,-1,-1,-1
89,62,745.855,517.668,21.170,58.382,1,-1,-1,-1
89,74,671.474,507.442,21.301,60.346,1,-1,-1,-1
89,87,1371.310,520.879,26.583,65.371,1,-1,-1,-1
89,110,487.790,548.197,41.055,119.582,1,-1,-1,-1
89,115,1523.732,518.290,23.100,54.181,1,-1,-1,-1
89,145,1327.005,512.069,24.927,54.047,1,-1,-1,-1
89,146,1356.929,519.512,23.436,53.977,1,-1,-1,-1
89,150,1186.040,497.993,19.883,43.127,1,-1,-1,-1
89,154,1573.199,515.607,22.112,55.162,1,-1,-1,-1
89,159,1233.985,508.021,23.548,47.625,1,-1,-1,-1
89,164,433.965,562.452,38.277,108.029,1,-1,-1,-1
89,167,1604.560,513.444,24.270,59.728,1,-1,-1,-1
89,168,1249.597,510.006,23.987,49.646,1,-1,-1,-1
89,169,961.507,498.033,13.416,31.575,1,-1,-1,-1
89,173,1311.388,510.148,23.100,51.416,1,-1,-1,-1
89,174,1176.620,497.176,17.683,44.000,1,-1,-1,-1
89,175,402.525,565.324,34.751,102.751,1,-1,-1,-1
89,176,383.586,569.533,32.527,94.433,1,-1,-1,-1
89,177,1219.758,505.681,21.985,45.437,1,-1,-1,-1
89,178,723.790,513.727,18.820,53.545,1,-1,-1,-1
89,180,367.112,570.651,28.075,81.098,1,-1,-1,-1
89,181,1506.139,518.901,18.624,48.198,1,-1,-1,-1
89,182,464.900,556.900,37.500,109.400,1,-1,-1,-1
90,6,1680.981,588.515,75.449,191.292,1,-1,-1,-1
90,7,208.464,569.109,48.936,134.171,1,-1,-1,-1
90,10,264.757,573.428,51.400,132.625,1,-1,-1,-1
90,11,425.343,564.576,42.030,108.259,1,-1,-1,-1
90,12,1776.648,555.507,50.041,106.171,1,-1,-1,-1
90,62,741.817,518.916,21.210,58.661,1,-1,-1,-1
90,74,667.923,509.943,21.157,60.545,1,-1,-1,-1
90,87,1369.579,522.829,26.997,65.697,1,-1,-1,-1
90,110,480.803,549.852,40.794,119.869,1,-1,-1,-1
90,115,1520.465,519.490,23.625,55.264,1,-1,-1,-1
90,145,1323.224,514.089,25.024,53.557,1,-1,-1,-1
90,150,1185.207,499.245,19.716,43.763,1,-1,-1,-1
90,154,1575.374,515.984,22.361,55.522,1,-1,-1,-1
90,159,1230.166,508.602,23.616,48.229,1,-1,-1,-1
90,165,501.660,548.533,36.734,104.434,1,-1,-1,-1
90,166,391.894,567.346,37.409,106.333,1,-1,-1,-1
90,167,1598.935,513.503,24.464,59.769,1,-1,-1,-1
90,168,1250.245,511.105,23.328,48.879,1,-1,-1,-1
90,169,957.345,498.847,13.739,32.081,1,-1,-1,-1
90,173,1308.976,512.735,22.365,50.103,1,-1,-1,-1
90,174,1176.148,497.575,18.208,45.392,1,-1,-1,-1
90,180,367.208,571.699,29.553,88.231,1,-1,-1,-1
90,181,1507.581,520.811,19.509,50.572,1,-1,-1,-1
91,6,1682.617,590.025,77.038,195.610,1,-1,-1,-1
91,7,202.396,570.900,48.970,134.204,1,-1,-1,-1
91,10,258.039,575.027,51.688,133.801,1,-1,-1,-1
91,11,417.703,567.293,41.871,107.844,1,-1,-1,-1
91,12,1778.074,557.850,49.214,105.634,1,-1,-1,-1
91,62,737.002,519.680,21.264,58.810,1,-1,-1,-1
91,74,663.606,512.140,21.109,60.779,1,-1,-1,-1
91,87,1368.101,523.603,27.491,65.910,1,-1,-1,-1
91,110,473.798,554.034,40.818,119.462,1,-1,-1,-1
91,113,1239.992,508.583,23.281,49.198,1,-1,-1,-1
91,115,1519.314,520.752,24.135,55.881,1,-1,-1,-1
91,145,1320.666,514.863,24.714,53.434,1,-1,-1,-1
91,146,1356.044,523.802,23.338,54.863,1,-1,-1,-1
91,154,1571.534,518.030,22.347,55.602,1,-1,-1,-1
91,159,1227.051,508.989,23.812,49.324,1,-1,-1,-1
91,165,496.093,550.223,35.628,103.711,1,-1,-1,-1
91,166,386.522,570.207,36.632,106.160,1,-1,-1,-1
91,167,1594.245,514.850,24.233,59.059,1,-1,-1,-1
91,169,953.044,501.164,13.290,31.393,1,-1,-1,-1
91,174,1177.762,499.225,17.736,45.257,1,-1,-1,-1
91,180,359.821,570.647,31.219,91.259,1,-1,-1,-1
91,181,1508.343,521.517,20.741,52.720,1,-1,-1,-1
91,183,1407.700,522.500,19.900,46.000,1,-1,-1,-1
91,184,1486.000,522.300,20.600,45.600,1,-1,-1,-1
92,6,1684.172,591.995,78.965,199.881,1,-1,-1,-1
92,7,196.534,572.580,50.234,136.645,1,-1,-1,-1
92,10,250.351,577.746,52.128,135.629,1,-1,-1,-1
92,11,411.786,570.625,42.178,108.374,1,-1,-1,-1
92,12,1780.689,559.561,47.569,104.148,1,-1,-1,-1
92,62,732.226,521.852,21.250,59.050,1,-1,-1,-1
92,74,657.644,513.964,21.263,60.485,1,-1,-1,-1
92,87,1366.859,525.668,27.803,66.645,1,-1,-1,-1
92,110,467.902,556.988,40.756,120.153,1,-1,-1,-1
92,113,1241.000,509.659,22.396,49.222,1,-1,-1,-1
92,115,1517.001,522.568,24.324,55.970,1,-1,-1,-1
92,145,1318.108,516.418,24.272,53.106,1,-1,-1,-1
92,150,1180.692,500.721,19.853,44.935,1,-1,-1,-1
92,159,1224.388,510.437,24.020,50.540,1,-1,-1,-1
92,165,494.123,550.484,34.592,100.240,1,-1,-1,-1
92,166,379.838,571.834,37.604,109.107,1,-1,-1,-1
92,167,1590.994,516.444,24.705,59.887,1,-1,-1,-1
92,169,948.925,503.069,13.088,31.212,1,-1,-1,-1
92,180,354.262,576.458,31.838,93.875,1,-1,-1,-1
92,184,1487.848,524.316,20.404,45.667,1,-1,-1,-1
92,185,1330.400,519.200,24.000,52.100,1,-1,-1,-1
93,6,1685.397,595.357,80.251,202.211,1,-1,-1,-1
93,7,189.211,572.964,51.188,139.237,1,-1,-1,-1
93,10,242.655,580.639,52.630,136.696,1,-1,-1,-1
93,11,404.628,573.440,42.570,109.353,1,-1,-1,-1
93,12,1783.314,561.300,46.166,103.588,1,-1,-1,-1
93,62,728.733,523.155,21.296,59.449,1,-1,-1,-1
93,74,652.227,517.208,21.126,60.318,1,-1,-1,-1
93,87,1365.115,527.359,28.317,67.736,1,-1,-1,-1
93,110,462.469,559.480,40.852,121.108,1,-1,-1,-1
93,115,1520.959,523.501,24.417,56.534,1,-1,-1,-1
93,145,1315.052,517.466,23.867,52.992,1,-1,-1,-1
93,159,1221.334,511.751,23.798,51.064,1,-1,-1,-1
93,165,493.918,551.997,32.252,91.955,1,-1,-1,-1
93,166,371.666,573.802,39.509,111.844,1,-1,-1,-1
93,167,1587.456,516.743,25.897,62.962,1,-1,-1,-1
93,168,1248.053,515.351,21.074,46.518,1,-1,-1,-1
93,169,943.370,505.710,13.432,31.598,1,-1,-1,-1
93,174,1173.537,501.376,17.692,44.940,1,-1,-1,-1
93,180,339.828,577.802,31.660,93.810,1,-1,-1,-1
93,181,1510.892,523.791,24.006,58.580,1,-1,-1,-1
93,183,1406.527,526.221,21.646,46.358,1,-1,-1,-1
93,184,1487.643,525.672,20.737,45.833,1,-1,-1,-1
93,185,1331.216,521.618,23.367,52.464,1,-1,-1,-1
93,186,933.500,504.900,13.300,34.600,1,-1,-1,-1
94,6,1687.054,600.240,80.511,200.435,1,-1,-1,-1
94,7,183.546,575.712,51.581,139.824,1,-1,-1,-1
94,10,234.615,583.401,52.411,136.940,1,-1,-1,-1
94,11,397.510,575.343,42.826,110.625,1,-1,-1,-1
94,12,1784.204,562.532,44.865,103.104,1,-1,-1,-1
94,62,724.049,525.014,21.136,59.828,1,-1,-1,-1
94,74,647.448,519.451,20.942,60.135,1,-1,-1,-1
94,87,1362.116,527.374,28.815,69.278,1,-1,-1,-1
94,110,455.001,560.632,41.122,122.458,1,-1,-1,-1
94,115,1525.963,523.315,24.443,56.486,1,-1,-1,-1
94,145,1311.774,518.134,23.879,53.335,1,-1,-1,-1
94,146,1347.775,525.094,24.192,56.980,1,-1,-1,-1
94,150,1180.042,504.664,20.275,46.091,1,-1,-1,-1
94,159,1219.028,512.630,23.716,51.365,1,-1,-1,-1
94,166,362.884,576.154,39.790,112.625,1,-1,-1,-1
94,167,1583.972,516.797,26.813,66.167,1,-1,-1,-1
94,168,1250.838,516.765,20.794,45.985,1,-1,-1,-1
94,169,939.028,506.689,13.671,31.675,1,-1,-1,-1
94,174,1169.658,501.613,17.788,45.226,1,-1,-1,-1
94,180,328.860,581.851,31.490,92.649,1,-1,-1,-1
94,181,1508.495,524.581,24.872,59.696,1,-1,-1,-1
94,185,1327.289,522.731,22.623,50.544,1,-1,-1,-1
94,187,677.400,518.500,19.200,55.400,1,-1,-1,-1
95,6,1689.824,603.748,80.775,200.599,1,-1,-1,-1
95,7,176.786,576.694,52.011,141.053,1,-1,-1,-1
95,10,226.387,585.342,52.828,137.165,1,-1,-1,-1
95,11,390.056,577.005,43.478,111.466,1,-1,-1,-1
95,12,1783.486,563.514,43.999,103.154,1,-1,-1,-1
95,62,720.151,526.283,20.970,60.553,1,-1,-1,-1
95,74,643.196,520.541,21.226,60.307,1,-1,-1,-1
95,87,1358.313,528.706,29.120,69.171,1,-1,-1,-1
95,110,447.705,561.792,41.407,124.159,1,-1,-1,-1
95,115,1528.702,523.961,24.572,56.373,1,-1,-1,-1
95,145,1307.463,520.198,23.799,53.648,1,-1,-1,-1
95,150,1176.924,506.114,19.716,45.220,1,-1,-1,-1
95,159,1216.830,514.464,23.661,51.266,1,-1,-1,-1
95,165,474.290,557.128,34.120,98.363,1,-1,-1,-1
95,166,355.286,578.286,40.245,113.349,1,-1,-1,-1
95,167,1579.944,518.419,27.392,67.448,1,-1,-1,-1
95,168,1253.493,520.123,20.502,45.136,1,-1,-1,-1
95,169,938.250,503.580,14.622,32.452,1,-1,-1,-1
95,174,1167.674,503.036,17.866,44.860,1,-1,-1,-1
95,180,322.489,584.227,31.928,93.919,1,-1,-1,-1
95,181,1504.714,526.876,25.156,59.298,1,-1,-1,-1
95,185,1331.709,526.085,23.160,50.964,1,-1,-1,-1
95,186,933.616,507.001,12.969,30.999,1,-1,-1,-1
95,187,675.229,521.215,19.041,54.569,1,-1,-1,-1
95,188,1191.700,511.300,19.700,44.800,1,-1,-1,-1
95,189,686.900,522.700,19.200,53.700,1,-1,-1,-1
95,190,697.700,522.800,19.500,54.200,1,-1,-1,-1
96,6,1693.063,604.487,81.215,201.353,1,-1,-1,-1
96,7,170.058,578.654,52.079,142.489,1,-1,-1,-1
96,10,217.531,586.289,54.153,139.784,1,-1,-1,-1
96,11,383.316,579.328,43.647,112.400,1,-1,-1,-1
96,12,1782.964,564.147,43.590,103.518,1,-1,-1,-1
96,62,715.563,528.738,20.955,61.000,1,-1,-1,-1
96,74,639.573,522.337,21.161,60.868,1,-1,-1,-1
96,87,1355.999,530.611,29.434,69.857,1,-1,-1,-1
96,110,440.923,565.973,41.985,126.224,1,-1,-1,-1
96,145,1304.448,520.552,23.920,54.106,1,-1,-1,-1
96,150,1177.781,508.729,19.574,45.154,1,-1,-1,-1
96,159,1215.247,516.054,23.738,51.235,1,-1,-1,-1
96,165,469.672,557.328,34.797,98.885,1,-1,-1,-1
96,166,346.649,579.424,40.896,114.949,1,-1,-1,-1
96,167,1577.162,519.474,27.650,67.726,1,-1,-1,-1
96,168,1256.195,521.892,20.226,44.581,1,-1,-1,-1
96,174,1165.759,504.573,18.163,45.523,1,-1,-1,-1
96,180,318.250,585.639,32.348,95.635,1,-1,-1,-1
96,181,1500.799,527.146,25.273,59.108,1,-1,-1,-1
96,185,1335.442,528.018,24.313,52.765,1,-1,-1,-1
96,186,930.724,509.118,12.709,30.341,1,-1,-1,-1
96,188,1189.126,512.943,19.949,45.114,1,-1,-1,-1
96,189,680.607,525.384,19.488,54.432,1,-1,-1,-1
96,190,702.417,528.336,20.264,57.327,1,-1,-1,-1
96,191,1541.900,523.200,24.300,57.700,1,-1,-1,-1
96,192,300.000,581.700,30.500,91.900,1,-1,-1,-1
96,193,1272.600,520.600,21.000,47.500,1,-1,-1,-1
96,194,1697.400,545.600,39.700,103.300,1,-1,-1,-1
97,6,1696.621,607.156,81.174,201.851,1,-1,-1,-1
97,7,162.090,579.142,52.888,142.724,1,-1,-1,-1
97,10,211.034,586.517,55.601,141.581,1,-1,-1,-1
97,11,376.734,579.040,43.932,112.949,1,-1,-1,-1
97,12,1780.516,566.007,44.163,105.136,1,-1,-1,-1
97,62,711.347,529.021,20.976,61.682,1,-1,-1,-1
97,74,636.171,522.315,20.999,61.108,1,-1,-1,-1
97,87,1353.328,531.198,29.905,69.996,1,-1,-1,-1
97,110,435.328,566.240,41.746,127.700,1,-1,-1,-1
97,145,1303.227,520.307,24.005,54.517,1,-1,-1,-1
97,150,1173.490,508.080,19.413,44.925,1,-1,-1,-1
97,159,1211.314,516.310,23.909,51.278,1,-1,-1,-1
97,165,466.790,557.044,34.820,99.037,1,-1,-1,-1
97,166,340.035,578.008,41.704,117.137,1,-1,-1,-1
97,167,1573.268,519.829,27.788,66.877,1,-1,-1,-1
97,174,1160.945,503.453,18.002,45.694,1,-1,-1,-1
97,181,1497.426,527.248,25.430,59.331,1,-1,-1,-1
97,185,1330.824,523.297,32.608,61.521,1,-1,-1,-1
97,186,925.530,508.843,13.136,31.101,1,-1,-1,-1
97,188,1193.646,514.585,20.314,46.089,1,-1,-1,-1
97,191,1546.768,522.641,24.863,58.319,1,-1,-1,-1
97,192,305.816,581.652,31.367,94.295,1,-1,-1,-1
97,193,1268.033,520.326,21.034,47.248,1,-1,-1,-1
97,194,1694.373,545.914,40.355,104.172,1,-1,-1,-1
97,195,686.700,526.400,19.300,54.100,1,-1,-1,-1
98,6,1701.598,609.509,81.420,202.984,1,-1,-1,-1
98,7,153.217,582.490,53.805,142.783,1,-1,-1,-1
98,10,204.344,587.673,56.077,143.208,1,-1,-1,-1
98,11,368.828,581.909,44.612,114.069,1,-1,-1,-1
98,12,1778.367,566.365,44.696,106.917,1,-1,-1,-1
98,62,707.525,530.242,21.096,61.863,1,-1,-1,-1
98,74,630.592,524.728,20.881,61.312,1,-1,-1,-1
98,87,1350.875,532.062,29.994,69.740,1,-1,-1,-1
98,110,429.484,567.187,42.013,128.789,1,-1,-1,-1
98,145,1299.322,522.133,23.877,54.240,1,-1,-1,-1
98,150,1173.565,510.435,19.392,44.867,1,-1,-1,-1
98,159,1209.057,517.973,23.932,51.213,1,-1,-1,-1
98,165,460.729,561.489,33.158,96.585,1,-1,-1,-1
98,166,330.804,579.018,41.586,118.310,1,-1,-1,-1
98,167,1567.691,520.147,27.295,66.965,1,-1,-1,-1
98,174,1157.289,504.555,18.000,46.114,1,-1,-1,-1
98,180,299.992,585.161,31.885,96.626,1,-1,-1,-1
98,181,1494.260,528.731,25.361,59.134,1,-1,-1,-1
98,186,922.319,509.775,13.313,31.401,1,-1,-1,-1
98,188,1193.399,516.244,20.560,46.741,1,-1,-1,-1
98,193,1271.669,522.640,20.850,46.902,1,-1,-1,-1
98,194,1690.779,548.538,40.072,102.776,1,-1,-1,-1
98,196,1473.700,528.200,19.500,50.100,1,-1,-1,-1
99,6,1704.163,612.141,81.466,204.797,1,-1,-1,-1
99,7,145.938,583.259,54.033,141.939,1,-1,-1,-1
99,10,196.988,587.324,56.715,143.850,1,-1,-1,-1
99,11,360.931,581.987,44.688,114.374,1,-1,-1,-1
99,12,1776.521,565.557,45.239,108.113,1,-1,-1,-1
99,62,702.407,530.051,21.210,61.995,1,-1,-1,-1
99,74,624.995,523.736,21.123,60.887,1,-1,-1,-1
99,87,1349.077,533.329,29.780,69.654,1,-1,-1,-1
99,110,419.297,567.777,43.066,129.336,1,-1,-1,-1
99,145,1295.995,521.614,23.808,53.952,1,-1,-1,-1
99,150,1174.159,511.497,19.343,44.702,1,-1,-1,-1
99,159,1205.883,518.642,23.738,51.208,1,-1,-1,-1
99,165,445.295,563.470,35.043,102.677,1,-1,-1,-1
99,166,322.893,580.830,41.572,118.744,1,-1,-1,-1
99,167,1562.487,519.850,27.037,67.162,1,-1,-1,-1
99,174,1155.318,504.092,18.303,46.425,1,-1,-1,-1
99,180,292.057,585.876,31.847,97.704,1,-1,-1,-1
99,181,1489.912,529.449,25.088,58.669,1,-1,-1,-1
99,186,917.339,510.530,13.422,31.608,1,-1,-1,-1
99,188,1187.966,515.720,20.984,47.092,1,-1,-1,-1
99,191,1548.053,525.181,26.001,61.078,1,-1,-1,-1
99,193,1281.985,520.751,22.363,49.764,1,-1,-1,-1
99,194,1688.975,549.580,40.538,103.795,1,-1,-1,-1
99,195,688.907,527.111,21.485,58.779,1,-1,-1,-1
99,196,1479.273,528.772,20.453,52.857,1,-1,-1,-1
99,197,1502.700,528.200,24.400,57.900,1,-1,-1,-1
99,198,1268.300,521.200,19.800,46.300,1,-1,-1,-1
100,6,1708.097,613.909,80.911,205.606,1,-1,-1,-1
100,7,138.084,584.362,53.756,141.521,1,-1,-1,-1
100,10,188.905,588.187,57.514,144.996,1,-1,-1,-1
100,11,354.059,584.704,44.520,114.287,1,-1,-1,-1
100,12,1774.827,563.535,45.662,109.196,1,-1,-1,-1
100,62,698.404,531.498,21.374,61.811,1,-1,-1,-1
100,74,620.679,524.498,21.224,61.446,1,-1,-1,-1
100,87,1346.538,532.785,29.538,69.447,1,-1,-1,-1
100,110,409.800,571.571,43.214,129.988,1,-1,-1,-1
100,150,1170.368,510.316,19.281,44.664,1,-1,-1,-1
100,159,1203.186,518.515,23.266,51.087,1,-1,-1,-1
100,165,440.658,560.848,36.371,106.951,1,-1,-1,-1
100,166,314.316,583.490,41.245,118.603,1,-1,-1,-1
100,167,1559.475,520.276,26.747,67.152,1,-1,-1,-1
100,174,1153.571,504.047,18.342,46.949,1,-1,-1,-1
100,180,280.387,589.348,32.198,97.500,1,-1,-1,-1
100,181,1489.640,529.060,24.990,58.562,1,-1,-1,-1
100,186,913.295,511.199,13.731,31.695,1,-1,-1,-1
100,188,1182.515,515.003,20.323,45.708,1,-1,-1,-1
100,191,1546.982,525.445,25.459,60.868,1,-1,-1,-1
100,193,1289.414,522.494,22.733,50.463,1,-1,-1,-1
100,194,1687.001,549.286,40.340,104.818,1,-1,-1,-1
100,196,1479.794,528.595,21.629,55.416,1,-1,-1,-1
100,197,1510.947,525.627,24.905,59.645,1,-1,-1,-1
100,198,1272.192,523.062,19.616,46.976,1,-1,-1,-1
100,199,299.600,588.000,30.000,103.100,1,-1,-1,-1
100,200,1216.000,519.300,21.600,50.500,1,-1,-1,-1
100,201,633.300,523.600,21.700,59.800,1,-1,-1,-1
100,202,902.400,511.000,11.900,31.800,1,-1,-1,-1
101,6,1709.965,616.012,81.445,207.252,1,-1,-1,-1
101,7,127.247,583.703,53.992,141.130,1,-1,-1,-1
101,10,180.066,587.769,59.078,144.992,1,-1,-1,-1
101,11,345.909,584.092,44.730,114.944,1,-1,-1,-1
101,12,1772.161,566.202,45.689,109.741,1,-1,-1,-1
101,74,615.121,524.502,21.599,61.771,1,-1,-1,-1
101,87,1344.787,533.391,29.110,69.311,1,-1,-1,-1
101,110,402.934,571.784,43.462,130.936,1,-1,-1,-1
101,150,1170.660,511.688,19.293,44.671,1,-1,-1,-1
101,159,1200.195,518.380,22.799,50.864,1,-1,-1,-1
101,165,437.100,558.608,36.599,106.762,1,-1,-1,-1
101,166,304.667,582.634,41.020,118.482,1,-1,-1,-1
101,167,1557.407,521.762,26.471,66.284,1,-1,-1,-1
101,174,1152.283,505.135,18.255,47.063,1,-1,-1,-1
101,180,271.722,587.186,32.232,98.544,1,-1,-1,-1
101,181,1492.138,530.111,25.378,58.611,1,-1,-1,-1
101,186,908.433,511.235,13.975,32.120,1,-1,-1,-1
101,188,1184.449,516.415,20.431,45.922,1,-1,-1,-1
101,194,1685.412,551.813,40.110,106.642,1,-1,-1,-1
101,195,692.508,530.697,22.020,61.591,1,-1,-1,-1
101,196,1479.409,528.415,21.991,55.480,1,-1,-1,-1
101,197,1513.799,527.137,26.130,61.038,1,-1,-1,-1
101,198,1281.272,523.133,22.419,51.423,1,-1,-1,-1
101,200,1213.607,519.884,21.686,50.632,1,-1,-1,-1
101,203,654.200,524.600,19.900,56.200,1,-1,-1,-1
101,204,1142.800,505.600,17.300,43.100,1,-1,-1,-1
101,205,914.700,506.300,16.500,33.700,1,-1,-1,-1
102,6,1712.276,616.916,82.355,208.996,1,-1,-1,-1
102,7,118.350,585.280,53.972,141.282,1,-1,-1,-1
102,10,172.139,587.924,59.914,144.720,1,-1,-1,-1
102,11,337.603,585.399,45.214,115.660,1,-1,-1,-1
102,12,1770.677,566.446,45.677,108.697,1,-1,-1,-1
102,62,688.908,530.963,21.670,62.121,1,-1,-1,-1
102,74,610.765,524.110,21.542,62.163,1,-1,-1,-1
102,87,1343.574,534.513,28.269,68.984,1,-1,-1,-1
102,110,395.467,573.100,43.630,130.851,1,-1,-1,-1
102,145,1279.180,521.991,23.390,53.564,1,-1,-1,-1
102,150,1172.089,512.509,19.569,45.060,1,-1,-1,-1
102,159,1197.055,517.937,22.489,50.702,1,-1,-1,-1
102,165,432.238,558.821,35.943,106.207,1,-1,-1,-1
102,166,296.757,583.880,40.842,118.491,1,-1,-1,-1
102,167,1554.244,522.125,26.063,65.706,1,-1,-1,-1
102,180,263.232,588.935,32.330,98.414,1,-1,-1,-1
102,181,1491.792,530.855,25.357,58.438,1,-1,-1,-1
102,194,1683.488,552.017,39.685,108.118,1,-1,-1,-1
102,196,1479.853,528.816,22.423,56.233,1,-1,-1,-1
102,197,1508.864,522.720,34.274,68.788,1,-1,-1,-1
102,200,1214.759,519.987,20.895,48.525,1,-1,-1,-1
102,202,903.545,510.242,12.610,31.815,1,-1,-1,-1
102,203,659.878,526.160,19.942,56.580,1,-1,-1,-1
102,204,1144.841,506.519,17.717,45.862,1,-1,-1,-1
102,206,647.100,522.600,20.700,58.100,1,-1,-1,-1
102,207,1226.200,519.900,21.300,48.700,1,-1,-1,-1
102,208,1364.700,533.900,21.100,57.100,1,-1,-1,-1
103,6,1714.959,617.501,82.807,211.485,1,-1,-1,-1
103,7,109.716,585.661,54.234,141.950,1,-1,-1,-1
103,10,164.513,589.490,61.485,144.651,1,-1,-1,-1
103,11,330.397,586.329,45.451,115.610,1,-1,-1,-1
103,12,1769.609,566.407,45.858,107.794,1,-1,-1,-1
103,62,684.353,530.499,21.926,62.617,1,-1,-1,-1
103,74,606.543,524.660,21.055,62.229,1,-1,-1,-1
103,87,1342.349,534.663,27.376,68.572,1,-1,-1,-1
103,110,386.675,574.106,44.332,130.012,1,-1,-1,-1
103,145,1276.142,522.918,23.208,53.079,1,-1,-1,-1
103,150,1172.942,512.678,19.335,45.239,1,-1,-1,-1
103,159,1195.254,518.167,22.140,50.366,1,-1,-1,-1
103,166,288.102,585.245,40.879,118.665,1,-1,-1,-1
103,167,1550.775,520.878,25.650,64.129,1,-1,-1,-1
103,180,257.700,590.677,32.473,98.900,1,-1,-1,-1
103,181,1490.235,530.464,25.049,58.050,1,-1,-1,-1
103,186,898.961,510.237,13.621,32.112,1,-1,-1,-1
103,194,1681.407,551.967,39.070,108.996,1,-1,-1,-1
103,196,1477.281,528.774,22.416,56.076,1,-1,-1,-1
103,197,1504.332,521.734,38.151,69.136,1,-1,-1,-1
103,199,312.809,587.710,35.782,115.581,1,-1,-1,-1
103,200,1218.721,521.729,20.299,47.300,1,-1,-1,-1
103,203,672.305,528.805,20.606,59.307,1,-1,-1,-1
103,204,1143.134,505.620,17.914,46.048,1,-1,-1,-1
103,206,655.385,523.667,21.528,59.366,1,-1,-1,-1
103,207,1230.153,521.581,21.594,48.838,1,-1,-1,-1
103,208,1366.174,535.068,20.052,54.564,1,-1,-1,-1
104,6,1716.896,621.280,82.905,213.116,1,-1,-1,-1
104,7,100.574,583.813,55.109,142.380,1,-1,-1,-1
104,10,155.927,589.014,63.069,144.721,1,-1,-1,-1
104,11,322.357,585.464,45.622,115.376,1,-1,-1,-1
104,12,1768.314,568.026,46.235,107.140,1,-1,-1,-1
104,62,680.046,529.696,21.580,63.203,1,-1,-1,-1
104,74,601.743,524.392,20.948,62.241,1,-1,-1,-1
104,87,1340.139,536.035,26.920,68.734,1,-1,-1,-1
104,110,376.273,575.012,45.177,130.031,1,-1,-1,-1
104,145,1270.951,522.669,22.582,53.260,1,-1,-1,-1
104,150,1173.256,513.556,19.530,45.188,1,-1,-1,-1
104,159,1194.938,518.766,21.852,49.942,1,-1,-1,-1
104,165,414.899,559.133,37.689,109.020,1,-1,-1,-1
104,166,278.837,584.832,41.536,118.621,1,-1,-1,-1
104,167,1547.740,521.576,25.314,62.659,1,-1,-1,-1
104,180,250.233,592.634,32.336,98.722,1,-1,-1,-1
104,181,1492.151,531.782,25.132,58.056,1,-1,-1,-1
104,186,895.177,509.250,13.627,32.608,1,-1,-1,-1
104,194,1679.640,551.976,38.275,108.983,1,-1,-1,-1
104,196,1478.397,530.762,22.558,56.109,1,-1,-1,-1
104,200,1217.874,521.920,20.320,47.221,1,-1,-1,-1
104,204,1138.098,505.681,18.752,47.392,1,-1,-1,-1
104,209,1291.600,525.600,22.200,51.100,1,-1,-1,-1
104,210,1355.000,537.100,22.300,58.800,1,-1,-1,-1
105,6,1718.816,622.810,84.101,214.813,1,-1,-1,-1
105,7,91.736,582.978,55.035,143.061,1,-1,-1,-1
105,10,146.936,588.932,63.958,145.973,1,-1,-1,-1
105,11,311.850,586.882,46.024,115.880,1,-1,-1,-1
105,12,1767.779,567.629,46.041,106.393,1,-1,-1,-1
105,62,675.642,529.867,21.508,63.677,1,-1,-1,-1
105,74,596.889,524.382,20.980,62.339,1,-1,-1,-1
105,87,1338.384,535.983,26.674,69.233,1,-1,-1,-1
105,110,368.981,576.881,44.784,130.143,1,-1,-1,-1
105,145,1267.375,522.689,22.071,53.332,1,-1,-1,-1
105,159,1192.472,519.020,21.912,50.065,1,-1,-1,-1
105,165,409.090,557.413,38.278,109.778,1,-1,-1,-1
105,166,268.511,586.227,40.824,118.785,1,-1,-1,-1
105,167,1544.174,522.944,25.348,62.161,1,-1,-1,-1
105,174,1144.544,509.992,19.205,47.191,1,-1,-1,-1
105,180,239.650,593.513,31.926,98.378,1,-1,-1,-1
105,181,1494.300,531.480,25.139,58.472,1,-1,-1,-1
105,186,890.046,509.278,13.701,32.695,1,-1,-1,-1
105,188,1179.621,517.702,20.492,46.159,1,-1,-1,-1
105,194,1677.421,551.380,37.526,108.913,1,-1,-1,-1
105,196,1477.042,531.110,22.405,55.509,1,-1,-1,-1
105,200,1225.736,522.078,20.874,48.454,1,-1,-1,-1
105,204,1134.086,506.868,18.563,46.732,1,-1,-1,-1
105,209,1282.587,523.908,23.527,53.283,1,-1,-1,-1
105,210,1358.763,535.787,21.673,55.227,1,-1,-1,-1
105,211,1305.600,529.600,22.700,49.700,1,-1,-1,-1
106,6,1720.748,624.096,85.549,216.614,1,-1,-1,-1
106,7,82.374,579.923,56.278,145.990,1,-1,-1,-1
106,10,137.735,586.551,64.900,146.374,1,-1,-1,-1
106,11,303.596,586.536,46.742,117.489,1,-1,-1,-1
106,12,1767.765,569.994,44.578,105.672,1,-1,-1,-1
106,62,671.347,528.845,21.313,63.708,1,-1,-1,-1
106,74,592.459,523.107,21.029,61.935,1,-1,-1,-1
106,87,1336.160,535.691,26.747,69.979,1,-1,-1,-1
106,110,362.964,574.159,44.661,130.280,1,-1,-1,-1
106,145,1265.178,522.392,21.105,53.411,1,-1,-1,-1
106,159,1188.632,519.056,22.042,50.248,1,-1,-1,-1
106,165,404.195,558.750,37.668,107.564,1,-1,-1,-1
106,166,260.370,585.866,41.906,120.184,1,-1,-1,-1
106,167,1540.460,523.048,25.087,61.985,1,-1,-1,-1
106,174,1145.984,511.239,19.542,46.659,1,-1,-1,-1
106,180,224.565,593.048,32.760,96.829,1,-1,-1,-1
106,181,1493.883,531.501,25.218,58.623,1,-1,-1,-1
106,186,884.426,509.006,14.213,33.476,1,-1,-1,-1
106,194,1675.721,551.305,37.111,108.981,1,-1,-1,-1
106,196,1474.433,531.531,22.540,55.116,1,-1,-1,-1
106,200,1224.533,522.288,20.636,48.525,1,-1,-1,-1
106,204,1130.723,506.590,18.606,46.304,1,-1,-1,-1
106,210,1365.023,534.655,20.760,51.009,1,-1,-1,-1
106,211,1300.651,528.610,22.200,49.081,1,-1,-1,-1
106,212,1321.800,530.500,23.000,58.200,1,-1,-1,-1
107,6,1723.233,623.370,86.720,218.901,1,-1,-1,-1
107,7,71.734,579.156,56.467,146.918,1,-1,-1,-1
107,10,130.170,587.020,65.834,146.916,1,-1,-1,-1
107,11,296.225,585.881,47.015,118.865,1,-1,-1,-1
107,12,1768.426,568.486,43.249,103.575,1,-1,-1,-1
107,62,666.769,529.365,21.393,63.175,1,-1,-1,-1
107,74,588.140,522.164,20.927,61.750,1,-1,-1,-1
107,87,1334.047,534.371,26.689,70.672,1,-1,-1,-1
107,110,354.117,573.295,45.915,131.331,1,-1,-1,-1
107,159,1186.245,518.004,22.246,50.244,1,-1,-1,-1
107,165,396.854,560.787,38.218,107.260,1,-1,-1,-1
107,166,250.144,586.880,43.158,120.857,1,-1,-1,-1
107,167,1536.467,522.704,24.836,62.524,1,-1,-1,-1
107,174,1146.445,511.194,19.550,46.299,1,-1,-1,-1
107,180,219.131,595.598,32.242,97.434,1,-1,-1,-1
107,181,1491.478,530.821,25.581,59.277,1,-1,-1,-1
107,186,879.762,508.659,14.803,33.979,1,-1,-1,-1
107,194,1672.898,549.791,36.909,108.905,1,-1,-1,-1
107,196,1468.584,531.351,22.976,55.451,1,-1,-1,-1
107,204,1126.642,505.002,19.068,46.971,1,-1,-1,-1
107,210,1367.829,533.896,20.509,49.580,1,-1,-1,-1
107,212,1318.882,530.200,23.438,58.401,1,-1,-1,-1
107,213,616.200,521.500,19.800,58.100,1,-1,-1,-1
107,214,1215.400,519.100,19.800,50.300,1,-1,-1,-1
108,6,1725.400,625.855,87.989,221.592,1,-1,-1,-1
108,7,64.732,576.704,56.248,147.893,1,-1,-1,-1
108,10,122.840,586.185,66.761,147.335,1,-1,-1,-1
108,11,286.656,584.387,47.551,120.687,1,-1,-1,-1
108,12,1770.450,570.441,41.781,100.431,1,-1,-1,-1
108,62,662.074,528.674,21.536,63.415,1,-1,-1,-1
108,74,583.706,520.260,21.211,61.743,1,-1,-1,-1
108,87,1331.743,534.485,27.117,71.424,1,-1,-1,-1
108,110,345.421,572.359,46.285,133.390,1,-1,-1,-1
108,159,1185.090,517.851,22.364,50.232,1,-1,-1,-1
108,165,386.447,559.749,38.851,108.665,1,-1,-1,-1
108,166,240.417,586.528,42.360,120.977,1,-1,-1,-1
108,167,1533.164,523.334,24.764,62.815,1,-1,-1,-1
108,174,1146.672,510.825,19.464,45.968,1,-1,-1,-1
108,180,208.386,595.018,33.101,98.229,1,-1,-1,-1
108,181,1491.341,531.651,25.778,59.853,1,-1,-1,-1
108,186,874.850,507.533,14.855,33.968,1,-1,-1,-1
108,194,1669.664,549.836,37.241,110.531,1,-1,-1,-1
108,196,1462.052,530.845,23.139,55.264,1,-1,-1,-1
108,204,1122.943,504.653,19.203,46.640,1,-1,-1,-1
108,212,1320.296,530.777,24.055,59.669,1,-1,-1,-1
108,213,614.029,521.339,20.343,58.023,1,-1,-1,-1
108,214,1213.005,520.288,19.791,50.224,1,-1,-1,-1
108,215,1198.500,518.400,21.200,51.200,1,-1,-1,-1
108,216,627.800,521.700,20.900,58.100,1,-1,-1,-1
108,217,6.300,589.200,34.000,133.800,1,-1,-1,-1
109,6,1727.418,627.289,89.484,223.755,1,-1,-1,-1
109,7,56.319,577.736,56.110,148.421,1,-1,-1,-1
109,10,112.370,588.121,67.350,146.923,1,-1,-1,-1
109,11,276.213,583.608,48.208,123.364,1,-1,-1,-1
109,62,657.503,528.058,21.891,63.860,1,-1,-1,-1
109,74,578.997,520.640,21.059,61.609,1,-1,-1,-1
109,87,1329.300,533.931,27.341,71.756,1,-1,-1,-1
109,110,337.084,573.773,46.181,134.805,1,-1,-1,-1
109,159,1182.070,518.567,22.734,50.279,1,-1,-1,-1
109,165,379.563,559.547,39.374,110.377,1,-1,-1,-1
109,166,232.478,586.676,42.179,121.277,1,-1,-1,-1
109,167,1529.046,524.480,24.822,62.851,1,-1,-1,-1
109,174,1140.156,509.749,19.767,45.636,1,-1,-1,-1
109,180,198.787,595.278,33.467,99.366,1,-1,-1,-1
109,181,1488.520,532.079,26.195,60.057,1,-1,-1,-1
109,186,870.522,507.762,14.936,34.295,1,-1,-1,-1
109,194,1667.025,550.110,37.346,110.656,1,-1,-1,-1
109,196,1464.059,531.474,23.270,55.465,1,-1,-1,-1
109,204,1120.349,504.432,19.692,46.727,1,-1,-1,-1
109,213,618.912,522.949,19.953,56.190,1,-1,-1,-1
109,214,1220.118,520.768,19.117,48.835,1,-1,-1,-1
109,216,630.878,523.660,20.943,58.480,1,-1,-1,-1
109,217,4.099,589.866,30.903,133.468,1,-1,-1,-1
109,218,642.900,525.100,19.900,60.600,1,-1,-1,-1
109,219,1155.300,515.700,19.500,43.400,1,-1,-1,-1
109,220,1444.600,528.400,20.700,52.200,1,-1,-1,-1
110,6,1730.032,628.706,90.347,225.474,1,-1,-1,-1
110,7,46.216,577.437,55.896,148.150,1,-1,-1,-1
110,10,102.711,588.425,68.055,147.386,1,-1,-1,-1
110,11,266.819,583.434,48.448,125.117,1,-1,-1,-1
110,12,1767.835,570.539,41.159,99.125,1,-1,-1,-1
110,62,652.811,526.964,22.010,64.164,1,-1,-1,-1
110,74,574.301,519.944,20.836,61.206,1,-1,-1,-1
110,87,1325.611,533.284,27.917,71.874,1,-1,-1,-1
110,110,327.615,573.469,46.615,134.277,1,-1,-1,-1
110,159,1179.158,518.785,23.007,50.568,1,-1,-1,-1
110,165,371.909,559.836,39.767,110.360,1,-1,-1,-1
110,166,222.050,588.648,42.235,121.265,1,-1,-1,-1
110,167,1522.763,524.561,24.653,62.496,1,-1,-1,-1
110,174,1141.501,510.999,19.677,45.099,1,-1,-1,-1
110,180,189.324,594.983,33.202,99.184,1,-1,-1,-1
110,181,1481.038,532.015,26.332,59.622,1,-1,-1,-1
110,186,864.740,507.436,15.154,34.189,1,-1,-1,-1
110,194,1664.453,550.155,37.615,111.642,1,-1,-1,-1
110,196,1461.939,533.881,23.543,55.092,1,-1,-1,-1
110,204,1116.620,504.209,20.031,46.923,1,-1,-1,-1
110,213,623.145,523.921,20.016,56.111,1,-1,-1,-1
110,216,637.835,524.960,21.042,59.710,1,-1,-1,-1
110,219,1160.349,518.215,19.801,44.569,1,-1,-1,-1
110,220,1446.073,530.367,20.253,51.367,1,-1,-1,-1
110,221,1503.900,528.400,23.800,58.300,1,-1,-1,-1
110,222,1128.600,506.600,21.800,46.300,1,-1,-1,-1
110,223,356.300,566.200,29.500,119.700,1,-1,-1,-1
110,224,69.100,585.200,220.700,131.300,1,-1,-1,-1
111,6,1732.315,631.507,90.909,225.484,1,-1,-1,-1
111,7,39.012,578.633,56.022,149.320,1,-1,-1,-1
111,10,93.193,589.942,67.195,147.910,1,-1,-1,-1
111,11,257.395,584.632,48.418,125.869,1,-1,-1,-1
111,12,1763.321,569.784,43.322,103.557,1,-1,-1,-1
111,62,647.862,526.559,21.878,64.635,1,-1,-1,-1
111,74,569.623,519.273,20.756,60.882,1,-1,-1,-1
111,87,1324.576,533.512,28.449,72.246,1,-1,-1,-1
111,110,318.029,577.097,47.095,133.833,1,-1,-1,-1
111,159,1175.547,518.938,23.030,50.636,1,-1,-1,-1
111,165,363.454,559.956,40.347,110.991,1,-1,-1,-1
111,166,213.271,589.696,41.581,121.556,1,-1,-1,-1
111,167,1517.926,524.356,25.103,63.129,1,-1,-1,-1
111,174,1138.845,509.866,19.673,44.869,1,-1,-1,-1
111,180,178.254,595.764,34.323,101.690,1,-1,-1,-1
111,181,1472.728,532.550,26.346,59.669,1,-1,-1,-1
111,186,858.943,506.486,15.347,34.354,1,-1,-1,-1
111,194,1661.222,550.328,37.670,112.127,1,-1,-1,-1
111,204,1111.908,504.605,19.705,46.592,1,-1,-1,-1
111,213,628.716,525.896,20.716,57.126,1,-1,-1,-1
111,219,1158.582,517.110,21.313,46.768,1,-1,-1,-1
111,220,1447.486,529.675,20.587,52.650,1,-1,-1,-1
111,225,866.500,505.300,15.700,34.700,1,-1,-1,-1
112,6,1734.651,634.320,91.653,226.851,1,-1,-1,-1
112,7,29.984,579.550,56.972,151.097,1,-1,-1,-1
112,10,84.856,590.634,66.894,148.283,1,-1,-1,-1
112,11,247.613,584.546,48.793,127.695,1,-1,-1,-1
112,12,1761.191,568.753,45.482,105.145,1,-1,-1,-1
112,62,642.778,527.344,21.725,64.951,1,-1,-1,-1
112,74,563.557,520.586,20.781,60.953,1,-1,-1,-1
112,87,1321.519,533.753,29.280,72.708,1,-1,-1,-1
112,110,309.238,578.139,46.642,134.591,1,-1,-1,-1
112,159,1172.142,519.761,22.935,50.866,1,-1,-1,-1
112,165,354.378,559.625,40.787,111.336,1,-1,-1,-1
112,166,202.854,590.161,41.993,122.226,1,-1,-1,-1
112,167,1513.352,524.364,25.846,64.804,1,-1,-1,-1
112,174,1139.203,510.947,19.591,45.063,1,-1,-1,-1
112,180,168.898,597.064,34.010,103.166,1,-1,-1,-1
112,181,1468.438,532.429,26.450,60.163,1,-1,-1,-1
112,186,854.808,505.933,15.222,34.609,1,-1,-1,-1
112,194,1658.403,550.953,38.036,114.512,1,-1,-1,-1
112,204,1108.444,504.677,19.603,45.831,1,-1,-1,-1
112,220,1444.545,530.523,21.546,54.757,1,-1,-1,-1
113,6,1736.887,635.914,93.624,228.434,1,-1,-1,-1
113,7,18.616,580.035,57.548,152.246,1,-1,-1,-1
113,10,74.911,591.940,66.617,148.307,1,-1,-1,-1
113,11,236.759,585.845,48.723,128.403,1,-1,-1,-1
113,12,1759.013,567.999,47.265,105.866,1,-1,-1,-1
113,62,637.485,528.259,21.887,65.066,1,-1,-1,-1
113,74,558.001,520.992,20.997,61.491,1,-1,-1,-1
113,87,1317.673,533.434,29.220,72.960,1,-1,-1,-1
113,110,299.441,577.692,47.678,136.027,1,-1,-1,-1
113,159,1168.881,520.553,22.805,50.942,1,-1,-1,-1
113,165,347.491,560.564,41.305,111.766,1,-1,-1,-1
113,166,191.836,591.309,42.384,123.525,1,-1,-1,-1
113,167,1508.025,523.620,26.713,66.644,1,-1,-1,-1
113,174,1143.015,514.657,19.759,45.177,1,-1,-1,-1
113,180,155.589,597.552,34.457,102.343,1,-1,-1,-1
113,181,1472.405,531.296,26.490,60.588,1,-1,-1,-1
113,186,850.678,506.916,15.375,35.078,1,-1,-1,-1
113,194,1656.270,548.603,38.645,117.721,1,-1,-1,-1
113,196,1459.499,533.484,25.298,58.513,1,-1,-1,-1
113,204,1104.440,506.181,19.472,44.662,1,-1,-1,-1
113,220,1441.664,531.065,22.524,56.259,1,-1,-1,-1
113,226,1282.900,524.700,20.400,49.800,1,-1,-1,-1
113,227,572.800,520.800,21.400,60.500,1,-1,-1,-1
114,6,1738.877,635.744,94.711,230.807,1,-1,-1,-1
114,7,10.736,581.402,56.615,152.625,1,-1,-1,-1
114,10,65.104,591.087,65.969,150.306,1,-1,-1,-1
114,11,226.548,588.150,48.419,128.180,1,-1,-1,-1
114,12,1756.725,566.334,48.896,106.006,1,-1,-1,-1
114,62,631.917,528.283,21.977,65.090,1,-1,-1,-1
114,74,551.568,521.491,21.344,61.584,1,-1,-1,-1
114,87,1314.299,533.611,28.460,71.715,1,-1,-1,-1
114,110,288.525,578.687,48.475,136.321,1,-1,-1,-1
114,159,1166.850,520.031,22.667,51.537,1,-1,-1,-1
114,165,339.818,561.560,41.496,111.514,1,-1,-1,-1
114,166,181.050,591.800,42.974,122.319,1,-1,-1,-1
114,174,1145.907,516.240,19.885,45.483,1,-1,-1,-1
114,180,151.042,599.185,34.488,101.859,1,-1,-1,-1
114,181,1477.638,529.351,26.109,60.804,1,-1,-1,-1
114,186,845.372,506.991,15.431,34.806,1,-1,-1,-1
114,194,1654.779,545.818,39.758,119.998,1,-1,-1,-1
114,196,1458.144,533.009,25.387,58.466,1,-1,-1,-1
114,204,1101.350,506.391,19.220,43.748,1,-1,-1,-1
114,220,1440.367,532.369,22.535,55.376,1,-1,-1,-1
114,221,1501.307,521.780,25.585,66.640,1,-1,-1,-1
114,226,1290.812,525.322,21.675,53.855,1,-1,-1,-1
114,228,585.000,520.300,20.100,57.200,1,-1,-1,-1
114,229,599.500,524.300,20.700,57.400,1,-1,-1,-1
114,230,1183.300,520.400,21.600,49.900,1,-1,-1,-1
114,231,132.700,599.300,31.300,98.400,1,-1,-1,-1
115,6,1741.538,636.235,95.761,233.956,1,-1,-1,-1
115,7,4.007,584.019,55.465,152.578,1,-1,-1,-1
115,10,57.695,590.781,65.073,151.691,1,-1,-1,-1
115,11,217.516,589.059,48.392,128.806,1,-1,-1,-1
115,12,1753.214,565.500,51.265,104.491,1,-1,-1,-1
115,62,627.305,528.415,22.210,65.422,1,-1,-1,-1
115,74,546.678,521.776,21.130,61.942,1,-1,-1,-1
115,87,1310.085,533.451,27.788,71.679,1,-1,-1,-1
115,110,278.518,578.656,48.029,136.979,1,-1,-1,-1
115,159,1170.050,521.391,21.557,51.097,1,-1,-1,-1
115,165,331.139,560.464,41.933,112.418,1,-1,-1,-1
115,166,171.061,591.569,43.278,121.111,1,-1,-1,-1
115,167,1497.832,522.842,26.288,67.443,1,-1,-1,-1
115,174,1145.963,518.622,20.170,45.579,1,-1,-1,-1
115,180,141.007,600.219,34.601,103.380,1,-1,-1,-1
115,181,1478.738,529.047,25.607,61.304,1,-1,-1,-1
115,186,840.566,507.578,15.262,34.436,1,-1,-1,-1
115,196,1455.433,532.612,25.827,59.380,1,-1,-1,-1
115,204,1097.349,506.871,19.122,43.463,1,-1,-1,-1
115,219,1160.620,520.753,22.470,50.450,1,-1,-1,-1
115,220,1434.800,532.827,23.355,56.212,1,-1,-1,-1
115,226,1291.996,527.206,22.759,57.270,1,-1,-1,-1
115,229,607.009,524.859,20.981,59.281,1,-1,-1,-1
115,232,595.900,523.300,20.000,56.800,1,-1,-1,-1
115,233,1115.900,510.700,18.500,44.900,1,-1,-1,-1
115,234,1323.000,537.500,28.200,67.400,1,-1,-1,-1
116,6,1744.955,636.391,96.907,236.946,1,-1,-1,-1
116,7,-2.292,588.996,53.527,152.833,1,-1,-1,-1
116,10,47.368,593.272,64.629,152.240,1,-1,-1,-1
116,11,206.597,591.527,48.184,129.946,1,-1,-1,-1
116,12,1750.231,564.471,53.114,103.576,1,-1,-1,-1
116,62,622.284,528.904,22.605,66.156,1,-1,-1,-1
116,74,541.174,523.629,21.085,62.299,1,-1,-1,-1
116,87,1306.561,532.102,27.162,70.502,1,-1,-1,-1
116,110,269.379,580.446,48.104,138.713,1,-1,-1,-1
116,165,322.141,562.464,41.954,112.647,1,-1,-1,-1
116,166,157.217,594.872,44.548,120.919,1,-1,-1,-1
116,167,1493.555,522.571,26.295,67.573,1,-1,-1,-1
116,174,1145.851,519.666,20.449,46.255,1,-1,-1,-1
116,180,135.998,601.875,34.304,104.615,1,-1,-1,-1
116,186,834.974,508.527,15.522,34.476,1,-1,-1,-1
116,196,1449.759,531.984,26.266,59.997,1,-1,-1,-1
116,204,1094.080,506.560,19.370,44.079,1,-1,-1,-1
116,219,1158.623,520.710,22.549,51.386,1,-1,-1,-1
116,220,1430.384,532.675,24.185,57.516,1,-1,-1,-1
116,229,610.032,527.954,21.576,61.363,1,-1,-1,-1
116,230,1181.607,521.546,20.087,49.608,1,-1,-1,-1
116,232,591.012,524.695,20.178,55.909,1,-1,-1,-1
116,233,1119.355,512.610,18.090,44.380,1,-1,-1,-1
116,235,1282.100,527.000,22.400,54.900,1,-1,-1,-1
116,236,1416.400,529.500,22.100,55.800,1,-1,-1,-1
116,237,1243.100,520.600,18.900,53.900,1,-1,-1,-1
117,6,1747.427,636.969,97.609,240.282,1,-1,-1,-1
117,7,-5.268,590.446,50.382,153.022,1,-1,-1,-1
117,10,37.248,592.641,64.083,152.608,1,-1,-1,-1
117,11,194.784,592.517,48.664,131.107,1,-1,-1,-1
117,12,1747.605,564.376,53.740,103.102,1,-1,-1,-1
117,62,617.660,529.129,22.418,66.207,1,-1,-1,-1
117,74,535.809,524.631,20.884,62.144,1,-1,-1,-1
117,87,1305.892,533.044,27.323,71.709,1,-1,-1,-1
117,110,258.961,579.722,48.990,140.603,1,-1,-1,-1
117,165,315.454,563.509,42.118,113.553,1,-1,-1,-1
117,166,145.985,598.280,45.625,122.083,1,-1,-1,-1
117,167,1489.258,520.520,26.832,69.426,1,-1,-1,-1
117,180,117.910,601.855,35.397,105.898,1,-1,-1,-1
117,186,828.570,508.465,15.930,35.068,1,-1,-1,-1
117,196,1447.512,531.690,26.870,60.580,1,-1,-1,-1
117,204,1089.918,506.358,19.848,45.139,1,-1,-1,-1
117,219,1154.986,520.644,22.727,52.118,1,-1,-1,-1
117,220,1430.256,533.523,24.993,58.284,1,-1,-1,-1
117,232,593.664,524.324,29.648,68.810,1,-1,-1,-1
117,233,1124.073,515.700,19.013,46.110,1,-1,-1,-1
117,234,1332.770,533.481,21.761,57.939,1,-1,-1,-1
117,235,1285.977,528.756,22.745,55.988,1,-1,-1,-1
117,236,1415.163,532.792,21.273,54.116,1,-1,-1,-1
117,237,1243.731,521.143,19.238,53.213,1,-1,-1,-1
117,238,1105.700,509.600,21.200,48.100,1,-1,-1,-1
118,6,1749.197,638.788,98.891,243.813,1,-1,-1,-1
118,7,-3.969,593.377,46.422,149.229,1,-1,-1,-1
118,10,28.750,593.450,64.078,154.051,1,-1,-1,-1
118,11,185.701,594.003,49.809,132.308,1,-1,-1,-1
118,12,1746.027,564.535,54.040,103.981,1,-1,-1,-1
118,62,612.243,529.609,22.199,66.265,1,-1,-1,-1
118,74,529.555,523.006,21.073,62.741,1,-1,-1,-1
118,87,1303.421,531.788,27.741,72.710,1,-1,-1,-1
118,110,249.070,580.554,49.080,142.427,1,-1,-1,-1
118,165,306.873,564.246,42.141,113.879,1,-1,-1,-1
118,166,134.007,600.000,46.333,123.871,1,-1,-1,-1
118,167,1484.980,518.381,26.988,69.642,1,-1,-1,-1
118,174,1138.244,520.830,20.123,47.194,1,-1,-1,-1
118,180,109.665,603.436,35.309,107.171,1,-1,-1,-1
118,186,822.783,507.871,16.317,34.790,1,-1,-1,-1
118,196,1445.930,530.125,26.977,60.542,1,-1,-1,-1
118,204,1086.416,505.528,19.079,44.681,1,-1,-1,-1
118,219,1153.205,520.288,23.060,52.899,1,-1,-1,-1
118,220,1429.886,533.599,25.253,58.406,1,-1,-1,-1
118,235,1289.429,529.003,23.471,58.588,1,-1,-1,-1
118,236,1416.429,533.607,21.088,53.997,1,-1,-1,-1
118,237,1245.116,520.285,19.574,53.072,1,-1,-1,-1
118,238,1096.045,506.901,20.513,46.099,1,-1,-1,-1
118,239,1118.400,515.100,19.800,44.600,1,-1,-1,-1
118,240,1190.700,519.000,19.600,47.600,1,-1,-1,-1
118,241,540.300,514.200,20.000,72.500,1,-1,-1,-1
119,6,1753.086,642.284,100.654,245.720,1,-1,-1,-1
119,10,18.269,593.365,64.324,155.721,1,-1,-1,-1
119,11,175.675,595.686,49.950,132.397,1,-1,-1,-1
119,12,1744.065,565.163,55.200,106.260,1,-1,-1,-1
119,62,606.823,530.027,22.288,66.513,1,-1,-1,-1
119,74,524.132,523.183,21.041,62.664,1,-1,-1,-1
119,87,1300.649,531.816,28.529,74.357,1,-1,-1,-1
119,110,238.747,583.681,49.554,143.885,1,-1,-1,-1
119,165,299.008,564.823,42.243,114.397,1,-1,-1,-1
119,166,123.170,598.482,48.375,126.965,1,-1,-1,-1
119,167,1481.018,518.463,26.713,68.196,1,-1,-1,-1
119,186,817.331,507.922,16.568,34.647,1,-1,-1,-1
119,196,1443.833,529.501,26.857,59.854,1,-1,-1,-1
119,204,1082.555,505.222,18.924,44.690,1,-1,-1,-1
119,219,1147.746,519.806,22.947,53.207,1,-1,-1,-1
119,220,1427.458,533.420,25.385,58.047,1,-1,-1,-1
119,233,1129.520,518.265,20.446,48.903,1,-1,-1,-1
119,236,1413.889,533.711,21.921,55.210,1,-1,-1,-1
119,237,1243.756,519.828,20.010,54.070,1,-1,-1,-1
119,241,545.286,518.247,20.426,64.406,1,-1,-1,-1
119,242,1102.800,509.000,20.300,45.000,1,-1,-1,-1
120,6,1755.424,642.882,102.473,248.780,1,-1,-1,-1
120,10,7.962,596.483,63.667,156.329,1,-1,-1,-1
120,11,163.607,597.857,50.271,132.015,1,-1,-1,-1
120,12,1742.477,564.972,55.775,107.596,1,-1,-1,-1
120,62,601.173,531.186,22.240,66.219,1,-1,-1,-1
120,74,517.841,524.216,21.073,62.776,1,-1,-1,-1
120,87,1298.650,531.181,29.444,76.332,1,-1,-1,-1
120,110,228.848,586.773,50.114,144.922,1,-1,-1,-1
120,165,290.906,565.552,42.351,115.408,1,-1,-1,-1
120,166,111.235,600.321,49.289,128.696,1,-1,-1,-1
120,167,1476.378,518.749,26.626,67.797,1,-1,-1,-1
120,180,79.572,604.993,35.872,107.388,1,-1,-1,-1
120,186,812.398,507.657,16.574,34.438,1,-1,-1,-1
120,196,1445.655,528.509,26.541,59.789,1,-1,-1,-1
120,204,1078.815,505.253,18.885,44.209,1,-1,-1,-1
120,219,1142.589,519.816,22.879,53.283,1,-1,-1,-1
120,220,1425.024,532.465,25.430,58.223,1,-1,-1,-1
120,236,1413.317,532.575,21.947,55.347,1,-1,-1,-1
120,237,1247.985,520.419,20.171,53.973,1,-1,-1,-1
120,241,556.815,521.823,19.627,59.513,1,-1,-1,-1
120,242,1110.292,512.944,19.614,44.512,1,-1,-1,-1
120,243,567.800,524.700,20.700,58.800,1,-1,-1,-1
121,6,1757.559,644.287,104.124,251.595,1,-1,-1,-1
121,10,1.430,598.198,62.114,156.480,1,-1,-1,-1
121,11,154.233,597.542,50.784,132.943,1,-1,-1,-1
121,12,1740.764,564.532,56.470,108.964,1,-1,-1,-1
121,62,595.919,531.395,22.287,65.892,1,-1,-1,-1
121,74,512.853,523.929,20.875,62.655,1,-1,-1,-1
121,87,1296.465,530.452,30.123,77.588,1,-1,-1,-1
121,110,218.573,590.143,49.767,145.200,1,-1,-1,-1
121,165,284.077,565.989,42.027,116.003,1,-1,-1,-1
121,166,99.054,599.709,50.096,130.636,1,-1,-1,-1
121,167,1471.698,518.679,26.374,68.073,1,-1,-1,-1
121,180,72.260,606.212,35.275,110.308,1,-1,-1,-1
121,186,807.646,507.660,16.716,34.084,1,-1,-1,-1
121,196,1447.066,529.655,25.810,59.535,1,-1,-1,-1
121,204,1074.980,504.991,19.171,43.533,1,-1,-1,-1
121,219,1140.314,519.615,23.066,53.737,1,-1,-1,-1
121,236,1408.923,532.118,22.027,55.397,1,-1,-1,-1
121,237,1254.581,521.809,20.886,54.359,1,-1,-1,-1
121,241,559.595,523.945,19.877,57.956,1,-1,-1,-1
121,242,1116.405,516.500,19.336,44.422,1,-1,-1,-1
121,243,573.909,526.474,21.181,60.051,1,-1,-1,-1
121,244,180.800,546.900,31.900,76.400,1,-1,-1,-1
122,6,1759.235,644.711,104.844,252.777,1,-1,-1,-1
122,10,-3.692,599.118,59.747,157.165,1,-1,-1,-1
122,11,143.283,600.411,50.438,132.057,1,-1,-1,-1
122,12,1738.351,563.701,56.423,110.022,1,-1,-1,-1
122,62,591.407,530.530,22.629,66.455,1,-1,-1,-1
122,74,507.580,524.703,20.843,62.979,1,-1,-1,-1
122,87,1293.073,529.886,31.219,78.569,1,-1,-1,-1
122,110,208.427,591.173,50.103,146.673,1,-1,-1,-1
122,165,275.328,567.195,41.905,116.834,1,-1,-1,-1
122,166,87.590,600.119,51.403,132.212,1,-1,-1,-1
122,167,1468.500,517.357,26.330,68.294,1,-1,-1,-1
122,186,803.192,507.483,16.646,33.848,1,-1,-1,-1
122,196,1444.569,530.615,25.474,59.110,1,-1,-1,-1
122,204,1071.479,505.163,18.909,43.005,1,-1,-1,-1
122,219,1137.429,518.877,23.029,54.064,1,-1,-1,-1
122,220,1419.266,531.078,26.150,59.041,1,-1,-1,-1
122,236,1407.302,532.642,22.389,55.332,1,-1,-1,-1
122,237,1258.541,521.951,21.694,55.334,1,-1,-1,-1
122,242,1121.392,518.466,20.280,46.469,1,-1,-1,-1
122,243,565.345,523.145,31.433,70.475,1,-1,-1,-1
122,244,168.825,543.374,36.952,92.451,1,-1,-1,-1
122,245,492.600,522.600,18.200,59.400,1,-1,-1,-1
123,6,1762.574,646.482,105.063,253.888,1,-1,-1,-1
123,10,-6.866,601.279,55.215,156.729,1,-1,-1,-1
123,11,131.519,602.757,50.462,132.772,1,-1,-1,-1
123,12,1735.728,564.853,55.923,111.139,1,-1,-1,-1
123,62,586.079,530.568,22.795,66.959,1,-1,-1,-1
123,74,501.856,525.524,20.845,62.944,1,-1,-1,-1
123,87,1291.160,530.340,31.927,78.573,1,-1,-1,-1
123,110,197.558,590.803,51.140,149.355,1,-1,-1,-1
123,165,267.431,566.723,42.358,119.339,1,-1,-1,-1
123,166,74.597,604.069,52.138,132.900,1,-1,-1,-1
123,167,1463.950,518.242,25.952,67.896,1,-1,-1,-1
123,186,797.572,508.358,17.028,34.031,1,-1,-1,-1
123,196,1443.946,530.469,25.178,59.179,1,-1,-1,-1
123,204,1068.015,506.186,18.681,42.208,1,-1,-1,-1
123,219,1134.309,519.231,22.599,53.813,1,-1,-1,-1
123,233,1145.552,520.610,21.251,51.844,1,-1,-1,-1
123,236,1407.253,533.083,23.241,56.186,1,-1,-1,-1
123,237,1259.102,523.253,22.350,56.128,1,-1,-1,-1
123,242,1120.594,520.441,20.236,46.290,1,-1,-1,-1
123,246,1277.100,528.700,25.500,61.200,1,-1,-1,-1
123,247,1082.700,509.200,18.900,46.100,1,-1,-1,-1
123,248,1379.000,534.400,19.400,49.200,1,-1,-1,-1
124,6,1765.515,647.804,106.043,254.939,1,-1,-1,-1
124,10,-6.071,598.056,48.998,155.494,1,-1,-1,-1
124,11,121.666,603.854,51.032,133.902,1,-1,-1,-1
124,12,1733.281,564.925,55.532,112.286,1,-1,-1,-1
124,62,580.724,531.386,22.721,67.092,1,-1,-1,-1
124,74,496.112,525.566,21.014,63.317,1,-1,-1,-1
124,87,1289.050,530.993,32.308,79.106,1,-1,-1,-1
124,110,185.674,592.595,50.929,150.182,1,-1,-1,-1
124,165,259.359,567.956,43.114,120.866,1,-1,-1,-1
124,166,62.588,606.351,52.606,133.193,1,-1,-1,-1
124,167,1458.947,518.818,25.844,67.471,1,-1,-1,-1
124,186,791.122,508.807,17.244,34.061,1,-1,-1,-1
124,196,1436.630,526.523,29.312,61.556,1,-1,-1,-1
124,204,1064.631,506.248,18.531,42.239,1,-1,-1,-1
124,219,1130.799,519.578,22.702,54.120,1,-1,-1,-1
124,233,1144.949,521.764,20.950,52.158,1,-1,-1,-1
124,236,1407.614,532.794,24.575,57.852,1,-1,-1,-1
124,237,1256.621,523.218,22.375,55.653,1,-1,-1,-1
124,242,1117.335,521.013,20.382,46.606,1,-1,-1,-1
124,247,1090.038,512.552,18.423,45.595,1,-1,-1,-1
124,248,1385.015,534.720,19.369,50.059,1,-1,-1,-1
124,249,518.200,522.400,21.500,62.000,1,-1,-1,-1
124,250,25.400,605.800,31.300,126.300,1,-1,-1,-1
125,6,1769.832,649.277,106.672,255.850,1,-1,-1,-1
125,11,110.104,605.883,51.329,133.485,1,-1,-1,-1
125,12,1730.480,565.056,54.985,111.847,1,-1,-1,-1
125,62,575.049,531.289,22.721,67.219,1,-1,-1,-1
125,74,489.272,525.458,21.272,63.028,1,-1,-1,-1
125,87,1286.565,531.797,31.920,78.510,1,-1,-1,-1
125,110,174.782,594.008,52.136,151.792,1,-1,-1,-1
125,165,251.655,569.114,43.379,122.155,1,-1,-1,-1
125,166,53.729,609.214,52.265,133.315,1,-1,-1,-1
125,167,1453.767,518.649,25.790,66.849,1,-1,-1,-1
125,186,785.147,508.470,17.196,33.776,1,-1,-1,-1
125,204,1060.782,506.227,18.683,42.280,1,-1,-1,-1
125,219,1127.480,519.037,23.000,54.829,1,-1,-1,-1
125,233,1154.627,520.118,21.112,52.380,1,-1,-1,-1
125,236,1405.819,533.147,25.149,58.198,1,-1,-1,-1
125,237,1253.858,523.000,22.547,56.105,1,-1,-1,-1
125,246,1275.007,527.984,26.087,62.531,1,-1,-1,-1
125,247,1092.043,513.138,18.354,45.447,1,-1,-1,-1
125,248,1386.519,534.422,20.361,51.968,1,-1,-1,-1
125,249,528.658,521.633,21.183,60.335,1,-1,-1,-1
125,251,1069.900,506.700,21.100,47.700,1,-1,-1,-1
125,252,1375.900,533.900,19.300,49.500,1,-1,-1,-1
126,6,1774.307,651.235,108.675,259.837,1,-1,-1,-1
126,11,98.437,608.592,51.877,134.111,1,-1,-1,-1
126,12,1728.712,564.569,54.859,111.301,1,-1,-1,-1
126,62,569.362,532.373,22.858,67.289,1,-1,-1,-1
126,74,484.347,525.565,21.414,63.844,1,-1,-1,-1
126,87,1283.130,531.607,31.027,78.150,1,-1,-1,-1
126,110,163.738,594.191,52.795,153.516,1,-1,-1,-1
126,165,243.371,571.625,43.528,122.351,1,-1,-1,-1
126,166,43.099,612.420,52.456,133.185,1,-1,-1,-1
126,167,1450.340,519.419,25.776,65.995,1,-1,-1,-1
126,186,781.957,508.740,16.875,33.193,1,-1,-1,-1
126,204,1057.035,505.598,18.586,42.887,1,-1,-1,-1
126,219,1124.473,519.152,23.295,55.419,1,-1,-1,-1
126,233,1157.756,519.211,21.018,52.039,1,-1,-1,-1
126,236,1401.395,533.564,25.295,57.859,1,-1,-1,-1
126,237,1251.227,523.095,22.658,56.081,1,-1,-1,-1
126,247,1101.566,516.768,19.060,48.044,1,-1,-1,-1
126,248,1385.421,534.375,21.620,53.953,1,-1,-1,-1
126,249,534.953,524.910,20.816,59.426,1,-1,-1,-1
126,253,1083.300,511.800,18.900,45.000,1,-1,-1,-1
126,254,8.200,620.600,31.800,101.600,1,-1,-1,-1
126,255,774.600,508.600,14.400,34.400,1,-1,-1,-1
127,6,1777.108,652.352,110.867,263.384,1,-1,-1,-1
127,11,87.993,611.263,52.025,133.829,1,-1,-1,-1
127,12,1726.497,563.746,55.074,112.033,1,-1,-1,-1
127,62,564.939,534.076,23.260,67.062,1,-1,-1,-1
127,74,480.073,527.407,21.598,64.448,1,-1,-1,-1
127,87,1280.186,532.063,30.597,78.246,1,-1,-1,-1
127,110,152.678,595.995,53.561,155.942,1,-1,-1,-1
127,165,235.333,573.277,43.811,123.369,1,-1,-1,-1
127,166,31.102,615.163,53.452,134.792,1,-1,-1,-1
127,167,1446.943,521.060,25.937,66.047,1,-1,-1,-1
127,186,776.015,510.340,16.553,32.979,1,-1,-1,-1
127,204,1053.375,506.338,18.561,43.126,1,-1,-1,-1
127,219,1120.969,519.999,23.512,55.455,1,-1,-1,-1
127,233,1158.322,520.379,20.678,51.349,1,-1,-1,-1
127,236,1397.649,533.299,26.167,58.749,1,-1,-1,-1
127,237,1246.849,524.322,22.990,56.192,1,-1,-1,-1
127,247,1105.397,519.718,19.321,49.334,1,-1,-1,-1
127,249,540.410,530.098,20.887,59.870,1,-1,-1,-1
127,251,1063.057,508.474,21.087,47.052,1,-1,-1,-1
127,253,1088.760,515.858,19.078,44.784,1,-1,-1,-1
127,256,1414.800,533.500,24.100,58.300,1,-1,-1,-1
127,257,1219.700,523.500,20.100,50.700,1,-1,-1,-1
128,6,1781.881,655.194,112.088,265.412,1,-1,-1,-1
128,11,76.664,612.009,52.771,134.926,1,-1,-1,-1
128,12,1724.540,563.170,55.481,112.961,1,-1,-1,-1
128,62,560.115,533.719,23.499,67.323,1,-1,-1,-1
128,74,474.825,528.398,21.757,64.721,1,-1,-1,-1
128,87,1277.302,532.460,30.535,78.867,1,-1,-1,-1
128,110,141.873,596.308,54.113,158.012,1,-1,-1,-1
128,165,226.674,572.456,44.139,124.999,1,-1,-1,-1
128,166,19.012,617.577,53.842,134.354,1,-1,-1,-1
128,167,1442.024,520.511,25.833,66.256,1,-1,-1,-1
128,186,769.893,510.531,16.461,32.938,1,-1,-1,-1
128,204,1049.733,506.899,18.202,43.377,1,-1,-1,-1
128,219,1115.862,520.113,23.390,55.266,1,-1,-1,-1
128,233,1159.250,521.041,19.955,50.448,1,-1,-1,-1
128,237,1243.071,524.632,22.965,56.296,1,-1,-1,-1
128,248,1389.084,532.155,26.639,61.329,1,-1,-1,-1
128,249,548.597,533.479,21.426,61.880,1,-1,-1,-1
128,251,1068.926,510.748,20.478,45.980,1,-1,-1,-1
128,253,1101.128,519.714,20.972,49.582,1,-1,-1,-1
128,256,1417.761,528.854,24.576,58.793,1,-1,-1,-1
128,257,1226.249,523.480,21.401,53.440,1,-1,-1,-1
128,258,525.400,528.200,35.800,65.100,1,-1,-1,-1
129,6,1786.160,655.258,113.395,269.740,1,-1,-1,-1
129,11,66.186,614.106,53.006,137.278,1,-1,-1,-1
129,12,1723.301,562.062,55.830,113.717,1,-1,-1,-1
129,62,554.678,533.947,23.288,67.514,1,-1,-1,-1
129,74,469.264,528.507,21.789,64.802,1,-1,-1,-1
129,87,1275.267,531.262,31.185,80.021,1,-1,-1,-1
129,110,130.762,597.685,54.547,160.407,1,-1,-1,-1
129,165,218.060,575.035,43.796,125.045,1,-1,-1,-1
129,166,8.315,618.857,53.110,136.064,1,-1,-1,-1
129,167,1438.291,520.708,25.557,66.171,1,-1,-1,-1
129,186,763.525,510.962,16.620,32.980,1,-1,-1,-1
129,204,1045.398,506.722,18.529,43.075,1,-1,-1,-1
129,219,1113.729,520.262,23.459,55.613,1,-1,-1,-1
129,248,1386.713,531.878,27.785,61.976,1,-1,-1,-1
129,251,1074.998,513.488,19.819,45.072,1,-1,-1,-1
129,256,1415.673,527.464,24.989,59.455,1,-1,-1,-1
129,257,1229.647,522.766,22.700,56.438,1,-1,-1,-1
129,259,484.000,523.200,23.700,67.200,1,-1,-1,-1
130,6,1789.167,657.001,114.348,272.409,1,-1,-1,-1
130,11,54.420,617.291,53.657,138.890,1,-1,-1,-1
130,12,1720.692,560.664,57.154,114.454,1,-1,-1,-1
130,62,548.962,535.071,23.326,67.638,1,-1,-1,-1
130,74,463.605,528.762,21.729,64.829,1,-1,-1,-1
130,87,1272.462,531.915,31.678,80.448,1,-1,-1,-1
130,110,118.960,599.783,54.849,161.898,1,-1,-1,-1
130,165,210.375,576.760,43.600,125.184,1,-1,-1,-1
130,166,-1.156,621.694,52.064,137.488,1,-1,-1,-1
130,167,1435.330,522.580,25.100,65.547,1,-1,-1,-1
130,186,758.676,511.575,16.923,33.652,1,-1,-1,-1
130,204,1041.587,507.388,18.457,43.059,1,-1,-1,-1
130,219,1110.061,520.175,23.494,55.614,1,-1,-1,-1
130,248,1382.901,532.452,27.929,61.802,1,-1,-1,-1
130,251,1080.488,517.713,19.617,44.732,1,-1,-1,-1
130,256,1421.046,528.337,24.856,59.325,1,-1,-1,-1
130,257,1227.388,522.820,23.305,57.900,1,-1,-1,-1
130,259,491.061,521.025,23.076,64.650,1,-1,-1,-1
130,260,476.400,525.600,21.600,63.700,1,-1,-1,-1
131,6,1793.472,659.571,115.387,274.135,1,-1,-1,-1
131,11,42.769,616.690,54.377,140.318,1,-1,-1,-1
131,12,1717.613,560.211,58.748,114.908,1,-1,-1,-1
131,62,543.851,535.731,23.217,67.909,1,-1,-1,-1
131,74,456.802,528.972,21.960,64.776,1,-1,-1,-1
131,87,1270.544,532.910,32.033,80.212,1,-1,-1,-1
131,110,106.271,602.297,55.250,161.844,1,-1,-1,-1
131,165,201.070,576.554,44.143,126.742,1,-1,-1,-1
131,166,-4.832,619.152,48.536,138.988,1,-1,-1,-1
131,167,1429.862,524.687,24.680,64.859,1,-1,-1,-1
131,186,753.102,511.267,17.207,33.472,1,-1,-1,-1
131,204,1038.237,507.775,18.171,42.714,1,-1,-1,-1
131,219,1106.862,520.916,23.511,55.485,1,-1,-1,-1
131,248,1379.714,532.044,28.467,61.679,1,-1,-1,-1
131,251,1082.328,520.939,19.233,43.746,1,-1,-1,-1
131,256,1417.762,531.774,24.724,59.692,1,-1,-1,-1
131,257,1226.961,522.959,23.712,58.348,1,-1,-1,-1
131,259,489.127,524.292,21.340,59.593,1,-1,-1,-1
132,6,1798.354,662.125,116.744,275.704,1,-1,-1,-1
132,11,30.646,615.596,54.919,142.787,1,-1,-1,-1
132,12,1713.914,559.929,60.348,115.177,1,-1,-1,-1
132,62,538.645,536.377,23.245,67.449,1,-1,-1,-1
132,74,451.851,528.900,22.105,65.291,1,-1,-1,-1
132,87,1267.779,533.269,32.157,80.730,1,-1,-1,-1
132,110,93.271,604.652,55.320,162.287,1,-1,-1,-1
132,165,192.854,576.401,43.717,127.460,1,-1,-1,-1
132,167,1426.733,524.366,24.553,65.321,1,-1,-1,-1
132,186,749.147,511.231,17.221,33.617,1,-1,-1,-1
132,204,1034.354,507.691,18.237,43.170,1,-1,-1,-1
132,219,1103.310,520.655,23.608,55.450,1,-1,-1,-1
132,237,1244.432,530.646,24.403,58.395,1,-1,-1,-1
132,248,1372.845,532.638,28.192,60.984,1,-1,-1,-1
132,251,1085.580,523.096,19.127,44.023,1,-1,-1,-1
132,257,1223.705,521.989,24.067,58.589,1,-1,-1,-1
132,261,503.700,528.100,20.900,59.800,1,-1,-1,-1
132,262,1116.900,523.100,21.300,52.000,1,-1,-1,-1
132,263,1589.800,548.900,40.100,117.100,1,-1,-1,-1
132,264,1050.200,509.500,18.900,48.300,1,-1,-1,-1
133,6,1802.896,666.780,117.441,281.285,1,-1,-1,-1
133,11,18.304,616.143,55.740,146.968,1,-1,-1,-1
133,12,1710.476,561.368,60.964,115.068,1,-1,-1,-1
133,62,534.230,537.469,23.567,67.114,1,-1,-1,-1
133,74,445.927,530.250,22.179,65.248,1,-1,-1,-1
133,87,1264.782,534.597,32.470,81.396,1,-1,-1,-1
133,110,81.500,608.015,55.200,161.632,1,-1,-1,-1
133,165,183.490,577.963,44.485,127.480,1,-1,-1,-1
133,167,1424.187,524.483,24.822,65.651,1,-1,-1,-1
133,186,744.262,511.212,16.888,33.345,1,-1,-1,-1
133,204,1030.036,507.250,18.643,43.176,1,-1,-1,-1
133,219,1102.323,520.771,23.831,55.901,1,-1,-1,-1
133,237,1236.133,528.150,24.802,58.117,1,-1,-1,-1
133,248,1366.621,533.264,28.246,61.427,1,-1,-1,-1
133,251,1087.939,524.327,19.738,45.652,1,-1,-1,-1
133,257,1217.085,522.010,24.147,59.283,1,-1,-1,-1
133,261,507.975,532.989,21.449,60.420,1,-1,-1,-1
133,262,1118.762,522.594,21.875,53.811,1,-1,-1,-1
133,263,1588.229,550.756,41.142,117.187,1,-1,-1,-1
133,264,1052.434,510.812,18.731,47.476,1,-1,-1,-1
133,265,434.600,530.400,19.700,62.100,1,-1,-1,-1
133,266,1179.600,522.600,18.600,51.200,1,-1,-1,-1
133,267,1349.000,536.400,24.600,55.500,1,-1,-1,-1
134,6,1806.600,669.564,116.617,286.270,1,-1,-1,-1
134,11,7.750,619.489,55.875,148.758,1,-1,-1,-1
134,12,1707.947,562.204,61.227,115.757,1,-1,-1,-1
134,62,529.011,538.382,23.333,66.871,1,-1,-1,-1
134,74,439.626,531.464,22.566,65.628,1,-1,-1,-1
134,87,1262.531,535.852,32.361,81.035,1,-1,-1,-1
134,110,68.125,607.052,56.287,163.700,1,-1,-1,-1
134,165,175.190,579.903,44.603,128.239,1,-1,-1,-1
134,167,1419.084,525.179,25.239,65.824,1,-1,-1,-1
134,186,739.535,511.895,16.703,33.416,1,-1,-1,-1
134,204,1025.592,507.785,18.709,43.988,1,-1,-1,-1
134,219,1097.613,521.381,23.948,55.771,1,-1,-1,-1
134,237,1231.979,527.347,24.902,57.499,1,-1,-1,-1
134,248,1361.424,533.288,28.332,61.442,1,-1,-1,-1
134,251,1085.329,525.317,20.292,47.114,1,-1,-1,-1
134,257,1211.526,522.228,24.527,59.570,1,-1,-1,-1
134,262,1121.854,521.119,20.557,50.786,1,-1,-1,-1
134,263,1585.733,550.558,41.681,117.431,1,-1,-1,-1
134,264,1057.731,514.952,18.744,47.490,1,-1,-1,-1
134,266,1188.398,522.788,20.001,52.624,1,-1,-1,-1
134,267,1347.861,535.426,23.879,55.249,1,-1,-1,-1
134,268,1389.800,530.800,25.000,58.200,1,-1,-1,-1
134,269,1043.500,510.900,20.200,47.500,1,-1,-1,-1
135,6,1808.784,672.695,115.531,288.502,1,-1,-1,-1
135,11,-1.573,622.975,54.319,149.908,1,-1,-1,-1
135,12,1705.160,561.721,61.389,116.309,1,-1,-1,-1
135,62,523.364,538.812,23.328,66.968,1,-1,-1,-1
135,74,433.966,531.906,22.683,65.969,1,-1,-1,-1
135,87,1258.715,536.356,32.201,79.964,1,-1,-1,-1
135,110,55.459,604.797,57.100,168.195,1,-1,-1,-1
135,165,165.505,580.077,45.117,129.832,1,-1,-1,-1
135,167,1414.191,525.113,25.240,66.140,1,-1,-1,-1
135,186,734.449,511.818,16.825,33.711,1,-1,-1,-1
135,204,1021.442,507.675,18.683,44.132,1,-1,-1,-1
135,219,1091.982,521.820,23.823,55.417,1,-1,-1,-1
135,248,1356.960,532.646,28.640,61.785,1,-1,-1,-1
135,257,1203.738,522.125,23.932,58.774,1,-1,-1,-1
135,262,1123.587,522.096,19.797,49.193,1,-1,-1,-1
135,263,1582.108,549.657,41.839,117.335,1,-1,-1,-1
135,264,1061.361,518.042,19.187,47.394,1,-1,-1,-1
135,266,1190.506,522.859,20.951,53.811,1,-1,-1,-1
135,268,1392.985,530.377,25.330,60.146,1,-1,-1,-1
135,270,1074.600,520.600,19.600,51.200,1,-1,-1,-1
135,271,1242.800,531.100,27.200,63.700,1,-1,-1,-1
135,272,1031.600,510.100,20.700,47.200,1,-1,-1,-1
136,6,1811.484,674.656,113.669,290.975,1,-1,-1,-1
136,11,-6.077,624.462,50.929,152.296,1,-1,-1,-1
136,12,1702.994,561.146,61.255,116.185,1,-1,-1,-1
136,62,517.850,538.466,23.410,67.399,1,-1,-1,-1
136,74,426.998,531.534,22.932,66.030,1,-1,-1,-1
136,87,1255.748,535.779,32.272,79.821,1,-1,-1,-1
136,110,43.759,605.739,58.188,169.710,1,-1,-1,-1
136,165,157.000,580.409,45.314,130.732,1,-1,-1,-1
136,167,1410.167,525.013,24.622,65.994,1,-1,-1,-1
136,186,728.441,512.773,16.673,34.323,1,-1,-1,-1
136,204,1017.522,506.345,18.974,44.274,1,-1,-1,-1
136,219,1089.718,520.978,23.967,55.580,1,-1,-1,-1
136,248,1352.533,531.855,28.873,61.528,1,-1,-1,-1
136,257,1198.798,521.381,24.139,58.927,1,-1,-1,-1
136,262,1119.608,521.984,19.999,49.902,1,-1,-1,-1
136,263,1579.244,549.162,42.239,118.215,1,-1,-1,-1
136,264,1066.155,519.522,19.977,49.405,1,-1,-1,-1
136,268,1389.785,534.725,23.465,57.349,1,-1,-1,-1
136,270,1077.801,520.097,20.297,53.005,1,-1,-1,-1
136,272,1036.013,510.003,20.274,47.094,1,-1,-1,-1
136,273,453.000,526.900,21.400,62.000,1,-1,-1,-1
136,274,503.900,535.600,19.900,64.400,1,-1,-1,-1
137,6,1816.271,677.953,110.225,295.333,1,-1,-1,-1
137,11,-6.115,621.462,46.125,154.699,1,-1,-1,-1
137,12,1700.596,561.057,61.293,115.483,1,-1,-1,-1
137,62,512.391,538.792,23.191,67.265,1,-1,-1,-1
137,74,422.371,531.895,23.172,66.577,1,-1,-1,-1
137,87,1252.352,535.071,32.436,80.326,1,-1,-1,-1
137,110,31.510,606.598,59.850,172.365,1,-1,-1,-1
137,165,147.897,581.641,45.789,131.521,1,-1,-1,-1
137,167,1406.794,525.915,24.170,65.804,1,-1,-1,-1
137,186,723.973,512.815,16.687,34.332,1,-1,-1,-1
137,204,1013.603,506.209,19.040,44.043,1,-1,-1,-1
137,219,1086.752,520.671,23.930,55.926,1,-1,-1,-1
137,248,1347.923,532.426,29.095,61.594,1,-1,-1,-1
137,262,1122.240,521.893,19.940,50.170,1,-1,-1,-1
137,263,1575.109,547.916,42.994,119.889,1,-1,-1,-1
137,266,1197.765,521.599,23.932,60.134,1,-1,-1,-1
137,268,1391.099,534.114,23.191,58.236,1,-1,-1,-1
137,269,1044.629,513.932,19.942,46.536,1,-1,-1,-1
137,270,1075.143,523.636,22.550,54.539,1,-1,-1,-1
137,273,460.401,526.913,21.496,60.973,1,-1,-1,-1
137,275,473.400,529.900,21.000,61.500,1,-1,-1,-1
138,6,1822.063,682.015,105.633,298.452,1,-1,-1,-1
138,12,1698.278,561.304,61.649,115.503,1,-1,-1,-1
138,62,507.692,539.240,23.278,67.255,1,-1,-1,-1
138,74,416.558,532.491,23.315,66.553,1,-1,-1,-1
138,87,1250.611,535.429,32.662,80.223,1,-1,-1,-1
138,110,17.500,606.301,61.371,173.131,1,-1,-1,-1
138,165,138.835,581.684,45.965,132.260,1,-1,-1,-1
138,167,1403.564,525.441,23.926,65.778,1,-1,-1,-1
138,186,717.417,511.545,16.302,33.886,1,-1,-1,-1
138,204,1010.037,506.302,19.032,43.928,1,-1,-1,-1
138,219,1083.245,520.320,23.979,55.925,1,-1,-1,-1
138,248,1343.582,532.034,29.049,61.500,1,-1,-1,-1
138,257,1194.750,521.049,24.341,59.792,1,-1,-1,-1
138,262,1130.102,520.903,19.805,49.516,1,-1,-1,-1
138,263,1571.192,548.460,43.092,119.480,1,-1,-1,-1
138,269,1049.794,517.698,19.287,45.073,1,-1,-1,-1
138,273,464.242,528.383,21.279,59.388,1,-1,-1,-1
138,275,480.960,531.753,21.879,61.994,1,-1,-1,-1
138,276,403.700,531.700,19.900,62.700,1,-1,-1,-1
138,277,1278.400,532.800,24.400,62.400,1,-1,-1,-1
139,6,1827.953,683.633,100.519,302.963,1,-1,-1,-1
139,12,1695.939,561.801,61.771,115.814,1,-1,-1,-1
139,62,502.349,538.390,23.646,67.625,1,-1,-1,-1
139,74,410.767,531.721,23.587,66.934,1,-1,-1,-1
139,87,1246.842,534.770,32.997,80.905,1,-1,-1,-1
139,110,5.888,606.920,61.157,174.196,1,-1,-1,-1
139,165,129.651,580.152,45.852,133.663,1,-1,-1,-1
139,167,1400.560,524.440,23.871,66.477,1,-1,-1,-1
139,186,712.263,510.767,15.684,33.575,1,-1,-1,-1
139,204,1006.450,506.148,18.913,43.808,1,-1,-1,-1
139,248,1341.293,530.643,29.095,62.162,1,-1,-1,-1
139,257,1191.969,520.532,24.248,59.975,1,-1,-1,-1
139,263,1567.210,549.329,43.340,119.746,1,-1,-1,-1
139,264,1076.796,520.387,22.579,54.809,1,-1,-1,-1
139,269,1057.601,521.663,19.076,45.038,1,-1,-1,-1
139,275,479.882,533.110,22.246,61.880,1,-1,-1,-1
139,278,1363.000,524.400,44.400,64.800,1,-1,-1,-1
140,6,1833.323,681.144,95.410,308.741,1,-1,-1,-1
140,12,1694.453,561.597,61.587,116.194,1,-1,-1,-1
140,62,496.811,537.879,23.695,67.985,1,-1,-1,-1
140,74,405.315,530.940,24.289,67.961,1,-1,-1,-1
140,87,1246.009,534.247,33.014,80.778,1,-1,-1,-1
140,110,-1.642,608.998,59.758,175.181,1,-1,-1,-1
140,165,120.352,580.339,46.291,134.806,1,-1,-1,-1
140,167,1397.415,524.006,23.944,67.228,1,-1,-1,-1
140,186,707.424,510.065,15.487,33.613,1,-1,-1,-1
140,204,1003.439,505.803,18.890,44.142,1,-1,-1,-1
140,219,1074.876,519.533,24.277,56.032,1,-1,-1,-1
140,248,1335.575,530.325,28.255,62.188,1,-1,-1,-1
140,257,1186.686,519.869,24.355,60.137,1,-1,-1,-1
140,263,1563.480,547.467,43.315,119.806,1,-1,-1,-1
140,269,1060.748,523.727,19.250,45.545,1,-1,-1,-1
140,277,1288.456,528.358,22.788,57.584,1,-1,-1,-1
140,278,1360.627,524.539,40.647,62.321,1,-1,-1,-1
140,279,1151.600,520.600,20.800,52.600,1,-1,-1,-1
141,6,1838.924,681.552,90.035,314.648,1,-1,-1,-1
141,12,1692.946,560.651,61.452,116.633,1,-1,-1,-1
141,62,492.116,537.734,23.815,68.525,1,-1,-1,-1
141,74,400.596,529.912,24.274,68.546,1,-1,-1,-1
141,87,1245.493,534.266,33.001,81.066,1,-1,-1,-1
141,110,-6.555,610.436,56.032,177.872,1,-1,-1,-1
141,165,112.487,581.143,46.862,136.123,1,-1,-1,-1
141,167,1392.540,523.008,24.669,68.189,1,-1,-1,-1
141,186,701.528,509.691,15.254,34.433,1,-1,-1,-1
141,204,999.844,504.934,19.134,44.701,1,-1,-1,-1
141,219,1071.249,519.208,24.269,56.046,1,-1,-1,-1
141,248,1333.585,528.340,27.938,62.253,1,-1,-1,-1
141,257,1181.648,519.347,24.865,60.883,1,-1,-1,-1
141,263,1560.477,546.615,43.285,120.242,1,-1,-1,-1
141,264,1084.402,520.517,22.848,54.965,1,-1,-1,-1
141,269,1059.682,522.945,19.944,47.239,1,-1,-1,-1
141,277,1290.443,527.276,22.762,57.079,1,-1,-1,-1
141,278,1353.203,529.029,31.466,55.565,1,-1,-1,-1
141,280,413.800,528.200,23.800,64.400,1,-1,-1,-1
141,281,1162.800,521.100,21.600,55.400,1,-1,-1,-1
141,282,446.400,526.100,43.300,67.200,1,-1,-1,-1
142,12,1691.806,559.040,60.779,117.278,1,-1,-1,-1
142,62,487.869,537.899,23.899,68.725,1,-1,-1,-1
142,74,395.148,529.714,24.756,69.016,1,-1,-1,-1
142,87,1245.099,533.403,32.965,81.599,1,-1,-1,-1
142,165,104.511,581.351,47.165,137.273,1,-1,-1,-1
142,167,1388.048,522.761,25.128,67.956,1,-1,-1,-1
142,186,700.306,509.239,15.176,34.517,1,-1,-1,-1
142,204,996.537,504.354,19.500,44.897,1,-1,-1,-1
142,219,1069.910,519.367,24.237,56.089,1,-1,-1,-1
142,248,1331.539,528.595,27.542,61.975,1,-1,-1,-1
142,257,1174.793,519.828,24.541,60.076,1,-1,-1,-1
142,263,1557.662,545.638,43.134,120.270,1,-1,-1,-1
142,264,1087.055,520.372,22.356,54.098,1,-1,-1,-1
142,275,475.182,536.911,22.058,63.942,1,-1,-1,-1
142,276,409.988,527.118,21.223,70.564,1,-1,-1,-1
142,277,1293.928,528.846,22.493,56.398,1,-1,-1,-1
142,280,421.205,526.562,23.489,64.677,1,-1,-1,-1
142,281,1161.714,521.764,21.572,55.171,1,-1,-1,-1
142,282,438.391,525.816,43.620,67.767,1,-1,-1,-1
142,283,1188.500,522.400,25.100,59.000,1,-1,-1,-1
142,284,1360.200,527.800,25.900,59.700,1,-1,-1,-1
143,12,1690.305,559.155,59.983,117.641,1,-1,-1,-1
143,62,483.765,536.421,23.827,69.320,1,-1,-1,-1
143,74,390.827,528.831,24.835,69.683,1,-1,-1,-1
143,87,1243.124,533.600,33.026,82.507,1,-1,-1,-1
143,165,96.642,581.328,46.929,136.997,1,-1,-1,-1
143,167,1383.130,522.706,25.196,68.635,1,-1,-1,-1
143,204,993.631,503.747,19.851,45.100,1,-1,-1,-1
143,219,1067.720,519.413,24.065,55.676,1,-1,-1,-1
143,248,1332.431,527.894,26.825,62.299,1,-1,-1,-1
143,257,1171.220,520.054,24.345,59.689,1,-1,-1,-1
143,263,1554.202,546.437,43.294,120.053,1,-1,-1,-1
143,264,1091.969,521.412,21.707,52.582,1,-1,-1,-1
143,280,429.566,524.379,22.962,62.748,1,-1,-1,-1
143,281,1159.623,521.752,21.766,55.354,1,-1,-1,-1
143,282,438.625,528.645,31.028,58.157,1,-1,-1,-1
143,284,1358.673,530.898,24.055,59.704,1,-1,-1,-1
143,285,1202.800,523.800,26.700,59.300,1,-1,-1,-1
143,286,1028.300,511.600,18.100,47.200,1,-1,-1,-1
143,287,1008.000,505.700,21.100,47.700,1,-1,-1,-1
144,12,1688.082,560.235,59.658,118.716,1,-1,-1,-1
144,62,478.383,537.730,23.742,68.857,1,-1,-1,-1
144,74,386.169,529.517,24.917,70.035,1,-1,-1,-1
144,87,1240.923,534.030,32.958,83.243,1,-1,-1,-1
144,165,87.403,582.221,47.089,137.246,1,-1,-1,-1
144,167,1379.295,523.546,24.980,69.780,1,-1,-1,-1
144,204,990.670,503.472,19.888,45.471,1,-1,-1,-1
144,219,1064.827,519.956,24.210,56.032,1,-1,-1,-1
144,248,1332.315,527.577,26.548,63.649,1,-1,-1,-1
144,257,1169.374,521.346,24.086,59.501,1,-1,-1,-1
144,263,1550.239,547.392,43.761,120.749,1,-1,-1,-1
144,264,1095.515,521.060,21.325,52.015,1,-1,-1,-1
144,281,1158.166,522.989,21.654,55.338,1,-1,-1,-1
144,282,430.817,531.033,25.563,53.357,1,-1,-1,-1
144,283,1191.606,523.358,25.688,59.184,1,-1,-1,-1
144,284,1359.978,531.417,24.355,62.419,1,-1,-1,-1
144,285,1212.265,527.178,27.468,61.343,1,-1,-1,-1
144,286,1033.404,515.690,18.891,49.219,1,-1,-1,-1
144,287,1016.901,508.527,19.896,45.946,1,-1,-1,-1
144,288,448.700,530.400,22.400,62.200,1,-1,-1,-1
145,12,1686.437,562.117,58.655,119.904,1,-1,-1,-1
145,62,473.923,538.564,23.707,68.127,1,-1,-1,-1
145,74,380.381,529.035,24.975,69.877,1,-1,-1,-1
145,87,1237.240,534.846,32.824,82.076,1,-1,-1,-1
145,165,78.496,580.357,47.654,138.291,1,-1,-1,-1
145,167,1375.004,523.592,25.086,70.164,1,-1,-1,-1
145,204,987.807,503.677,19.890,45.985,1,-1,-1,-1
145,219,1061.343,521.596,24.140,56.238,1,-1,-1,-1
145,248,1330.995,527.177,26.421,63.949,1,-1,-1,-1
145,257,1165.194,522.314,23.930,59.454,1,-1,-1,-1
145,263,1546.254,548.019,44.477,122.341,1,-1,-1,-1
145,264,1095.870,521.308,20.778,51.499,1,-1,-1,-1
145,280,436.538,527.856,22.596,62.055,1,-1,-1,-1
145,283,1190.524,524.232,24.958,58.358,1,-1,-1,-1
145,286,1040.281,519.962,19.714,52.193,1,-1,-1,-1
145,287,1028.429,516.310,20.217,47.831,1,-1,-1,-1
145,288,453.068,532.887,22.163,61.925,1,-1,-1,-1
145,289,1207.700,527.200,25.600,59.200,1,-1,-1,-1
145,290,998.100,506.300,21.700,50.000,1,-1,-1,-1
146,12,1684.703,562.623,57.557,120.371,1,-1,-1,-1
146,62,469.825,538.188,23.735,68.042,1,-1,-1,-1
146,74,375.910,528.105,24.991,70.254,1,-1,-1,-1
146,87,1234.884,533.076,31.568,81.076,1,-1,-1,-1
146,165,69.898,579.783,47.618,138.888,1,-1,-1,-1
146,167,1371.754,523.388,24.912,70.283,1,-1,-1,-1
146,204,985.090,503.666,19.918,46.365,1,-1,-1,-1
146,219,1059.926,520.850,24.175,56.560,1,-1,-1,-1
146,248,1327.092,527.643,25.951,64.342,1,-1,-1,-1
146,257,1161.554,520.822,23.779,60.065,1,-1,-1,-1
146,263,1542.055,548.370,44.646,122.511,1,-1,-1,-1
146,264,1100.264,520.860,20.827,51.729,1,-1,-1,-1
146,277,1314.050,532.304,23.454,60.509,1,-1,-1,-1
146,280,439.620,530.319,23.189,62.307,1,-1,-1,-1
146,283,1195.906,521.286,24.303,58.677,1,-1,-1,-1
146,286,1044.960,520.390,20.042,53.808,1,-1,-1,-1
146,287,1034.207,518.195,20.703,50.110,1,-1,-1,-1
146,288,457.367,535.120,22.348,63.665,1,-1,-1,-1
146,289,1209.723,524.427,25.453,60.646,1,-1,-1,-1
147,12,1683.072,565.584,55.627,120.082,1,-1,-1,-1
147,62,464.505,539.536,23.562,67.757,1,-1,-1,-1
147,74,370.213,527.221,25.113,70.535,1,-1,-1,-1
147,165,61.017,581.764,48.027,138.527,1,-1,-1,-1
147,167,1367.840,524.906,25.310,70.325,1,-1,-1,-1
147,204,981.137,504.529,19.987,46.284,1,-1,-1,-1
147,219,1058.090,521.332,23.975,56.905,1,-1,-1,-1
147,248,1326.774,528.161,26.032,64.470,1,-1,-1,-1
147,257,1162.029,521.451,23.871,60.587,1,-1,-1,-1
147,263,1536.100,550.126,45.726,121.759,1,-1,-1,-1
147,264,1105.941,520.491,20.523,51.900,1,-1,-1,-1
147,277,1315.169,531.971,23.187,60.068,1,-1,-1,-1
147,280,441.599,534.256,23.590,63.532,1,-1,-1,-1
147,283,1190.466,521.388,24.135,58.979,1,-1,-1,-1
147,286,1048.919,521.355,20.740,55.868,1,-1,-1,-1
147,290,1005.264,509.482,20.071,46.636,1,-1,-1,-1
147,291,396.000,524.400,23.900,67.300,1,-1,-1,-1
147,292,408.500,523.000,44.300,71.600,1,-1,-1,-1
147,293,1226.400,528.700,20.900,62.700,1,-1,-1,-1
148,12,1682.048,566.317,54.273,120.140,1,-1,-1,-1
148,62,459.097,540.052,23.738,67.690,1,-1,-1,-1
148,74,364.237,528.164,25.421,70.890,1,-1,-1,-1
148,165,52.847,583.487,48.076,138.753,1,-1,-1,-1
148,167,1363.479,525.029,26.183,70.450,1,-1,-1,-1
148,204,978.268,505.234,20.100,46.676,1,-1,-1,-1
148,219,1055.751,521.490,23.911,57.138,1,-1,-1,-1
148,248,1331.252,527.338,26.640,64.861,1,-1,-1,-1
148,257,1162.494,520.624,23.772,60.489,1,-1,-1,-1
148,263,1530.956,550.310,47.045,121.498,1,-1,-1,-1
148,264,1110.140,521.279,20.378,52.369,1,-1,-1,-1
148,277,1319.070,530.518,23.141,60.439,1,-1,-1,-1
148,283,1184.697,521.174,23.681,58.702,1,-1,-1,-1
148,290,1012.752,513.621,19.508,44.945,1,-1,-1,-1
148,291,394.841,525.120,24.719,67.860,1,-1,-1,-1
148,294,381.500,526.800,21.100,72.000,1,-1,-1,-1
149,12,1680.282,566.606,52.928,120.301,1,-1,-1,-1
149,62,453.366,540.160,23.841,68.081,1,-1,-1,-1
149,74,359.370,529.712,25.400,71.318,1,-1,-1,-1
149,165,43.563,583.541,48.344,140.250,1,-1,-1,-1
149,167,1357.646,523.982,27.555,71.623,1,-1,-1,-1
149,204,974.472,505.717,20.098,46.979,1,-1,-1,-1
149,219,1049.871,521.205,24.260,57.512,1,-1,-1,-1
149,248,1333.952,524.160,27.619,67.412,1,-1,-1,-1
149,257,1159.581,519.783,23.907,60.651,1,-1,-1,-1
149,263,1523.687,550.887,48.793,121.419,1,-1,-1,-1
149,264,1117.209,520.955,20.656,53.354,1,-1,-1,-1
149,277,1321.613,529.213,23.353,60.821,1,-1,-1,-1
149,283,1185.992,520.534,23.098,58.025,1,-1,-1,-1
149,290,1021.945,520.892,19.101,44.384,1,-1,-1,-1
149,291,398.810,526.845,23.939,65.656,1,-1,-1,-1
149,292,430.598,539.233,27.903,58.833,1,-1,-1,-1
149,295,1203.400,524.500,21.800,56.700,1,-1,-1,-1
150,12,1678.045,566.006,51.507,120.307,1,-1,-1,-1
150,62,448.146,540.794,24.221,68.722,1,-1,-1,-1
150,74,353.616,530.529,25.518,71.142,1,-1,-1,-1
150,165,33.251,585.619,48.663,140.372,1,-1,-1,-1
150,167,1353.009,522.777,28.612,72.687,1,-1,-1,-1
150,204,970.474,505.093,20.208,47.266,1,-1,-1,-1
150,219,1046.865,520.280,24.171,57.578,1,-1,-1,-1
150,257,1152.737,519.243,24.121,60.896,1,-1,-1,-1
150,263,1517.781,550.751,49.865,121.357,1,-1,-1,-1
150,264,1126.664,521.174,21.296,55.363,1,-1,-1,-1
150,277,1321.174,527.088,22.960,60.891,1,-1,-1,-1
150,283,1189.248,519.668,22.437,57.381,1,-1,-1,-1
150,290,1025.331,522.867,19.364,45.646,1,-1,-1,-1
150,291,399.659,527.729,24.815,67.619,1,-1,-1,-1
150,296,430.500,533.900,23.700,68.900,1,-1,-1,-1
151,12,1674.732,564.982,51.072,119.976,1,-1,-1,-1
151,62,441.879,542.412,24.383,68.474,1,-1,-1,-1
151,74,347.203,532.766,26.071,70.728,1,-1,-1,-1
151,165,22.344,587.055,49.091,142.918,1,-1,-1,-1
151,167,1347.402,522.147,29.659,73.685,1,-1,-1,-1
151,204,966.580,505.454,20.526,48.196,1,-1,-1,-1
151,219,1039.627,520.776,23.991,57.531,1,-1,-1,-1
151,257,1152.278,520.026,24.126,60.979,1,-1,-1,-1
151,263,1513.132,551.818,50.588,120.980,1,-1,-1,-1
151,264,1130.092,521.249,21.869,56.625,1,-1,-1,-1
151,277,1318.108,527.397,22.895,61.233,1,-1,-1,-1
151,290,1024.806,524.843,20.538,48.127,1,-1,-1,-1
151,291,408.332,534.159,23.866,64.871,1,-1,-1,-1
151,294,385.514,526.845,27.772,74.210,1,-1,-1,-1
151,295,1197.355,521.495,21.190,56.911,1,-1,-1,-1
151,297,1058.300,522.400,21.200,53.400,1,-1,-1,-1
151,298,985.300,508.600,19.400,52.100,1,-1,-1,-1
152,12,1670.937,564.462,50.837,120.219,1,-1,-1,-1
152,62,435.228,543.398,23.981,68.656,1,-1,-1,-1
152,74,341.076,533.448,26.506,71.404,1,-1,-1,-1
152,165,11.665,588.305,49.644,145.021,1,-1,-1,-1
152,167,1341.392,521.545,30.645,74.717,1,-1,-1,-1
152,204,962.469,505.364,20.326,48.408,1,-1,-1,-1
152,219,1036.726,521.269,23.918,57.747,1,-1,-1,-1
152,257,1145.492,520.683,24.159,61.210,1,-1,-1,-1
152,263,1508.813,550.852,50.430,120.810,1,-1,-1,-1
152,264,1129.857,521.587,22.084,57.293,1,-1,-1,-1
152,277,1316.049,525.390,23.273,61.383,1,-1,-1,-1
152,290,1024.561,525.404,21.603,50.676,1,-1,-1,-1
152,291,415.852,538.890,23.808,65.081,1,-1,-1,-1
152,297,1063.819,521.152,21.362,53.595,1,-1,-1,-1
152,298,982.279,507.018,20.144,50.764,1,-1,-1,-1
152,299,362.000,528.800,25.700,73.400,1,-1,-1,-1
152,300,996.900,514.900,18.700,49.900,1,-1,-1,-1
153,12,1667.607,562.672,50.503,120.605,1,-1,-1,-1
153,62,429.889,543.543,24.180,68.564,1,-1,-1,-1
153,74,334.599,533.549,26.902,71.554,1,-1,-1,-1
153,165,2.194,591.298,48.863,144.885,1,-1,-1,-1
153,167,1337.110,522.222,30.659,74.008,1,-1,-1,-1
153,204,958.752,504.547,20.353,48.935,1,-1,-1,-1
153,219,1034.117,520.921,23.862,57.846,1,-1,-1,-1
153,257,1149.768,519.829,23.689,61.214,1,-1,-1,-1
153,263,1502.744,549.935,50.152,120.324,1,-1,-1,-1
153,264,1137.452,520.934,22.540,58.932,1,-1,-1,-1
153,277,1313.448,526.075,24.323,61.939,1,-1,-1,-1
153,290,1020.389,525.277,22.135,52.037,1,-1,-1,-1
153,297,1062.131,519.941,20.880,52.965,1,-1,-1,-1
153,299,361.877,527.981,24.446,68.839,1,-1,-1,-1
153,300,993.040,513.210,20.020,50.579,1,-1,-1,-1
153,301,1004.700,518.400,19.700,52.100,1,-1,-1,-1
153,302,408.600,536.900,24.300,65.000,1,-1,-1,-1
154,12,1664.918,562.311,49.405,120.234,1,-1,-1,-1
154,62,422.578,544.270,24.132,68.327,1,-1,-1,-1
154,74,328.456,534.641,26.614,71.691,1,-1,-1,-1
154,165,-3.026,592.137,45.870,146.128,1,-1,-1,-1
154,167,1330.838,522.823,30.640,73.829,1,-1,-1,-1
154,204,953.769,504.837,20.426,49.299,1,-1,-1,-1
154,219,1029.091,520.563,23.773,58.457,1,-1,-1,-1
154,257,1153.027,519.273,23.252,60.763,1,-1,-1,-1
154,263,1497.832,550.933,49.208,119.602,1,-1,-1,-1
154,277,1314.110,526.086,25.584,63.584,1,-1,-1,-1
154,298,968.298,505.872,21.200,52.502,1,-1,-1,-1
154,299,365.209,531.547,24.281,68.117,1,-1,-1,-1
154,301,1012.058,520.693,20.483,55.812,1,-1,-1,-1
154,303,1128.500,520.600,24.300,63.200,1,-1,-1,-1
154,304,1073.100,518.700,21.000,54.400,1,-1,-1,-1
154,305,345.200,529.300,25.600,75.000,1,-1,-1,-1
154,306,313.400,537.900,19.400,64.000,1,-1,-1,-1
155,12,1661.793,561.382,48.466,119.846,1,-1,-1,-1
155,62,416.472,544.533,24.399,68.101,1,-1,-1,-1
155,74,320.985,536.046,26.567,71.689,1,-1,-1,-1
155,165,-5.484,587.095,42.616,149.069,1,-1,-1,-1
155,167,1324.105,522.047,30.348,73.607,1,-1,-1,-1
155,204,949.288,504.622,20.646,49.691,1,-1,-1,-1
155,219,1023.943,519.365,23.846,58.976,1,-1,-1,-1
155,257,1158.539,519.296,22.931,60.258,1,-1,-1,-1
155,263,1492.059,549.293,49.048,120.417,1,-1,-1,-1
155,294,392.287,534.728,25.964,70.568,1,-1,-1,-1
155,299,366.721,534.660,23.462,67.244,1,-1,-1,-1
155,300,981.051,507.830,20.493,50.245,1,-1,-1,-1
155,303,1127.006,519.850,23.888,63.200,1,-1,-1,-1
155,304,1084.202,518.793,21.094,54.614,1,-1,-1,-1
155,307,1200.700,521.000,19.600,56.700,1,-1,-1,-1
156,12,1657.411,556.894,48.339,122.291,1,-1,-1,-1
156,62,410.488,546.906,24.484,68.269,1,-1,-1,-1
156,74,324.242,534.581,26.484,72.383,1,-1,-1,-1
156,204,945.236,505.168,20.579,49.622,1,-1,-1,-1
156,219,1017.841,518.858,23.586,59.079,1,-1,-1,-1
156,263,1486.855,547.330,48.451,121.574,1,-1,-1,-1
156,277,1317.408,524.935,26.972,67.175,1,-1,-1,-1
156,294,389.359,540.016,24.264,66.574,1,-1,-1,-1
156,299,372.967,538.604,22.057,64.243,1,-1,-1,-1
156,303,1123.086,519.889,23.810,62.751,1,-1,-1,-1
156,304,1092.303,520.571,22.110,56.823,1,-1,-1,-1
156,305,353.238,532.119,29.722,73.463,1,-1,-1,-1
156,306,312.264,534.574,26.471,76.552,1,-1,-1,-1
156,307,1196.035,518.604,20.231,58.093,1,-1,-1,-1
156,308,1173.400,516.500,22.400,58.500,1,-1,-1,-1
156,309,987.600,515.900,20.100,47.600,1,-1,-1,-1
157,12,1652.552,548.145,49.508,127.919,1,-1,-1,-1
157,62,404.374,548.635,23.942,67.686,1,-1,-1,-1
157,167,1312.340,520.583,29.963,73.736,1,-1,-1,-1
157,204,940.037,505.513,20.612,49.575,1,-1,-1,-1
157,219,1014.556,519.367,23.643,58.890,1,-1,-1,-1
157,263,1481.461,547.109,48.180,122.410,1,-1,-1,-1
157,294,385.587,543.704,23.579,64.718,1,-1,-1,-1
157,299,373.206,541.655,21.887,62.602,1,-1,-1,-1
157,303,1121.466,520.647,23.528,61.291,1,-1,-1,-1
157,304,1097.464,522.365,22.514,58.312,1,-1,-1,-1
157,306,307.126,536.661,27.075,75.716,1,-1,-1,-1
157,307,1198.482,521.760,20.753,60.992,1,-1,-1,-1
157,308,1174.824,517.200,21.152,56.101,1,-1,-1,-1
157,309,992.952,519.515,20.595,49.269,1,-1,-1,-1
157,310,340.700,534.400,24.100,69.700,1,-1,-1,-1
157,311,1281.800,522.600,22.500,60.300,1,-1,-1,-1
158,62,398.326,550.538,24.176,67.605,1,-1,-1,-1
158,167,1309.167,520.983,29.412,73.685,1,-1,-1,-1
158,204,936.111,505.594,20.861,49.778,1,-1,-1,-1
158,219,1012.100,520.091,23.656,58.804,1,-1,-1,-1
158,263,1476.925,546.499,48.335,122.417,1,-1,-1,-1
158,299,377.022,544.896,23.009,64.093,1,-1,-1,-1
158,303,1120.256,520.231,24.360,62.625,1,-1,-1,-1
158,304,1102.824,521.562,23.029,59.715,1,-1,-1,-1
158,305,356.237,536.159,30.187,71.188,1,-1,-1,-1
158,306,302.530,538.383,26.504,74.631,1,-1,-1,-1
158,307,1195.582,523.159,21.542,62.959,1,-1,-1,-1
158,309,993.147,521.428,21.147,50.390,1,-1,-1,-1
158,310,336.538,535.218,24.625,69.465,1,-1,-1,-1
158,311,1287.756,522.000,21.687,59.800,1,-1,-1,-1
158,312,1027.800,521.300,22.100,56.300,1,-1,-1,-1
159,62,392.063,552.251,23.881,66.915,1,-1,-1,-1
159,74,312.167,536.228,27.228,73.348,1,-1,-1,-1
159,167,1304.016,520.852,28.983,73.430,1,-1,-1,-1
159,204,932.420,505.232,20.651,49.652,1,-1,-1,-1
159,219,1008.694,519.694,23.497,58.675,1,-1,-1,-1
159,263,1471.512,545.234,47.660,121.946,1,-1,-1,-1
159,300,956.925,509.083,19.632,50.369,1,-1,-1,-1
159,304,1111.647,520.582,24.231,62.446,1,-1,-1,-1
159,305,355.498,541.415,38.333,71.318,1,-1,-1,-1
159,306,295.792,539.539,26.381,75.127,1,-1,-1,-1
159,307,1191.194,521.742,21.848,61.768,1,-1,-1,-1
159,309,991.182,520.771,21.500,51.602,1,-1,-1,-1
159,310,332.076,537.603,24.808,69.577,1,-1,-1,-1
159,311,1285.999,521.064,23.502,62.607,1,-1,-1,-1
159,312,1036.625,519.235,21.949,55.630,1,-1,-1,-1
160,62,386.388,553.917,23.749,67.243,1,-1,-1,-1
160,167,1297.327,521.917,29.396,73.655,1,-1,-1,-1
160,204,928.216,505.775,20.553,49.670,1,-1,-1,-1
160,219,1005.553,520.066,23.521,58.753,1,-1,-1,-1
160,263,1465.777,545.279,47.433,122.104,1,-1,-1,-1
160,300,954.991,510.370,19.832,50.248,1,-1,-1,-1
160,303,1113.222,520.073,24.910,63.812,1,-1,-1,-1
160,305,346.270,543.251,43.628,71.716,1,-1,-1,-1
160,306,289.797,541.487,26.662,75.782,1,-1,-1,-1
160,307,1184.359,520.408,22.290,62.318,1,-1,-1,-1
160,309,987.106,521.020,22.010,52.917,1,-1,-1,-1
160,310,328.207,539.876,24.409,69.419,1,-1,-1,-1
160,313,1033.000,519.800,21.100,55.500,1,-1,-1,-1
161,62,381.236,554.932,23.733,67.327,1,-1,-1,-1
161,74,298.533,539.384,27.695,73.583,1,-1,-1,-1
161,167,1291.931,521.620,30.166,73.836,1,-1,-1,-1
161,204,925.083,505.334,20.513,49.984,1,-1,-1,-1
161,219,1003.674,519.986,23.314,58.765,1,-1,-1,-1
161,263,1460.558,546.724,46.893,122.136,1,-1,-1,-1
161,303,1109.638,519.681,24.991,63.468,1,-1,-1,-1
161,305,342.713,544.734,36.233,67.198,1,-1,-1,-1
161,306,283.198,541.642,27.475,77.023,1,-1,-1,-1
161,307,1181.671,520.033,22.685,62.988,1,-1,-1,-1
161,309,987.128,520.781,22.494,54.347,1,-1,-1,-1
161,310,319.675,538.044,29.396,74.596,1,-1,-1,-1
161,313,1041.984,520.181,21.529,55.637,1,-1,-1,-1
161,314,961.800,512.700,19.700,51.100,1,-1,-1,-1
161,315,1067.000,519.800,43.200,60.400,1,-1,-1,-1
162,62,376.241,554.488,23.775,67.389,1,-1,-1,-1
162,74,302.147,539.801,27.415,72.985,1,-1,-1,-1
162,167,1285.760,522.377,29.886,72.816,1,-1,-1,-1
162,204,921.697,505.462,20.901,50.419,1,-1,-1,-1
162,219,999.935,520.612,23.313,59.545,1,-1,-1,-1
162,263,1455.777,548.510,46.406,121.840,1,-1,-1,-1
162,300,938.765,507.118,20.583,51.346,1,-1,-1,-1
162,303,1105.401,519.475,25.022,63.707,1,-1,-1,-1
162,304,1126.108,518.834,24.356,62.277,1,-1,-1,-1
162,305,342.632,546.922,31.417,64.142,1,-1,-1,-1
162,306,277.071,541.934,27.775,77.048,1,-1,-1,-1
162,307,1178.897,520.208,22.395,62.632,1,-1,-1,-1
162,309,978.489,519.553,22.083,55.155,1,-1,-1,-1
162,310,318.999,539.091,31.078,75.001,1,-1,-1,-1
162,315,1067.728,519.700,42.243,59.500,1,-1,-1,-1
162,316,1039.000,520.700,21.600,54.600,1,-1,-1,-1
163,62,371.041,555.833,23.781,67.787,1,-1,-1,-1
163,74,304.613,540.003,27.122,73.110,1,-1,-1,-1
163,167,1276.111,521.205,30.162,73.647,1,-1,-1,-1
163,204,917.803,505.725,20.901,49.952,1,-1,-1,-1
163,219,995.778,520.285,23.334,59.985,1,-1,-1,-1
163,263,1450.693,549.464,46.358,121.308,1,-1,-1,-1
163,303,1102.286,519.220,25.032,63.818,1,-1,-1,-1
163,304,1133.211,516.039,24.249,61.082,1,-1,-1,-1
163,305,347.610,551.365,28.602,62.756,1,-1,-1,-1
163,306,270.571,544.300,27.286,75.417,1,-1,-1,-1
163,307,1171.965,518.813,21.884,62.300,1,-1,-1,-1
163,309,981.560,520.348,22.176,56.881,1,-1,-1,-1
163,313,1050.815,520.892,21.517,55.133,1,-1,-1,-1
163,315,1062.032,519.451,43.408,60.309,1,-1,-1,-1
163,317,338.500,545.100,23.500,66.800,1,-1,-1,-1
163,318,948.900,511.000,20.600,46.600,1,-1,-1,-1
163,319,1183.300,524.800,24.000,63.200,1,-1,-1,-1
163,320,1254.600,522.100,23.600,63.600,1,-1,-1,-1
164,62,365.595,555.894,23.975,67.473,1,-1,-1,-1
164,74,302.277,540.568,26.982,72.404,1,-1,-1,-1
164,167,1272.557,521.533,30.130,73.264,1,-1,-1,-1
164,204,915.068,505.399,20.788,49.640,1,-1,-1,-1
164,219,990.003,519.016,22.955,59.952,1,-1,-1,-1
164,263,1445.569,549.501,46.456,120.380,1,-1,-1,-1
164,303,1099.539,519.020,24.917,63.603,1,-1,-1,-1
164,304,1140.566,515.101,23.786,59.421,1,-1,-1,-1
164,306,265.109,545.090,26.830,74.528,1,-1,-1,-1
164,307,1170.832,517.558,21.485,62.362,1,-1,-1,-1
164,313,1059.988,520.550,21.978,55.593,1,-1,-1,-1
164,317,321.333,541.167,41.836,75.466,1,-1,-1,-1
164,318,953.534,511.352,20.531,47.096,1,-1,-1,-1
164,319,1183.634,526.177,24.032,64.046,1,-1,-1,-1
164,320,1254.868,521.585,23.064,62.529,1,-1,-1,-1
164,321,282.800,541.000,28.000,72.800,1,-1,-1,-1
164,322,253.300,545.500,21.900,68.600,1,-1,-1,-1
165,62,360.473,557.099,23.925,66.633,1,-1,-1,-1
165,74,297.511,541.469,26.632,71.636,1,-1,-1,-1
165,167,1269.299,521.012,30.110,73.564,1,-1,-1,-1
165,204,911.876,506.034,20.401,49.563,1,-1,-1,-1
165,219,987.280,519.214,22.871,59.293,1,-1,-1,-1
165,263,1440.736,549.125,46.065,118.905,1,-1,-1,-1
165,303,1095.069,519.756,25.129,63.512,1,-1,-1,-1
165,306,259.879,546.682,26.488,74.115,1,-1,-1,-1
165,307,1167.240,516.629,21.058,61.637,1,-1,-1,-1
165,313,1071.175,521.780,22.369,56.531,1,-1,-1,-1
165,314,960.005,517.896,20.590,48.908,1,-1,-1,-1
165,317,320.524,543.072,34.041,69.633,1,-1,-1,-1
165,319,1178.509,523.529,20.959,59.672,1,-1,-1,-1
165,320,1253.943,522.636,25.384,68.775,1,-1,-1,-1
165,321,278.940,547.019,24.121,66.761,1,-1,-1,-1
166,62,355.136,558.237,23.804,66.466,1,-1,-1,-1
166,74,294.451,542.342,25.907,71.485,1,-1,-1,-1
166,167,1264.824,521.787,30.065,73.561,1,-1,-1,-1
166,204,908.877,506.298,20.479,49.549,1,-1,-1,-1
166,219,984.648,519.863,22.752,59.008,1,-1,-1,-1
166,263,1436.126,548.894,45.590,118.848,1,-1,-1,-1
166,303,1091.165,519.320,25.390,63.242,1,-1,-1,-1
166,306,254.471,547.560,26.648,74.365,1,-1,-1,-1
166,307,1163.856,515.580,20.989,61.791,1,-1,-1,-1
166,313,1076.031,522.388,23.022,58.425,1,-1,-1,-1
166,314,959.602,518.320,20.779,48.752,1,-1,-1,-1
166,319,1178.162,521.459,19.360,56.081,1,-1,-1,-1
166,321,279.521,547.140,23.405,66.591,1,-1,-1,-1
166,323,574.100,520.800,13.800,32.700,1,-1,-1,-1
166,324,565.200,519.700,13.500,34.700,1,-1,-1,-1
166,325,556.400,518.000,12.000,35.800,1,-1,-1,-1
167,62,350.084,558.851,23.770,66.508,1,-1,-1,-1
167,167,1259.656,523.235,30.334,73.342,1,-1,-1,-1
167,204,906.499,505.720,20.482,49.783,1,-1,-1,-1
167,219,981.158,519.854,22.636,58.824,1,-1,-1,-1
167,263,1432.242,548.224,44.713,119.146,1,-1,-1,-1
167,303,1088.196,518.693,25.755,63.539,1,-1,-1,-1
167,306,247.721,547.585,26.888,74.777,1,-1,-1,-1
167,307,1160.207,515.955,21.210,62.336,1,-1,-1,-1
167,313,1075.500,522.026,23.631,59.969,1,-1,-1,-1
167,314,958.483,518.621,20.921,49.228,1,-1,-1,-1
167,315,1041.714,519.151,44.132,60.219,1,-1,-1,-1
167,317,309.742,547.755,26.559,61.868,1,-1,-1,-1
167,321,282.108,545.138,23.335,68.005,1,-1,-1,-1
167,323,572.571,519.969,13.658,32.662,1,-1,-1,-1
167,324,562.998,519.207,13.405,34.487,1,-1,-1,-1
167,325,555.568,517.604,12.164,35.391,1,-1,-1,-1
167,326,994.800,521.000,22.100,57.800,1,-1,-1,-1
167,327,266.700,546.000,26.700,71.200,1,-1,-1,-1
168,62,344.810,557.664,24.101,66.438,1,-1,-1,-1
168,74,291.544,541.907,28.024,71.546,1,-1,-1,-1
168,167,1253.601,521.772,29.812,73.034,1,-1,-1,-1
168,204,903.567,504.861,20.400,49.838,1,-1,-1,-1
168,219,977.676,519.387,22.635,58.830,1,-1,-1,-1
168,263,1428.549,545.981,44.441,120.694,1,-1,-1,-1
168,303,1084.840,518.220,26.246,63.602,1,-1,-1,-1
168,306,243.274,547.203,27.049,74.372,1,-1,-1,-1
168,307,1156.534,514.888,21.653,62.398,1,-1,-1,-1
168,314,959.335,519.285,21.466,50.490,1,-1,-1,-1
168,315,1040.445,519.520,42.969,59.066,1,-1,-1,-1
168,321,279.785,542.697,24.181,69.614,1,-1,-1,-1
168,323,571.031,518.211,13.727,33.349,1,-1,-1,-1
168,324,560.911,517.984,13.267,34.697,1,-1,-1,-1
168,325,551.694,516.930,12.482,36.482,1,-1,-1,-1
168,326,996.769,520.580,21.063,55.440,1,-1,-1,-1
168,328,319.200,550.300,23.600,62.300,1,-1,-1,-1
168,329,920.000,506.200,20.900,52.700,1,-1,-1,-1
169,62,339.987,557.491,24.347,66.917,1,-1,-1,-1
169,74,289.473,542.748,34.384,70.999,1,-1,-1,-1
169,167,1248.442,522.850,29.073,72.192,1,-1,-1,-1
169,204,900.463,505.028,20.204,50.111,1,-1,-1,-1
169,219,975.211,519.251,22.609,59.078,1,-1,-1,-1
169,263,1425.030,544.970,43.991,122.198,1,-1,-1,-1
169,303,1081.775,518.825,26.241,63.188,1,-1,-1,-1
169,306,237.845,547.673,26.513,73.909,1,-1,-1,-1
169,307,1152.391,515.279,22.046,62.908,1,-1,-1,-1
169,314,958.255,519.308,21.830,52.036,1,-1,-1,-1
169,315,1040.646,520.443,42.270,59.295,1,-1,-1,-1
169,323,568.533,517.565,13.946,34.180,1,-1,-1,-1
169,324,556.626,517.545,13.643,35.716,1,-1,-1,-1
169,325,545.269,519.239,13.550,37.437,1,-1,-1,-1
169,326,1004.167,520.476,20.930,54.707,1,-1,-1,-1
169,327,272.065,543.371,24.769,67.759,1,-1,-1,-1
169,328,320.487,552.334,24.125,63.832,1,-1,-1,-1
169,329,926.301,509.953,19.796,50.994,1,-1,-1,-1
169,330,912.100,505.900,22.300,53.600,1,-1,-1,-1
170,62,334.382,557.791,24.441,66.982,1,-1,-1,-1
170,74,287.706,542.466,33.011,71.367,1,-1,-1,-1
170,167,1244.675,521.885,28.505,72.139,1,-1,-1,-1
170,204,897.081,504.650,20.060,50.314,1,-1,-1,-1
170,219,973.714,518.764,22.646,59.455,1,-1,-1,-1
170,263,1421.408,544.347,43.874,122.870,1,-1,-1,-1
170,303,1077.728,518.100,26.190,63.237,1,-1,-1,-1
170,306,233.027,548.143,26.450,74.144,1,-1,-1,-1
170,307,1149.324,513.577,22.027,63.460,1,-1,-1,-1
170,314,960.549,519.720,22.588,53.914,1,-1,-1,-1
170,315,1041.135,519.678,42.381,59.607,1,-1,-1,-1
170,324,551.565,517.423,13.561,35.597,1,-1,-1,-1
170,325,542.052,520.398,13.936,37.247,1,-1,-1,-1
170,326,1011.499,519.520,21.248,55.174,1,-1,-1,-1
170,327,271.410,542.407,25.650,70.037,1,-1,-1,-1
170,329,927.630,508.932,19.698,50.930,1,-1,-1,-1
170,331,1024.900,519.000,21.400,55.400,1,-1,-1,-1
170,332,221.500,547.700,22.800,69.900,1,-1,-1,-1
171,62,329.932,557.454,24.508,66.695,1,-1,-1,-1
171,74,284.826,545.245,38.265,69.496,1,-1,-1,-1
171,167,1241.418,521.558,28.560,72.365,1,-1,-1,-1
171,204,894.496,504.429,20.153,50.807,1,-1,-1,-1
171,219,971.092,518.402,22.680,60.218,1,-1,-1,-1
171,263,1417.418,543.130,43.813,123.338,1,-1,-1,-1
171,303,1074.547,518.285,26.150,63.266,1,-1,-1,-1
171,306,228.566,548.553,26.244,74.169,1,-1,-1,-1
171,307,1146.465,512.010,21.786,63.631,1,-1,-1,-1
171,313,1096.618,517.707,25.052,62.063,1,-1,-1,-1
171,324,548.098,516.463,13.538,35.744,1,-1,-1,-1
171,325,539.136,520.636,14.103,36.933,1,-1,-1,-1
171,327,267.009,541.628,25.709,70.695,1,-1,-1,-1
171,329,933.268,512.951,20.033,51.865,1,-1,-1,-1
171,331,1021.866,518.291,21.370,55.718,1,-1,-1,-1
171,333,248.700,545.700,23.500,70.400,1,-1,-1,-1
171,334,1220.600,524.600,21.700,67.000,1,-1,-1,-1
172,62,325.716,557.802,24.255,66.645,1,-1,-1,-1
172,167,1238.210,521.272,28.737,72.452,1,-1,-1,-1
172,204,891.087,504.752,20.434,50.441,1,-1,-1,-1
172,219,966.635,518.077,22.645,60.691,1,-1,-1,-1
172,263,1412.325,541.549,44.326,123.486,1,-1,-1,-1
172,303,1071.449,518.204,25.817,63.129,1,-1,-1,-1
172,306,224.198,548.023,26.652,74.906,1,-1,-1,-1
172,307,1140.783,511.583,21.544,63.590,1,-1,-1,-1
172,313,1098.612,515.396,24.593,60.801,1,-1,-1,-1
172,315,1039.892,519.331,42.155,60.004,1,-1,-1,-1
172,324,547.581,517.006,13.544,35.746,1,-1,-1,-1
172,325,538.641,517.755,13.790,37.215,1,-1,-1,-1
172,326,1029.263,518.416,21.621,55.723,1,-1,-1,-1
172,327,263.923,541.142,25.135,70.949,1,-1,-1,-1
172,329,941.615,516.050,20.658,53.972,1,-1,-1,-1
172,330,910.223,506.417,21.555,50.266,1,-1,-1,-1
172,333,246.752,544.049,24.296,72.103,1,-1,-1,-1
172,334,1215.459,524.504,22.683,65.093,1,-1,-1,-1
172,335,1112.100,516.900,22.800,58.200,1,-1,-1,-1
172,336,1158.500,517.900,20.600,60.800,1,-1,-1,-1
172,337,526.200,512.900,12.700,40.600,1,-1,-1,-1
173,62,321.812,557.715,24.016,66.579,1,-1,-1,-1
173,167,1236.663,521.227,28.671,72.231,1,-1,-1,-1
173,204,888.985,505.048,20.611,50.151,1,-1,-1,-1
173,219,964.506,517.864,22.677,61.314,1,-1,-1,-1
173,263,1407.057,542.040,45.090,123.537,1,-1,-1,-1
173,303,1069.589,517.841,25.256,63.158,1,-1,-1,-1
173,306,218.029,547.784,26.954,75.017,1,-1,-1,-1
173,307,1139.521,512.148,21.166,63.732,1,-1,-1,-1
173,313,1103.933,513.896,24.273,59.851,1,-1,-1,-1
173,326,1032.797,518.377,22.180,56.199,1,-1,-1,-1
173,327,261.351,540.708,24.928,71.866,1,-1,-1,-1
173,329,949.290,517.928,20.998,56.094,1,-1,-1,-1
173,330,913.576,507.434,21.195,48.490,1,-1,-1,-1
173,333,243.000,542.774,25.594,73.898,1,-1,-1,-1
173,334,1213.218,526.810,24.265,70.521,1,-1,-1,-1
173,338,1183.100,541.900,28.800,81.400,1,-1,-1,-1
173,339,1199.300,538.400,23.600,80.600,1,-1,-1,-1
174,62,317.292,557.800,23.676,65.963,1,-1,-1,-1
174,74,276.249,544.858,32.088,68.737,1,-1,-1,-1
174,167,1234.365,520.626,28.650,71.623,1,-1,-1,-1
174,204,886.967,505.564,20.658,50.082,1,-1,-1,-1
174,219,961.236,518.000,22.668,61.576,1,-1,-1,-1
174,263,1401.479,542.173,46.437,124.145,1,-1,-1,-1
174,303,1066.702,517.889,25.236,63.333,1,-1,-1,-1
174,306,212.717,547.629,26.564,74.488,1,-1,-1,-1
174,307,1136.340,512.076,21.100,63.929,1,-1,-1,-1
174,326,1034.435,517.888,22.553,57.049,1,-1,-1,-1
174,330,917.535,508.169,20.819,47.525,1,-1,-1,-1
174,333,247.812,540.744,25.788,74.222,1,-1,-1,-1
174,334,1210.635,531.398,23.975,71.900,1,-1,-1,-1
174,335,1118.697,514.008,23.406,59.784,1,-1,-1,-1
175,62,313.024,557.323,23.759,66.331,1,-1,-1,-1
175,74,277.541,545.346,29.264,67.342,1,-1,-1,-1
175,167,1231.213,522.445,28.917,72.332,1,-1,-1,-1
175,204,884.814,505.417,20.718,49.694,1,-1,-1,-1
175,219,952.062,516.391,22.548,60.818,1,-1,-1,-1
175,263,1395.830,542.091,48.503,124.072,1,-1,-1,-1
175,303,1063.010,517.733,25.397,63.493,1,-1,-1,-1
175,306,209.675,547.405,26.215,73.798,1,-1,-1,-1
175,307,1132.576,512.716,21.512,64.788,1,-1,-1,-1
175,315,1026.885,519.178,32.637,55.881,1,-1,-1,-1
175,329,963.587,518.751,22.767,60.421,1,-1,-1,-1
175,330,920.213,509.666,20.522,46.710,1,-1,-1,-1
175,333,247.014,539.229,26.077,73.761,1,-1,-1,-1
175,336,1149.394,517.718,19.912,58.864,1,-1,-1,-1
176,62,307.665,557.327,24.154,67.124,1,-1,-1,-1
176,74,264.278,545.206,35.514,68.002,1,-1,-1,-1
176,167,1226.649,523.295,29.108,72.679,1,-1,-1,-1
176,204,882.415,505.784,20.512,49.547,1,-1,-1,-1
176,219,952.388,517.372,22.098,60.749,1,-1,-1,-1
176,263,1390.235,542.883,50.027,123.002,1,-1,-1,-1
176,303,1059.149,518.292,25.291,62.980,1,-1,-1,-1
176,306,204.152,548.280,25.620,73.680,1,-1,-1,-1
176,307,1130.384,513.570,22.184,65.481,1,-1,-1,-1
176,315,1015.000,519.787,36.631,56.602,1,-1,-1,-1
176,326,1039.055,519.290,22.635,58.160,1,-1,-1,-1
176,329,966.946,519.932,23.407,61.701,1,-1,-1,-1
176,330,923.494,512.155,20.390,46.112,1,-1,-1,-1
176,333,242.105,539.632,26.381,73.996,1,-1,-1,-1
176,336,1151.613,519.938,19.692,57.594,1,-1,-1,-1
176,337,519.783,516.147,12.733,39.206,1,-1,-1,-1
176,340,217.600,541.800,29.400,76.000,1,-1,-1,-1
176,341,188.500,549.200,21.300,67.800,1,-1,-1,-1
177,62,303.301,556.315,24.521,67.670,1,-1,-1,-1
177,74,256.195,545.085,39.995,68.109,1,-1,-1,-1
177,167,1222.973,523.465,29.814,73.959,1,-1,-1,-1
177,204,880.556,505.052,20.306,49.274,1,-1,-1,-1
177,219,947.842,516.991,22.101,60.150,1,-1,-1,-1
177,263,1385.676,544.136,50.685,122.011,1,-1,-1,-1
177,303,1055.067,518.796,25.336,62.861,1,-1,-1,-1
177,306,198.602,548.142,25.519,74.091,1,-1,-1,-1
177,313,1125.038,512.140,25.657,64.257,1,-1,-1,-1
177,315,1018.833,519.171,39.023,58.761,1,-1,-1,-1
177,329,966.612,519.774,23.589,62.753,1,-1,-1,-1
177,330,925.368,513.625,20.271,46.125,1,-1,-1,-1
177,333,238.566,538.138,27.138,75.593,1,-1,-1,-1
177,336,1155.080,518.891,20.438,58.390,1,-1,-1,-1
177,337,517.272,516.203,12.772,38.062,1,-1,-1,-1
177,340,218.571,545.023,25.058,69.554,1,-1,-1,-1
178,62,298.861,556.658,24.870,68.039,1,-1,-1,-1
178,167,1220.353,524.738,30.519,75.086,1,-1,-1,-1
178,204,878.761,505.225,20.183,49.181,1,-1,-1,-1
178,263,1383.451,545.236,51.052,121.703,1,-1,-1,-1
178,303,1052.803,518.759,25.433,63.015,1,-1,-1,-1
178,306,194.932,548.069,25.557,74.327,1,-1,-1,-1
178,307,1123.537,512.619,23.744,66.455,1,-1,-1,-1
178,326,1042.690,519.988,23.191,60.371,1,-1,-1,-1
178,330,926.520,515.274,20.562,46.979,1,-1,-1,-1
178,333,234.765,538.654,26.986,75.757,1,-1,-1,-1
178,336,1158.615,520.841,20.963,58.712,1,-1,-1,-1
178,340,221.041,545.187,23.929,68.662,1,-1,-1,-1
178,342,956.300,518.000,24.600,63.300,1,-1,-1,-1
178,343,1172.000,532.300,28.500,79.700,1,-1,-1,-1
179,62,295.042,556.785,25.020,68.760,1,-1,-1,-1
179,167,1215.474,525.820,31.441,75.866,1,-1,-1,-1
179,204,876.646,505.521,20.120,48.948,1,-1,-1,-1
179,263,1381.927,546.549,51.147,121.042,1,-1,-1,-1
179,303,1050.187,518.498,25.474,63.176,1,-1,-1,-1
179,306,190.155,547.985,25.754,74.438,1,-1,-1,-1
179,307,1117.977,513.346,25.220,68.020,1,-1,-1,-1
179,315,1028.090,520.298,32.871,57.689,1,-1,-1,-1
179,330,928.747,517.320,20.595,46.897,1,-1,-1,-1
179,333,231.828,538.571,26.444,75.187,1,-1,-1,-1
179,342,956.729,519.279,25.342,63.741,1,-1,-1,-1
179,343,1174.271,533.374,29.059,82.851,1,-1,-1,-1
179,344,207.400,544.400,26.400,72.500,1,-1,-1,-1
179,345,1066.500,517.400,26.400,62.700,1,-1,-1,-1
180,62,290.973,558.003,25.014,68.897,1,-1,-1,-1
180,167,1211.196,527.142,32.330,76.339,1,-1,-1,-1
180,204,874.797,506.448,20.214,49.060,1,-1,-1,-1
180,263,1378.824,548.199,51.157,120.444,1,-1,-1,-1
180,306,183.231,549.777,25.536,73.621,1,-1,-1,-1
180,307,1114.140,514.463,26.588,69.090,1,-1,-1,-1
180,326,1049.517,518.891,24.684,62.978,1,-1,-1,-1
180,330,929.493,518.027,20.778,47.472,1,-1,-1,-1
180,333,229.471,539.373,26.409,74.919,1,-1,-1,-1
180,336,1163.235,528.818,22.818,63.524,1,-1,-1,-1
180,342,952.851,518.587,25.756,63.513,1,-1,-1,-1
180,343,1174.445,533.807,30.233,85.404,1,-1,-1,-1
180,344,208.874,545.870,25.253,69.661,1,-1,-1,-1
180,345,1080.070,518.730,25.557,59.939,1,-1,-1,-1
181,62,286.888,558.963,25.176,69.306,1,-1,-1,-1
181,74,245.652,546.497,33.316,68.361,1,-1,-1,-1
181,167,1204.777,532.339,32.332,77.542,1,-1,-1,-1
181,204,871.402,506.254,20.456,49.734,1,-1,-1,-1
181,263,1376.375,548.323,50.833,120.625,1,-1,-1,-1
181,303,1045.341,519.351,25.529,63.618,1,-1,-1,-1
181,306,178.881,551.048,25.643,73.609,1,-1,-1,-1
181,307,1111.608,513.964,27.195,69.296,1,-1,-1,-1
181,330,932.021,518.926,21.196,49.325,1,-1,-1,-1
181,333,223.831,539.089,26.563,75.551,1,-1,-1,-1
181,336,1163.267,531.676,24.370,67.997,1,-1,-1,-1
181,337,506.551,516.441,13.039,37.623,1,-1,-1,-1
181,342,951.827,519.813,26.720,65.278,1,-1,-1,-1
181,343,1177.587,536.756,33.075,92.519,1,-1,-1,-1
181,344,197.587,545.066,27.697,75.791,1,-1,-1,-1
181,345,1083.416,518.938,24.838,59.236,1,-1,-1,-1
181,346,1612.800,557.300,46.300,121.100,1,-1,-1,-1
181,347,1132.300,517.000,26.600,68.100,1,-1,-1,-1
181,348,497.100,513.500,13.500,41.400,1,-1,-1,-1
182,62,282.439,559.410,25.462,70.056,1,-1,-1,-1
182,74,244.440,546.236,29.870,68.695,1,-1,-1,-1
182,167,1199.346,535.412,32.448,78.950,1,-1,-1,-1
182,204,869.097,506.389,20.209,49.435,1,-1,-1,-1
182,263,1374.261,547.315,50.401,120.769,1,-1,-1,-1
182,303,1043.063,520.632,25.131,63.628,1,-1,-1,-1
182,306,173.604,552.872,25.961,74.158,1,-1,-1,-1
182,307,1108.463,513.511,27.566,69.565,1,-1,-1,-1
182,330,931.623,518.929,21.680,50.720,1,-1,-1,-1
182,333,223.773,539.137,29.676,77.708,1,-1,-1,-1
182,336,1163.501,533.860,25.251,71.614,1,-1,-1,-1
182,337,505.691,517.371,13.208,37.375,1,-1,-1,-1
182,342,951.596,519.958,27.489,67.017,1,-1,-1,-1
182,343,1177.513,537.606,35.301,96.171,1,-1,-1,-1
182,345,1088.531,518.849,25.192,60.128,1,-1,-1,-1
182,346,1612.538,552.771,49.523,130.258,1,-1,-1,-1
182,347,1127.370,515.624,26.460,66.953,1,-1,-1,-1
182,348,497.240,514.181,13.720,41.539,1,-1,-1,-1
182,349,211.400,542.200,25.100,72.000,1,-1,-1,-1
182,350,263.300,552.600,25.000,70.800,1,-1,-1,-1
182,351,883.100,504.800,22.700,52.500,1,-1,-1,-1
182,352,1142.500,520.700,25.000,67.100,1,-1,-1,-1
183,62,276.854,559.174,25.765,71.448,1,-1,-1,-1
183,204,866.812,505.959,20.565,50.214,1,-1,-1,-1
183,263,1371.313,546.682,50.796,121.901,1,-1,-1,-1
183,303,1040.430,521.511,25.164,63.569,1,-1,-1,-1
183,306,168.335,553.749,26.223,74.808,1,-1,-1,-1
183,307,1104.748,513.261,28.323,70.010,1,-1,-1,-1
183,330,931.876,519.241,22.037,52.514,1,-1,-1,-1
183,342,947.884,519.255,27.226,67.408,1,-1,-1,-1
183,343,1172.690,537.034,37.716,101.463,1,-1,-1,-1
183,344,186.463,539.903,31.148,82.560,1,-1,-1,-1
183,346,1612.505,552.026,52.383,135.237,1,-1,-1,-1
183,348,496.243,514.609,13.955,41.712,1,-1,-1,-1
183,349,207.667,540.215,26.566,75.370,1,-1,-1,-1
183,351,887.067,505.318,22.365,53.064,1,-1,-1,-1
183,352,1146.749,526.915,27.100,70.967,1,-1,-1,-1
183,353,969.100,521.800,23.400,60.700,1,-1,-1,-1
184,62,272.190,560.146,25.916,71.718,1,-1,-1,-1
184,204,865.092,506.275,20.489,50.657,1,-1,-1,-1
184,263,1368.268,546.373,50.666,122.920,1,-1,-1,-1
184,303,1038.573,521.782,25.123,63.197,1,-1,-1,-1
184,306,164.336,554.569,26.345,74.887,1,-1,-1,-1
184,307,1102.997,513.887,29.179,70.365,1,-1,-1,-1
184,330,930.757,519.727,22.419,54.676,1,-1,-1,-1
184,342,944.845,519.149,27.145,67.417,1,-1,-1,-1
184,343,1170.182,537.379,39.657,104.818,1,-1,-1,-1
184,344,182.507,540.008,32.574,83.114,1,-1,-1,-1
184,346,1612.673,552.196,52.732,133.818,1,-1,-1,-1
184,348,494.545,514.124,15.079,42.404,1,-1,-1,-1
184,349,203.078,538.878,26.639,76.409,1,-1,-1,-1
184,351,892.833,507.496,21.633,52.001,1,-1,-1,-1
184,352,1143.244,524.749,27.206,70.048,1,-1,-1,-1
184,354,989.300,521.500,22.900,59.600,1,-1,-1,-1
185,62,268.070,562.059,25.949,72.423,1,-1,-1,-1
185,204,862.627,506.614,20.400,50.575,1,-1,-1,-1
185,263,1366.326,544.660,50.662,124.274,1,-1,-1,-1
185,303,1035.670,522.152,25.187,63.292,1,-1,-1,-1
185,306,159.933,555.761,26.487,74.743,1,-1,-1,-1
185,307,1098.438,514.212,29.790,70.383,1,-1,-1,-1
185,330,927.655,520.226,22.935,56.814,1,-1,-1,-1
185,342,938.215,520.304,26.435,66.523,1,-1,-1,-1
185,343,1168.448,537.229,41.028,106.514,1,-1,-1,-1
185,344,178.055,545.158,29.806,77.916,1,-1,-1,-1
185,346,1612.032,551.530,53.311,133.608,1,-1,-1,-1
185,347,1118.262,517.912,26.774,67.831,1,-1,-1,-1
185,348,491.185,514.767,15.569,42.260,1,-1,-1,-1
185,349,199.196,541.388,25.735,74.502,1,-1,-1,-1
185,352,1140.379,523.932,27.388,69.255,1,-1,-1,-1
185,354,997.214,520.665,23.871,61.969,1,-1,-1,-1
185,355,908.400,515.500,19.700,54.400,1,-1,-1,-1
186,62,263.632,562.228,25.941,72.722,1,-1,-1,-1
186,204,860.468,507.315,20.695,50.698,1,-1,-1,-1
186,263,1363.697,543.825,50.954,125.022,1,-1,-1,-1
186,303,1032.954,522.319,25.229,63.128,1,-1,-1,-1
186,306,155.494,555.898,27.049,75.073,1,-1,-1,-1
186,307,1094.091,514.583,30.431,70.603,1,-1,-1,-1
186,330,928.170,521.731,23.754,59.375,1,-1,-1,-1
186,343,1168.014,536.899,41.894,105.703,1,-1,-1,-1
186,344,177.333,545.223,28.629,76.049,1,-1,-1,-1
186,346,1611.818,552.073,53.013,131.506,1,-1,-1,-1
186,347,1119.960,518.378,26.269,66.761,1,-1,-1,-1
186,348,489.934,516.602,15.750,41.506,1,-1,-1,-1
186,349,197.608,542.865,25.756,75.352,1,-1,-1,-1
186,352,1136.207,521.755,26.878,68.117,1,-1,-1,-1
186,354,1010.408,522.830,23.788,61.729,1,-1,-1,-1
186,355,912.274,518.178,22.652,57.943,1,-1,-1,-1
186,356,1150.700,530.000,29.800,77.700,1,-1,-1,-1
186,357,874.000,509.200,22.300,51.700,1,-1,-1,-1
187,62,259.448,563.430,25.687,72.607,1,-1,-1,-1
187,204,858.429,507.712,20.993,50.930,1,-1,-1,-1
187,263,1361.382,543.293,51.052,125.414,1,-1,-1,-1
187,303,1030.301,522.025,25.344,63.047,1,-1,-1,-1
187,306,148.901,557.126,27.669,76.002,1,-1,-1,-1
187,307,1088.369,514.137,30.666,70.868,1,-1,-1,-1
187,330,925.980,521.521,24.038,60.754,1,-1,-1,-1
187,343,1169.009,534.970,43.232,105.563,1,-1,-1,-1
187,344,172.568,549.094,27.791,75.455,1,-1,-1,-1
187,346,1611.638,553.047,52.741,129.509,1,-1,-1,-1
187,347,1123.065,519.037,25.995,65.302,1,-1,-1,-1
187,348,484.982,518.215,15.755,40.569,1,-1,-1,-1
187,349,190.330,545.548,25.586,74.794,1,-1,-1,-1
187,352,1138.546,524.725,26.602,69.475,1,-1,-1,-1
187,357,879.697,511.379,22.104,50.243,1,-1,-1,-1
187,358,1008.600,522.500,24.800,62.700,1,-1,-1,-1
187,359,202.900,544.000,26.100,77.900,1,-1,-1,-1
187,360,1051.100,514.300,33.700,66.200,1,-1,-1,-1
187,361,470.000,517.700,13.900,39.700,1,-1,-1,-1
188,62,255.594,564.853,25.720,72.415,1,-1,-1,-1
188,204,856.180,508.454,20.823,50.476,1,-1,-1,-1
188,263,1359.831,545.487,50.755,125.150,1,-1,-1,-1
188,303,1028.220,521.636,25.369,62.838,1,-1,-1,-1
188,306,144.802,558.757,27.764,76.000,1,-1,-1,-1
188,307,1083.917,515.860,31.027,70.829,1,-1,-1,-1
188,343,1169.870,534.333,43.680,104.673,1,-1,-1,-1
188,344,163.179,552.325,27.509,76.511,1,-1,-1,-1
188,346,1610.461,553.176,53.324,129.317,1,-1,-1,-1
188,347,1123.548,519.444,26.189,65.302,1,-1,-1,-1
188,348,480.669,519.363,16.067,40.892,1,-1,-1,-1
188,349,186.210,547.805,26.190,75.352,1,-1,-1,-1
188,355,921.903,522.129,25.481,64.011,1,-1,-1,-1
188,357,881.471,513.791,21.475,47.942,1,-1,-1,-1
188,358,1006.409,523.077,24.383,61.546,1,-1,-1,-1
188,359,206.572,549.186,25.256,74.427,1,-1,-1,-1
188,360,1050.082,521.230,28.537,60.440,1,-1,-1,-1
188,361,472.290,517.953,14.719,40.895,1,-1,-1,-1
188,362,226.200,559.100,23.700,66.100,1,-1,-1,-1
189,62,251.119,566.139,25.524,72.110,1,-1,-1,-1
189,204,854.651,508.843,20.505,50.007,1,-1,-1,-1
189,263,1358.215,546.884,50.426,125.030,1,-1,-1,-1
189,303,1024.369,521.643,25.478,63.094,1,-1,-1,-1
189,306,141.080,560.609,27.691,76.092,1,-1,-1,-1
189,307,1079.257,516.540,31.456,70.945,1,-1,-1,-1
189,342,920.396,521.439,27.160,66.383,1,-1,-1,-1
189,343,1169.599,534.890,43.608,104.052,1,-1,-1,-1
189,344,163.138,557.735,26.945,74.166,1,-1,-1,-1
189,346,1609.648,552.706,54.173,130.564,1,-1,-1,-1
189,347,1123.582,521.058,25.781,65.421,1,-1,-1,-1
189,349,180.041,549.507,26.648,75.746,1,-1,-1,-1
189,357,886.290,516.102,21.485,47.339,1,-1,-1,-1
189,358,1008.283,524.064,24.211,60.984,1,-1,-1,-1
189,361,475.787,520.679,15.667,41.660,1,-1,-1,-1
189,363,1062.600,519.400,29.500,65.300,1,-1,-1,-1
190,62,247.428,566.987,25.354,72.073,1,-1,-1,-1
190,204,852.963,509.487,20.079,49.607,1,-1,-1,-1
190,263,1355.877,547.587,50.687,125.217,1,-1,-1,-1
190,303,1021.709,521.361,25.616,63.426,1,-1,-1,-1
190,306,136.948,561.512,27.608,76.123,1,-1,-1,-1
190,307,1077.484,516.978,31.794,71.133,1,-1,-1,-1
190,342,918.085,522.210,27.235,65.372,1,-1,-1,-1
190,343,1165.840,535.952,43.492,101.899,1,-1,-1,-1
190,344,156.629,557.945,25.965,74.243,1,-1,-1,-1
190,346,1607.552,552.276,55.922,132.425,1,-1,-1,-1
190,347,1125.422,522.864,25.148,65.161,1,-1,-1,-1
190,348,472.202,520.516,16.354,40.932,1,-1,-1,-1
190,349,175.217,551.049,26.936,77.447,1,-1,-1,-1
190,352,1137.339,529.993,26.803,73.703,1,-1,-1,-1
190,357,889.907,517.926,21.617,46.806,1,-1,-1,-1
190,358,1005.823,523.826,24.460,61.540,1,-1,-1,-1
191,62,242.193,567.328,25.479,72.492,1,-1,-1,-1
191,204,851.253,509.946,19.987,49.139,1,-1,-1,-1
191,263,1353.401,548.416,50.762,125.062,1,-1,-1,-1
191,303,1018.971,521.992,25.654,63.375,1,-1,-1,-1
191,306,131.151,564.009,27.400,75.682,1,-1,-1,-1
191,307,1074.822,517.457,31.690,70.555,1,-1,-1,-1
191,342,916.557,523.820,27.501,65.126,1,-1,-1,-1
191,343,1165.701,535.927,43.421,99.350,1,-1,-1,-1
191,346,1605.502,550.948,57.791,133.638,1,-1,-1,-1
191,347,1125.798,523.872,24.544,63.857,1,-1,-1,-1
191,348,469.528,521.503,16.089,40.225,1,-1,-1,-1
191,349,170.957,552.168,26.402,77.688,1,-1,-1,-1
191,352,1137.517,529.911,26.272,72.691,1,-1,-1,-1
191,357,892.930,519.109,21.492,46.426,1,-1,-1,-1
191,358,1005.551,524.947,24.456,61.232,1,-1,-1,-1
192,62,237.475,568.412,25.402,72.326,1,-1,-1,-1
192,204,849.782,509.858,19.920,48.881,1,-1,-1,-1
192,263,1350.949,548.332,51.067,125.128,1,-1,-1,-1
192,306,126.038,564.580,27.387,75.223,1,-1,-1,-1
192,307,1072.526,517.585,31.441,70.095,1,-1,-1,-1
192,342,914.092,523.034,27.577,65.000,1,-1,-1,-1
192,343,1168.050,534.117,40.526,96.451,1,-1,-1,-1
192,344,142.228,562.785,25.157,74.932,1,-1,-1,-1
192,346,1603.520,548.909,60.016,134.506,1,-1,-1,-1
192,347,1126.440,524.550,23.863,62.570,1,-1,-1,-1
192,348,465.211,521.571,16.650,39.901,1,-1,-1,-1
192,349,170.329,553.342,25.440,77.320,1,-1,-1,-1
192,357,894.415,519.342,21.302,46.258,1,-1,-1,-1
192,358,1005.658,523.678,24.876,61.888,1,-1,-1,-1
192,364,157.000,553.300,24.600,77.100,1,-1,-1,-1
192,365,1164.100,532.700,23.900,71.400,1,-1,-1,-1
193,62,232.720,570.001,25.264,72.011,1,-1,-1,-1
193,204,847.796,510.447,19.761,48.960,1,-1,-1,-1
193,263,1348.920,548.556,51.150,125.275,1,-1,-1,-1
193,306,121.335,565.611,27.218,75.703,1,-1,-1,-1
193,307,1069.924,517.940,31.368,69.809,1,-1,-1,-1
193,342,911.840,524.008,28.177,65.216,1,-1,-1,-1
193,343,1166.384,533.637,38.751,96.308,1,-1,-1,-1
193,344,138.050,564.495,25.488,74.129,1,-1,-1,-1
193,346,1602.945,548.586,61.814,135.825,1,-1,-1,-1
193,347,1125.786,524.393,23.478,62.391,1,-1,-1,-1
193,348,461.318,522.116,16.810,39.820,1,-1,-1,-1
193,349,167.727,552.631,24.829,78.073,1,-1,-1,-1
193,352,1136.804,528.232,25.128,71.192,1,-1,-1,-1
193,357,897.531,522.711,21.590,48.074,1,-1,-1,-1
193,358,1005.406,524.505,25.278,62.064,1,-1,-1,-1
193,364,152.580,554.955,25.140,77.689,1,-1,-1,-1
193,366,1091.500,520.200,26.300,64.600,1,-1,-1,-1
194,62,229.111,572.119,25.328,72.139,1,-1,-1,-1
194,204,844.996,511.281,19.561,48.800,1,-1,-1,-1
194,263,1346.770,547.394,50.990,125.585,1,-1,-1,-1
194,306,118.062,566.562,27.248,76.789,1,-1,-1,-1
194,307,1067.769,518.538,31.340,69.735,1,-1,-1,-1
194,342,910.159,525.146,28.573,64.980,1,-1,-1,-1
194,343,1162.719,534.680,37.391,97.740,1,-1,-1,-1
194,346,1602.722,549.643,63.926,136.433,1,-1,-1,-1
194,347,1126.948,525.987,23.116,63.084,1,-1,-1,-1
194,348,456.306,522.166,17.125,40.579,1,-1,-1,-1
194,358,1004.934,524.754,25.936,62.676,1,-1,-1,-1
194,364,149.240,555.611,26.156,79.431,1,-1,-1,-1
194,366,1098.062,520.792,25.775,63.715,1,-1,-1,-1
195,62,225.061,572.702,25.455,71.985,1,-1,-1,-1
195,204,843.397,511.850,19.526,48.739,1,-1,-1,-1
195,263,1345.324,546.008,50.930,126.142,1,-1,-1,-1
195,306,114.113,567.064,27.174,77.243,1,-1,-1,-1
195,307,1065.961,519.101,31.230,69.473,1,-1,-1,-1
195,342,907.908,524.927,29.008,65.633,1,-1,-1,-1
195,346,1603.797,550.618,64.475,136.175,1,-1,-1,-1
195,347,1123.770,525.531,22.949,63.033,1,-1,-1,-1
195,348,453.933,522.197,17.339,41.652,1,-1,-1,-1
195,358,1004.642,524.509,26.509,63.537,1,-1,-1,-1
195,364,147.521,556.161,26.165,79.538,1,-1,-1,-1
195,366,1103.210,522.222,25.726,63.603,1,-1,-1,-1
195,367,977.200,524.100,22.600,59.700,1,-1,-1,-1
196,62,220.416,575.372,25.219,71.732,1,-1,-1,-1
196,204,842.121,512.473,19.560,49.188,1,-1,-1,-1
196,263,1343.551,545.206,50.789,127.484,1,-1,-1,-1
196,306,109.314,569.056,27.002,77.203,1,-1,-1,-1
196,307,1062.652,518.340,31.346,69.537,1,-1,-1,-1
196,342,905.539,525.573,29.581,66.163,1,-1,-1,-1
196,346,1605.102,551.109,64.541,135.303,1,-1,-1,-1
196,347,1123.825,528.719,22.834,63.500,1,-1,-1,-1
196,348,450.444,524.424,17.185,41.537,1,-1,-1,-1
196,358,1003.758,524.067,27.138,64.458,1,-1,-1,-1
196,364,144.042,557.000,27.154,80.557,1,-1,-1,-1
196,366,1109.043,525.191,24.803,62.549,1,-1,-1,-1
196,367,980.507,524.881,22.685,59.839,1,-1,-1,-1
196,368,442.900,524.400,15.300,40.000,1,-1,-1,-1
197,62,216.937,575.744,25.326,72.399,1,-1,-1,-1
197,204,840.630,512.933,19.638,49.412,1,-1,-1,-1
197,263,1342.792,544.735,50.486,128.454,1,-1,-1,-1
197,306,104.043,569.823,27.218,77.683,1,-1,-1,-1
197,307,1060.053,517.474,31.662,70.241,1,-1,-1,-1
197,342,903.926,526.094,29.649,66.238,1,-1,-1,-1
197,344,122.019,564.458,25.630,75.526,1,-1,-1,-1
197,346,1605.843,550.821,64.663,134.797,1,-1,-1,-1
197,347,1124.260,532.445,23.964,66.876,1,-1,-1,-1
197,348,447.724,525.545,16.878,41.083,1,-1,-1,-1
197,358,1002.328,523.750,27.512,65.012,1,-1,-1,-1
197,364,138.754,557.213,27.546,81.002,1,-1,-1,-1
197,366,1111.200,527.547,25.109,64.228,1,-1,-1,-1
197,367,985.875,524.787,23.732,62.291,1,-1,-1,-1
198,62,213.047,577.082,25.569,73.063,1,-1,-1,-1
198,204,839.521,512.911,19.583,49.541,1,-1,-1,-1
198,263,1341.976,544.601,50.152,129.188,1,-1,-1,-1
198,306,99.905,570.270,27.831,78.657,1,-1,-1,-1
198,307,1056.106,517.685,31.694,70.917,1,-1,-1,-1
198,342,903.352,526.914,29.390,65.969,1,-1,-1,-1
198,344,117.888,565.056,24.821,78.659,1,-1,-1,-1
198,346,1606.626,550.844,65.272,134.470,1,-1,-1,-1
198,348,443.883,526.210,16.705,40.310,1,-1,-1,-1
198,358,1000.242,523.756,27.776,65.217,1,-1,-1,-1
198,364,136.258,558.350,27.408,80.482,1,-1,-1,-1
198,366,1114.354,530.461,26.116,67.279,1,-1,-1,-1
198,367,986.722,524.041,24.895,64.142,1,-1,-1,-1
198,369,1014.400,517.000,36.600,67.600,1,-1,-1,-1
198,370,432.600,520.400,18.100,43.300,1,-1,-1,-1
199,62,208.144,577.740,25.745,73.597,1,-1,-1,-1
199,204,838.089,512.759,19.495,50.112,1,-1,-1,-1
199,263,1340.730,544.834,49.961,129.680,1,-1,-1,-1
199,306,94.702,569.685,28.257,79.875,1,-1,-1,-1
199,307,1052.766,518.215,31.539,70.981,1,-1,-1,-1
199,342,903.317,528.605,28.835,65.234,1,-1,-1,-1
199,344,116.514,563.681,25.652,79.389,1,-1,-1,-1
199,346,1608.079,551.595,65.473,133.911,1,-1,-1,-1
199,347,1128.646,537.720,24.993,72.800,1,-1,-1,-1
199,348,441.008,526.264,16.367,39.635,1,-1,-1,-1
199,358,999.894,524.853,27.711,64.416,1,-1,-1,-1
199,364,137.379,558.635,26.815,81.130,1,-1,-1,-1
199,366,1115.199,533.123,26.750,70.534,1,-1,-1,-1
199,367,987.041,525.537,25.628,64.292,1,-1,-1,-1
199,369,1019.633,517.816,34.934,65.869,1,-1,-1,-1
199,371,873.700,521.100,22.400,50.200,1,-1,-1,-1
200,62,204.237,579.117,25.875,74.284,1,-1,-1,-1
200,204,836.720,512.874,19.151,50.354,1,-1,-1,-1
200,263,1340.214,544.793,49.402,129.663,1,-1,-1,-1
200,306,91.829,569.765,28.167,80.578,1,-1,-1,-1
200,307,1051.003,518.346,31.758,71.067,1,-1,-1,-1
200,342,902.160,529.769,28.516,64.528,1,-1,-1,-1
200,344,114.654,564.202,26.171,79.557,1,-1,-1,-1
200,346,1610.020,549.749,65.302,134.222,1,-1,-1,-1
200,347,1127.838,538.541,26.671,75.773,1,-1,-1,-1
200,348,437.711,525.919,16.098,39.344,1,-1,-1,-1
200,358,1000.259,525.516,27.998,63.727,1,-1,-1,-1
200,364,135.132,559.911,25.988,80.716,1,-1,-1,-1
200,366,1113.549,533.850,27.150,72.289,1,-1,-1,-1
200,367,985.955,526.618,25.864,63.469,1,-1,-1,-1
200,368,445.660,525.616,18.579,41.667,1,-1,-1,-1
200,369,1018.961,517.432,35.477,66.441,1,-1,-1,-1
200,371,882.295,525.542,23.108,52.815,1,-1,-1,-1
200,372,1069.600,522.300,29.700,67.100,1,-1,-1,-1
200,373,859.000,514.900,21.800,51.500,1,-1,-1,-1
201,62,201.278,579.605,25.829,74.477,1,-1,-1,-1
201,204,835.203,513.015,18.789,50.294,1,-1,-1,-1
201,263,1340.147,545.153,48.742,129.422,1,-1,-1,-1
201,306,87.140,569.691,28.317,80.729,1,-1,-1,-1
201,307,1048.447,519.754,31.437,70.522,1,-1,-1,-1
201,342,898.175,529.830,27.720,63.280,1,-1,-1,-1
201,344,116.002,563.425,26.803,79.997,1,-1,-1,-1
201,346,1612.736,547.953,64.194,134.439,1,-1,-1,-1
201,348,434.985,525.205,16.358,39.575,1,-1,-1,-1
201,364,133.537,560.517,25.341,80.682,1,-1,-1,-1
201,366,1114.590,535.631,26.211,71.792,1,-1,-1,-1
201,367,985.289,526.988,26.632,63.945,1,-1,-1,-1
201,369,1014.633,524.219,31.410,61.645,1,-1,-1,-1
201,371,884.213,526.314,23.150,53.830,1,-1,-1,-1
201,372,1065.737,523.300,30.127,66.699,1,-1,-1,-1
201,373,867.408,519.875,20.382,48.049,1,-1,-1,-1
201,374,1085.900,535.200,27.000,62.100,1,-1,-1,-1
202,62,197.465,580.726,25.657,74.369,1,-1,-1,-1
202,204,834.228,513.570,18.332,50.293,1,-1,-1,-1
202,263,1338.850,546.086,48.815,129.431,1,-1,-1,-1
202,306,81.644,571.070,28.658,81.505,1,-1,-1,-1
202,307,1046.034,520.863,31.063,70.523,1,-1,-1,-1
202,342,894.709,530.275,27.223,62.188,1,-1,-1,-1
202,344,112.961,563.195,27.281,80.560,1,-1,-1,-1
202,346,1614.801,548.142,64.283,135.414,1,-1,-1,-1
202,348,432.151,525.320,16.287,39.907,1,-1,-1,-1
202,366,1113.928,537.394,25.164,71.378,1,-1,-1,-1
202,367,984.467,527.727,27.184,64.623,1,-1,-1,-1
202,369,1015.140,526.787,29.878,60.455,1,-1,-1,-1
202,372,1066.265,524.124,29.865,67.028,1,-1,-1,-1
202,373,876.535,527.069,21.104,49.479,1,-1,-1,-1
202,374,1088.772,537.163,26.955,62.273,1,-1,-1,-1
202,375,99.700,567.000,26.300,82.200,1,-1,-1,-1
203,62,192.696,581.083,25.783,74.982,1,-1,-1,-1
203,204,833.345,514.274,17.998,50.267,1,-1,-1,-1
203,263,1336.852,547.104,49.365,129.601,1,-1,-1,-1
203,306,77.939,571.343,28.599,82.240,1,-1,-1,-1
203,307,1042.763,521.515,30.730,70.298,1,-1,-1,-1
203,342,892.826,530.505,26.828,61.096,1,-1,-1,-1
203,344,110.658,563.100,27.714,81.258,1,-1,-1,-1
203,346,1616.851,547.145,64.743,136.301,1,-1,-1,-1
203,347,1121.799,541.850,27.401,74.974,1,-1,-1,-1
203,348,430.244,526.719,15.918,38.929,1,-1,-1,-1
203,366,1110.782,539.296,24.359,70.858,1,-1,-1,-1
203,367,984.127,527.675,27.109,64.191,1,-1,-1,-1
203,369,1018.637,527.131,28.818,59.961,1,-1,-1,-1
203,372,1077.660,528.998,28.316,65.385,1,-1,-1,-1
203,376,175.900,577.700,25.700,71.400,1,-1,-1,-1
204,62,187.837,582.081,25.736,75.444,1,-1,-1,-1
204,204,832.261,514.577,17.919,50.227,1,-1,-1,-1
204,263,1335.965,547.933,49.818,129.353,1,-1,-1,-1
204,306,74.180,572.788,29.008,83.366,1,-1,-1,-1
204,307,1040.631,521.809,30.681,70.161,1,-1,-1,-1
204,344,107.142,561.561,27.968,82.844,1,-1,-1,-1
204,346,1618.806,545.417,65.122,137.060,1,-1,-1,-1
204,347,1119.635,542.413,27.879,74.933,1,-1,-1,-1
204,348,428.936,527.945,15.916,38.709,1,-1,-1,-1
204,358,997.304,526.085,28.805,64.831,1,-1,-1,-1
204,366,1108.826,540.780,23.977,70.851,1,-1,-1,-1
204,367,979.279,527.466,26.971,63.733,1,-1,-1,-1
204,369,1017.343,527.036,28.327,60.242,1,-1,-1,-1
204,371,892.219,531.255,24.347,57.364,1,-1,-1,-1
204,372,1083.048,532.288,27.858,65.789,1,-1,-1,-1
204,377,1060.700,523.200,28.100,68.200,1,-1,-1,-1
205,62,183.912,582.857,25.975,75.801,1,-1,-1,-1
205,204,831.696,515.199,17.916,50.089,1,-1,-1,-1
205,263,1335.263,548.021,50.120,129.172,1,-1,-1,-1
205,306,69.478,575.067,29.151,83.146,1,-1,-1,-1
205,307,1039.022,522.193,30.756,70.257,1,-1,-1,-1
205,342,889.785,531.330,25.677,59.786,1,-1,-1,-1
205,344,107.130,561.332,27.741,84.063,1,-1,-1,-1
205,346,1621.377,544.152,65.725,137.475,1,-1,-1,-1
205,347,1124.732,543.212,26.607,75.678,1,-1,-1,-1
205,348,427.812,529.746,15.673,37.556,1,-1,-1,-1
205,358,996.456,526.283,29.008,64.954,1,-1,-1,-1
205,366,1112.104,541.112,23.796,71.843,1,-1,-1,-1
205,367,977.299,526.977,26.668,63.728,1,-1,-1,-1
205,369,1018.716,526.833,28.128,60.893,1,-1,-1,-1
205,372,1081.696,532.190,27.690,67.067,1,-1,-1,-1
205,374,1099.180,540.399,26.710,68.498,1,-1,-1,-1
205,377,1061.782,524.843,28.235,68.714,1,-1,-1,-1
206,62,180.663,583.374,26.206,76.337,1,-1,-1,-1
206,204,831.180,515.634,17.776,49.876,1,-1,-1,-1
206,263,1334.618,548.054,50.840,129.544,1,-1,-1,-1
206,306,64.202,574.799,29.228,83.233,1,-1,-1,-1
206,307,1036.123,522.738,30.974,70.188,1,-1,-1,-1
206,342,888.604,532.480,25.327,59.208,1,-1,-1,-1
206,344,106.949,560.943,27.374,85.157,1,-1,-1,-1
206,346,1623.535,545.313,66.128,136.857,1,-1,-1,-1
206,348,426.469,531.238,15.578,36.905,1,-1,-1,-1
206,358,994.921,526.217,28.936,65.000,1,-1,-1,-1
206,366,1117.105,541.562,23.286,72.522,1,-1,-1,-1
206,367,973.964,527.947,26.700,63.726,1,-1,-1,-1
206,369,1020.421,529.172,27.757,61.960,1,-1,-1,-1
206,372,1078.374,530.238,27.576,67.862,1,-1,-1,-1
206,374,1099.914,538.329,26.303,70.634,1,-1,-1,-1
206,378,85.200,567.100,26.700,84.300,1,-1,-1,-1
206,379,841.900,518.300,22.700,50.600,1,-1,-1,-1
207,62,177.473,584.500,26.431,77.030,1,-1,-1,-1
207,204,829.628,517.238,18.251,49.374,1,-1,-1,-1
207,263,1334.484,548.392,51.256,129.995,1,-1,-1,-1
207,306,59.441,575.620,29.256,83.375,1,-1,-1,-1
207,307,1033.367,523.621,31.022,70.353,1,-1,-1,-1
207,342,886.509,533.391,25.327,58.449,1,-1,-1,-1
207,344,107.311,561.369,27.748,86.675,1,-1,-1,-1
207,346,1626.272,548.811,65.367,135.824,1,-1,-1,-1
207,348,425.497,532.826,15.536,36.468,1,-1,-1,-1
207,358,991.862,527.085,28.998,65.315,1,-1,-1,-1
207,366,1113.900,539.562,23.212,73.464,1,-1,-1,-1
207,367,975.237,528.071,26.707,64.102,1,-1,-1,-1
207,372,1076.853,529.993,27.911,68.822,1,-1,-1,-1
207,374,1098.199,537.061,26.276,72.194,1,-1,-1,-1
207,378,85.988,565.839,27.224,86.122,1,-1,-1,-1
208,62,173.051,586.516,26.153,77.181,1,-1,-1,-1
208,204,827.848,517.693,18.624,48.879,1,-1,-1,-1
208,263,1333.849,549.165,51.501,130.232,1,-1,-1,-1
208,306,58.204,576.515,28.747,83.568,1,-1,-1,-1
208,307,1030.819,524.140,31.026,70.411,1,-1,-1,-1
208,342,884.965,533.169,25.468,57.572,1,-1,-1,-1
208,346,1629.247,551.956,65.232,134.877,1,-1,-1,-1
208,348,424.550,533.813,15.475,35.947,1,-1,-1,-1
208,366,1116.313,538.878,23.242,74.801,1,-1,-1,-1
208,367,976.012,527.403,26.633,64.777,1,-1,-1,-1
208,372,1076.220,530.328,27.500,67.926,1,-1,-1,-1
208,374,1098.416,537.638,26.102,74.154,1,-1,-1,-1
208,378,79.600,569.542,27.041,85.545,1,-1,-1,-1
209,62,169.838,586.504,25.921,77.024,1,-1,-1,-1
209,204,826.202,518.182,18.648,48.421,1,-1,-1,-1
209,263,1332.526,549.779,51.820,130.769,1,-1,-1,-1
209,306,51.093,575.543,28.738,83.851,1,-1,-1,-1
209,307,1028.822,524.578,30.916,70.445,1,-1,-1,-1
209,342,883.503,533.711,25.458,57.337,1,-1,-1,-1
209,346,1631.869,552.879,66.213,135.638,1,-1,-1,-1
209,348,422.152,534.758,15.574,35.673,1,-1,-1,-1
209,366,1115.051,537.217,23.521,75.768,1,-1,-1,-1
209,367,977.386,527.740,26.659,65.280,1,-1,-1,-1
209,372,1074.256,530.087,27.392,67.212,1,-1,-1,-1
209,374,1097.083,537.954,26.243,75.790,1,-1,-1,-1
209,378,67.756,571.269,28.136,87.215,1,-1,-1,-1
209,380,83.600,568.300,32.400,86.100,1,-1,-1,-1
210,62,164.792,587.804,26.109,77.220,1,-1,-1,-1
210,204,824.912,519.569,18.583,47.840,1,-1,-1,-1
210,263,1331.569,549.562,51.889,131.392,1,-1,-1,-1
210,306,45.980,575.927,28.756,85.591,1,-1,-1,-1
210,307,1027.425,525.248,30.892,70.661,1,-1,-1,-1
210,342,881.879,533.877,25.315,57.438,1,-1,-1,-1
210,346,1634.172,553.364,67.588,136.815,1,-1,-1,-1
210,366,1114.469,537.181,23.770,76.369,1,-1,-1,-1
210,367,977.052,528.769,27.344,65.879,1,-1,-1,-1
210,372,1074.355,532.371,27.184,66.903,1,-1,-1,-1
210,374,1094.926,538.779,26.811,77.525,1,-1,-1,-1
210,378,67.874,569.692,28.698,89.295,1,-1,-1,-1
210,381,30.200,570.400,29.900,86.400,1,-1,-1,-1
210,382,1058.100,524.700,29.800,74.700,1,-1,-1,-1
211,62,161.692,589.105,26.658,77.636,1,-1,-1,-1
211,204,824.189,521.526,18.012,47.733,1,-1,-1,-1
211,263,1330.491,551.008,51.990,131.683,1,-1,-1,-1
211,306,42.818,576.812,28.758,86.744,1,-1,-1,-1
211,307,1025.653,526.895,30.927,70.735,1,-1,-1,-1
211,342,880.734,534.277,25.343,58.742,1,-1,-1,-1
211,346,1638.774,554.000,68.966,138.422,1,-1,-1,-1
211,358,997.337,526.942,36.932,69.176,1,-1,-1,-1
211,366,1114.086,538.268,24.271,75.631,1,-1,-1,-1
211,367,977.300,529.889,27.856,66.322,1,-1,-1,-1
211,372,1074.813,536.393,27.095,66.926,1,-1,-1,-1
211,374,1092.714,541.486,28.303,76.973,1,-1,-1,-1
211,378,66.284,568.044,28.283,89.387,1,-1,-1,-1
212,62,157.834,588.747,26.813,78.053,1,-1,-1,-1
212,204,823.699,521.867,17.540,47.547,1,-1,-1,-1
212,263,1330.531,551.194,51.732,131.903,1,-1,-1,-1
212,306,38.871,578.090,28.996,86.870,1,-1,-1,-1
212,307,1024.124,527.571,30.728,70.693,1,-1,-1,-1
212,342,879.724,534.213,25.397,60.039,1,-1,-1,-1
212,346,1642.299,554.207,69.593,138.808,1,-1,-1,-1
212,358,992.679,528.289,34.113,67.558,1,-1,-1,-1
212,367,977.188,530.341,28.080,66.267,1,-1,-1,-1
212,372,1077.981,537.705,26.821,65.973,1,-1,-1,-1
212,374,1095.609,541.520,28.546,76.876,1,-1,-1,-1
212,378,58.760,571.416,28.456,88.884,1,-1,-1,-1
213,62,153.870,590.148,26.842,78.268,1,-1,-1,-1
213,204,823.763,522.711,17.278,47.381,1,-1,-1,-1
213,263,1330.612,551.612,51.711,132.371,1,-1,-1,-1
213,306,38.357,578.157,29.039,87.825,1,-1,-1,-1
213,307,1022.065,528.626,30.441,70.216,1,-1,-1,-1
213,342,878.197,534.789,25.285,60.940,1,-1,-1,-1
213,346,1645.166,554.348,70.546,138.928,1,-1,-1,-1
213,358,995.879,529.758,32.354,66.761,1,-1,-1,-1
213,366,1116.635,535.700,26.478,78.872,1,-1,-1,-1
213,367,978.436,531.230,28.021,66.017,1,-1,-1,-1
213,372,1076.617,538.307,26.679,65.495,1,-1,-1,-1
213,374,1098.014,542.501,28.621,77.600,1,-1,-1,-1
213,378,55.157,573.184,28.369,89.475,1,-1,-1,-1
213,381,20.479,576.293,34.143,92.913,1,-1,-1,-1
213,383,1173.200,553.300,46.000,109.500,1,-1,-1,-1
214,62,150.809,591.375,27.089,79.178,1,-1,-1,-1
214,204,823.814,523.683,17.278,47.153,1,-1,-1,-1
214,263,1331.159,551.952,51.720,132.549,1,-1,-1,-1
214,307,1019.686,529.806,30.287,70.330,1,-1,-1,-1
214,342,877.753,535.018,25.484,61.691,1,-1,-1,-1
214,346,1650.682,553.730,71.371,138.912,1,-1,-1,-1
214,358,993.457,532.169,30.647,66.379,1,-1,-1,-1
214,366,1116.732,539.296,27.396,79.569,1,-1,-1,-1
214,367,973.186,533.154,27.845,66.380,1,-1,-1,-1
214,372,1080.953,542.895,26.923,68.197,1,-1,-1,-1
214,374,1097.587,544.773,28.471,78.152,1,-1,-1,-1
214,378,53.197,573.291,29.081,90.083,1,-1,-1,-1
214,381,20.649,579.480,32.269,89.888,1,-1,-1,-1
214,383,1175.171,555.881,47.758,110.838,1,-1,-1,-1
214,384,1040.900,533.300,27.300,69.700,1,-1,-1,-1
215,62,147.996,590.511,27.019,79.761,1,-1,-1,-1
215,204,823.443,523.176,17.223,46.820,1,-1,-1,-1
215,263,1331.797,553.215,52.034,133.190,1,-1,-1,-1
215,306,27.060,577.300,29.241,88.432,1,-1,-1,-1
215,307,1018.349,530.306,30.144,70.162,1,-1,-1,-1
215,342,877.714,534.627,25.484,62.185,1,-1,-1,-1
215,346,1655.413,554.016,72.515,140.710,1,-1,-1,-1
215,358,993.746,532.824,29.298,65.868,1,-1,-1,-1
215,367,977.445,532.848,27.548,66.120,1,-1,-1,-1
215,372,1077.552,541.639,26.820,67.640,1,-1,-1,-1
215,374,1099.535,545.032,28.833,79.063,1,-1,-1,-1
215,378,50.284,572.807,28.702,89.542,1,-1,-1,-1
215,383,1176.562,553.998,48.605,113.291,1,-1,-1,-1
215,384,1043.185,534.834,26.429,67.631,1,-1,-1,-1
215,385,71.200,568.700,24.200,82.000,1,-1,-1,-1
216,62,144.938,591.607,26.913,80.267,1,-1,-1,-1
216,204,823.178,523.738,16.936,46.387,1,-1,-1,-1
216,263,1333.043,554.120,52.157,134.247,1,-1,-1,-1
216,306,26.544,578.224,29.377,88.238,1,-1,-1,-1
216,307,1017.506,531.194,30.066,69.703,1,-1,-1,-1
216,342,876.962,534.959,25.563,62.363,1,-1,-1,-1
216,346,1660.166,553.841,73.773,141.673,1,-1,-1,-1
216,358,996.577,533.617,28.141,65.134,1,-1,-1,-1
216,367,974.920,532.598,26.894,66.049,1,-1,-1,-1
216,372,1084.178,543.768,27.293,69.944,1,-1,-1,-1
216,374,1103.016,543.261,29.224,80.345,1,-1,-1,-1
216,378,45.545,575.004,29.172,89.004,1,-1,-1,-1
216,381,10.934,580.167,32.408,88.687,1,-1,-1,-1
216,383,1174.786,550.285,51.561,120.243,1,-1,-1,-1
216,384,1038.836,533.101,27.157,68.616,1,-1,-1,-1
217,62,142.769,590.379,26.978,81.268,1,-1,-1,-1
217,204,823.477,522.859,16.618,46.614,1,-1,-1,-1
217,263,1334.561,554.693,52.050,134.867,1,-1,-1,-1
217,307,1015.550,531.417,30.451,69.715,1,-1,-1,-1
217,342,876.777,533.850,25.429,62.718,1,-1,-1,-1
217,346,1665.859,553.188,75.027,142.855,1,-1,-1,-1
217,358,997.779,533.549,28.248,65.490,1,-1,-1,-1
217,367,970.594,534.134,27.051,66.713,1,-1,-1,-1
217,372,1086.947,544.091,27.941,72.269,1,-1,-1,-1
217,374,1104.616,542.123,30.050,81.819,1,-1,-1,-1
217,378,41.579,575.694,29.737,88.914,1,-1,-1,-1
217,381,8.813,579.374,32.492,88.578,1,-1,-1,-1
217,383,1176.192,549.559,52.912,123.053,1,-1,-1,-1
217,384,1042.275,533.901,26.401,67.314,1,-1,-1,-1
217,386,984.700,534.300,23.100,69.300,1,-1,-1,-1
217,387,955.500,535.800,22.700,62.900,1,-1,-1,-1
218,62,139.929,590.830,26.964,81.648,1,-1,-1,-1
218,204,823.809,522.079,16.580,46.909,1,-1,-1,-1
218,263,1336.235,554.668,51.997,135.349,1,-1,-1,-1
218,307,1013.542,530.277,30.984,70.104,1,-1,-1,-1
218,342,876.558,532.430,24.984,62.347,1,-1,-1,-1
218,346,1672.017,552.511,75.587,144.657,1,-1,-1,-1
218,358,996.001,533.423,27.603,65.463,1,-1,-1,-1
218,367,969.420,533.818,27.059,66.761,1,-1,-1,-1
218,372,1087.677,544.319,29.198,76.178,1,-1,-1,-1
218,374,1104.544,541.206,30.186,83.809,1,-1,-1,-1
218,378,37.300,575.135,29.939,89.437,1,-1,-1,-1
218,381,7.336,578.907,32.589,89.050,1,-1,-1,-1
218,383,1175.415,551.228,54.321,123.460,1,-1,-1,-1
218,384,1038.818,531.572,27.328,69.767,1,-1,-1,-1
218,387,954.812,533.800,22.977,62.299,1,-1,-1,-1
218,388,1054.000,536.800,25.600,68.100,1,-1,-1,-1
219,62,137.319,591.183,26.925,81.570,1,-1,-1,-1
219,204,823.755,521.129,16.722,47.525,1,-1,-1,-1
219,263,1337.720,554.431,51.930,135.617,1,-1,-1,-1
219,307,1011.095,529.769,31.430,70.691,1,-1,-1,-1
219,342,876.309,531.551,24.517,61.762,1,-1,-1,-1
219,346,1677.409,551.323,76.120,144.631,1,-1,-1,-1
219,358,995.171,533.146,27.022,65.486,1,-1,-1,-1
219,367,967.781,533.459,27.013,67.151,1,-1,-1,-1
219,372,1084.164,542.614,29.425,77.135,1,-1,-1,-1
219,374,1105.500,539.862,29.701,83.874,1,-1,-1,-1
219,378,28.906,575.645,29.850,90.309,1,-1,-1,-1
219,381,6.516,578.151,32.652,90.345,1,-1,-1,-1
219,384,1040.598,530.380,27.577,70.037,1,-1,-1,-1
219,386,982.464,532.131,24.272,70.438,1,-1,-1,-1
219,387,953.879,533.994,23.648,63.241,1,-1,-1,-1
219,388,1059.858,539.549,26.683,70.302,1,-1,-1,-1
220,62,135.151,593.943,26.813,81.265,1,-1,-1,-1
220,204,824.361,521.372,16.683,47.580,1,-1,-1,-1
220,263,1339.167,553.930,52.104,136.372,1,-1,-1,-1
220,306,10.084,581.020,31.144,91.170,1,-1,-1,-1
220,307,1009.458,530.062,31.391,70.893,1,-1,-1,-1
220,342,875.798,531.721,24.146,60.856,1,-1,-1,-1
220,346,1683.021,549.601,75.344,145.837,1,-1,-1,-1
220,358,995.057,533.317,26.545,65.632,1,-1,-1,-1
220,367,967.309,533.729,26.945,67.367,1,-1,-1,-1
220,372,1082.278,543.388,29.893,78.357,1,-1,-1,-1
220,374,1103.959,539.556,28.790,82.985,1,-1,-1,-1
220,384,1048.729,535.475,27.363,69.560,1,-1,-1,-1
220,387,953.381,534.672,23.866,63.588,1,-1,-1,-1
220,389,41.200,571.000,26.700,94.100,1,-1,-1,-1
221,62,133.097,594.084,26.841,81.014,1,-1,-1,-1
221,204,824.311,521.011,16.683,47.840,1,-1,-1,-1
221,263,1340.861,553.770,52.034,136.498,1,-1,-1,-1
221,306,5.970,580.487,31.126,91.604,1,-1,-1,-1
221,307,1009.352,530.583,31.723,71.364,1,-1,-1,-1
221,342,876.549,531.416,23.173,60.142,1,-1,-1,-1
221,346,1690.178,550.996,74.729,146.234,1,-1,-1,-1
221,358,996.511,533.494,26.264,66.156,1,-1,-1,-1
221,367,968.377,533.329,26.830,67.310,1,-1,-1,-1
221,374,1102.420,539.453,28.064,82.195,1,-1,-1,-1
221,384,1052.225,538.323,27.204,69.666,1,-1,-1,-1
221,387,954.501,533.194,23.733,62.906,1,-1,-1,-1
221,388,1074.871,543.821,29.819,79.416,1,-1,-1,-1
221,389,49.591,565.270,24.417,90.761,1,-1,-1,-1
221,390,867.800,528.200,17.600,52.000,1,-1,-1,-1
222,62,131.285,595.356,27.107,80.577,1,-1,-1,-1
222,204,824.666,520.054,16.823,48.262,1,-1,-1,-1
222,263,1342.492,552.399,52.173,136.457,1,-1,-1,-1
222,306,3.717,580.826,31.027,91.511,1,-1,-1,-1
222,307,1008.980,529.157,32.054,72.151,1,-1,-1,-1
222,346,1697.107,548.866,75.010,148.167,1,-1,-1,-1
222,358,995.593,532.257,25.912,66.391,1,-1,-1,-1
222,367,969.406,531.222,26.633,67.446,1,-1,-1,-1
222,374,1103.021,537.785,27.473,81.394,1,-1,-1,-1
222,384,1050.388,538.196,26.932,69.818,1,-1,-1,-1
222,387,953.825,532.425,23.542,62.716,1,-1,-1,-1
222,388,1073.013,543.037,30.771,81.443,1,-1,-1,-1
223,62,129.433,595.460,27.521,80.721,1,-1,-1,-1
223,204,824.280,520.653,17.037,48.773,1,-1,-1,-1
223,263,1344.437,551.571,52.363,137.229,1,-1,-1,-1
223,306,2.233,581.862,31.114,91.381,1,-1,-1,-1
223,307,1008.021,528.798,31.454,71.734,1,-1,-1,-1
223,346,1704.733,548.149,74.308,148.378,1,-1,-1,-1
223,358,994.308,532.134,25.314,66.418,1,-1,-1,-1
223,367,968.423,531.570,26.597,67.271,1,-1,-1,-1
223,374,1103.874,538.196,27.798,80.753,1,-1,-1,-1
223,387,954.184,532.646,23.094,61.877,1,-1,-1,-1
223,388,1068.920,543.208,32.140,83.202,1,-1,-1,-1
223,391,1117.800,532.800,31.000,87.200,1,-1,-1,-1
223,392,1028.900,528.900,27.600,74.700,1,-1,-1,-1
224,62,127.765,596.202,28.105,81.797,1,-1,-1,-1
224,204,824.344,521.058,17.055,49.128,1,-1,-1,-1
224,263,1346.723,550.591,52.642,138.182,1,-1,-1,-1
224,306,0.962,583.696,31.038,91.998,1,-1,-1,-1
224,307,1007.864,528.605,30.987,71.606,1,-1,-1,-1
224,346,1710.917,546.746,73.755,147.971,1,-1,-1,-1
224,358,995.946,531.602,25.164,66.665,1,-1,-1,-1
224,367,971.585,530.921,26.343,67.254,1,-1,-1,-1
224,372,1085.735,542.259,33.287,81.188,1,-1,-1,-1
224,387,954.031,532.974,22.879,61.616,1,-1,-1,-1
224,388,1066.192,543.153,32.923,82.889,1,-1,-1,-1
224,391,1119.880,534.012,32.039,87.877,1,-1,-1,-1
224,392,1028.434,530.180,27.032,73.941,1,-1,-1,-1
224,393,1185.700,549.600,59.900,120.700,1,-1,-1,-1
225,62,125.270,597.625,28.386,81.827,1,-1,-1,-1
225,204,824.573,520.649,16.875,49.397,1,-1,-1,-1
225,263,1348.876,549.900,52.814,138.844,1,-1,-1,-1
225,306,0.302,585.568,30.616,92.113,1,-1,-1,-1
225,307,1008.145,529.319,30.759,71.863,1,-1,-1,-1
225,346,1717.246,547.045,73.040,147.786,1,-1,-1,-1
225,358,996.370,530.480,25.587,66.824,1,-1,-1,-1
225,367,978.168,530.619,25.891,66.629,1,-1,-1,-1
225,388,1063.315,543.781,34.736,84.273,1,-1,-1,-1
225,391,1120.406,533.188,32.800,90.835,1,-1,-1,-1
225,392,1027.247,530.128,26.307,73.304,1,-1,-1,-1
225,393,1194.792,557.503,56.414,118.992,1,-1,-1,-1
226,62,123.589,600.374,28.509,82.066,1,-1,-1,-1
226,204,824.925,521.171,17.086,50.420,1,-1,-1,-1
226,263,1351.427,549.465,52.692,139.498,1,-1,-1,-1
226,306,-0.312,589.136,29.896,92.460,1,-1,-1,-1
226,307,1009.103,530.445,30.179,72.262,1,-1,-1,-1
226,346,1723.202,545.095,73.504,148.584,1,-1,-1,-1
226,358,993.902,531.097,25.595,67.401,1,-1,-1,-1
226,367,973.478,532.134,25.790,67.570,1,-1,-1,-1
226,388,1061.010,545.248,35.825,86.448,1,-1,-1,-1
226,391,1120.558,533.432,33.707,92.537,1,-1,-1,-1
226,393,1200.814,559.107,55.966,121.790,1,-1,-1,-1
226,394,390.000,539.300,14.000,35.300,1,-1,-1,-1
226,395,378.500,538.300,15.000,37.600,1,-1,-1,-1
227,62,122.497,601.603,28.793,82.635,1,-1,-1,-1
227,204,826.071,521.654,17.122,50.879,1,-1,-1,-1
227,263,1353.796,550.388,52.660,140.305,1,-1,-1,-1
227,306,-0.247,590.427,28.704,92.125,1,-1,-1,-1
227,307,1008.420,530.888,30.113,72.558,1,-1,-1,-1
227,346,1732.008,544.697,72.735,148.211,1,-1,-1,-1
227,367,977.323,532.048,25.983,67.805,1,-1,-1,-1
227,388,1060.000,546.794,36.433,85.814,1,-1,-1,-1
227,391,1120.774,531.459,35.608,94.561,1,-1,-1,-1
227,393,1205.088,559.686,54.792,122.965,1,-1,-1,-1
227,395,381.412,536.828,14.875,38.245,1,-1,-1,-1
227,396,371.800,534.600,15.500,42.200,1,-1,-1,-1
228,62,120.109,602.180,28.837,83.278,1,-1,-1,-1
228,204,827.012,521.837,17.116,50.776,1,-1,-1,-1
228,263,1356.410,551.267,52.806,141.506,1,-1,-1,-1
228,306,-0.188,593.406,27.064,92.166,1,-1,-1,-1
228,307,1008.363,531.137,30.285,72.813,1,-1,-1,-1
228,346,1738.846,543.162,72.294,149.023,1,-1,-1,-1
228,367,977.599,531.832,26.263,67.985,1,-1,-1,-1
228,388,1060.286,547.942,36.725,85.348,1,-1,-1,-1
228,391,1120.777,530.429,37.781,98.404,1,-1,-1,-1
228,393,1206.501,558.425,55.291,125.508,1,-1,-1,-1
228,395,384.518,537.229,15.305,38.530,1,-1,-1,-1
228,396,376.117,535.651,15.065,40.799,1,-1,-1,-1
228,397,1047.500,541.800,24.000,74.900,1,-1,-1,-1
229,62,117.783,602.440,28.786,83.823,1,-1,-1,-1
229,204,827.197,521.542,17.139,50.730,1,-1,-1,-1
229,263,1358.470,551.515,53.131,142.508,1,-1,-1,-1
229,306,-1.126,594.048,25.926,92.229,1,-1,-1,-1
229,307,1007.876,530.507,30.964,73.225,1,-1,-1,-1
229,346,1746.858,542.929,72.108,149.760,1,-1,-1,-1
229,358,994.400,531.294,26.281,68.227,1,-1,-1,-1
229,367,978.904,531.645,26.694,68.251,1,-1,-1,-1
229,388,1061.207,547.407,36.925,85.422,1,-1,-1,-1
229,391,1120.896,530.458,38.106,98.625,1,-1,-1,-1
229,393,1207.707,557.054,56.294,128.353,1,-1,-1,-1
229,395,385.179,537.143,15.868,38.781,1,-1,-1,-1
229,397,1045.590,537.631,23.520,73.539,1,-1,-1,-1
230,62,115.347,603.565,28.836,84.846,1,-1,-1,-1
230,204,827.798,521.858,17.266,50.757,1,-1,-1,-1
230,263,1360.774,551.302,53.718,142.697,1,-1,-1,-1
230,306,-1.410,595.949,24.795,92.639,1,-1,-1,-1
230,307,1007.435,530.236,30.822,73.424,1,-1,-1,-1
230,346,1755.088,542.960,71.547,150.212,1,-1,-1,-1
230,367,977.765,532.199,26.838,68.529,1,-1,-1,-1
230,388,1061.651,547.376,36.710,85.789,1,-1,-1,-1
230,391,1122.570,531.613,38.278,97.558,1,-1,-1,-1
230,393,1210.619,558.634,56.054,128.304,1,-1,-1,-1
230,396,382.896,537.342,15.059,38.816,1,-1,-1,-1
230,397,1046.642,537.518,24.551,74.700,1,-1,-1,-1
231,62,113.735,602.710,28.822,86.096,1,-1,-1,-1
231,204,828.349,522.553,17.386,50.581,1,-1,-1,-1
231,263,1362.135,552.085,54.119,142.913,1,-1,-1,-1
231,306,-1.277,596.437,23.911,92.260,1,-1,-1,-1
231,307,1009.153,531.077,30.522,73.290,1,-1,-1,-1
231,346,1764.730,544.638,70.849,150.007,1,-1,-1,-1
231,358,988.516,532.384,25.570,66.948,1,-1,-1,-1
231,367,971.733,535.547,26.508,67.962,1,-1,-1,-1
231,388,1062.659,547.467,36.643,85.818,1,-1,-1,-1
231,391,1123.121,532.487,38.358,97.388,1,-1,-1,-1
231,393,1212.744,559.083,56.532,129.639,1,-1,-1,-1
231,396,384.366,537.202,15.432,38.140,1,-1,-1,-1
231,397,1042.354,537.374,25.825,75.389,1,-1,-1,-1
232,62,111.920,602.830,28.837,87.182,1,-1,-1,-1
232,204,829.562,522.317,17.445,50.258,1,-1,-1,-1
232,263,1364.470,553.211,53.803,141.839,1,-1,-1,-1
232,306,-0.460,598.393,22.907,91.754,1,-1,-1,-1
232,307,1008.408,530.590,31.102,73.267,1,-1,-1,-1
232,346,1772.667,544.747,71.169,149.624,1,-1,-1,-1
232,358,984.883,531.464,25.227,65.739,1,-1,-1,-1
232,388,1062.900,545.103,36.933,86.310,1,-1,-1,-1
232,391,1123.454,532.005,38.919,97.738,1,-1,-1,-1
232,393,1214.154,558.339,57.194,130.308,1,-1,-1,-1
232,396,383.077,538.416,15.069,36.969,1,-1,-1,-1
232,397,1049.502,540.792,25.709,75.953,1,-1,-1,-1
233,62,110.587,600.738,29.043,88.540,1,-1,-1,-1
233,204,829.999,522.463,17.570,49.911,1,-1,-1,-1
233,263,1366.693,553.024,53.982,141.329,1,-1,-1,-1
233,306,-0.181,598.393,22.919,90.678,1,-1,-1,-1
233,307,1008.407,529.289,31.000,73.123,1,-1,-1,-1
233,346,1780.543,545.501,71.538,149.428,1,-1,-1,-1
233,358,986.587,530.438,24.772,65.597,1,-1,-1,-1
233,388,1063.789,545.786,36.669,85.190,1,-1,-1,-1
233,391,1123.797,531.709,38.944,97.259,1,-1,-1,-1
233,393,1217.722,556.951,58.064,131.602,1,-1,-1,-1
233,396,381.169,537.871,15.522,36.754,1,-1,-1,-1
233,397,1047.174,539.835,25.581,75.300,1,-1,-1,-1
233,398,1151.300,530.300,27.900,90.600,1,-1,-1,-1
234,62,109.032,600.635,29.019,88.923,1,-1,-1,-1
234,204,830.586,522.625,17.743,49.749,1,-1,-1,-1
234,263,1369.561,552.596,54.143,141.761,1,-1,-1,-1
234,306,-0.338,597.607,22.457,89.801,1,-1,-1,-1
234,307,1008.801,528.006,31.066,73.460,1,-1,-1,-1
234,346,1791.470,544.693,72.490,150.698,1,-1,-1,-1
234,358,987.659,529.563,24.376,65.411,1,-1,-1,-1
234,388,1063.081,544.135,37.244,86.493,1,-1,-1,-1
234,391,1123.271,530.873,39.455,98.440,1,-1,-1,-1
234,393,1222.747,558.407,58.334,132.374,1,-1,-1,-1
234,396,380.453,537.719,15.922,36.864,1,-1,-1,-1
234,397,1046.860,538.254,25.561,75.081,1,-1,-1,-1
235,62,107.866,599.953,29.000,89.067,1,-1,-1,-1
235,204,832.097,521.183,18.090,49.811,1,-1,-1,-1
235,263,1373.256,552.403,54.369,141.968,1,-1,-1,-1
235,306,-0.029,595.672,21.981,88.690,1,-1,-1,-1
235,307,1009.385,526.937,30.587,72.662,1,-1,-1,-1
235,346,1801.018,545.734,72.910,149.658,1,-1,-1,-1
235,358,991.879,528.463,24.610,64.665,1,-1,-1,-1
235,388,1063.981,543.235,37.726,86.836,1,-1,-1,-1
235,391,1123.464,530.518,38.938,97.552,1,-1,-1,-1
235,393,1226.051,559.669,58.595,132.029,1,-1,-1,-1
235,396,380.316,536.795,16.231,36.994,1,-1,-1,-1
235,397,1043.838,534.036,25.686,73.651,1,-1,-1,-1
235,398,1147.344,524.598,30.811,89.803,1,-1,-1,-1
236,62,106.796,599.588,29.015,89.553,1,-1,-1,-1
236,204,833.828,521.623,18.040,49.485,1,-1,-1,-1
236,263,1376.194,552.678,54.532,141.922,1,-1,-1,-1
236,306,0.324,597.223,21.494,88.152,1,-1,-1,-1
236,307,1012.506,525.826,32.149,73.642,1,-1,-1,-1
236,346,1811.441,541.824,74.095,151.017,1,-1,-1,-1
236,358,988.889,525.433,23.786,63.744,1,-1,-1,-1
236,388,1065.598,542.915,38.084,87.812,1,-1,-1,-1
236,393,1232.561,562.572,55.739,130.296,1,-1,-1,-1
236,396,380.188,536.114,16.650,37.529,1,-1,-1,-1
236,398,1135.391,526.123,31.524,91.605,1,-1,-1,-1
236,399,1107.000,535.600,34.000,90.200,1,-1,-1,-1
237,62,105.960,599.354,28.969,89.633,1,-1,-1,-1
237,204,835.415,521.133,18.224,48.844,1,-1,-1,-1
237,263,1378.605,551.587,54.292,141.929,1,-1,-1,-1
237,306,0.504,596.447,21.111,87.826,1,-1,-1,-1
237,307,1012.411,526.025,32.643,73.373,1,-1,-1,-1
237,346,1821.488,540.689,74.747,151.234,1,-1,-1,-1
237,358,988.642,524.853,23.021,63.129,1,-1,-1,-1
237,388,1073.325,540.214,37.199,88.462,1,-1,-1,-1
237,396,380.150,535.140,16.812,37.637,1,-1,-1,-1
237,397,1039.610,530.459,27.110,74.459,1,-1,-1,-1
237,398,1134.982,526.237,30.933,90.134,1,-1,-1,-1
237,399,1101.239,534.758,36.023,91.584,1,-1,-1,-1
237,400,1055.200,537.900,26.300,75.800,1,-1,-1,-1
238,62,105.530,599.281,29.045,89.667,1,-1,-1,-1
238,204,837.472,520.572,18.548,48.764,1,-1,-1,-1
238,263,1381.613,551.022,54.258,142.483,1,-1,-1,-1
238,306,1.565,595.068,20.696,88.069,1,-1,-1,-1
238,307,1013.057,526.393,31.927,73.218,1,-1,-1,-1
238,346,1833.740,538.436,74.529,151.845,1,-1,-1,-1
238,388,1071.538,536.437,36.078,88.039,1,-1,-1,-1
238,396,379.997,534.304,17.314,38.242,1,-1,-1,-1
238,398,1131.044,527.819,30.031,89.413,1,-1,-1,-1
238,399,1092.526,532.414,38.960,96.819,1,-1,-1,-1
238,400,1048.559,532.559,25.783,72.283,1,-1,-1,-1
238,401,1153.300,520.100,28.000,89.700,1,-1,-1,-1
239,62,105.074,598.512,28.799,89.761,1,-1,-1,-1
239,204,839.236,519.607,18.816,49.131,1,-1,-1,-1
239,263,1385.623,549.605,53.271,143.068,1,-1,-1,-1
239,306,0.785,593.427,20.626,89.451,1,-1,-1,-1
239,307,1014.783,525.204,31.767,73.674,1,-1,-1,-1
239,346,1844.020,536.882,74.878,154.283,1,-1,-1,-1
239,358,987.495,525.540,22.892,63.330,1,-1,-1,-1
239,391,1137.866,524.807,32.937,91.787,1,-1,-1,-1
239,396,380.641,533.217,17.931,38.975,1,-1,-1,-1
239,397,1034.606,526.674,28.614,75.499,1,-1,-1,-1
239,399,1091.600,531.820,38.984,96.587,1,-1,-1,-1
239,401,1156.778,521.553,27.844,88.093,1,-1,-1,-1
240,62,104.601,598.348,28.893,89.977,1,-1,-1,-1
240,204,841.281,518.638,19.313,49.501,1,-1,-1,-1
240,263,1390.802,548.605,52.689,143.753,1,-1,-1,-1
240,306,0.720,592.356,20.071,90.068,1,-1,-1,-1
240,307,1009.292,523.870,30.543,73.077,1,-1,-1,-1
240,346,1852.654,535.361,72.449,155.796,1,-1,-1,-1
240,391,1142.455,526.328,30.090,87.933,1,-1,-1,-1
240,396,380.860,532.745,18.111,39.073,1,-1,-1,-1
240,397,1032.043,525.097,30.191,74.572,1,-1,-1,-1
240,398,1124.872,531.051,29.199,87.155,1,-1,-1,-1
240,399,1091.329,534.155,40.069,98.885,1,-1,-1,-1
240,401,1159.455,522.290,26.842,86.320,1,-1,-1,-1
240,402,1048.600,531.000,28.400,69.400,1,-1,-1,-1
240,403,1182.800,514.300,23.000,81.300,1,-1,-1,-1
241,62,104.551,598.892,28.906,89.939,1,-1,-1,-1
241,204,843.999,518.335,19.543,50.112,1,-1,-1,-1
241,263,1395.813,547.784,52.297,144.901,1,-1,-1,-1
241,307,1012.514,524.423,29.267,71.988,1,-1,-1,-1
241,346,1863.803,534.928,66.079,157.289,1,-1,-1,-1
241,391,1144.865,525.919,27.872,86.493,1,-1,-1,-1
241,396,381.180,533.045,18.134,38.975,1,-1,-1,-1
241,397,1030.527,524.177,28.891,72.828,1,-1,-1,-1
241,399,1095.629,530.018,35.273,92.709,1,-1,-1,-1
241,401,1162.334,522.402,25.757,84.996,1,-1,-1,-1
242,62,104.634,598.726,28.999,90.324,1,-1,-1,-1
242,204,846.105,518.697,19.762,50.447,1,-1,-1,-1
242,263,1400.608,547.578,51.877,146.243,1,-1,-1,-1
242,391,1148.442,526.284,26.843,86.011,1,-1,-1,-1
242,396,382.045,533.603,18.075,38.666,1,-1,-1,-1
242,397,1025.378,523.757,29.260,73.809,1,-1,-1,-1
242,398,1121.322,532.019,27.088,85.035,1,-1,-1,-1
242,401,1166.793,522.936,25.042,84.897,1,-1,-1,-1
242,403,1180.756,516.679,25.888,83.643,1,-1,-1,-1
242,404,120.500,587.800,29.700,88.300,1,-1,-1,-1
242,405,884.300,524.200,19.800,48.900,1,-1,-1,-1
243,62,104.966,598.602,29.175,90.443,1,-1,-1,-1
243,204,848.719,518.088,19.927,51.099,1,-1,-1,-1
243,263,1405.067,548.588,51.808,146.669,1,-1,-1,-1
243,306,1.393,591.669,19.795,91.869,1,-1,-1,-1
243,391,1152.397,525.393,26.579,84.988,1,-1,-1,-1
243,396,382.547,533.645,18.130,38.643,1,-1,-1,-1
243,397,1025.004,522.766,29.797,74.225,1,-1,-1,-1
243,398,1116.334,529.129,26.728,81.094,1,-1,-1,-1
243,401,1170.652,522.769,25.298,84.438,1,-1,-1,-1
243,406,903.400,526.400,21.900,57.800,1,-1,-1,-1
244,62,105.064,598.078,29.441,90.839,1,-1,-1,-1
244,204,851.134,517.158,19.932,51.183,1,-1,-1,-1
244,263,1410.346,548.838,51.210,147.294,1,-1,-1,-1
244,391,1158.135,523.910,25.475,82.747,1,-1,-1,-1
244,396,383.368,533.730,18.041,38.444,1,-1,-1,-1
244,397,1026.225,522.764,30.283,74.379,1,-1,-1,-1
244,403,1178.326,521.130,26.610,85.535,1,-1,-1,-1
244,406,903.440,531.350,24.521,63.099,1,-1,-1,-1
245,62,105.574,598.814,29.580,91.065,1,-1,-1,-1
245,204,854.335,516.431,20.103,51.584,1,-1,-1,-1
245,263,1416.648,550.635,50.087,147.843,1,-1,-1,-1
245,391,1158.291,521.650,24.378,79.587,1,-1,-1,-1
245,396,384.622,533.823,17.924,38.523,1,-1,-1,-1
245,397,1027.562,522.517,30.848,74.877,1,-1,-1,-1
245,403,1180.911,519.923,26.237,82.307,1,-1,-1,-1
245,406,904.195,529.195,26.463,67.080,1,-1,-1,-1
246,62,106.360,598.875,29.683,91.638,1,-1,-1,-1
246,204,856.686,516.716,20.278,51.345,1,-1,-1,-1
246,263,1423.064,550.988,49.302,149.089,1,-1,-1,-1
246,396,385.307,533.591,17.883,38.904,1,-1,-1,-1
246,397,1029.572,523.341,31.473,75.792,1,-1,-1,-1
246,403,1184.019,521.937,26.552,80.878,1,-1,-1,-1
246,406,905.472,527.046,27.505,70.018,1,-1,-1,-1
246,407,1149.400,528.900,22.800,66.200,1,-1,-1,-1
247,62,106.565,599.656,29.896,92.283,1,-1,-1,-1
247,204,860.987,517.866,20.078,50.817,1,-1,-1,-1
247,263,1429.483,551.329,49.360,150.304,1,-1,-1,-1
247,396,386.409,533.012,17.845,39.121,1,-1,-1,-1
247,397,1031.814,524.200,32.339,74.840,1,-1,-1,-1
247,403,1191.775,521.973,25.968,78.068,1,-1,-1,-1
247,406,908.114,526.815,28.173,71.064,1,-1,-1,-1
248,62,107.186,599.919,30.108,93.164,1,-1,-1,-1
248,204,864.210,518.159,19.904,50.915,1,-1,-1,-1
248,263,1435.451,551.305,48.932,151.047,1,-1,-1,-1
248,396,387.639,533.828,17.738,38.650,1,-1,-1,-1
248,397,1035.218,525.746,32.635,74.311,1,-1,-1,-1
248,406,911.557,526.938,28.337,71.267,1,-1,-1,-1
248,408,123.700,588.400,31.800,95.900,1,-1,-1,-1
248,409,874.500,517.600,23.200,55.000,1,-1,-1,-1
249,62,108.231,600.790,30.043,93.892,1,-1,-1,-1
249,204,869.089,519.130,20.298,51.066,1,-1,-1,-1
249,263,1440.465,550.831,49.281,152.169,1,-1,-1,-1
249,396,390.028,534.757,17.604,38.419,1,-1,-1,-1
249,397,1040.850,525.830,33.170,74.170,1,-1,-1,-1
249,403,1195.375,521.967,27.555,78.088,1,-1,-1,-1
249,406,915.040,527.691,28.789,72.312,1,-1,-1,-1
249,408,127.614,589.379,30.971,95.841,1,-1,-1,-1
249,410,930.500,527.400,25.200,59.600,1,-1,-1,-1
250,62,108.747,601.138,30.133,94.762,1,-1,-1,-1
250,204,871.670,519.065,20.612,50.946,1,-1,-1,-1
250,263,1446.826,550.389,48.719,153.746,1,-1,-1,-1
250,396,392.828,535.649,17.182,38.042,1,-1,-1,-1
250,406,919.037,528.684,28.583,71.116,1,-1,-1,-1
250,408,127.176,587.810,32.448,99.561,1,-1,-1,-1
250,411,903.400,525.000,20.400,55.600,1,-1,-1,-1
251,62,108.947,601.398,30.116,95.525,1,-1,-1,-1
251,204,873.584,518.213,21.062,51.182,1,-1,-1,-1
251,263,1454.024,549.101,49.044,154.734,1,-1,-1,-1
251,396,396.636,536.355,16.898,37.423,1,-1,-1,-1
251,406,923.926,529.075,29.025,71.672,1,-1,-1,-1
251,408,127.525,585.569,33.973,104.355,1,-1,-1,-1
252,62,110.038,602.609,29.662,95.713,1,-1,-1,-1
252,204,876.968,518.610,20.922,50.811,1,-1,-1,-1
252,263,1460.557,548.216,49.111,154.834,1,-1,-1,-1
252,396,398.809,536.017,16.830,37.809,1,-1,-1,-1
252,406,928.767,529.828,28.367,71.087,1,-1,-1,-1
252,408,129.372,586.648,34.217,105.372,1,-1,-1,-1
252,411,908.136,526.577,22.128,55.846,1,-1,-1,-1
252,412,2.000,599.800,19.200,96.400,1,-1,-1,-1
252,413,895.600,523.000,18.800,49.700,1,-1,-1,-1
253,62,116.582,602.388,30.237,96.459,1,-1,-1,-1
253,204,882.327,518.174,21.122,50.735,1,-1,-1,-1
253,263,1467.336,546.732,49.767,155.523,1,-1,-1,-1
253,396,403.144,537.704,16.888,37.913,1,-1,-1,-1
253,406,933.825,531.231,28.156,70.596,1,-1,-1,-1
253,412,1.155,599.067,20.891,101.466,1,-1,-1,-1
254,62,116.837,604.345,29.942,96.673,1,-1,-1,-1
254,204,886.212,518.418,21.377,50.282,1,-1,-1,-1
254,263,1474.414,544.423,49.895,156.917,1,-1,-1,-1
254,396,407.035,537.758,16.962,38.136,1,-1,-1,-1
254,406,938.472,531.160,27.471,69.886,1,-1,-1,-1
254,408,132.703,591.969,33.503,103.319,1,-1,-1,-1
254,411,918.202,524.239,23.240,56.341,1,-1,-1,-1
254,412,1.271,598.639,22.352,104.228,1,-1,-1,-1
255,62,119.154,606.886,29.863,96.973,1,-1,-1,-1
255,204,890.441,519.248,21.402,50.729,1,-1,-1,-1
255,263,1480.998,543.073,50.503,157.479,1,-1,-1,-1
255,396,410.375,538.290,17.074,38.362,1,-1,-1,-1
255,406,942.942,531.599,27.111,68.715,1,-1,-1,-1
255,408,134.278,594.089,33.583,103.102,1,-1,-1,-1
255,411,914.094,522.848,23.958,56.818,1,-1,-1,-1
255,412,1.155,602.779,22.801,104.160,1,-1,-1,-1
256,62,120.425,609.762,30.190,97.460,1,-1,-1,-1
256,263,1487.208,541.913,51.523,158.083,1,-1,-1,-1
256,396,413.313,539.526,16.917,38.126,1,-1,-1,-1
256,406,948.445,532.263,27.384,68.635,1,-1,-1,-1
256,412,1.155,604.791,23.197,103.700,1,-1,-1,-1
256,413,897.294,520.523,20.411,51.054,1,-1,-1,-1
257,62,122.612,610.842,30.454,97.672,1,-1,-1,-1
257,263,1495.024,542.443,52.265,156.582,1,-1,-1,-1
257,396,416.825,539.441,17.029,37.887,1,-1,-1,-1
257,406,953.154,531.731,27.469,68.949,1,-1,-1,-1
257,408,141.779,597.544,35.234,103.808,1,-1,-1,-1
257,411,927.988,524.560,21.964,53.742,1,-1,-1,-1
257,412,1.193,606.280,23.653,103.430,1,-1,-1,-1
257,413,899.712,518.186,21.751,51.958,1,-1,-1,-1
257,414,1110.100,552.500,34.900,84.000,1,-1,-1,-1
258,62,125.695,611.919,30.702,97.853,1,-1,-1,-1
258,263,1502.589,542.013,53.956,156.637,1,-1,-1,-1
258,396,420.610,540.416,16.995,37.589,1,-1,-1,-1
258,406,959.044,530.505,27.348,68.654,1,-1,-1,-1
258,411,934.442,525.693,22.223,53.671,1,-1,-1,-1
258,412,0.984,609.747,23.504,102.181,1,-1,-1,-1
258,413,904.149,517.575,21.641,51.109,1,-1,-1,-1
258,414,1120.721,548.851,39.056,95.898,1,-1,-1,-1
259,62,128.289,613.413,30.498,97.182,1,-1,-1,-1
259,263,1507.813,542.275,57.220,156.479,1,-1,-1,-1
259,396,424.779,541.056,16.855,37.309,1,-1,-1,-1
259,406,964.425,531.354,27.006,68.137,1,-1,-1,-1
259,412,0.830,609.573,23.449,103.272,1,-1,-1,-1
259,413,911.211,518.491,21.639,50.875,1,-1,-1,-1
259,414,1126.936,544.377,39.696,99.658,1,-1,-1,-1
259,415,953.200,529.800,24.800,59.600,1,-1,-1,-1
259,416,12.100,605.600,26.200,95.100,1,-1,-1,-1
260,62,130.908,613.984,30.540,97.046,1,-1,-1,-1
260,263,1511.380,540.620,61.887,157.853,1,-1,-1,-1
260,396,429.250,540.722,17.205,38.072,1,-1,-1,-1
260,406,968.446,531.783,26.934,67.647,1,-1,-1,-1
260,408,147.302,598.149,34.322,100.505,1,-1,-1,-1
260,412,0.825,609.069,23.521,104.629,1,-1,-1,-1
260,413,917.067,518.163,22.299,51.891,1,-1,-1,-1
260,414,1132.265,545.010,40.481,100.326,1,-1,-1,-1
260,415,948.126,526.408,25.349,59.584,1,-1,-1,-1
261,62,132.295,615.766,30.734,96.864,1,-1,-1,-1
261,263,1516.988,537.108,67.099,160.762,1,-1,-1,-1
261,396,433.649,540.788,16.990,38.215,1,-1,-1,-1
261,406,972.518,531.738,26.886,67.469,1,-1,-1,-1
261,408,150.723,600.919,34.103,98.378,1,-1,-1,-1
261,411,946.947,524.675,23.580,54.838,1,-1,-1,-1
261,412,0.864,609.448,23.593,106.555,1,-1,-1,-1
261,413,921.818,517.347,22.510,51.752,1,-1,-1,-1
261,414,1138.707,542.651,41.449,101.899,1,-1,-1,-1
261,417,1161.100,535.900,40.900,100.600,1,-1,-1,-1
261,418,991.300,530.100,24.100,56.100,1,-1,-1,-1
262,62,134.746,616.143,30.464,96.672,1,-1,-1,-1
262,263,1521.428,539.651,72.024,160.668,1,-1,-1,-1
262,396,438.204,540.161,16.641,38.509,1,-1,-1,-1
262,406,978.541,532.141,26.786,67.205,1,-1,-1,-1
262,408,151.176,603.682,33.376,97.521,1,-1,-1,-1
262,412,1.929,610.258,24.669,107.744,1,-1,-1,-1
262,413,926.846,517.188,22.701,51.536,1,-1,-1,-1
262,414,1142.580,541.245,41.766,102.680,1,-1,-1,-1
262,416,15.788,608.487,26.723,95.326,1,-1,-1,-1
262,417,1166.379,541.753,34.442,94.393,1,-1,-1,-1
262,419,1191.700,529.500,38.900,106.000,1,-1,-1,-1
262,420,969.300,529.400,22.200,61.400,1,-1,-1,-1
263,62,137.805,615.852,30.520,97.594,1,-1,-1,-1
263,263,1531.913,544.058,75.150,159.582,1,-1,-1,-1
263,396,442.104,539.505,16.876,39.114,1,-1,-1,-1
263,406,984.288,532.506,26.724,67.390,1,-1,-1,-1
263,408,155.157,602.576,33.986,99.885,1,-1,-1,-1
263,412,2.768,609.796,25.842,109.253,1,-1,-1,-1
263,413,930.409,516.249,24.304,52.582,1,-1,-1,-1
263,414,1150.500,539.121,41.488,103.613,1,-1,-1,-1
263,419,1198.354,528.408,39.391,109.083,1,-1,-1,-1
263,420,974.024,531.369,22.951,61.961,1,-1,-1,-1
264,62,140.453,614.922,30.345,98.801,1,-1,-1,-1
264,263,1539.352,542.328,78.396,162.321,1,-1,-1,-1
264,396,445.416,539.475,17.154,39.478,1,-1,-1,-1
264,406,988.756,533.006,26.138,67.052,1,-1,-1,-1
264,408,157.701,601.516,34.419,101.786,1,-1,-1,-1
264,412,3.207,609.977,27.001,110.591,1,-1,-1,-1
264,413,934.656,516.642,24.520,51.927,1,-1,-1,-1
264,414,1154.940,533.275,42.562,109.487,1,-1,-1,-1
264,419,1203.434,526.423,40.490,113.483,1,-1,-1,-1
264,420,977.981,531.807,22.695,60.692,1,-1,-1,-1
264,421,1030.600,533.600,25.700,62.300,1,-1,-1,-1
264,422,126.800,615.900,26.000,81.300,1,-1,-1,-1
265,62,142.790,615.233,29.991,99.049,1,-1,-1,-1
265,263,1542.710,534.143,81.442,169.265,1,-1,-1,-1
265,396,449.845,539.190,17.247,39.891,1,-1,-1,-1
265,406,994.159,531.706,26.564,67.991,1,-1,-1,-1
265,408,160.646,602.337,34.206,101.960,1,-1,-1,-1
265,412,4.035,609.465,28.126,111.023,1,-1,-1,-1
265,413,939.950,515.860,24.368,52.238,1,-1,-1,-1
265,414,1159.805,534.190,42.011,111.503,1,-1,-1,-1
265,419,1208.498,533.866,37.613,108.731,1,-1,-1,-1
265,421,1035.784,527.251,31.931,77.598,1,-1,-1,-1
265,423,1019.600,529.800,21.800,69.700,1,-1,-1,-1
266,62,145.376,615.731,30.005,99.245,1,-1,-1,-1
266,263,1549.921,528.457,86.729,177.455,1,-1,-1,-1
266,396,453.792,539.770,17.049,39.443,1,-1,-1,-1
266,406,997.924,530.425,26.912,68.276,1,-1,-1,-1
266,408,163.435,603.160,33.963,102.119,1,-1,-1,-1
266,412,4.892,607.932,29.665,112.056,1,-1,-1,-1
266,413,944.676,517.241,24.325,51.627,1,-1,-1,-1
266,414,1169.963,531.270,38.966,112.747,1,-1,-1,-1
266,419,1213.946,535.765,37.760,108.965,1,-1,-1,-1
266,421,1039.678,527.327,34.907,81.740,1,-1,-1,-1
266,423,1016.900,530.492,22.401,70.216,1,-1,-1,-1
266,424,1304.800,527.100,27.900,85.000,1,-1,-1,-1
267,62,148.450,615.656,30.023,100.384,1,-1,-1,-1
267,396,458.780,539.784,17.163,39.611,1,-1,-1,-1
267,406,1005.219,531.370,26.840,68.329,1,-1,-1,-1
267,408,164.942,604.632,33.662,102.942,1,-1,-1,-1
267,412,5.645,608.141,31.119,111.918,1,-1,-1,-1
267,413,949.870,518.143,24.283,51.053,1,-1,-1,-1
267,419,1220.781,532.802,40.123,114.106,1,-1,-1,-1
267,421,1046.316,530.352,35.674,81.215,1,-1,-1,-1
267,425,979.800,522.700,23.100,50.000,1,-1,-1,-1
268,62,150.925,614.355,30.231,101.809,1,-1,-1,-1
268,396,463.294,539.607,17.492,40.550,1,-1,-1,-1
268,406,1011.661,530.892,26.997,69.563,1,-1,-1,-1
268,408,166.339,603.517,33.574,104.042,1,-1,-1,-1
268,412,6.174,607.948,32.769,111.424,1,-1,-1,-1
268,413,956.246,519.850,24.668,51.153,1,-1,-1,-1
268,419,1225.264,531.761,42.644,117.070,1,-1,-1,-1
268,421,1049.325,529.066,37.726,85.598,1,-1,-1,-1
268,426,1040.600,529.300,22.300,80.200,1,-1,-1,-1
268,427,40.200,614.500,23.900,79.600,1,-1,-1,-1
269,62,153.828,611.553,31.090,102.873,1,-1,-1,-1
269,396,468.485,539.017,17.293,40.701,1,-1,-1,-1
269,406,1015.955,531.829,25.973,70.142,1,-1,-1,-1
269,408,175.062,598.706,35.140,105.902,1,-1,-1,-1
269,412,4.827,607.031,34.065,111.494,1,-1,-1,-1
269,413,962.886,520.829,25.359,51.249,1,-1,-1,-1
269,421,1054.437,526.947,39.240,86.634,1,-1,-1,-1
269,423,1004.051,530.560,21.501,64.774,1,-1,-1,-1
269,426,1035.141,528.392,22.819,78.216,1,-1,-1,-1
269,427,41.363,612.493,23.973,78.915,1,-1,-1,-1
269,428,1552.100,601.600,58.600,183.800,1,-1,-1,-1
270,62,157.357,609.917,31.002,103.344,1,-1,-1,-1
270,396,472.622,536.005,17.480,40.643,1,-1,-1,-1
270,406,1023.433,530.413,25.847,70.236,1,-1,-1,-1
270,408,176.264,596.840,35.981,105.207,1,-1,-1,-1
270,412,4.352,605.057,35.220,111.645,1,-1,-1,-1
270,413,968.050,517.876,24.895,50.623,1,-1,-1,-1
270,421,1059.971,524.778,39.833,86.112,1,-1,-1,-1
270,428,1568.276,595.827,61.245,182.648,1,-1,-1,-1
271,62,159.773,609.540,30.962,103.146,1,-1,-1,-1
271,396,476.446,535.194,17.503,40.479,1,-1,-1,-1
271,406,1028.459,530.257,26.716,69.629,1,-1,-1,-1
271,408,175.596,598.106,35.808,104.967,1,-1,-1,-1
271,412,5.891,602.476,36.304,111.864,1,-1,-1,-1
271,413,974.890,516.868,24.774,50.430,1,-1,-1,-1
271,421,1065.158,525.598,40.047,83.897,1,-1,-1,-1
271,428,1587.757,602.570,60.671,193.731,1,-1,-1,-1
272,62,162.522,608.172,31.316,103.288,1,-1,-1,-1
272,396,479.879,535.218,17.550,40.615,1,-1,-1,-1
272,406,1034.055,529.725,26.908,70.213,1,-1,-1,-1
272,408,181.435,592.048,36.662,106.035,1,-1,-1,-1
272,412,7.389,600.474,37.063,111.625,1,-1,-1,-1
272,413,979.496,517.030,24.869,49.481,1,-1,-1,-1
272,421,1068.973,526.809,40.988,83.518,1,-1,-1,-1
272,426,1014.263,520.285,21.179,55.364,1,-1,-1,-1
272,427,32.194,604.114,28.093,94.364,1,-1,-1,-1
272,428,1602.379,599.373,66.182,203.092,1,-1,-1,-1
272,429,471.600,532.900,16.100,44.100,1,-1,-1,-1
273,62,164.910,608.188,31.358,103.897,1,-1,-1,-1
273,396,485.260,534.570,17.527,40.624,1,-1,-1,-1
273,406,1040.856,529.785,26.761,71.609,1,-1,-1,-1
273,408,183.592,592.272,36.603,106.429,1,-1,-1,-1
273,412,13.503,601.542,37.269,110.963,1,-1,-1,-1
273,413,984.279,516.571,24.834,48.019,1,-1,-1,-1
273,421,1075.959,527.976,40.581,82.530,1,-1,-1,-1
273,426,1005.922,518.764,21.757,49.826,1,-1,-1,-1
273,428,1613.910,597.219,70.233,206.461,1,-1,-1,-1
274,62,167.215,605.676,31.365,104.985,1,-1,-1,-1
274,396,490.745,533.724,17.374,40.864,1,-1,-1,-1
274,406,1046.899,528.651,26.035,72.101,1,-1,-1,-1
274,408,186.669,590.729,36.653,107.234,1,-1,-1,-1
274,412,15.717,600.160,37.544,109.974,1,-1,-1,-1
274,413,989.573,516.000,24.977,45.989,1,-1,-1,-1
274,421,1080.050,526.856,40.718,82.489,1,-1,-1,-1
274,428,1628.518,595.714,72.703,211.731,1,-1,-1,-1
274,430,1139.700,522.700,28.200,78.500,1,-1,-1,-1
274,431,1032.000,526.200,22.900,57.700,1,-1,-1,-1
275,62,170.910,604.730,30.932,105.973,1,-1,-1,-1
275,396,495.368,532.156,17.529,41.701,1,-1,-1,-1
275,406,1051.416,527.416,25.469,72.131,1,-1,-1,-1
275,408,188.475,590.684,37.046,108.566,1,-1,-1,-1
275,412,17.899,601.343,38.336,108.616,1,-1,-1,-1
275,413,994.373,515.073,24.597,45.359,1,-1,-1,-1
275,421,1085.239,528.053,39.870,80.431,1,-1,-1,-1
275,428,1642.491,596.252,77.470,216.703,1,-1,-1,-1
275,430,1151.125,521.998,29.447,75.404,1,-1,-1,-1
275,432,158.200,606.800,27.900,85.600,1,-1,-1,-1
276,62,173.288,606.787,30.035,105.377,1,-1,-1,-1
276,396,500.152,531.741,17.404,41.876,1,-1,-1,-1
276,406,1056.993,527.919,25.674,71.771,1,-1,-1,-1
276,408,190.863,591.090,36.943,109.157,1,-1,-1,-1
276,412,19.520,602.404,38.781,107.806,1,-1,-1,-1
276,413,999.451,514.466,24.271,45.207,1,-1,-1,-1
276,421,1090.368,529.880,39.273,79.156,1,-1,-1,-1
276,428,1656.818,598.474,80.549,222.570,1,-1,-1,-1
276,430,1165.990,526.593,27.019,68.868,1,-1,-1,-1
276,431,1024.153,520.927,23.095,51.346,1,-1,-1,-1
276,433,1131.800,525.200,25.100,68.800,1,-1,-1,-1
276,434,1042.800,525.400,26.100,52.700,1,-1,-1,-1
277,62,175.857,608.399,29.406,105.258,1,-1,-1,-1
277,396,505.504,531.212,17.200,41.861,1,-1,-1,-1
277,406,1063.852,528.117,26.502,71.630,1,-1,-1,-1
277,408,190.359,594.617,36.609,109.703,1,-1,-1,-1
277,412,20.741,602.643,39.330,107.903,1,-1,-1,-1
277,413,1004.625,513.718,24.049,44.521,1,-1,-1,-1
277,421,1096.492,529.314,38.862,77.259,1,-1,-1,-1
277,428,1671.596,598.554,85.546,231.418,1,-1,-1,-1
277,430,1182.543,521.315,28.492,69.837,1,-1,-1,-1
277,433,1119.484,526.224,26.035,69.152,1,-1,-1,-1
277,434,1043.479,523.349,23.141,45.103,1,-1,-1,-1
278,62,178.844,608.896,29.167,105.440,1,-1,-1,-1
278,396,510.105,531.228,17.132,41.576,1,-1,-1,-1
278,406,1070.786,528.161,26.750,72.296,1,-1,-1,-1
278,408,194.770,594.287,36.127,109.652,1,-1,-1,-1
278,412,21.674,603.167,40.063,108.058,1,-1,-1,-1
278,413,1009.377,514.104,23.738,43.811,1,-1,-1,-1
278,421,1101.762,529.504,39.850,77.775,1,-1,-1,-1
278,428,1687.298,600.390,93.087,235.304,1,-1,-1,-1
278,430,1195.831,524.244,27.328,67.600,1,-1,-1,-1
278,434,1039.192,521.562,22.681,42.907,1,-1,-1,-1
278,435,1086.900,529.500,29.100,74.400,1,-1,-1,-1
278,436,1179.300,522.200,27.000,69.100,1,-1,-1,-1
278,437,1124.100,520.200,26.300,63.000,1,-1,-1,-1
279,62,181.575,609.414,29.843,106.014,1,-1,-1,-1
279,396,516.870,530.009,16.784,41.983,1,-1,-1,-1
279,406,1075.655,526.876,26.189,72.479,1,-1,-1,-1
279,408,200.079,594.003,36.746,110.002,1,-1,-1,-1
279,412,22.881,604.021,40.557,108.246,1,-1,-1,-1
279,413,1014.364,513.955,23.653,42.210,1,-1,-1,-1
279,421,1105.712,529.619,39.995,78.143,1,-1,-1,-1
279,428,1703.692,603.307,97.306,237.292,1,-1,-1,-1
279,434,1038.591,518.191,21.390,39.168,1,-1,-1,-1
279,435,1089.558,529.646,26.883,73.608,1,-1,-1,-1
279,438,1221.300,560.500,34.700,91.300,1,-1,-1,-1
279,439,1164.000,526.300,23.500,65.800,1,-1,-1,-1
280,62,183.384,609.014,31.270,107.019,1,-1,-1,-1
280,396,520.454,530.292,16.818,42.760,1,-1,-1,-1
280,406,1080.765,527.865,25.292,71.755,1,-1,-1,-1
280,408,202.929,595.135,36.771,110.518,1,-1,-1,-1
280,412,24.292,606.091,41.087,109.007,1,-1,-1,-1
280,413,1019.870,516.081,23.839,41.784,1,-1,-1,-1
280,421,1109.726,530.704,39.822,78.560,1,-1,-1,-1
280,428,1719.183,607.887,99.575,237.916,1,-1,-1,-1
280,436,1173.304,528.520,24.993,67.560,1,-1,-1,-1
280,438,1232.262,554.352,44.172,113.196,1,-1,-1,-1
280,440,1872.300,597.300,37.400,107.100,1,-1,-1,-1
281,62,185.510,609.319,32.037,107.908,1,-1,-1,-1
281,396,523.972,531.202,16.863,43.173,1,-1,-1,-1
281,408,206.375,597.134,36.834,110.240,1,-1,-1,-1
281,412,25.570,608.561,41.728,110.160,1,-1,-1,-1
281,413,1025.474,516.046,24.193,42.032,1,-1,-1,-1
281,421,1115.021,529.573,39.657,78.898,1,-1,-1,-1
281,428,1736.561,608.095,102.926,239.221,1,-1,-1,-1
281,433,1079.591,519.339,22.563,50.327,1,-1,-1,-1
281,435,1092.431,528.958,24.196,66.225,1,-1,-1,-1
281,438,1234.991,552.523,47.433,118.360,1,-1,-1,-1
281,439,1156.333,527.492,25.135,72.617,1,-1,-1,-1
282,62,186.158,610.472,32.484,108.245,1,-1,-1,-1
282,396,528.425,531.967,16.889,43.030,1,-1,-1,-1
282,406,1087.688,521.588,25.070,64.627,1,-1,-1,-1
282,408,210.525,597.715,37.194,110.467,1,-1,-1,-1
282,412,26.749,609.543,42.177,110.808,1,-1,-1,-1
282,413,1030.328,516.310,24.287,42.443,1,-1,-1,-1
282,421,1120.278,529.326,40.150,79.177,1,-1,-1,-1
282,428,1755.241,612.258,103.349,239.091,1,-1,-1,-1
282,435,1098.909,529.478,23.769,64.222,1,-1,-1,-1
282,436,1164.212,530.758,25.480,69.350,1,-1,-1,-1
282,438,1241.058,555.404,47.687,116.189,1,-1,-1,-1
282,441,1725.000,544.900,66.300,187.600,1,-1,-1,-1
282,442,1192.700,526.500,23.200,73.900,1,-1,-1,-1
283,62,188.225,613.280,33.492,107.921,1,-1,-1,-1
283,396,531.349,532.363,16.631,43.099,1,-1,-1,-1
283,406,1089.903,518.409,24.857,59.749,1,-1,-1,-1
283,408,213.715,598.257,37.565,110.603,1,-1,-1,-1
283,412,28.083,611.636,42.433,111.039,1,-1,-1,-1
283,413,1035.614,515.781,24.614,42.831,1,-1,-1,-1
283,421,1125.790,529.018,39.956,79.836,1,-1,-1,-1
283,428,1775.651,614.075,103.215,240.936,1,-1,-1,-1
283,435,1100.870,526.609,23.126,58.924,1,-1,-1,-1
283,438,1245.593,555.812,47.872,116.882,1,-1,-1,-1
283,439,1151.676,528.427,27.192,77.198,1,-1,-1,-1
283,441,1734.386,542.962,68.826,193.676,1,-1,-1,-1
283,442,1180.236,525.515,24.031,77.469,1,-1,-1,-1
283,443,1277.800,549.500,54.200,111.100,1,-1,-1,-1
283,444,1071.100,517.200,23.800,39.300,1,-1,-1,-1
284,62,191.156,615.606,33.544,107.469,1,-1,-1,-1
284,396,536.799,533.054,16.913,42.835,1,-1,-1,-1
284,408,215.668,599.422,37.724,110.992,1,-1,-1,-1
284,412,30.000,612.017,43.330,111.973,1,-1,-1,-1
284,413,1040.861,515.678,25.040,42.864,1,-1,-1,-1
284,421,1131.163,528.924,40.297,80.886,1,-1,-1,-1
284,428,1798.337,617.830,102.362,240.720,1,-1,-1,-1
284,438,1249.333,556.421,47.617,117.241,1,-1,-1,-1
284,441,1747.025,542.864,72.095,197.579,1,-1,-1,-1
284,443,1295.779,541.197,55.439,121.807,1,-1,-1,-1
284,445,1184.600,524.000,23.300,78.500,1,-1,-1,-1
285,62,193.895,616.941,33.420,108.244,1,-1,-1,-1
285,408,218.598,600.799,38.109,112.373,1,-1,-1,-1
285,412,32.032,611.476,45.008,113.584,1,-1,-1,-1
285,413,1047.535,515.522,25.296,42.997,1,-1,-1,-1
285,421,1135.476,528.717,40.957,81.424,1,-1,-1,-1
285,428,1820.410,618.130,101.582,244.806,1,-1,-1,-1
285,438,1255.105,555.818,47.737,116.993,1,-1,-1,-1
285,441,1760.383,543.653,74.401,198.890,1,-1,-1,-1
285,442,1161.629,521.667,35.829,88.464,1,-1,-1,-1
285,443,1305.959,541.763,58.068,125.409,1,-1,-1,-1
285,445,1189.381,525.022,25.337,81.155,1,-1,-1,-1
285,446,1287.400,552.600,37.100,109.600,1,-1,-1,-1
286,62,196.017,619.745,33.271,108.140,1,-1,-1,-1
286,408,222.152,602.194,38.666,113.463,1,-1,-1,-1
286,412,34.891,612.014,46.128,114.684,1,-1,-1,-1
286,413,1053.381,514.206,25.219,43.616,1,-1,-1,-1
286,421,1142.132,527.292,40.438,80.909,1,-1,-1,-1
286,428,1837.900,612.648,95.176,251.003,1,-1,-1,-1
286,438,1262.431,553.221,47.135,118.023,1,-1,-1,-1
286,441,1775.742,544.059,78.452,201.426,1,-1,-1,-1
286,442,1167.541,522.417,37.746,85.973,1,-1,-1,-1
286,443,1306.052,538.718,57.327,123.588,1,-1,-1,-1
286,445,1196.708,525.322,27.177,83.186,1,-1,-1,-1
287,62,197.729,621.778,32.943,107.870,1,-1,-1,-1
287,408,224.451,603.271,39.133,114.893,1,-1,-1,-1
287,412,37.196,613.573,46.476,115.219,1,-1,-1,-1
287,413,1057.832,514.350,25.340,44.345,1,-1,-1,-1
287,421,1149.756,527.749,39.766,80.550,1,-1,-1,-1
287,428,1854.765,613.774,84.309,252.775,1,-1,-1,-1
287,438,1264.919,552.818,47.335,119.750,1,-1,-1,-1
287,441,1787.479,543.384,79.315,202.546,1,-1,-1,-1
287,443,1306.700,537.881,56.111,122.462,1,-1,-1,-1
287,445,1198.648,526.001,27.124,81.756,1,-1,-1,-1
287,447,1135.100,525.500,22.700,54.700,1,-1,-1,-1
288,62,199.785,622.779,32.594,107.960,1,-1,-1,-1
288,408,226.360,603.633,39.522,115.865,1,-1,-1,-1
288,412,38.200,613.697,47.010,116.174,1,-1,-1,-1
288,413,1063.267,512.851,24.927,44.415,1,-1,-1,-1
288,421,1160.343,527.590,37.889,80.360,1,-1,-1,-1
288,438,1269.461,553.502,46.247,119.986,1,-1,-1,-1
288,441,1801.423,541.922,81.823,205.538,1,-1,-1,-1
288,443,1310.187,535.595,54.874,123.344,1,-1,-1,-1
288,445,1208.240,526.851,28.761,82.279,1,-1,-1,-1
289,62,201.830,624.948,32.394,108.135,1,-1,-1,-1
289,408,228.744,603.226,39.489,116.351,1,-1,-1,-1
289,412,39.065,615.928,47.557,116.880,1,-1,-1,-1
289,413,1068.420,512.121,25.037,44.978,1,-1,-1,-1
289,421,1172.795,527.185,35.557,79.413,1,-1,-1,-1
289,438,1273.708,553.909,46.131,120.951,1,-1,-1,-1
289,441,1816.380,540.931,82.936,206.120,1,-1,-1,-1
289,442,1164.207,519.602,32.254,74.697,1,-1,-1,-1
289,443,1327.473,539.899,48.911,117.709,1,-1,-1,-1
289,445,1210.437,527.482,30.174,82.958,1,-1,-1,-1
289,448,1323.000,548.000,26.900,109.300,1,-1,-1,-1
290,62,204.252,624.817,32.798,108.927,1,-1,-1,-1
290,408,231.262,603.622,39.065,116.360,1,-1,-1,-1
290,412,40.975,615.783,48.008,117.767,1,-1,-1,-1
290,413,1073.684,511.474,24.650,44.908,1,-1,-1,-1
290,421,1181.629,526.480,33.307,77.676,1,-1,-1,-1
290,438,1277.959,560.837,43.892,116.612,1,-1,-1,-1
290,441,1834.950,542.643,79.969,204.522,1,-1,-1,-1
290,443,1333.861,542.286,44.472,115.910,1,-1,-1,-1
290,445,1217.214,526.650,28.508,78.617,1,-1,-1,-1
290,448,1315.613,548.556,28.276,114.687,1,-1,-1,-1
290,449,1199.500,528.800,29.600,73.000,1,-1,-1,-1
290,450,1243.200,521.800,28.700,84.100,1,-1,-1,-1
291,62,205.367,627.325,33.391,108.282,1,-1,-1,-1
291,408,234.424,606.112,38.357,114.836,1,-1,-1,-1
291,412,41.652,618.272,48.743,117.982,1,-1,-1,-1
291,413,1078.701,512.475,24.520,45.939,1,-1,-1,-1
291,421,1187.305,525.493,31.238,76.639,1,-1,-1,-1
291,438,1283.934,558.513,45.218,118.786,1,-1,-1,-1
291,441,1847.371,540.386,78.185,207.072,1,-1,-1,-1
291,442,1169.530,518.554,27.926,62.862,1,-1,-1,-1
291,443,1333.154,539.621,43.201,119.695,1,-1,-1,-1
291,445,1217.464,525.808,29.390,79.608,1,-1,-1,-1
291,448,1310.934,537.703,36.751,134.423,1,-1,-1,-1
291,450,1242.881,525.690,29.338,83.619,1,-1,-1,-1
292,62,206.782,629.156,33.904,107.969,1,-1,-1,-1
292,408,236.451,607.959,37.555,113.315,1,-1,-1,-1
292,412,42.565,620.789,49.354,118.118,1,-1,-1,-1
292,413,1084.419,511.827,24.599,47.034,1,-1,-1,-1
292,438,1287.947,557.312,47.118,120.461,1,-1,-1,-1
292,441,1855.964,540.051,74.049,208.113,1,-1,-1,-1
292,443,1334.168,542.237,43.056,119.634,1,-1,-1,-1
292,445,1225.547,526.202,29.143,79.394,1,-1,-1,-1
292,449,1203.207,527.171,29.085,75.157,1,-1,-1,-1
292,450,1244.916,529.201,29.598,83.145,1,-1,-1,-1
293,62,208.594,630.516,34.278,107.943,1,-1,-1,-1
293,408,237.507,609.864,37.022,112.039,1,-1,-1,-1
293,412,43.622,621.822,50.142,119.249,1,-1,-1,-1
293,413,1089.392,511.825,24.494,47.498,1,-1,-1,-1
293,421,1197.954,521.118,29.104,73.246,1,-1,-1,-1
293,438,1293.576,556.885,47.161,121.653,1,-1,-1,-1
293,441,1866.801,541.146,66.244,207.567,1,-1,-1,-1
293,443,1333.709,541.190,47.536,123.663,1,-1,-1,-1
293,445,1229.475,525.707,30.328,80.732,1,-1,-1,-1
293,449,1209.777,526.385,28.492,75.101,1,-1,-1,-1
293,451,1516.200,519.000,34.900,105.000,1,-1,-1,-1
294,62,210.022,632.007,34.497,108.255,1,-1,-1,-1
294,408,238.384,612.002,36.545,110.951,1,-1,-1,-1
294,412,43.730,621.986,51.046,120.379,1,-1,-1,-1
294,413,1093.764,511.726,24.366,48.078,1,-1,-1,-1
294,421,1202.712,517.866,27.798,68.776,1,-1,-1,-1
294,443,1334.981,537.855,52.955,130.047,1,-1,-1,-1
294,445,1232.669,524.024,32.148,82.946,1,-1,-1,-1
294,451,1525.956,518.732,35.885,108.535,1,-1,-1,-1
295,62,211.492,633.714,34.547,108.557,1,-1,-1,-1
295,408,241.332,612.796,36.195,110.450,1,-1,-1,-1
295,412,44.554,622.766,51.610,121.186,1,-1,-1,-1
295,413,1098.422,511.586,24.641,49.425,1,-1,-1,-1
295,443,1336.409,536.793,58.773,135.714,1,-1,-1,-1
295,445,1238.083,523.348,32.313,81.999,1,-1,-1,-1
295,449,1219.275,525.076,27.438,71.246,1,-1,-1,-1
295,451,1533.888,516.849,35.911,106.456,1,-1,-1,-1
296,62,212.987,633.651,34.841,110.073,1,-1,-1,-1
296,408,244.252,612.957,36.749,112.177,1,-1,-1,-1
296,412,45.412,623.398,52.068,121.723,1,-1,-1,-1
296,413,1103.183,513.757,24.890,51.111,1,-1,-1,-1
296,443,1339.133,539.671,62.588,137.636,1,-1,-1,-1
296,445,1242.062,523.648,32.590,83.274,1,-1,-1,-1
296,449,1227.841,525.910,26.976,72.230,1,-1,-1,-1
296,451,1542.760,520.651,36.157,105.959,1,-1,-1,-1
296,452,1273.200,528.500,27.600,78.500,1,-1,-1,-1
297,62,214.343,635.429,34.747,110.878,1,-1,-1,-1
297,408,247.783,609.775,37.374,114.948,1,-1,-1,-1
297,412,46.394,624.358,52.591,122.302,1,-1,-1,-1
297,413,1107.578,514.846,24.699,51.871,1,-1,-1,-1
297,443,1348.496,542.388,61.930,134.792,1,-1,-1,-1
297,445,1247.086,524.899,32.139,82.943,1,-1,-1,-1
297,451,1549.974,523.963,36.410,104.165,1,-1,-1,-1
297,452,1271.874,530.801,26.253,78.697,1,-1,-1,-1
298,62,216.105,635.013,34.569,111.648,1,-1,-1,-1
298,408,249.209,608.427,38.125,117.205,1,-1,-1,-1
298,412,47.032,624.555,52.686,122.714,1,-1,-1,-1
298,413,1112.260,514.111,24.994,53.068,1,-1,-1,-1
298,443,1363.273,545.015,60.903,130.135,1,-1,-1,-1
298,445,1253.653,527.405,32.289,83.833,1,-1,-1,-1
298,451,1557.573,523.716,36.387,104.866,1,-1,-1,-1
299,62,217.490,635.501,34.381,111.999,1,-1,-1,-1
299,408,250.598,608.159,38.570,118.383,1,-1,-1,-1
299,412,47.586,624.562,52.916,123.063,1,-1,-1,-1
299,413,1117.128,515.463,25.324,53.309,1,-1,-1,-1
299,445,1260.193,530.094,32.683,84.555,1,-1,-1,-1
299,451,1565.427,524.381,36.105,103.554,1,-1,-1,-1
300,62,219.677,637.555,34.324,111.908,1,-1,-1,-1
300,408,249.424,612.575,38.520,118.244,1,-1,-1,-1
300,412,47.239,625.937,53.245,123.449,1,-1,-1,-1
300,413,1121.329,517.309,25.314,53.654,1,-1,-1,-1
300,445,1271.098,531.903,32.366,84.718,1,-1,-1,-1
300,451,1574.964,527.774,36.037,102.962,1,-1,-1,-1
301,62,221.257,638.676,34.118,111.700,1,-1,-1,-1
301,408,249.734,615.141,38.147,118.062,1,-1,-1,-1
301,412,46.330,627.376,53.339,123.652,1,-1,-1,-1
301,413,1125.348,517.730,25.100,54.574,1,-1,-1,-1
301,445,1277.104,532.044,31.440,84.763,1,-1,-1,-1
301,451,1581.951,527.766,36.668,104.086,1,-1,-1,-1
302,62,222.113,639.066,33.994,111.219,1,-1,-1,-1
302,408,250.700,615.629,37.872,117.595,1,-1,-1,-1
302,412,46.008,627.428,53.515,124.125,1,-1,-1,-1
302,413,1130.866,517.045,24.550,55.337,1,-1,-1,-1
302,451,1590.421,528.952,36.285,103.849,1,-1,-1,-1
303,62,222.421,641.281,34.125,111.721,1,-1,-1,-1
303,408,252.952,616.485,38.577,119.014,1,-1,-1,-1
303,412,46.012,631.316,53.138,124.594,1,-1,-1,-1
303,413,1135.461,517.545,24.050,55.313,1,-1,-1,-1
303,451,1598.236,529.073,36.785,105.847,1,-1,-1,-1
304,62,223.129,641.541,34.056,112.345,1,-1,-1,-1
304,408,254.173,615.703,38.968,121.243,1,-1,-1,-1
304,412,46.586,631.748,52.967,124.826,1,-1,-1,-1
304,413,1140.503,519.849,24.327,55.417,1,-1,-1,-1
304,451,1607.814,535.057,37.143,106.852,1,-1,-1,-1
305,62,223.385,644.556,33.952,113.067,1,-1,-1,-1
305,408,254.257,618.919,39.167,123.225,1,-1,-1,-1
305,412,46.317,636.552,52.976,125.016,1,-1,-1,-1
305,413,1144.805,520.964,24.695,55.527,1,-1,-1,-1
305,451,1615.132,535.927,37.277,107.926,1,-1,-1,-1
306,62,223.444,645.786,33.956,113.414,1,-1,-1,-1
306,408,254.477,619.069,39.337,125.003,1,-1,-1,-1
306,412,46.033,637.401,52.642,124.858,1,-1,-1,-1
306,413,1149.015,524.439,25.436,55.690,1,-1,-1,-1
306,451,1622.343,540.479,36.982,107.960,1,-1,-1,-1
307,62,223.252,646.492,34.102,114.544,1,-1,-1,-1
307,408,255.382,620.146,40.002,125.841,1,-1,-1,-1
307,412,45.859,637.742,52.541,125.640,1,-1,-1,-1
307,413,1152.393,525.320,25.566,56.248,1,-1,-1,-1
307,451,1630.279,542.878,36.923,108.709,1,-1,-1,-1
308,62,222.873,650.469,34.232,115.236,1,-1,-1,-1
308,408,254.617,622.089,39.888,127.451,1,-1,-1,-1
308,412,44.174,640.865,52.570,125.990,1,-1,-1,-1
308,413,1155.804,525.803,25.490,56.557,1,-1,-1,-1
308,451,1638.919,543.308,37.412,109.130,1,-1,-1,-1
309,62,223.265,651.382,34.246,116.137,1,-1,-1,-1
309,408,254.847,620.456,39.948,129.385,1,-1,-1,-1
309,412,43.211,641.321,53.004,126.505,1,-1,-1,-1
309,413,1160.844,527.009,25.373,56.394,1,-1,-1,-1
309,451,1646.088,544.658,37.367,108.609,1,-1,-1,-1
310,62,222.959,653.311,34.117,116.733,1,-1,-1,-1
310,408,255.415,621.756,39.711,131.026,1,-1,-1,-1
310,412,41.016,642.266,53.349,127.340,1,-1,-1,-1
310,413,1165.294,528.159,25.572,56.845,1,-1,-1,-1
310,451,1652.109,544.680,37.255,109.384,1,-1,-1,-1
311,62,222.749,656.282,33.803,116.945,1,-1,-1,-1
311,408,256.579,625.411,39.277,131.709,1,-1,-1,-1
311,412,39.784,643.972,53.486,128.259,1,-1,-1,-1
311,413,1169.019,528.748,25.715,57.169,1,-1,-1,-1
311,451,1660.463,543.474,37.308,109.749,1,-1,-1,-1
311,453,1243.600,516.400,21.900,63.800,1,-1,-1,-1
312,62,222.467,656.611,33.709,116.944,1,-1,-1,-1
312,408,256.604,624.032,39.282,133.753,1,-1,-1,-1
312,412,38.774,643.554,53.580,128.810,1,-1,-1,-1
312,413,1173.022,529.173,25.844,57.349,1,-1,-1,-1
312,451,1668.315,543.635,37.573,110.770,1,-1,-1,-1
312,453,1249.512,517.167,22.974,62.865,1,-1,-1,-1
313,62,222.661,658.050,33.614,117.400,1,-1,-1,-1
313,408,256.876,626.632,39.209,133.866,1,-1,-1,-1
313,412,37.770,645.881,53.427,129.762,1,-1,-1,-1
313,413,1177.482,529.074,26.119,58.265,1,-1,-1,-1
313,451,1675.244,544.023,37.745,112.829,1,-1,-1,-1
313,453,1253.524,519.913,22.768,60.516,1,-1,-1,-1
314,62,223.006,659.240,33.384,118.334,1,-1,-1,-1
314,408,257.239,628.361,39.185,134.358,1,-1,-1,-1
314,412,36.622,647.293,53.284,130.669,1,-1,-1,-1
314,413,1180.403,529.222,26.282,58.705,1,-1,-1,-1
314,451,1681.781,542.844,36.922,112.304,1,-1,-1,-1
314,453,1256.250,520.301,23.642,62.061,1,-1,-1,-1
314,454,1376.100,601.100,40.100,127.500,1,-1,-1,-1
315,62,222.872,659.099,33.464,119.373,1,-1,-1,-1
315,408,257.061,628.832,39.026,134.620,1,-1,-1,-1
315,412,36.026,647.439,53.177,131.626,1,-1,-1,-1
315,413,1184.520,530.413,26.176,58.897,1,-1,-1,-1
315,451,1691.059,543.771,36.364,110.844,1,-1,-1,-1
315,453,1260.016,520.923,23.893,61.860,1,-1,-1,-1
315,454,1384.832,598.631,49.034,139.738,1,-1,-1,-1
315,455,1355.200,586.000,56.100,132.600,1,-1,-1,-1
316,62,222.771,658.373,33.492,120.157,1,-1,-1,-1
316,408,257.301,628.745,38.883,135.025,1,-1,-1,-1
316,412,34.600,647.333,52.817,132.278,1,-1,-1,-1
316,413,1188.694,530.412,25.984,58.841,1,-1,-1,-1
316,451,1699.656,543.034,36.471,109.122,1,-1,-1,-1
316,453,1265.227,521.282,24.089,62.092,1,-1,-1,-1
316,454,1390.782,596.430,52.146,142.592,1,-1,-1,-1
316,455,1344.274,577.124,64.953,144.353,1,-1,-1,-1
317,62,222.331,659.637,33.427,119.827,1,-1,-1,-1
317,408,256.814,629.199,38.888,135.354,1,-1,-1,-1
317,412,32.551,646.609,53.110,133.471,1,-1,-1,-1
317,413,1192.020,529.780,26.261,58.984,1,-1,-1,-1
317,451,1707.426,544.324,35.932,107.362,1,-1,-1,-1
317,453,1268.676,520.828,24.073,62.372,1,-1,-1,-1
317,454,1391.854,597.046,54.225,144.128,1,-1,-1,-1
317,455,1344.476,574.560,70.654,152.233,1,-1,-1,-1
317,456,1240.900,524.100,21.800,52.800,1,-1,-1,-1
318,62,222.218,660.049,33.462,119.943,1,-1,-1,-1
318,408,257.185,630.166,38.972,135.568,1,-1,-1,-1
318,412,30.297,646.954,53.401,134.364,1,-1,-1,-1
318,413,1195.110,529.631,26.349,58.285,1,-1,-1,-1
318,451,1715.130,544.542,36.285,105.942,1,-1,-1,-1
318,453,1273.513,520.298,23.735,61.816,1,-1,-1,-1
318,454,1394.727,597.145,55.445,145.720,1,-1,-1,-1
318,455,1346.382,574.504,72.305,152.640,1,-1,-1,-1
319,62,222.516,660.693,33.162,120.754,1,-1,-1,-1
319,408,257.021,631.868,38.921,135.574,1,-1,-1,-1
319,412,28.266,648.115,53.359,135.044,1,-1,-1,-1
319,413,1198.613,529.532,26.414,58.456,1,-1,-1,-1
319,451,1721.989,546.432,36.854,104.814,1,-1,-1,-1
319,453,1277.940,521.463,23.285,60.711,1,-1,-1,-1
319,454,1398.152,602.441,56.773,147.593,1,-1,-1,-1
319,455,1349.195,577.222,76.801,156.611,1,-1,-1,-1
319,457,241.300,656.800,31.200,118.000,1,-1,-1,-1
320,62,222.266,660.734,33.035,122.497,1,-1,-1,-1
320,408,256.321,632.124,39.028,136.601,1,-1,-1,-1
320,412,26.366,649.336,53.630,135.688,1,-1,-1,-1
320,413,1201.967,528.632,26.495,59.100,1,-1,-1,-1
320,451,1729.237,545.300,36.807,104.055,1,-1,-1,-1
320,453,1281.555,521.777,23.510,60.704,1,-1,-1,-1
320,454,1401.818,606.892,55.945,144.301,1,-1,-1,-1
320,455,1350.979,578.722,78.779,156.640,1,-1,-1,-1
320,458,1524.000,595.800,44.400,131.600,1,-1,-1,-1
321,62,221.229,660.868,33.155,123.689,1,-1,-1,-1
321,408,255.310,631.863,39.024,137.691,1,-1,-1,-1
321,412,23.696,650.167,54.161,136.749,1,-1,-1,-1
321,413,1205.775,529.035,26.547,59.130,1,-1,-1,-1
321,451,1737.619,545.095,37.692,103.799,1,-1,-1,-1
321,453,1285.289,520.682,23.559,60.067,1,-1,-1,-1
321,454,1406.157,610.110,55.963,143.654,1,-1,-1,-1
321,455,1352.931,576.911,78.004,157.379,1,-1,-1,-1
321,457,238.514,650.135,33.173,127.031,1,-1,-1,-1
321,458,1528.481,584.706,54.935,148.489,1,-1,-1,-1
322,62,220.294,661.013,33.159,124.658,1,-1,-1,-1
322,408,254.760,631.880,39.070,138.055,1,-1,-1,-1
322,412,21.177,651.032,54.043,137.341,1,-1,-1,-1
322,413,1208.975,528.293,26.584,59.205,1,-1,-1,-1
322,451,1743.537,545.148,38.446,103.474,1,-1,-1,-1
322,453,1288.581,520.413,23.986,60.667,1,-1,-1,-1
322,454,1409.039,610.754,55.960,144.155,1,-1,-1,-1
322,455,1356.646,577.866,76.414,155.498,1,-1,-1,-1
322,457,236.922,649.905,33.090,127.797,1,-1,-1,-1
322,458,1533.798,584.484,56.744,150.596,1,-1,-1,-1
323,62,218.240,661.793,33.351,125.330,1,-1,-1,-1
323,408,254.050,633.021,39.353,138.723,1,-1,-1,-1
323,412,18.730,650.926,54.377,138.615,1,-1,-1,-1
323,413,1212.219,528.165,26.525,59.034,1,-1,-1,-1
323,451,1749.436,545.244,38.888,103.696,1,-1,-1,-1
323,453,1291.500,519.567,24.780,61.575,1,-1,-1,-1
323,454,1409.976,608.821,56.912,146.297,1,-1,-1,-1
323,455,1360.533,578.379,72.275,154.114,1,-1,-1,-1
323,458,1537.841,585.403,55.388,149.098,1,-1,-1,-1
324,62,216.603,660.416,33.054,125.918,1,-1,-1,-1
324,408,253.221,631.841,39.586,139.260,1,-1,-1,-1
324,412,15.391,648.396,55.228,140.081,1,-1,-1,-1
324,413,1216.915,526.805,26.372,58.959,1,-1,-1,-1
324,451,1757.324,545.139,38.623,105.345,1,-1,-1,-1
324,453,1294.499,518.808,24.813,61.798,1,-1,-1,-1
324,454,1412.554,609.344,57.925,146.793,1,-1,-1,-1
324,455,1366.198,576.818,68.823,153.033,1,-1,-1,-1
324,458,1542.116,586.963,55.647,149.721,1,-1,-1,-1
325,62,215.557,660.063,33.082,126.453,1,-1,-1,-1
325,408,251.715,632.130,39.698,139.557,1,-1,-1,-1
325,412,13.133,647.899,55.986,141.664,1,-1,-1,-1
325,413,1221.224,526.733,25.902,58.030,1,-1,-1,-1
325,451,1764.849,546.074,38.764,106.674,1,-1,-1,-1
325,453,1298.602,516.418,24.603,61.664,1,-1,-1,-1
325,454,1416.189,609.136,60.678,147.911,1,-1,-1,-1
325,455,1370.091,577.742,67.421,154.495,1,-1,-1,-1
325,458,1544.989,586.381,55.763,153.182,1,-1,-1,-1
325,459,1270.200,519.700,20.300,51.500,1,-1,-1,-1
325,460,1283.800,515.600,24.500,57.600,1,-1,-1,-1
326,62,212.982,660.249,32.965,126.806,1,-1,-1,-1
326,408,249.773,632.284,39.998,139.586,1,-1,-1,-1
326,412,9.343,647.436,56.099,143.409,1,-1,-1,-1
326,413,1223.321,525.429,25.722,57.222,1,-1,-1,-1
326,451,1771.014,546.132,39.282,108.593,1,-1,-1,-1
326,453,1300.742,516.686,24.510,61.526,1,-1,-1,-1
326,454,1421.708,608.091,61.883,150.672,1,-1,-1,-1
326,455,1373.990,577.203,64.980,156.642,1,-1,-1,-1
326,458,1549.465,586.914,54.104,152.948,1,-1,-1,-1
326,459,1274.330,518.525,21.438,54.050,1,-1,-1,-1
327,62,210.156,660.580,32.988,126.825,1,-1,-1,-1
327,408,247.897,631.316,40.440,140.093,1,-1,-1,-1
327,412,5.728,646.588,56.091,144.838,1,-1,-1,-1
327,413,1225.649,524.319,25.863,57.164,1,-1,-1,-1
327,451,1776.988,546.419,40.340,112.153,1,-1,-1,-1
327,453,1303.092,515.415,24.349,61.342,1,-1,-1,-1
327,454,1425.087,606.448,61.947,152.911,1,-1,-1,-1
327,455,1376.449,578.514,61.113,155.379,1,-1,-1,-1
327,458,1553.395,586.241,53.623,154.156,1,-1,-1,-1
327,459,1274.965,517.077,21.100,53.663,1,-1,-1,-1
328,62,206.635,661.579,32.843,127.449,1,-1,-1,-1
328,408,244.497,633.787,40.841,140.176,1,-1,-1,-1
328,412,1.894,650.631,54.664,144.632,1,-1,-1,-1
328,413,1226.286,522.459,26.885,57.810,1,-1,-1,-1
328,451,1782.966,546.519,41.065,115.832,1,-1,-1,-1
328,453,1305.052,514.597,24.655,61.311,1,-1,-1,-1
328,454,1427.192,606.414,61.066,154.209,1,-1,-1,-1
328,455,1376.449,581.054,56.996,153.355,1,-1,-1,-1
328,458,1557.591,585.355,52.653,155.469,1,-1,-1,-1
328,459,1271.944,515.459,21.995,54.533,1,-1,-1,-1
328,461,225.700,653.000,32.500,130.300,1,-1,-1,-1
328,462,1249.600,517.600,23.300,55.900,1,-1,-1,-1
329,62,203.281,659.882,32.766,128.393,1,-1,-1,-1
329,408,240.750,632.265,40.974,141.159,1,-1,-1,-1
329,412,2.117,648.073,54.287,145.500,1,-1,-1,-1
329,413,1228.053,520.979,27.126,57.855,1,-1,-1,-1
329,451,1790.035,544.866,41.385,119.062,1,-1,-1,-1
329,453,1307.810,511.533,24.699,61.387,1,-1,-1,-1
329,454,1428.993,604.385,59.956,155.420,1,-1,-1,-1
329,455,1375.344,582.041,53.389,152.490,1,-1,-1,-1
329,458,1561.606,584.611,51.932,156.671,1,-1,-1,-1
329,459,1265.630,515.655,21.834,52.149,1,-1,-1,-1
329,461,219.203,648.565,31.495,131.470,1,-1,-1,-1
329,462,1251.057,517.202,21.986,53.196,1,-1,-1,-1
330,62,199.118,658.861,32.515,128.805,1,-1,-1,-1
330,408,236.855,631.467,40.990,142.380,1,-1,-1,-1
330,412,1.166,645.929,53.932,146.745,1,-1,-1,-1
330,413,1227.978,520.880,27.772,57.037,1,-1,-1,-1
330,451,1796.738,543.372,41.155,120.794,1,-1,-1,-1
330,453,1312.462,511.077,24.351,60.632,1,-1,-1,-1
330,454,1429.286,604.281,59.069,155.538,1,-1,-1,-1
330,455,1375.577,581.446,50.994,152.734,1,-1,-1,-1
330,458,1565.041,584.976,52.000,158.824,1,-1,-1,-1
330,459,1262.988,514.927,21.398,50.666,1,-1,-1,-1
330,463,1408.700,600.800,40.800,136.200,1,-1,-1,-1
331,62,195.694,658.864,32.278,129.318,1,-1,-1,-1
331,408,233.856,630.776,40.443,142.795,1,-1,-1,-1
331,412,-0.893,645.997,52.354,148.480,1,-1,-1,-1
331,413,1229.589,517.425,27.144,55.817,1,-1,-1,-1
331,451,1803.956,541.319,41.303,121.440,1,-1,-1,-1
331,453,1314.835,508.578,24.538,60.000,1,-1,-1,-1
331,454,1429.971,603.506,58.931,156.801,1,-1,-1,-1
331,455,1373.088,577.790,53.700,155.175,1,-1,-1,-1
331,458,1568.145,584.174,52.333,160.529,1,-1,-1,-1
331,461,211.222,649.049,32.322,132.584,1,-1,-1,-1
331,464,1332.300,511.000,23.700,55.200,1,-1,-1,-1
332,62,191.959,656.862,32.787,129.374,1,-1,-1,-1
332,408,230.324,629.349,39.684,142.765,1,-1,-1,-1
332,412,-2.347,643.934,49.696,148.450,1,-1,-1,-1
332,451,1810.230,538.920,41.723,122.280,1,-1,-1,-1
332,453,1316.666,506.936,25.007,60.810,1,-1,-1,-1
332,454,1428.331,601.075,60.439,159.408,1,-1,-1,-1
332,455,1368.055,574.799,58.161,156.663,1,-1,-1,-1
332,458,1572.099,582.785,51.224,160.446,1,-1,-1,-1
332,464,1332.783,510.381,23.634,56.238,1,-1,-1,-1
333,62,188.313,654.885,33.110,130.631,1,-1,-1,-1
333,408,227.082,626.983,39.243,143.566,1,-1,-1,-1
333,412,-3.161,643.247,46.597,148.541,1,-1,-1,-1
333,451,1815.218,536.017,41.685,122.778,1,-1,-1,-1
333,453,1318.048,505.494,25.225,60.459,1,-1,-1,-1
333,454,1427.826,598.075,63.152,162.416,1,-1,-1,-1
333,455,1362.865,572.472,64.002,158.362,1,-1,-1,-1
333,458,1576.438,582.342,50.574,161.555,1,-1,-1,-1
333,461,205.334,648.572,31.572,130.668,1,-1,-1,-1
333,464,1333.410,511.757,23.561,55.075,1,-1,-1,-1
334,62,183.250,652.980,34.056,131.640,1,-1,-1,-1
334,408,223.410,623.895,39.366,144.775,1,-1,-1,-1
334,412,-3.673,642.095,43.150,148.902,1,-1,-1,-1
334,451,1820.425,531.600,41.898,124.302,1,-1,-1,-1
334,453,1319.888,503.494,24.885,60.023,1,-1,-1,-1
334,454,1426.371,595.550,66.282,165.587,1,-1,-1,-1
334,455,1359.945,568.079,71.365,161.973,1,-1,-1,-1
334,458,1580.568,581.984,49.680,161.148,1,-1,-1,-1
335,62,178.808,651.828,35.215,133.140,1,-1,-1,-1
335,408,219.890,622.296,39.734,146.347,1,-1,-1,-1
335,412,-4.424,641.536,38.845,149.466,1,-1,-1,-1
335,451,1826.563,530.380,41.303,124.307,1,-1,-1,-1
335,453,1322.504,502.717,25.169,60.161,1,-1,-1,-1
335,454,1426.110,593.684,68.374,168.328,1,-1,-1,-1
335,455,1357.584,564.006,78.542,166.734,1,-1,-1,-1
335,458,1584.062,580.878,48.096,161.538,1,-1,-1,-1
336,62,174.214,652.863,36.006,134.489,1,-1,-1,-1
336,408,217.074,622.233,40.220,147.563,1,-1,-1,-1
336,412,-3.867,643.063,35.727,149.655,1,-1,-1,-1
336,451,1831.603,525.671,41.418,125.713,1,-1,-1,-1
336,453,1323.635,499.246,24.871,59.640,1,-1,-1,-1
336,454,1426.285,591.130,70.576,171.154,1,-1,-1,-1
336,455,1356.895,560.207,84.358,169.612,1,-1,-1,-1
336,458,1586.356,577.163,47.652,162.878,1,-1,-1,-1
337,62,169.479,653.914,36.114,135.318,1,-1,-1,-1
337,408,213.733,623.897,40.706,148.054,1,-1,-1,-1
337,451,1836.654,524.817,41.675,127.423,1,-1,-1,-1
337,453,1326.049,501.196,24.849,58.869,1,-1,-1,-1
337,454,1431.149,593.520,71.106,171.525,1,-1,-1,-1
337,455,1355.874,561.514,87.064,170.484,1,-1,-1,-1
337,458,1587.029,578.201,46.568,164.355,1,-1,-1,-1
337,461,191.899,646.338,33.791,135.867,1,-1,-1,-1
337,464,1339.427,515.583,30.814,67.005,1,-1,-1,-1
337,465,1364.400,516.800,22.900,57.900,1,-1,-1,-1
338,62,163.788,658.309,36.604,136.118,1,-1,-1,-1
338,408,210.193,626.867,41.787,149.835,1,-1,-1,-1
338,451,1841.617,522.275,42.178,127.660,1,-1,-1,-1
338,453,1326.028,498.490,24.511,57.182,1,-1,-1,-1
338,454,1434.618,593.897,71.583,171.802,1,-1,-1,-1
338,455,1358.491,564.745,87.273,169.179,1,-1,-1,-1
338,458,1589.984,579.500,46.499,164.820,1,-1,-1,-1
338,464,1334.259,512.376,33.225,69.803,1,-1,-1,-1
338,465,1345.608,518.295,42.586,89.207,1,-1,-1,-1
339,62,159.904,660.709,36.440,136.761,1,-1,-1,-1
339,408,205.642,630.213,41.963,150.825,1,-1,-1,-1
339,451,1846.786,523.515,42.237,128.158,1,-1,-1,-1
339,453,1325.394,498.566,24.026,56.045,1,-1,-1,-1
339,454,1437.914,597.603,72.360,171.367,1,-1,-1,-1
339,455,1359.485,567.604,86.259,168.776,1,-1,-1,-1
339,458,1592.394,580.582,47.147,166.044,1,-1,-1,-1
339,461,184.822,647.626,33.945,139.877,1,-1,-1,-1
339,464,1333.064,508.259,30.409,69.090,1,-1,-1,-1
339,465,1344.842,516.887,46.265,91.501,1,-1,-1,-1
340,62,156.140,662.937,36.975,136.937,1,-1,-1,-1
340,408,200.677,631.388,41.411,152.598,1,-1,-1,-1
340,451,1852.239,522.959,42.248,128.427,1,-1,-1,-1
340,453,1325.388,495.143,23.812,54.955,1,-1,-1,-1
340,454,1441.411,599.430,73.102,172.428,1,-1,-1,-1
340,455,1359.841,569.789,84.817,168.584,1,-1,-1,-1
340,458,1586.797,581.097,48.276,167.795,1,-1,-1,-1
340,461,179.339,649.967,34.121,140.501,1,-1,-1,-1
340,464,1332.511,502.634,28.766,68.961,1,-1,-1,-1
340,465,1346.583,517.786,47.917,89.371,1,-1,-1,-1
341,62,151.260,665.450,37.294,138.706,1,-1,-1,-1
341,408,196.754,634.934,41.657,153.027,1,-1,-1,-1
341,451,1857.848,525.667,42.605,129.851,1,-1,-1,-1
341,453,1325.472,497.085,23.423,53.957,1,-1,-1,-1
341,454,1444.015,604.516,74.126,174.067,1,-1,-1,-1
341,455,1360.802,573.674,80.611,168.991,1,-1,-1,-1
341,458,1585.922,579.825,51.135,173.207,1,-1,-1,-1
341,461,176.910,654.074,34.182,138.113,1,-1,-1,-1
341,465,1347.672,521.671,48.264,84.592,1,-1,-1,-1
342,62,146.201,667.255,37.636,140.413,1,-1,-1,-1
342,408,192.343,637.332,41.699,153.572,1,-1,-1,-1
342,451,1863.529,528.320,43.202,131.482,1,-1,-1,-1
342,453,1326.342,494.477,23.111,53.368,1,-1,-1,-1
342,454,1444.293,608.233,74.782,176.150,1,-1,-1,-1
342,455,1362.319,577.025,76.147,168.369,1,-1,-1,-1
342,458,1589.409,581.499,54.114,179.361,1,-1,-1,-1
342,464,1334.603,498.777,28.115,64.335,1,-1,-1,-1
342,465,1348.928,523.812,48.361,84.575,1,-1,-1,-1
342,466,1407.300,586.200,62.000,153.900,1,-1,-1,-1
343,62,140.539,673.077,37.694,142.136,1,-1,-1,-1
343,408,188.425,642.182,41.754,153.527,1,-1,-1,-1
343,451,1868.299,530.668,44.072,132.301,1,-1,-1,-1
343,453,1324.248,498.071,23.157,54.444,1,-1,-1,-1
343,454,1443.799,613.853,74.103,178.037,1,-1,-1,-1
343,455,1361.566,580.485,67.935,168.220,1,-1,-1,-1
343,458,1588.321,588.750,60.174,179.147,1,-1,-1,-1
343,464,1335.461,500.707,27.411,61.356,1,-1,-1,-1
343,465,1350.492,527.308,49.214,84.792,1,-1,-1,-1
343,466,1409.930,600.880,54.441,142.339,1,-1,-1,-1
344,62,134.625,679.753,37.507,141.985,1,-1,-1,-1
344,408,184.039,645.344,42.021,154.827,1,-1,-1,-1
344,451,1873.986,534.026,44.871,133.088,1,-1,-1,-1
344,453,1325.102,501.795,23.306,55.431,1,-1,-1,-1
344,454,1444.854,617.547,72.839,180.287,1,-1,-1,-1
344,455,1363.483,583.971,62.295,168.785,1,-1,-1,-1
344,458,1585.352,595.116,67.359,179.282,1,-1,-1,-1
344,461,155.624,669.956,36.732,142.777,1,-1,-1,-1
344,464,1336.936,502.450,26.332,58.411,1,-1,-1,-1
344,465,1351.410,529.301,48.939,84.417,1,-1,-1,-1
344,466,1414.246,602.387,62.049,158.631,1,-1,-1,-1
345,62,128.650,685.233,38.084,142.568,1,-1,-1,-1
345,408,179.819,652.044,42.207,154.662,1,-1,-1,-1
345,451,1878.054,539.387,44.621,134.131,1,-1,-1,-1
345,453,1326.669,505.208,22.881,55.441,1,-1,-1,-1
345,454,1446.072,623.875,70.260,181.147,1,-1,-1,-1
345,455,1363.382,589.380,58.947,169.897,1,-1,-1,-1
345,458,1585.468,603.055,73.134,181.185,1,-1,-1,-1
345,461,155.868,669.136,36.251,144.290,1,-1,-1,-1
345,464,1339.406,504.889,25.437,56.038,1,-1,-1,-1
345,465,1352.737,533.109,48.721,85.598,1,-1,-1,-1
345,466,1404.919,586.867,76.860,185.545,1,-1,-1,-1
346,62,123.231,689.782,38.068,143.444,1,-1,-1,-1
346,408,173.697,658.499,42.319,155.528,1,-1,-1,-1
346,451,1881.393,541.471,43.289,136.203,1,-1,-1,-1
346,453,1327.028,507.901,22.456,55.277,1,-1,-1,-1
346,454,1447.474,630.299,67.604,181.762,1,-1,-1,-1
346,458,1588.297,609.705,76.927,180.760,1,-1,-1,-1
346,461,147.619,678.207,35.563,143.562,1,-1,-1,-1
346,464,1342.099,504.532,24.638,53.328,1,-1,-1,-1
346,465,1353.866,537.110,49.349,88.828,1,-1,-1,-1
346,466,1395.737,580.126,86.399,199.445,1,-1,-1,-1
346,467,1352.000,517.800,30.800,56.700,1,-1,-1,-1
347,62,117.445,693.870,38.340,145.411,1,-1,-1,-1
347,408,168.572,663.908,42.566,156.444,1,-1,-1,-1
347,451,1885.032,542.515,40.934,138.431,1,-1,-1,-1
347,453,1328.274,511.243,22.083,54.490,1,-1,-1,-1
347,454,1447.198,637.365,67.116,183.072,1,-1,-1,-1
347,455,1361.243,597.651,58.927,173.230,1,-1,-1,-1
347,458,1588.416,615.251,82.799,181.369,1,-1,-1,-1
347,465,1353.965,540.519,50.653,90.314,1,-1,-1,-1
347,466,1390.622,583.429,92.907,203.840,1,-1,-1,-1
347,467,1344.371,523.246,30.560,57.308,1,-1,-1,-1
347,468,1416.100,552.300,31.700,65.900,1,-1,-1,-1
347,469,1511.000,532.800,31.800,96.000,1,-1,-1,-1
347,470,1466.100,539.600,31.100,91.400,1,-1,-1,-1
348,62,110.429,696.065,38.427,147.231,1,-1,-1,-1
348,408,162.463,664.850,43.057,158.378,1,-1,-1,-1
348,451,1888.004,544.501,38.396,139.930,1,-1,-1,-1
348,453,1326.362,511.965,21.932,54.481,1,-1,-1,-1
348,454,1447.976,640.809,66.436,183.926,1,-1,-1,-1
348,455,1354.092,600.197,62.898,175.991,1,-1,-1,-1
348,458,1586.590,618.479,85.530,182.095,1,-1,-1,-1
348,465,1354.525,542.542,51.395,91.997,1,-1,-1,-1
348,466,1389.704,587.364,98.676,205.818,1,-1,-1,-1
348,467,1345.811,520.901,29.214,55.428,1,-1,-1,-1
348,468,1414.366,547.677,34.068,71.147,1,-1,-1,-1
348,469,1519.591,535.069,33.016,95.761,1,-1,-1,-1
348,470,1462.840,545.497,29.920,86.106,1,-1,-1,-1
349,62,104.272,700.934,38.617,147.101,1,-1,-1,-1
349,408,157.166,668.137,43.105,159.464,1,-1,-1,-1
349,451,1893.124,547.358,34.339,141.949,1,-1,-1,-1
349,453,1326.958,512.259,21.646,53.821,1,-1,-1,-1
349,454,1448.838,643.727,66.323,186.092,1,-1,-1,-1
349,455,1350.124,603.587,64.355,176.081,1,-1,-1,-1
349,458,1584.139,618.215,88.812,186.119,1,-1,-1,-1
349,465,1355.395,541.702,51.326,92.920,1,-1,-1,-1
349,466,1388.931,589.005,101.854,208.662,1,-1,-1,-1
349,467,1347.451,522.197,28.700,55.289,1,-1,-1,-1
349,468,1413.495,547.563,33.016,72.080,1,-1,-1,-1
349,469,1526.444,538.450,31.687,93.205,1,-1,-1,-1
349,470,1458.209,543.561,32.988,86.501,1,-1,-1,-1
350,62,99.122,702.071,38.865,147.230,1,-1,-1,-1
350,408,153.465,668.261,42.971,159.782,1,-1,-1,-1
350,453,1327.187,515.830,21.408,53.281,1,-1,-1,-1
350,454,1448.696,645.461,66.869,188.895,1,-1,-1,-1
350,455,1346.982,606.042,66.754,177.398,1,-1,-1,-1
350,458,1582.276,620.970,89.363,189.177,1,-1,-1,-1
350,461,123.367,690.846,38.938,148.388,1,-1,-1,-1
350,465,1356.451,542.908,51.079,92.129,1,-1,-1,-1
350,466,1388.589,593.214,104.498,209.873,1,-1,-1,-1
350,467,1347.740,529.582,29.347,57.023,1,-1,-1,-1
350,468,1413.347,548.407,35.555,75.442,1,-1,-1,-1
350,469,1531.467,540.584,31.605,93.815,1,-1,-1,-1
350,470,1458.777,547.866,32.890,83.980,1,-1,-1,-1
351,62,92.532,703.278,39.456,147.618,1,-1,-1,-1
351,408,148.959,669.751,43.175,160.360,1,-1,-1,-1
351,453,1325.879,514.320,20.790,53.092,1,-1,-1,-1
351,454,1449.262,647.349,67.387,190.926,1,-1,-1,-1
351,455,1346.530,606.375,68.673,179.189,1,-1,-1,-1
351,458,1581.106,620.140,89.331,191.532,1,-1,-1,-1
351,461,119.177,690.686,36.774,148.167,1,-1,-1,-1
351,465,1356.640,542.638,50.134,89.591,1,-1,-1,-1
351,466,1390.287,593.411,100.384,207.193,1,-1,-1,-1
351,467,1349.564,529.413,28.927,56.130,1,-1,-1,-1
351,468,1414.360,547.396,39.568,80.622,1,-1,-1,-1
351,469,1533.563,540.384,32.130,95.616,1,-1,-1,-1
351,470,1459.562,548.033,33.365,84.225,1,-1,-1,-1
352,62,85.541,702.315,40.153,150.221,1,-1,-1,-1
352,408,143.587,670.278,44.044,161.789,1,-1,-1,-1
352,453,1325.610,514.227,20.185,53.522,1,-1,-1,-1
352,454,1449.663,650.599,68.437,193.196,1,-1,-1,-1
352,455,1346.112,607.564,69.378,182.216,1,-1,-1,-1
352,458,1580.489,621.648,90.608,194.327,1,-1,-1,-1
352,461,118.377,691.788,35.486,145.750,1,-1,-1,-1
352,465,1354.286,538.230,46.511,83.177,1,-1,-1,-1
352,466,1389.875,599.499,98.303,206.928,1,-1,-1,-1
352,467,1348.156,526.086,28.988,56.771,1,-1,-1,-1
352,468,1414.633,549.314,39.882,81.188,1,-1,-1,-1
352,469,1535.004,544.009,32.112,94.003,1,-1,-1,-1
352,470,1456.433,551.991,34.353,85.486,1,-1,-1,-1
353,62,78.952,702.653,40.575,152.432,1,-1,-1,-1
353,408,138.019,671.167,44.705,163.138,1,-1,-1,-1
353,453,1319.301,514.424,20.387,53.780,1,-1,-1,-1
353,454,1451.493,654.427,69.258,193.801,1,-1,-1,-1
353,455,1346.986,609.524,69.863,184.104,1,-1,-1,-1
353,458,1579.945,622.920,91.558,197.389,1,-1,-1,-1
353,465,1365.248,540.834,42.643,79.410,1,-1,-1,-1
353,466,1389.926,599.699,96.716,207.232,1,-1,-1,-1
353,467,1348.844,523.380,27.638,55.470,1,-1,-1,-1
353,468,1418.497,550.831,40.557,82.697,1,-1,-1,-1
353,469,1534.220,546.297,31.938,92.421,1,-1,-1,-1
353,470,1454.904,554.019,36.502,88.811,1,-1,-1,-1
353,471,1362.400,539.200,28.100,56.600,1,-1,-1,-1
353,472,1408.800,548.600,28.100,63.600,1,-1,-1,-1
354,62,73.262,704.686,40.650,152.624,1,-1,-1,-1
354,408,131.594,672.101,44.967,164.519,1,-1,-1,-1
354,454,1453.267,659.359,70.271,194.614,1,-1,-1,-1
354,455,1347.789,611.723,66.352,185.472,1,-1,-1,-1
354,458,1579.346,624.621,91.054,198.015,1,-1,-1,-1
354,465,1373.967,541.939,38.808,76.167,1,-1,-1,-1
354,466,1387.130,601.923,90.854,204.922,1,-1,-1,-1
354,467,1349.212,523.320,26.544,54.703,1,-1,-1,-1
354,468,1419.974,551.369,40.505,84.101,1,-1,-1,-1
354,469,1531.315,549.252,32.704,92.741,1,-1,-1,-1
354,470,1454.830,554.666,37.683,89.698,1,-1,-1,-1
354,471,1364.962,537.084,26.176,53.933,1,-1,-1,-1
354,472,1409.346,549.110,28.308,66.580,1,-1,-1,-1
355,62,67.663,705.397,40.708,153.767,1,-1,-1,-1
355,408,125.527,671.711,45.743,166.638,1,-1,-1,-1
355,454,1453.009,662.540,72.697,196.376,1,-1,-1,-1
355,455,1349.878,614.546,61.043,181.587,1,-1,-1,-1
355,458,1580.224,628.214,90.280,198.961,1,-1,-1,-1
355,465,1380.283,538.944,34.102,71.072,1,-1,-1,-1
355,466,1382.322,606.864,84.675,203.173,1,-1,-1,-1
355,467,1349.940,524.661,25.957,55.088,1,-1,-1,-1
355,468,1419.490,551.246,40.449,85.015,1,-1,-1,-1
355,469,1530.663,549.294,34.176,95.472,1,-1,-1,-1
355,470,1456.797,554.935,37.695,89.883,1,-1,-1,-1
355,471,1363.519,533.460,24.262,52.869,1,-1,-1,-1
356,62,60.627,706.985,41.159,154.607,1,-1,-1,-1
356,408,120.433,672.807,46.227,168.856,1,-1,-1,-1
356,454,1453.673,664.244,74.357,198.746,1,-1,-1,-1
356,458,1578.641,631.399,90.294,199.865,1,-1,-1,-1
356,461,87.372,701.142,35.385,149.327,1,-1,-1,-1
356,465,1380.988,536.334,30.580,66.356,1,-1,-1,-1
356,466,1376.786,610.617,82.159,202.877,1,-1,-1,-1
356,467,1351.358,524.119,25.379,55.821,1,-1,-1,-1
356,468,1418.002,551.639,40.343,85.556,1,-1,-1,-1
356,469,1530.719,550.050,35.068,96.501,1,-1,-1,-1
356,470,1458.797,555.141,37.692,88.885,1,-1,-1,-1
357,62,53.419,708.072,41.410,156.024,1,-1,-1,-1
357,408,113.933,674.885,46.759,169.367,1,-1,-1,-1
357,454,1453.099,666.591,74.008,200.180,1,-1,-1,-1
357,458,1576.886,637.373,90.331,199.367,1,-1,-1,-1
357,465,1381.351,537.746,27.941,62.520,1,-1,-1,-1
357,466,1373.171,613.321,82.553,204.983,1,-1,-1,-1
357,467,1351.092,525.290,24.459,55.605,1,-1,-1,-1
357,468,1419.359,553.896,38.417,85.853,1,-1,-1,-1
357,469,1532.250,552.608,36.025,96.799,1,-1,-1,-1
357,470,1457.604,557.256,39.345,88.267,1,-1,-1,-1
357,471,1362.296,531.450,23.379,53.509,1,-1,-1,-1
357,472,1408.115,550.705,24.656,62.797,1,-1,-1,-1
357,473,1490.700,553.500,44.300,85.800,1,-1,-1,-1
358,62,47.887,709.203,41.900,158.043,1,-1,-1,-1
358,408,107.784,675.831,47.311,169.821,1,-1,-1,-1
358,454,1453.613,668.382,72.851,201.559,1,-1,-1,-1
358,458,1576.993,641.295,90.850,198.930,1,-1,-1,-1
358,465,1381.520,539.535,26.113,59.366,1,-1,-1,-1
358,466,1370.299,613.411,84.953,207.950,1,-1,-1,-1
358,467,1352.265,526.406,23.611,54.686,1,-1,-1,-1
358,468,1414.590,554.885,37.291,86.489,1,-1,-1,-1
358,469,1533.363,553.967,36.387,96.273,1,-1,-1,-1
358,470,1457.099,558.677,39.073,87.048,1,-1,-1,-1
358,471,1363.487,531.228,23.056,53.501,1,-1,-1,-1
359,62,40.713,713.114,42.340,160.057,1,-1,-1,-1
359,408,102.330,676.324,47.471,171.089,1,-1,-1,-1
359,454,1453.138,672.976,71.527,202.902,1,-1,-1,-1
359,458,1578.691,646.412,91.422,199.785,1,-1,-1,-1
359,465,1376.619,535.755,24.853,55.590,1,-1,-1,-1
359,466,1368.125,615.148,86.358,209.330,1,-1,-1,-1
359,467,1354.408,527.956,22.784,52.986,1,-1,-1,-1
359,468,1413.936,558.085,36.369,85.809,1,-1,-1,-1
359,469,1534.202,555.430,36.831,97.672,1,-1,-1,-1
359,470,1457.378,561.252,39.300,86.448,1,-1,-1,-1
360,62,32.360,714.996,43.419,161.113,1,-1,-1,-1
360,408,95.857,677.891,47.444,171.482,1,-1,-1,-1
360,454,1453.952,678.378,71.064,204.675,1,-1,-1,-1
360,458,1579.674,651.840,91.319,200.425,1,-1,-1,-1
360,461,62.202,704.499,40.118,155.047,1,-1,-1,-1
360,465,1375.278,541.587,24.975,53.986,1,-1,-1,-1
360,466,1366.965,616.961,88.568,210.950,1,-1,-1,-1
360,467,1357.210,530.506,22.157,51.890,1,-1,-1,-1
360,468,1417.707,561.405,35.282,84.049,1,-1,-1,-1
360,469,1537.423,558.617,36.781,100.129,1,-1,-1,-1
360,470,1456.479,564.709,39.539,85.235,1,-1,-1,-1
360,474,1517.200,560.500,29.400,86.900,1,-1,-1,-1
361,62,22.781,716.513,44.478,161.899,1,-1,-1,-1
361,408,88.543,680.635,47.148,171.645,1,-1,-1,-1
361,454,1454.590,682.274,70.045,205.852,1,-1,-1,-1
361,458,1580.651,657.629,91.337,200.424,1,-1,-1,-1
361,461,59.402,703.993,38.233,154.897,1,-1,-1,-1
361,465,1373.246,545.902,24.891,52.541,1,-1,-1,-1
361,466,1366.224,619.193,92.051,212.470,1,-1,-1,-1
361,467,1358.779,532.917,21.584,51.250,1,-1,-1,-1
361,468,1414.227,563.661,33.635,81.383,1,-1,-1,-1
361,469,1539.450,558.702,36.940,102.340,1,-1,-1,-1
361,470,1457.616,565.976,39.852,84.930,1,-1,-1,-1
361,474,1519.622,561.013,28.056,87.773,1,-1,-1,-1
362,62,13.273,719.164,45.061,162.914,1,-1,-1,-1
362,408,82.075,682.492,47.046,172.685,1,-1,-1,-1
362,454,1454.861,685.929,70.398,208.088,1,-1,-1,-1
362,458,1582.777,665.265,92.034,199.616,1,-1,-1,-1
362,465,1370.599,547.072,24.928,52.083,1,-1,-1,-1
362,466,1364.728,625.077,94.942,212.603,1,-1,-1,-1
362,467,1358.329,536.208,21.430,51.730,1,-1,-1,-1
362,468,1415.123,567.417,32.021,79.192,1,-1,-1,-1
362,469,1541.637,562.414,36.610,103.566,1,-1,-1,-1
362,470,1456.542,570.507,40.208,86.145,1,-1,-1,-1
362,474,1515.104,568.440,28.452,87.809,1,-1,-1,-1
362,475,1644.400,594.100,42.600,143.400,1,-1,-1,-1
362,476,1399.000,564.600,30.400,74.700,1,-1,-1,-1
363,62,6.765,724.225,45.021,164.040,1,-1,-1,-1
363,408,75.869,686.950,47.408,173.535,1,-1,-1,-1
363,454,1454.628,688.357,72.332,210.840,1,-1,-1,-1
363,458,1582.190,669.098,91.839,200.248,1,-1,-1,-1
363,461,44.723,704.460,49.144,162.933,1,-1,-1,-1
363,465,1372.341,540.488,24.083,50.333,1,-1,-1,-1
363,466,1364.454,627.697,98.112,213.895,1,-1,-1,-1
363,467,1358.581,538.138,21.402,52.322,1,-1,-1,-1
363,468,1415.649,570.345,31.250,79.043,1,-1,-1,-1
363,469,1543.480,562.650,36.506,105.810,1,-1,-1,-1
363,470,1457.220,571.359,39.951,87.338,1,-1,-1,-1
363,474,1510.577,568.540,28.772,88.930,1,-1,-1,-1
363,475,1648.640,594.863,46.520,145.473,1,-1,-1,-1
363,477,1528.600,565.400,30.600,102.800,1,-1,-1,-1
363,478,1373.800,558.200,32.700,65.200,1,-1,-1,-1
364,62,1.609,724.469,45.048,165.300,1,-1,-1,-1
364,408,69.210,687.557,47.618,174.580,1,-1,-1,-1
364,454,1454.947,694.039,74.883,213.790,1,-1,-1,-1
364,458,1581.055,674.415,89.360,202.220,1,-1,-1,-1
364,465,1374.954,538.052,23.842,48.900,1,-1,-1,-1
364,466,1362.430,632.859,100.500,215.325,1,-1,-1,-1
364,467,1357.853,542.231,20.833,51.720,1,-1,-1,-1
364,468,1416.578,575.449,30.889,78.488,1,-1,-1,-1
364,469,1545.607,565.731,36.052,106.887,1,-1,-1,-1
364,470,1456.871,573.882,40.145,88.967,1,-1,-1,-1
364,474,1508.604,572.809,28.851,89.674,1,-1,-1,-1
364,475,1651.785,601.939,48.206,145.274,1,-1,-1,-1
364,478,1366.792,553.927,29.017,56.148,1,-1,-1,-1
364,479,1373.700,573.600,44.000,91.200,1,-1,-1,-1
365,62,-2.056,725.225,43.271,167.539,1,-1,-1,-1
365,408,62.204,689.930,48.651,175.829,1,-1,-1,-1
365,454,1453.458,698.191,77.061,215.938,1,-1,-1,-1
365,458,1579.821,672.967,85.873,205.509,1,-1,-1,-1
365,461,27.002,711.933,43.860,162.230,1,-1,-1,-1
365,465,1370.704,537.880,22.984,47.675,1,-1,-1,-1
365,466,1361.323,637.329,98.831,215.137,1,-1,-1,-1
365,467,1358.924,549.175,20.711,49.667,1,-1,-1,-1
365,468,1408.693,577.350,36.013,83.319,1,-1,-1,-1
365,469,1547.525,568.267,36.227,105.970,1,-1,-1,-1
365,470,1457.608,576.698,39.989,90.054,1,-1,-1,-1
365,474,1505.958,574.780,29.148,91.284,1,-1,-1,-1
365,475,1654.112,603.348,49.578,144.419,1,-1,-1,-1
365,479,1371.859,573.912,49.781,98.976,1,-1,-1,-1
366,62,-1.708,726.331,42.396,167.497,1,-1,-1,-1
366,408,54.847,693.913,48.744,176.850,1,-1,-1,-1
366,454,1454.023,705.070,79.758,218.075,1,-1,-1,-1
366,458,1580.446,675.707,82.605,206.304,1,-1,-1,-1
366,461,22.228,717.051,41.061,160.966,1,-1,-1,-1
366,465,1372.304,536.612,22.693,46.922,1,-1,-1,-1
366,466,1361.849,640.323,95.473,215.704,1,-1,-1,-1
366,467,1358.482,548.279,19.972,48.106,1,-1,-1,-1
366,469,1548.780,570.532,36.496,105.410,1,-1,-1,-1
366,470,1457.963,577.777,39.907,90.557,1,-1,-1,-1
366,474,1489.239,576.489,33.219,93.359,1,-1,-1,-1
366,475,1658.323,607.647,51.440,143.718,1,-1,-1,-1
366,479,1371.938,574.914,50.878,103.771,1,-1,-1,-1
366,480,1511.200,573.600,29.700,98.200,1,-1,-1,-1
367,62,-2.008,731.082,42.333,167.993,1,-1,-1,-1
367,408,48.750,700.853,49.355,176.868,1,-1,-1,-1
367,454,1455.243,711.120,80.551,220.139,1,-1,-1,-1
367,458,1580.847,680.314,80.444,209.074,1,-1,-1,-1
367,465,1373.565,534.371,22.718,47.203,1,-1,-1,-1
367,466,1361.949,644.906,90.167,215.004,1,-1,-1,-1
367,467,1358.175,551.535,20.206,47.087,1,-1,-1,-1
367,469,1550.275,573.100,36.931,105.484,1,-1,-1,-1
367,470,1458.258,578.783,40.469,92.026,1,-1,-1,-1
367,475,1662.424,612.721,50.769,140.847,1,-1,-1,-1
367,479,1372.247,574.657,51.277,106.641,1,-1,-1,-1
367,480,1508.997,573.992,31.307,102.116,1,-1,-1,-1
367,481,1401.100,535.500,24.800,50.300,1,-1,-1,-1
368,62,-2.419,730.027,41.492,168.184,1,-1,-1,-1
368,408,42.548,704.460,49.444,176.976,1,-1,-1,-1
368,454,1456.116,716.247,81.087,221.412,1,-1,-1,-1
368,458,1579.668,683.971,80.132,212.577,1,-1,-1,-1
368,465,1375.909,532.937,22.913,47.292,1,-1,-1,-1
368,466,1361.473,648.121,84.497,214.821,1,-1,-1,-1
368,467,1356.338,550.900,19.787,47.262,1,-1,-1,-1
368,469,1551.905,575.188,36.951,105.745,1,-1,-1,-1
368,470,1458.735,580.881,41.645,92.282,1,-1,-1,-1
368,475,1667.821,612.599,51.085,141.030,1,-1,-1,-1
368,479,1373.058,576.503,51.192,107.835,1,-1,-1,-1
368,480,1503.431,577.921,31.826,100.275,1,-1,-1,-1
368,482,1333.700,655.100,45.800,169.000,1,-1,-1,-1
369,408,35.510,708.561,49.099,177.891,1,-1,-1,-1
369,454,1456.359,719.647,82.586,222.844,1,-1,-1,-1
369,458,1574.648,685.988,81.591,216.950,1,-1,-1,-1
369,461,1.609,731.161,39.364,160.157,1,-1,-1,-1
369,465,1377.720,532.719,23.025,47.064,1,-1,-1,-1
369,466,1360.715,649.748,79.479,214.618,1,-1,-1,-1
369,467,1355.018,551.071,19.426,47.189,1,-1,-1,-1
369,469,1553.919,575.510,36.669,105.973,1,-1,-1,-1
369,470,1458.495,582.107,42.855,92.033,1,-1,-1,-1
369,475,1672.305,613.989,51.606,140.979,1,-1,-1,-1
369,479,1373.651,577.566,51.011,106.766,1,-1,-1,-1
369,480,1502.543,578.395,32.130,99.009,1,-1,-1,-1
369,482,1330.395,648.314,50.411,182.873,1,-1,-1,-1
370,408,27.642,712.826,49.490,180.199,1,-1,-1,-1
370,454,1456.387,722.595,84.922,226.215,1,-1,-1,-1
370,458,1566.854,689.945,86.498,218.415,1,-1,-1,-1
370,466,1359.202,655.480,75.429,214.737,1,-1,-1,-1
370,467,1353.944,557.211,19.583,46.562,1,-1,-1,-1
370,469,1553.607,577.309,36.180,105.173,1,-1,-1,-1
370,470,1458.763,583.128,42.517,90.951,1,-1,-1,-1
370,475,1677.870,613.893,51.371,140.945,1,-1,-1,-1
370,479,1374.473,579.317,51.213,106.904,1,-1,-1,-1
370,480,1502.626,580.903,30.729,94.498,1,-1,-1,-1
370,482,1325.101,652.449,52.503,189.677,1,-1,-1,-1
370,483,1521.300,582.300,42.400,93.000,1,-1,-1,-1
370,484,1366.800,566.400,29.900,66.200,1,-1,-1,-1
371,408,19.218,716.310,50.129,182.165,1,-1,-1,-1
371,454,1456.154,723.702,86.626,229.810,1,-1,-1,-1
371,458,1559.294,692.830,94.150,218.149,1,-1,-1,-1
371,466,1358.074,656.959,71.980,215.557,1,-1,-1,-1
371,467,1354.496,556.714,18.975,47.042,1,-1,-1,-1
371,469,1552.690,577.881,35.655,104.949,1,-1,-1,-1
371,470,1458.111,583.787,42.638,89.999,1,-1,-1,-1
371,475,1682.751,613.505,51.842,141.633,1,-1,-1,-1
371,479,1374.593,580.076,51.556,106.693,1,-1,-1,-1
371,480,1502.730,581.909,30.661,93.267,1,-1,-1,-1
371,482,1322.057,654.391,52.478,192.100,1,-1,-1,-1
371,483,1519.497,582.307,42.606,93.485,1,-1,-1,-1
371,485,1429.200,586.800,36.000,82.900,1,-1,-1,-1
372,408,12.126,718.038,50.201,182.859,1,-1,-1,-1
372,454,1455.355,724.868,87.199,233.352,1,-1,-1,-1
372,458,1553.024,695.977,102.098,221.507,1,-1,-1,-1
372,466,1358.146,659.534,70.452,217.164,1,-1,-1,-1
372,467,1357.090,560.171,19.408,47.015,1,-1,-1,-1
372,469,1553.375,578.641,35.063,104.495,1,-1,-1,-1
372,470,1455.875,585.840,43.315,87.810,1,-1,-1,-1
372,475,1687.777,614.321,52.643,142.290,1,-1,-1,-1
372,479,1374.520,580.832,51.852,107.341,1,-1,-1,-1
372,480,1504.616,584.230,29.955,91.944,1,-1,-1,-1
372,482,1323.106,655.445,47.283,177.973,1,-1,-1,-1
372,483,1525.514,582.883,42.701,94.247,1,-1,-1,-1
372,484,1367.783,565.936,28.433,63.128,1,-1,-1,-1
373,408,4.889,722.761,50.195,182.867,1,-1,-1,-1
373,454,1455.138,725.117,87.646,237.198,1,-1,-1,-1
373,458,1551.177,697.055,107.853,224.441,1,-1,-1,-1
373,466,1357.729,660.303,71.472,219.013,1,-1,-1,-1
373,467,1358.768,562.105,19.885,47.877,1,-1,-1,-1
373,469,1556.023,578.794,33.773,104.340,1,-1,-1,-1
373,470,1455.220,586.267,43.572,87.506,1,-1,-1,-1
373,475,1693.750,614.689,51.637,141.796,1,-1,-1,-1
373,479,1374.732,578.642,51.569,107.894,1,-1,-1,-1
373,480,1510.323,584.513,29.067,92.109,1,-1,-1,-1
373,483,1536.569,585.988,33.497,86.500,1,-1,-1,-1
373,484,1368.430,569.621,29.589,67.986,1,-1,-1,-1
374,408,-0.608,725.179,48.989,186.363,1,-1,-1,-1
374,454,1455.216,726.037,87.183,240.569,1,-1,-1,-1
374,458,1551.714,696.881,111.884,226.192,1,-1,-1,-1
374,466,1356.325,660.804,72.640,219.208,1,-1,-1,-1
374,467,1358.724,563.062,19.911,48.299,1,-1,-1,-1
374,469,1558.871,577.793,32.981,104.390,1,-1,-1,-1
374,470,1455.425,585.835,43.944,88.018,1,-1,-1,-1
374,475,1698.897,615.069,50.777,142.197,1,-1,-1,-1
374,479,1374.661,577.897,51.316,107.992,1,-1,-1,-1
374,480,1513.698,583.327,29.288,93.218,1,-1,-1,-1
374,483,1535.709,586.109,29.578,84.251,1,-1,-1,-1
374,484,1368.991,570.083,29.941,70.395,1,-1,-1,-1
374,486,1386.700,534.100,26.500,51.100,1,-1,-1,-1
375,408,-3.952,727.167,45.650,191.396,1,-1,-1,-1
375,454,1455.804,728.145,87.545,242.949,1,-1,-1,-1
375,458,1551.445,695.827,113.444,227.139,1,-1,-1,-1
375,466,1353.587,661.557,74.531,219.258,1,-1,-1,-1
375,467,1358.277,562.676,20.108,48.667,1,-1,-1,-1
375,469,1563.492,575.676,32.506,105.235,1,-1,-1,-1
375,470,1455.126,584.236,44.384,89.419,1,-1,-1,-1
375,475,1703.357,614.001,50.727,143.928,1,-1,-1,-1
375,479,1374.183,577.173,51.290,107.777,1,-1,-1,-1
375,480,1513.649,579.411,31.678,97.332,1,-1,-1,-1
375,483,1535.434,582.278,32.634,90.419,1,-1,-1,-1
375,484,1369.124,569.462,30.479,72.587,1,-1,-1,-1
375,486,1383.696,532.914,26.009,51.872,1,-1,-1,-1
375,487,1370.400,531.200,23.900,54.900,1,-1,-1,-1
376,408,-5.016,728.062,41.969,192.338,1,-1,-1,-1
376,454,1455.688,729.070,88.189,245.031,1,-1,-1,-1
376,458,1551.040,695.391,113.644,229.297,1,-1,-1,-1
376,466,1351.411,662.367,76.975,219.278,1,-1,-1,-1
376,467,1358.338,560.596,20.685,49.040,1,-1,-1,-1
376,469,1568.013,573.606,31.724,105.587,1,-1,-1,-1
376,470,1455.297,581.650,44.576,91.148,1,-1,-1,-1
376,475,1707.954,611.431,50.919,145.913,1,-1,-1,-1
376,479,1372.688,575.886,52.557,109.141,1,-1,-1,-1
376,480,1512.451,575.261,35.718,102.403,1,-1,-1,-1
376,484,1368.733,564.292,30.936,72.859,1,-1,-1,-1
376,486,1379.996,530.771,27.285,55.593,1,-1,-1,-1
377,454,1454.921,728.534,88.728,246.223,1,-1,-1,-1
377,458,1549.227,696.149,111.074,232.041,1,-1,-1,-1
377,466,1350.842,661.720,78.535,220.363,1,-1,-1,-1
377,467,1357.719,558.358,21.259,50.158,1,-1,-1,-1
377,469,1572.229,572.465,32.063,105.777,1,-1,-1,-1
377,470,1455.764,579.556,44.563,92.655,1,-1,-1,-1
377,475,1711.537,608.093,51.164,147.562,1,-1,-1,-1
377,479,1372.454,574.876,52.693,109.805,1,-1,-1,-1
377,480,1512.358,572.708,38.912,105.291,1,-1,-1,-1
377,484,1367.054,559.977,30.870,72.476,1,-1,-1,-1
377,487,1367.472,528.357,24.856,59.586,1,-1,-1,-1
378,454,1453.323,732.774,88.115,246.881,1,-1,-1,-1
378,458,1545.947,697.293,107.165,234.696,1,-1,-1,-1
378,466,1349.522,659.926,78.561,222.531,1,-1,-1,-1
378,467,1357.255,557.137,21.923,51.450,1,-1,-1,-1
378,469,1571.209,572.551,32.272,105.350,1,-1,-1,-1
378,470,1455.066,578.612,44.807,94.125,1,-1,-1,-1
378,475,1714.803,606.747,52.289,149.685,1,-1,-1,-1
378,479,1371.114,573.864,51.936,109.637,1,-1,-1,-1
378,480,1512.494,572.882,40.489,106.114,1,-1,-1,-1
378,484,1366.521,559.630,32.361,76.448,1,-1,-1,-1
378,487,1365.455,527.929,25.794,62.960,1,-1,-1,-1
378,488,1411.200,580.400,40.500,77.600,1,-1,-1,-1
379,454,1452.908,734.505,88.909,250.180,1,-1,-1,-1
379,458,1544.315,696.314,100.907,236.378,1,-1,-1,-1
379,466,1346.636,658.346,79.578,225.463,1,-1,-1,-1
379,467,1356.658,551.982,22.481,53.820,1,-1,-1,-1
379,469,1569.491,571.759,32.731,104.508,1,-1,-1,-1
379,470,1453.709,577.013,44.929,94.707,1,-1,-1,-1
379,475,1717.988,605.284,54.795,152.557,1,-1,-1,-1
379,479,1370.178,572.112,51.195,110.449,1,-1,-1,-1
379,480,1511.536,571.360,41.897,106.226,1,-1,-1,-1
379,486,1369.570,531.766,30.235,63.616,1,-1,-1,-1
380,454,1451.641,735.617,88.930,253.419,1,-1,-1,-1
380,458,1542.579,696.288,93.084,237.378,1,-1,-1,-1
380,466,1340.958,655.733,79.230,228.707,1,-1,-1,-1
380,467,1355.988,549.056,22.855,54.854,1,-1,-1,-1
380,469,1565.138,570.360,33.011,104.457,1,-1,-1,-1
380,470,1452.059,575.003,44.702,95.281,1,-1,-1,-1
380,475,1719.967,604.383,57.946,153.190,1,-1,-1,-1
380,479,1369.194,569.946,50.015,110.995,1,-1,-1,-1
380,480,1510.505,570.609,42.707,105.904,1,-1,-1,-1
380,486,1369.003,534.606,30.108,64.584,1,-1,-1,-1
380,488,1396.975,575.638,40.151,88.724,1,-1,-1,-1
380,489,1344.700,524.900,24.100,69.600,1,-1,-1,-1
381,454,1450.747,737.325,89.229,257.329,1,-1,-1,-1
381,458,1537.527,698.016,87.258,238.096,1,-1,-1,-1
381,466,1334.442,651.767,77.480,230.025,1,-1,-1,-1
381,467,1354.493,545.014,22.467,53.972,1,-1,-1,-1
381,469,1562.242,569.313,33.039,103.879,1,-1,-1,-1
381,470,1450.334,574.218,44.671,95.653,1,-1,-1,-1
381,475,1724.230,601.719,63.537,155.690,1,-1,-1,-1
381,479,1369.103,568.318,49.618,110.394,1,-1,-1,-1
381,480,1508.367,569.419,43.358,105.705,1,-1,-1,-1
381,486,1369.188,531.132,28.788,64.275,1,-1,-1,-1
381,488,1399.006,573.076,38.676,90.940,1,-1,-1,-1
381,490,1282.400,654.400,51.900,207.800,1,-1,-1,-1
382,454,1448.157,735.496,90.768,262.687,1,-1,-1,-1
382,458,1527.812,698.698,84.916,238.874,1,-1,-1,-1
382,466,1328.713,651.259,74.254,230.589,1,-1,-1,-1
382,467,1354.171,545.096,22.353,53.282,1,-1,-1,-1
382,469,1559.661,569.736,33.934,103.507,1,-1,-1,-1
382,470,1447.470,573.447,44.530,95.877,1,-1,-1,-1
382,475,1727.855,601.681,67.350,156.839,1,-1,-1,-1
382,479,1367.362,567.110,48.969,109.859,1,-1,-1,-1
382,480,1506.485,568.704,43.803,106.381,1,-1,-1,-1
382,486,1369.223,532.330,27.824,64.199,1,-1,-1,-1
382,488,1410.171,575.831,34.228,86.134,1,-1,-1,-1
382,490,1279.625,652.208,54.150,216.384,1,-1,-1,-1
383,454,1446.181,736.714,89.683,264.915,1,-1,-1,-1
383,458,1521.543,697.599,86.369,243.948,1,-1,-1,-1
383,466,1322.293,648.166,69.020,228.303,1,-1,-1,-1
383,467,1353.648,543.879,22.138,53.250,1,-1,-1,-1
383,469,1556.627,567.886,34.819,103.983,1,-1,-1,-1
383,470,1444.804,571.799,44.729,95.856,1,-1,-1,-1
383,475,1730.789,603.146,69.346,157.446,1,-1,-1,-1
383,479,1364.907,566.544,49.263,110.228,1,-1,-1,-1
383,480,1505.115,566.905,43.097,106.305,1,-1,-1,-1
383,486,1367.613,532.382,27.297,63.458,1,-1,-1,-1
383,488,1419.689,576.898,32.507,83.960,1,-1,-1,-1
383,490,1266.745,655.981,59.482,213.978,1,-1,-1,-1
383,491,1538.500,567.700,28.500,100.200,1,-1,-1,-1
384,454,1443.408,739.260,89.871,268.433,1,-1,-1,-1
384,458,1511.772,699.010,90.490,244.290,1,-1,-1,-1
384,466,1317.310,646.292,63.771,226.558,1,-1,-1,-1
384,467,1352.059,544.410,22.039,54.081,1,-1,-1,-1
384,469,1554.679,565.775,35.293,104.430,1,-1,-1,-1
384,470,1441.216,570.265,45.563,96.749,1,-1,-1,-1
384,475,1733.377,603.626,70.105,159.120,1,-1,-1,-1
384,479,1363.008,566.144,49.519,110.247,1,-1,-1,-1
384,480,1504.684,565.241,43.302,106.831,1,-1,-1,-1
384,486,1366.076,531.934,26.588,62.579,1,-1,-1,-1
384,488,1421.523,575.437,32.531,86.455,1,-1,-1,-1
384,490,1257.398,654.878,64.554,215.469,1,-1,-1,-1
384,491,1536.615,565.909,29.171,100.783,1,-1,-1,-1
384,492,1354.900,555.700,33.900,71.900,1,-1,-1,-1
385,454,1438.680,741.590,90.857,271.725,1,-1,-1,-1
385,458,1501.577,700.758,95.011,248.967,1,-1,-1,-1
385,466,1310.917,648.377,60.891,227.521,1,-1,-1,-1
385,467,1351.139,547.141,22.456,56.279,1,-1,-1,-1
385,469,1554.577,564.407,35.958,105.477,1,-1,-1,-1
385,470,1438.173,569.645,46.168,97.629,1,-1,-1,-1
385,475,1734.724,603.981,70.005,158.531,1,-1,-1,-1
385,479,1357.774,565.683,50.314,109.266,1,-1,-1,-1
385,480,1504.460,564.336,43.370,107.093,1,-1,-1,-1
385,490,1256.354,654.962,62.454,213.701,1,-1,-1,-1
385,491,1539.309,565.065,29.152,101.541,1,-1,-1,-1
386,454,1434.382,743.434,92.626,275.343,1,-1,-1,-1
386,458,1494.753,703.492,98.521,251.481,1,-1,-1,-1
386,466,1306.627,649.574,58.687,228.945,1,-1,-1,-1
386,467,1349.959,548.386,22.923,58.794,1,-1,-1,-1
386,469,1555.654,562.840,37.182,108.050,1,-1,-1,-1
386,470,1435.041,569.301,46.373,98.060,1,-1,-1,-1
386,475,1734.814,605.397,70.187,158.727,1,-1,-1,-1
386,479,1353.100,565.822,52.067,108.037,1,-1,-1,-1
386,480,1501.844,564.157,42.367,106.908,1,-1,-1,-1
386,490,1255.424,656.091,62.205,214.059,1,-1,-1,-1
386,491,1539.838,565.506,28.782,102.092,1,-1,-1,-1
386,493,1475.100,570.600,27.200,92.700,1,-1,-1,-1
387,454,1431.669,745.285,93.695,279.157,1,-1,-1,-1
387,458,1489.036,701.940,100.961,255.369,1,-1,-1,-1
387,466,1302.722,649.458,57.843,228.240,1,-1,-1,-1
387,469,1556.360,558.383,37.962,110.500,1,-1,-1,-1
387,470,1431.380,568.206,46.646,99.183,1,-1,-1,-1
387,475,1735.749,604.182,69.035,160.053,1,-1,-1,-1
387,479,1351.337,564.745,52.734,107.702,1,-1,-1,-1
387,480,1495.737,563.054,40.771,106.199,1,-1,-1,-1
387,486,1353.220,528.838,27.116,65.938,1,-1,-1,-1
387,490,1253.474,651.330,65.762,220.555,1,-1,-1,-1
387,493,1479.217,568.943,27.865,94.713,1,-1,-1,-1
388,454,1425.006,745.716,93.952,280.924,1,-1,-1,-1
388,458,1482.390,705.066,102.891,261.204,1,-1,-1,-1
388,466,1287.564,653.155,61.252,232.598,1,-1,-1,-1
388,469,1556.905,557.087,39.457,113.011,1,-1,-1,-1
388,470,1426.742,568.196,47.201,101.029,1,-1,-1,-1
388,475,1736.085,604.034,68.519,160.879,1,-1,-1,-1
388,479,1351.343,565.080,51.666,106.779,1,-1,-1,-1
388,480,1493.968,563.593,40.880,106.610,1,-1,-1,-1
388,486,1349.659,526.765,26.674,66.729,1,-1,-1,-1
389,454,1420.701,747.505,93.447,282.958,1,-1,-1,-1
389,458,1472.515,705.843,106.009,261.337,1,-1,-1,-1
389,466,1274.335,654.973,65.193,235.008,1,-1,-1,-1
389,467,1343.749,558.659,25.900,68.410,1,-1,-1,-1
389,469,1554.965,557.393,39.533,113.775,1,-1,-1,-1
389,470,1422.847,568.355,48.132,103.570,1,-1,-1,-1
389,475,1736.486,605.223,67.877,161.815,1,-1,-1,-1
389,479,1352.465,566.923,50.748,106.302,1,-1,-1,-1
389,480,1491.234,563.237,41.647,108.061,1,-1,-1,-1
389,494,1334.500,526.100,23.200,66.900,1,-1,-1,-1
390,454,1415.418,750.784,95.054,288.572,1,-1,-1,-1
390,458,1469.570,706.316,105.623,261.517,1,-1,-1,-1
390,466,1261.729,654.862,68.950,238.631,1,-1,-1,-1
390,467,1340.921,561.839,27.527,74.094,1,-1,-1,-1
390,469,1552.065,557.472,39.498,114.232,1,-1,-1,-1
390,470,1418.190,566.828,48.043,104.773,1,-1,-1,-1
390,475,1736.364,604.747,66.867,163.144,1,-1,-1,-1
390,479,1354.623,568.534,48.848,106.939,1,-1,-1,-1
390,480,1489.271,562.360,41.702,109.277,1,-1,-1,-1
391,454,1406.536,751.363,97.342,293.450,1,-1,-1,-1
391,458,1469.374,706.417,106.356,260.213,1,-1,-1,-1
391,466,1252.297,657.802,71.691,242.059,1,-1,-1,-1
391,467,1336.435,562.934,28.621,76.311,1,-1,-1,-1
391,469,1549.075,559.565,40.260,115.068,1,-1,-1,-1
391,470,1414.146,568.721,48.777,106.683,1,-1,-1,-1
391,475,1736.423,608.245,66.938,163.837,1,-1,-1,-1
391,479,1354.609,570.724,47.640,108.941,1,-1,-1,-1
391,493,1490.350,565.023,32.941,110.688,1,-1,-1,-1
391,495,1476.000,569.900,28.600,102.100,1,-1,-1,-1
391,496,1320.700,546.000,22.000,54.000,1,-1,-1,-1
392,454,1399.686,754.444,98.466,297.061,1,-1,-1,-1
392,458,1465.583,707.898,109.654,257.276,1,-1,-1,-1
392,466,1245.622,658.496,73.056,243.856,1,-1,-1,-1
392,467,1331.485,562.877,30.065,79.277,1,-1,-1,-1
392,469,1544.346,557.909,41.354,117.753,1,-1,-1,-1
392,470,1409.182,568.720,49.401,107.667,1,-1,-1,-1
392,475,1737.293,608.426,68.568,165.635,1,-1,-1,-1
392,479,1352.422,570.822,46.053,109.401,1,-1,-1,-1
392,493,1496.340,563.176,31.015,109.970,1,-1,-1,-1
392,495,1475.035,563.347,31.530,113.607,1,-1,-1,-1
392,496,1318.392,545.178,23.617,59.143,1,-1,-1,-1
393,454,1392.166,763.066,99.642,297.468,1,-1,-1,-1
393,458,1461.876,704.910,108.593,257.778,1,-1,-1,-1
393,466,1238.180,660.267,74.200,246.384,1,-1,-1,-1
393,467,1326.791,561.151,30.971,82.251,1,-1,-1,-1
393,469,1537.879,558.768,42.398,118.740,1,-1,-1,-1
393,470,1403.082,568.082,50.130,108.585,1,-1,-1,-1
393,475,1737.251,609.196,70.754,167.998,1,-1,-1,-1
393,479,1348.193,572.125,44.540,110.167,1,-1,-1,-1
393,493,1510.927,562.461,30.790,111.130,1,-1,-1,-1
393,495,1469.196,563.731,29.337,111.521,1,-1,-1,-1
393,496,1313.307,544.284,24.386,61.796,1,-1,-1,-1
393,497,1196.300,651.200,58.100,240.600,1,-1,-1,-1
394,454,1387.447,767.216,99.389,300.913,1,-1,-1,-1
394,458,1456.192,706.052,106.622,257.551,1,-1,-1,-1
394,466,1229.247,662.017,75.047,247.760,1,-1,-1,-1
394,469,1531.416,558.546,42.837,118.450,1,-1,-1,-1
394,470,1396.506,568.457,51.134,110.685,1,-1,-1,-1
394,475,1736.478,610.102,73.342,169.635,1,-1,-1,-1
394,479,1342.596,572.635,44.062,112.371,1,-1,-1,-1
394,495,1459.861,566.269,29.091,108.875,1,-1,-1,-1
394,496,1313.921,547.971,25.801,63.809,1,-1,-1,-1
394,497,1193.547,652.006,62.006,244.887,1,-1,-1,-1
394,498,1436.700,569.400,28.800,96.700,1,-1,-1,-1
395,454,1379.116,771.466,100.579,304.375,1,-1,-1,-1
395,458,1444.901,709.636,103.908,256.751,1,-1,-1,-1
395,466,1219.662,663.191,75.767,248.263,1,-1,-1,-1
395,469,1526.870,558.547,42.905,118.559,1,-1,-1,-1
395,470,1389.442,567.613,51.964,112.331,1,-1,-1,-1
395,475,1734.872,611.747,77.005,171.513,1,-1,-1,-1
395,479,1336.115,571.380,44.274,113.335,1,-1,-1,-1
395,495,1457.402,565.614,29.991,111.471,1,-1,-1,-1
395,496,1308.753,555.452,27.010,67.810,1,-1,-1,-1
395,498,1443.125,569.969,27.550,97.962,1,-1,-1,-1
396,454,1369.974,767.468,102.062,310.494,1,-1,-1,-1
396,458,1436.985,714.545,99.727,258.330,1,-1,-1,-1
396,466,1212.554,664.689,74.855,251.785,1,-1,-1,-1
396,470,1382.537,566.550,52.254,113.637,1,-1,-1,-1
396,475,1733.372,611.878,80.372,173.535,1,-1,-1,-1
396,479,1329.456,570.212,43.872,114.537,1,-1,-1,-1
396,493,1520.606,555.905,38.108,123.137,1,-1,-1,-1
396,495,1457.521,563.138,30.642,113.238,1,-1,-1,-1
396,496,1301.670,560.180,28.622,70.353,1,-1,-1,-1
396,497,1166.805,653.199,55.032,234.757,1,-1,-1,-1
396,498,1444.596,568.789,27.737,99.899,1,-1,-1,-1
396,499,1290.600,541.800,23.100,56.600,1,-1,-1,-1
397,454,1360.772,772.652,102.664,310.114,1,-1,-1,-1
397,466,1190.832,668.408,69.643,250.754,1,-1,-1,-1
397,469,1515.213,556.866,43.803,120.663,1,-1,-1,-1
397,470,1374.402,566.464,52.981,114.396,1,-1,-1,-1
397,475,1729.284,612.619,83.671,174.608,1,-1,-1,-1
397,479,1320.326,568.808,44.414,115.066,1,-1,-1,-1
397,495,1464.417,561.877,28.981,110.816,1,-1,-1,-1
397,497,1159.224,656.124,54.696,237.616,1,-1,-1,-1
397,498,1442.891,568.134,27.354,104.209,1,-1,-1,-1
397,499,1281.483,535.552,24.536,65.596,1,-1,-1,-1
398,454,1350.077,773.805,103.484,310.363,1,-1,-1,-1
398,466,1177.824,670.891,64.617,249.989,1,-1,-1,-1
398,469,1506.017,557.377,44.178,120.753,1,-1,-1,-1
398,470,1366.644,566.043,53.447,114.727,1,-1,-1,-1
398,475,1724.557,613.068,85.880,176.501,1,-1,-1,-1
398,479,1311.884,569.259,44.705,115.964,1,-1,-1,-1
398,497,1147.033,656.125,56.237,241.548,1,-1,-1,-1
398,498,1437.505,565.975,26.620,105.534,1,-1,-1,-1
398,499,1280.695,544.136,26.159,66.950,1,-1,-1,-1
398,500,1401.600,563.900,37.700,106.400,1,-1,-1,-1
399,454,1342.446,770.512,105.053,312.704,1,-1,-1,-1
399,466,1170.453,671.023,64.354,255.305,1,-1,-1,-1
399,469,1498.163,556.380,45.150,121.963,1,-1,-1,-1
399,470,1357.636,565.472,54.012,115.531,1,-1,-1,-1
399,475,1720.916,612.208,86.876,177.834,1,-1,-1,-1
399,479,1304.129,568.219,44.933,116.103,1,-1,-1,-1
399,497,1128.896,653.539,58.433,244.827,1,-1,-1,-1
399,498,1432.344,561.807,29.835,113.199,1,-1,-1,-1
399,499,1275.461,549.045,26.199,65.667,1,-1,-1,-1
399,500,1414.830,570.813,29.539,94.973,1,-1,-1,-1
399,501,1256.900,533.200,21.200,58.000,1,-1,-1,-1
400,454,1332.618,772.454,107.448,312.140,1,-1,-1,-1
400,466,1159.353,670.951,62.051,258.415,1,-1,-1,-1
400,469,1489.671,556.065,45.549,123.215,1,-1,-1,-1
400,470,1348.234,565.398,54.082,115.997,1,-1,-1,-1
400,475,1717.202,611.964,85.599,177.708,1,-1,-1,-1
400,479,1295.729,566.698,44.886,115.068,1,-1,-1,-1
400,497,1112.593,653.402,65.051,252.178,1,-1,-1,-1
400,498,1431.674,561.677,29.788,114.740,1,-1,-1,-1
400,501,1261.502,536.541,28.095,73.215,1,-1,-1,-1
400,502,1411.000,567.300,29.000,101.900,1,-1,-1,-1
400,503,1325.900,572.700,33.000,95.300,1,-1,-1,-1
401,454,1322.925,773.420,110.650,311.589,1,-1,-1,-1
401,466,1146.557,670.788,62.343,263.651,1,-1,-1,-1
401,469,1481.706,555.539,46.284,124.372,1,-1,-1,-1
401,470,1340.043,566.078,54.602,116.379,1,-1,-1,-1
401,475,1712.045,611.163,84.424,178.949,1,-1,-1,-1
401,479,1286.038,568.566,45.285,115.271,1,-1,-1,-1
401,497,1093.073,655.000,72.244,260.044,1,-1,-1,-1
401,498,1432.558,561.210,29.074,114.037,1,-1,-1,-1
401,502,1410.830,567.867,28.439,108.565,1,-1,-1,-1
401,504,1253.700,529.200,26.600,70.500,1,-1,-1,-1
402,454,1314.088,774.351,112.759,310.840,1,-1,-1,-1
402,466,1133.829,669.705,63.069,267.877,1,-1,-1,-1
402,469,1471.522,555.612,46.914,124.590,1,-1,-1,-1
402,470,1331.060,564.367,55.075,117.709,1,-1,-1,-1
402,475,1708.310,610.707,82.904,179.731,1,-1,-1,-1
402,479,1276.282,567.777,45.550,115.666,1,-1,-1,-1
402,497,1075.271,655.928,77.951,263.943,1,-1,-1,-1
402,505,1238.300,534.500,27.000,66.900,1,-1,-1,-1
402,506,1383.300,565.600,35.300,105.500,1,-1,-1,-1
403,454,1303.435,778.312,113.720,308.123,1,-1,-1,-1
403,466,1117.814,666.908,63.942,270.528,1,-1,-1,-1
403,469,1463.139,554.809,47.207,125.291,1,-1,-1,-1
403,470,1320.420,563.367,55.385,118.772,1,-1,-1,-1
403,475,1704.459,609.601,80.440,180.341,1,-1,-1,-1
403,479,1266.656,565.177,45.225,116.758,1,-1,-1,-1
403,497,1057.654,657.070,81.277,267.192,1,-1,-1,-1
403,502,1395.684,558.713,35.619,123.125,1,-1,-1,-1
403,505,1228.932,534.888,28.838,70.024,1,-1,-1,-1
403,506,1379.784,566.499,31.433,100.602,1,-1,-1,-1
404,454,1290.561,781.800,114.912,305.172,1,-1,-1,-1
404,466,1101.639,666.329,65.853,275.479,1,-1,-1,-1
404,469,1454.191,555.377,47.024,125.572,1,-1,-1,-1
404,470,1311.189,563.242,55.632,119.511,1,-1,-1,-1
404,475,1700.649,610.227,76.493,181.766,1,-1,-1,-1
404,479,1256.666,566.274,44.616,117.383,1,-1,-1,-1
404,497,1039.486,659.547,84.126,269.080,1,-1,-1,-1
404,502,1386.016,563.258,31.437,115.124,1,-1,-1,-1
404,505,1217.625,531.893,30.128,71.725,1,-1,-1,-1
405,454,1276.478,781.900,117.473,304.042,1,-1,-1,-1
405,466,1076.087,666.900,73.958,281.415,1,-1,-1,-1
405,469,1444.730,555.210,47.279,125.988,1,-1,-1,-1
405,470,1300.505,562.919,55.673,120.470,1,-1,-1,-1
405,475,1694.616,612.434,74.202,181.330,1,-1,-1,-1
405,479,1245.392,566.673,45.042,117.988,1,-1,-1,-1
405,497,1021.507,657.383,82.853,269.078,1,-1,-1,-1
405,498,1422.757,558.348,30.229,115.011,1,-1,-1,-1
405,502,1369.204,562.616,33.190,115.421,1,-1,-1,-1
405,505,1207.962,528.842,30.498,72.230,1,-1,-1,-1
405,507,1348.400,567.700,30.000,100.800,1,-1,-1,-1
406,454,1262.033,783.454,118.566,302.381,1,-1,-1,-1
406,466,1054.473,669.398,82.655,283.303,1,-1,-1,-1
406,469,1434.114,554.102,48.078,126.860,1,-1,-1,-1
406,470,1289.124,562.660,55.163,120.514,1,-1,-1,-1
406,475,1689.462,614.040,72.451,181.998,1,-1,-1,-1
406,479,1234.596,566.362,45.198,119.207,1,-1,-1,-1
406,502,1366.111,560.631,35.755,119.649,1,-1,-1,-1
406,505,1199.237,523.523,31.197,72.877,1,-1,-1,-1
407,454,1247.984,787.411,119.834,299.243,1,-1,-1,-1
407,466,1029.567,668.683,91.276,286.241,1,-1,-1,-1
407,469,1423.325,554.141,47.660,127.643,1,-1,-1,-1
407,470,1279.329,562.101,55.407,121.447,1,-1,-1,-1
407,475,1684.231,614.924,72.149,182.758,1,-1,-1,-1
407,479,1221.833,566.926,45.916,119.804,1,-1,-1,-1
407,502,1360.696,559.130,35.598,119.968,1,-1,-1,-1
407,505,1186.699,525.483,30.581,72.037,1,-1,-1,-1
407,508,1172.200,525.200,23.000,67.700,1,-1,-1,-1
408,454,1234.488,789.276,120.855,297.054,1,-1,-1,-1
408,466,1009.711,673.454,96.056,287.660,1,-1,-1,-1
408,469,1412.808,553.039,47.765,128.083,1,-1,-1,-1
408,470,1268.254,560.572,55.608,122.147,1,-1,-1,-1
408,475,1676.853,614.292,71.494,184.660,1,-1,-1,-1
408,479,1208.820,566.404,46.343,119.210,1,-1,-1,-1
408,505,1178.317,525.287,30.122,70.864,1,-1,-1,-1
408,507,1337.125,560.590,37.150,117.320,1,-1,-1,-1
408,508,1159.402,526.841,24.798,67.718,1,-1,-1,-1
408,509,1389.700,558.200,31.600,116.300,1,-1,-1,-1
408,510,1190.500,544.100,31.500,76.800,1,-1,-1,-1
408,511,1213.100,531.600,24.900,62.300,1,-1,-1,-1
409,454,1217.781,793.823,121.992,293.304,1,-1,-1,-1
409,466,991.856,674.299,99.774,290.520,1,-1,-1,-1
409,469,1401.323,552.251,48.150,129.056,1,-1,-1,-1
409,470,1255.795,561.162,55.778,122.816,1,-1,-1,-1
409,475,1668.039,614.676,70.663,185.580,1,-1,-1,-1
409,479,1195.047,565.561,45.995,119.811,1,-1,-1,-1
409,505,1165.709,523.294,30.678,72.378,1,-1,-1,-1
409,507,1334.866,557.932,40.527,124.724,1,-1,-1,-1
409,510,1175.912,547.781,34.878,84.937,1,-1,-1,-1
409,512,1221.400,568.100,34.000,102.700,1,-1,-1,-1
410,454,1198.340,799.654,123.105,288.432,1,-1,-1,-1
410,466,972.440,677.910,103.572,291.413,1,-1,-1,-1
410,469,1390.094,552.498,47.871,129.577,1,-1,-1,-1
410,470,1242.946,561.632,55.232,123.102,1,-1,-1,-1
410,475,1659.812,611.619,71.517,188.880,1,-1,-1,-1
410,479,1181.609,566.820,47.013,119.294,1,-1,-1,-1
410,505,1153.336,522.761,30.461,71.947,1,-1,-1,-1
410,507,1320.338,557.289,41.306,124.933,1,-1,-1,-1
410,508,1136.530,519.940,25.201,69.655,1,-1,-1,-1
410,513,1718.200,616.000,57.500,155.000,1,-1,-1,-1
410,514,1170.700,522.300,26.700,63.000,1,-1,-1,-1
410,515,1286.700,564.900,29.900,107.200,1,-1,-1,-1
411,454,1180.964,804.928,124.185,283.520,1,-1,-1,-1
411,466,952.582,679.369,106.724,292.406,1,-1,-1,-1
411,469,1376.687,552.559,47.805,130.236,1,-1,-1,-1
411,470,1230.911,561.366,54.804,123.575,1,-1,-1,-1
411,479,1167.945,566.195,46.413,118.886,1,-1,-1,-1
411,505,1140.527,523.041,30.104,70.699,1,-1,-1,-1
411,507,1307.043,557.760,42.426,126.108,1,-1,-1,-1
411,508,1120.098,520.818,25.682,70.262,1,-1,-1,-1
411,513,1701.077,613.209,66.849,167.282,1,-1,-1,-1
411,516,1099.800,523.000,23.300,74.200,1,-1,-1,-1
411,517,1189.500,533.900,24.400,60.400,1,-1,-1,-1
412,454,1161.459,808.909,124.076,279.312,1,-1,-1,-1
412,466,930.627,681.119,110.904,294.088,1,-1,-1,-1
412,469,1364.846,551.553,47.695,130.327,1,-1,-1,-1
412,470,1216.559,561.290,54.929,123.635,1,-1,-1,-1
412,479,1154.719,566.230,46.531,118.445,1,-1,-1,-1
412,505,1129.704,521.854,29.815,70.445,1,-1,-1,-1
412,507,1297.512,555.512,43.487,126.900,1,-1,-1,-1
412,513,1693.394,615.829,64.372,163.754,1,-1,-1,-1
412,516,1091.079,521.503,25.044,69.995,1,-1,-1,-1
412,518,1883.500,585.900,37.500,177.000,1,-1,-1,-1
412,519,1076.300,529.400,24.400,66.600,1,-1,-1,-1
413,454,1140.258,810.933,124.028,276.348,1,-1,-1,-1
413,466,905.098,682.074,114.658,299.152,1,-1,-1,-1
413,469,1351.974,550.846,47.063,130.815,1,-1,-1,-1
413,470,1202.376,560.010,54.827,124.130,1,-1,-1,-1
413,475,1628.098,609.520,69.669,189.881,1,-1,-1,-1
413,479,1139.576,565.314,46.283,118.243,1,-1,-1,-1
413,505,1116.084,522.054,30.070,70.906,1,-1,-1,-1
413,508,1096.774,517.770,26.047,70.678,1,-1,-1,-1
413,510,1125.209,539.402,34.475,87.966,1,-1,-1,-1
413,513,1687.482,615.178,61.949,163.418,1,-1,-1,-1
413,515,1280.320,554.050,43.961,130.299,1,-1,-1,-1
413,516,1083.867,518.563,24.144,66.792,1,-1,-1,-1
413,518,1874.835,584.878,45.231,193.743,1,-1,-1,-1
413,520,1322.000,558.400,27.600,114.500,1,-1,-1,-1
413,521,1061.000,522.000,25.600,71.100,1,-1,-1,-1
413,522,1155.200,535.100,24.600,62.000,1,-1,-1,-1
414,454,1117.719,812.834,125.770,273.728,1,-1,-1,-1
414,466,876.399,680.800,117.152,300.534,1,-1,-1,-1
414,469,1338.375,550.356,46.927,130.537,1,-1,-1,-1
414,470,1186.758,559.800,54.469,123.768,1,-1,-1,-1
414,475,1609.825,608.943,68.897,184.227,1,-1,-1,-1
414,479,1124.909,565.209,46.191,118.596,1,-1,-1,-1
414,505,1102.444,522.811,30.773,72.133,1,-1,-1,-1
414,507,1272.261,554.854,45.608,129.623,1,-1,-1,-1
414,513,1674.667,614.429,63.149,166.364,1,-1,-1,-1
414,516,1070.822,517.704,23.757,65.805,1,-1,-1,-1
414,518,1864.173,583.841,54.320,204.304,1,-1,-1,-1
414,521,1055.306,521.680,23.590,65.440,1,-1,-1,-1
415,454,1093.557,815.549,128.192,270.835,1,-1,-1,-1
415,466,846.029,683.623,119.575,302.064,1,-1,-1,-1
415,469,1324.316,550.422,46.526,131.047,1,-1,-1,-1
415,470,1170.411,558.679,54.083,125.128,1,-1,-1,-1
415,475,1599.725,613.837,66.543,179.701,1,-1,-1,-1
415,479,1109.127,564.713,45.843,118.802,1,-1,-1,-1
415,505,1088.915,523.378,30.502,72.365,1,-1,-1,-1
415,507,1255.718,554.394,46.117,128.405,1,-1,-1,-1
415,508,1070.914,517.307,26.596,70.750,1,-1,-1,-1
415,513,1664.086,614.054,63.208,168.197,1,-1,-1,-1
415,515,1287.648,554.868,37.422,122.620,1,-1,-1,-1
415,518,1849.011,580.380,62.462,211.782,1,-1,-1,-1
415,521,1041.434,515.578,24.381,68.803,1,-1,-1,-1
415,523,1124.100,535.200,24.400,61.000,1,-1,-1,-1
416,454,1068.972,820.034,129.168,266.945,1,-1,-1,-1
416,466,813.291,680.963,117.542,304.868,1,-1,-1,-1
416,469,1308.207,549.082,46.343,131.562,1,-1,-1,-1
416,470,1155.111,555.943,54.210,126.222,1,-1,-1,-1
416,479,1094.686,563.159,45.620,119.202,1,-1,-1,-1
416,505,1075.426,521.042,31.476,73.307,1,-1,-1,-1
416,507,1241.958,553.184,46.610,128.940,1,-1,-1,-1
416,508,1058.423,514.972,29.258,75.205,1,-1,-1,-1
416,513,1652.947,612.212,65.029,170.916,1,-1,-1,-1
416,518,1833.746,579.477,65.133,211.292,1,-1,-1,-1
416,521,1028.820,513.561,24.997,69.645,1,-1,-1,-1
416,524,1011.000,516.400,26.600,71.900,1,-1,-1,-1
417,454,1045.685,819.279,129.216,266.016,1,-1,-1,-1
417,466,782.540,680.696,117.922,306.982,1,-1,-1,-1
417,470,1139.542,554.223,53.939,127.100,1,-1,-1,-1
417,479,1078.672,561.694,45.586,118.304,1,-1,-1,-1
417,505,1061.332,520.949,30.878,73.192,1,-1,-1,-1
417,507,1225.958,553.617,46.705,128.865,1,-1,-1,-1
417,508,1044.023,516.328,30.666,77.382,1,-1,-1,-1
417,513,1641.196,613.962,66.415,171.158,1,-1,-1,-1
417,515,1291.170,549.353,41.316,131.808,1,-1,-1,-1
417,518,1818.190,578.087,66.580,211.251,1,-1,-1,-1
417,521,1019.354,512.596,24.785,67.770,1,-1,-1,-1
417,525,994.100,514.500,25.900,70.000,1,-1,-1,-1
417,526,1257.700,556.500,31.300,119.100,1,-1,-1,-1
417,527,1093.000,534.900,24.800,63.100,1,-1,-1,-1
418,454,1021.150,817.743,130.292,266.149,1,-1,-1,-1
418,466,754.939,680.547,119.079,309.256,1,-1,-1,-1
418,469,1280.717,546.978,46.193,131.714,1,-1,-1,-1
418,470,1124.422,553.633,53.678,127.199,1,-1,-1,-1
418,479,1062.478,561.656,45.205,118.515,1,-1,-1,-1
418,505,1055.885,514.802,29.785,68.841,1,-1,-1,-1
418,507,1213.903,553.414,46.268,128.648,1,-1,-1,-1
418,508,1038.469,517.869,30.600,74.143,1,-1,-1,-1
418,513,1629.545,611.516,68.894,174.278,1,-1,-1,-1
418,518,1802.219,581.008,67.167,207.803,1,-1,-1,-1
418,524,1017.991,516.908,25.818,67.284,1,-1,-1,-1
418,525,990.730,508.498,27.440,75.005,1,-1,-1,-1
418,528,977.900,511.000,24.900,69.600,1,-1,-1,-1
419,454,998.970,823.818,130.328,262.185,1,-1,-1,-1
419,466,726.116,682.135,121.439,311.738,1,-1,-1,-1
419,469,1266.129,545.322,46.464,132.411,1,-1,-1,-1
419,470,1109.078,551.722,53.124,127.174,1,-1,-1,-1
419,479,1045.897,558.669,45.748,119.666,1,-1,-1,-1
419,507,1197.390,552.490,46.110,128.813,1,-1,-1,-1
419,508,1027.329,516.805,30.222,71.786,1,-1,-1,-1
419,513,1616.262,608.643,71.517,177.503,1,-1,-1,-1
419,518,1786.849,578.944,68.262,208.395,1,-1,-1,-1
419,526,1239.471,551.028,35.560,130.345,1,-1,-1,-1
419,528,971.020,509.278,25.262,69.144,1,-1,-1,-1
419,529,1059.100,540.600,27.000,76.500,1,-1,-1,-1
420,454,969.758,825.984,131.756,259.753,1,-1,-1,-1
420,466,696.106,684.144,124.175,314.057,1,-1,-1,-1
420,469,1251.543,543.587,47.319,132.995,1,-1,-1,-1
420,470,1093.751,551.554,52.993,126.799,1,-1,-1,-1
420,479,1030.673,558.644,45.423,120.786,1,-1,-1,-1
420,507,1184.454,551.755,46.041,129.798,1,-1,-1,-1
420,508,1009.580,513.886,29.405,71.336,1,-1,-1,-1
420,513,1601.738,606.053,74.497,180.456,1,-1,-1,-1
420,518,1771.008,580.711,67.598,205.674,1,-1,-1,-1
420,524,1026.720,524.566,26.296,64.096,1,-1,-1,-1
420,525,990.197,509.971,24.785,66.897,1,-1,-1,-1
420,530,949.500,506.600,26.300,67.700,1,-1,-1,-1
421,454,941.466,828.018,130.564,257.542,1,-1,-1,-1
421,466,664.667,688.372,128.005,315.390,1,-1,-1,-1
421,469,1235.607,542.887,47.521,133.401,1,-1,-1,-1
421,470,1076.697,552.628,53.116,126.243,1,-1,-1,-1
421,479,1012.983,557.926,45.789,121.354,1,-1,-1,-1
421,507,1167.752,552.393,45.963,129.544,1,-1,-1,-1
421,508,1002.357,509.951,27.899,66.385,1,-1,-1,-1
421,513,1588.751,605.867,75.858,181.403,1,-1,-1,-1
421,518,1754.297,581.560,68.174,205.747,1,-1,-1,-1
421,521,972.349,505.739,31.409,80.183,1,-1,-1,-1
421,525,990.898,516.031,24.441,63.341,1,-1,-1,-1
421,531,929.800,506.100,27.000,71.700,1,-1,-1,-1
421,532,1197.700,551.700,38.200,124.500,1,-1,-1,-1
422,454,912.592,832.889,129.132,253.695,1,-1,-1,-1
422,466,633.619,689.301,131.406,317.369,1,-1,-1,-1
422,469,1218.090,542.359,48.447,133.200,1,-1,-1,-1
422,470,1058.944,551.147,53.701,126.379,1,-1,-1,-1
422,479,996.522,556.907,45.962,120.542,1,-1,-1,-1
422,507,1152.081,551.136,45.814,130.679,1,-1,-1,-1
422,508,995.409,522.906,28.091,65.457,1,-1,-1,-1
422,513,1572.904,606.161,77.120,181.698,1,-1,-1,-1
422,518,1737.670,581.740,68.314,205.012,1,-1,-1,-1
422,521,969.587,508.411,28.419,71.554,1,-1,-1,-1
422,528,958.907,509.915,24.259,65.491,1,-1,-1,-1
422,533,913.500,505.200,27.100,74.000,1,-1,-1,-1
423,454,886.045,835.951,127.080,250.555,1,-1,-1,-1
423,466,600.529,692.016,135.344,319.388,1,-1,-1,-1
423,470,1040.442,550.452,54.020,127.052,1,-1,-1,-1
423,479,976.842,556.059,45.815,120.667,1,-1,-1,-1
423,507,1135.687,550.350,45.460,131.021,1,-1,-1,-1
423,513,1556.663,608.635,77.364,182.714,1,-1,-1,-1
423,518,1718.573,581.227,67.991,205.273,1,-1,-1,-1
423,526,1199.960,537.257,44.276,141.758,1,-1,-1,-1
423,530,947.991,514.235,23.818,58.729,1,-1,-1,-1
423,531,927.945,504.384,29.711,78.332,1,-1,-1,-1
423,533,913.178,507.756,25.244,69.188,1,-1,-1,-1
423,534,897.700,507.100,27.400,68.900,1,-1,-1,-1
423,535,1170.300,550.100,31.000,126.800,1,-1,-1,-1
423,536,1013.600,548.900,31.800,84.500,1,-1,-1,-1
423,537,975.700,508.700,21.300,52.000,1,-1,-1,-1
423,538,816.500,803.900,106.000,277.100,1,-1,-1,-1
424,454,857.885,837.430,124.548,248.361,1,-1,-1,-1
424,466,566.529,693.240,139.406,322.229,1,-1,-1,-1
424,470,1020.387,550.097,54.386,127.457,1,-1,-1,-1
424,479,958.092,553.683,45.317,120.677,1,-1,-1,-1
424,507,1115.051,550.236,44.525,130.800,1,-1,-1,-1
424,513,1538.149,608.072,75.778,182.110,1,-1,-1,-1
424,518,1697.836,580.643,68.330,207.203,1,-1,-1,-1
424,526,1183.045,538.961,45.524,137.642,1,-1,-1,-1
424,531,927.408,508.841,26.834,69.639,1,-1,-1,-1
424,539,1478.500,626.100,84.500,200.900,1,-1,-1,-1
424,540,877.900,505.700,26.900,70.000,1,-1,-1,-1
424,541,1083.100,554.600,27.400,97.000,1,-1,-1,-1
424,542,865.600,503.500,24.500,61.100,1,-1,-1,-1
425,466,533.141,698.087,144.258,324.379,1,-1,-1,-1
425,470,999.898,550.206,54.819,128.003,1,-1,-1,-1
425,479,938.561,553.191,44.507,120.096,1,-1,-1,-1
425,507,1095.692,549.586,44.668,131.881,1,-1,-1,-1
425,513,1519.656,606.800,75.701,180.551,1,-1,-1,-1
425,518,1676.465,580.153,68.690,206.731,1,-1,-1,-1
425,521,940.595,524.881,28.553,72.402,1,-1,-1,-1
425,533,912.384,510.719,24.582,66.611,1,-1,-1,-1
425,535,1163.729,537.781,42.943,138.239,1,-1,-1,-1
425,539,1459.033,619.867,87.938,206.667,1,-1,-1,-1
425,540,886.564,507.390,25.371,66.421,1,-1,-1,-1
425,542,859.239,504.512,28.022,69.476,1,-1,-1,-1
425,543,1136.200,550.900,29.200,121.900,1,-1,-1,-1
425,544,743.300,802.400,118.100,278.600,1,-1,-1,-1
426,466,500.656,701.332,145.693,325.876,1,-1,-1,-1
426,470,979.799,549.343,56.093,127.760,1,-1,-1,-1
426,479,917.891,550.331,43.789,120.895,1,-1,-1,-1
426,507,1094.393,548.577,41.367,130.688,1,-1,-1,-1
426,513,1502.708,606.208,75.215,179.783,1,-1,-1,-1
426,518,1657.464,579.866,68.398,205.560,1,-1,-1,-1
426,526,1147.128,537.906,46.338,137.364,1,-1,-1,-1
426,533,909.533,509.838,23.435,62.907,1,-1,-1,-1
426,538,802.400,859.982,109.101,228.836,1,-1,-1,-1
426,539,1443.057,623.815,87.872,206.846,1,-1,-1,-1
426,540,883.841,509.122,24.688,64.074,1,-1,-1,-1
426,541,1076.016,548.246,41.269,135.508,1,-1,-1,-1
426,542,845.186,506.468,27.070,67.211,1,-1,-1,-1
426,544,701.225,808.795,123.559,275.510,1,-1,-1,-1
426,545,831.200,505.500,24.000,52.000,1,-1,-1,-1
427,466,466.168,707.676,148.994,327.533,1,-1,-1,-1
427,470,959.872,548.854,57.279,128.800,1,-1,-1,-1
427,479,898.081,550.913,43.562,120.852,1,-1,-1,-1
427,513,1485.405,607.371,77.474,182.966,1,-1,-1,-1
427,518,1636.422,580.410,69.278,205.459,1,-1,-1,-1
427,526,1126.827,539.011,46.793,136.088,1,-1,-1,-1
427,536,1005.442,552.744,32.317,99.712,1,-1,-1,-1
427,539,1424.781,625.808,88.437,207.588,1,-1,-1,-1
427,540,882.435,511.607,24.420,62.950,1,-1,-1,-1
427,541,1060.705,548.738,41.603,138.282,1,-1,-1,-1
427,542,826.130,505.485,28.322,71.503,1,-1,-1,-1
427,546,863.900,510.900,24.800,63.200,1,-1,-1,-1
427,547,1034.300,555.800,29.900,105.600,1,-1,-1,-1
428,466,429.209,714.152,149.214,328.253,1,-1,-1,-1
428,470,939.252,549.060,58.079,128.961,1,-1,-1,-1
428,479,876.397,551.962,43.967,122.169,1,-1,-1,-1
428,507,1068.467,552.068,38.428,129.822,1,-1,-1,-1
428,513,1466.668,609.490,79.194,187.569,1,-1,-1,-1
428,518,1613.975,582.215,70.982,206.036,1,-1,-1,-1
428,526,1109.910,541.019,46.644,134.122,1,-1,-1,-1
428,539,1405.361,628.377,89.059,207.450,1,-1,-1,-1
428,540,879.807,509.933,23.813,59.665,1,-1,-1,-1
428,541,1041.411,550.779,42.487,140.423,1,-1,-1,-1
428,542,803.184,503.972,27.793,68.524,1,-1,-1,-1
428,544,641.848,828.391,117.612,255.718,1,-1,-1,-1
428,545,822.558,508.809,26.384,60.681,1,-1,-1,-1
428,546,866.952,520.698,27.995,68.501,1,-1,-1,-1
428,548,856.100,514.300,24.900,61.900,1,-1,-1,-1
428,549,839.600,508.900,25.600,74.200,1,-1,-1,-1
429,466,389.092,716.908,145.440,330.259,1,-1,-1,-1
429,470,917.808,549.785,58.052,128.667,1,-1,-1,-1
429,479,855.009,555.250,43.607,120.787,1,-1,-1,-1
429,507,1056.502,553.647,39.077,132.234,1,-1,-1,-1
429,513,1449.773,611.862,80.028,189.097,1,-1,-1,-1
429,518,1591.443,585.330,72.080,206.174,1,-1,-1,-1
429,526,1091.001,544.376,46.290,131.836,1,-1,-1,-1
429,539,1386.856,633.518,88.076,204.386,1,-1,-1,-1
429,541,1016.235,554.025,42.279,139.472,1,-1,-1,-1
429,542,784.115,505.525,26.892,65.863,1,-1,-1,-1
429,545,817.061,507.553,30.833,73.645,1,-1,-1,-1
429,548,850.057,522.028,25.888,62.643,1,-1,-1,-1
429,549,836.199,513.733,24.303,63.933,1,-1,-1,-1
429,550,883.100,557.400,32.400,107.600,1,-1,-1,-1
430,466,350.986,722.892,140.529,331.950,1,-1,-1,-1
430,470,895.961,553.247,58.113,127.750,1,-1,-1,-1
430,479,835.004,558.110,42.927,120.392,1,-1,-1,-1
430,513,1432.801,613.231,82.296,190.064,1,-1,-1,-1
430,518,1566.320,586.073,73.967,208.254,1,-1,-1,-1
430,526,1071.741,546.983,46.386,130.914,1,-1,-1,-1
430,539,1370.123,636.313,88.872,205.812,1,-1,-1,-1
430,542,764.800,506.496,27.337,64.726,1,-1,-1,-1
430,547,1027.887,555.334,42.427,138.931,1,-1,-1,-1
430,548,850.448,533.174,26.333,65.398,1,-1,-1,-1
430,549,825.095,516.637,25.516,64.020,1,-1,-1,-1
430,551,979.300,563.100,33.200,118.300,1,-1,-1,-1
430,552,798.500,512.000,24.600,59.300,1,-1,-1,-1
431,466,310.156,727.465,133.749,333.753,1,-1,-1,-1
431,470,873.093,554.861,59.457,125.962,1,-1,-1,-1
431,479,813.334,561.007,43.397,119.306,1,-1,-1,-1
431,513,1418.108,616.871,81.874,190.087,1,-1,-1,-1
431,518,1543.721,589.752,75.743,208.957,1,-1,-1,-1
431,526,1051.884,550.096,47.035,130.354,1,-1,-1,-1
431,536,1009.002,565.314,36.967,126.766,1,-1,-1,-1
431,539,1351.670,643.849,87.462,204.084,1,-1,-1,-1
431,541,978.044,561.096,41.930,142.359,1,-1,-1,-1
431,542,747.732,507.145,27.912,64.829,1,-1,-1,-1
431,549,819.016,523.854,26.358,63.352,1,-1,-1,-1
431,552,795.492,515.149,27.717,63.702,1,-1,-1,-1
431,553,769.400,508.400,28.000,72.700,1,-1,-1,-1
432,466,264.200,730.813,127.599,336.640,1,-1,-1,-1
432,470,850.529,555.376,60.454,124.952,1,-1,-1,-1
432,479,791.398,562.623,43.988,118.769,1,-1,-1,-1
432,513,1403.329,619.132,83.843,191.144,1,-1,-1,-1
432,518,1519.707,591.354,78.714,210.062,1,-1,-1,-1
432,539,1332.747,647.094,88.669,206.968,1,-1,-1,-1
432,541,958.437,561.890,42.839,145.619,1,-1,-1,-1
432,542,729.528,509.058,27.816,65.135,1,-1,-1,-1
432,547,1026.440,548.912,48.045,142.482,1,-1,-1,-1
432,549,813.326,533.781,26.290,62.441,1,-1,-1,-1
432,552,788.308,513.287,30.149,67.207,1,-1,-1,-1
432,553,772.647,511.449,27.804,65.802,1,-1,-1,-1
433,466,216.569,733.088,120.715,341.276,1,-1,-1,-1
433,470,828.502,556.580,59.526,125.156,1,-1,-1,-1
433,479,768.781,564.356,44.041,119.506,1,-1,-1,-1
433,507,1006.880,553.955,43.318,133.139,1,-1,-1,-1
433,513,1385.157,624.114,85.847,190.276,1,-1,-1,-1
433,518,1495.377,593.758,79.165,210.813,1,-1,-1,-1
433,539,1315.299,651.467,89.981,207.429,1,-1,-1,-1
433,541,936.589,565.339,43.389,147.737,1,-1,-1,-1
433,542,711.911,509.359,27.846,65.071,1,-1,-1,-1
433,551,983.574,565.243,37.853,133.515,1,-1,-1,-1
433,552,783.690,526.645,29.631,66.792,1,-1,-1,-1
433,553,767.387,519.552,27.026,63.572,1,-1,-1,-1
433,554,728.800,511.200,27.000,64.900,1,-1,-1,-1
433,555,910.000,573.700,27.900,111.300,1,-1,-1,-1
433,556,743.000,505.300,39.500,77.500,1,-1,-1,-1
434,466,163.873,733.048,116.381,344.706,1,-1,-1,-1
434,470,806.393,557.766,59.315,125.400,1,-1,-1,-1
434,479,746.075,564.283,44.429,119.002,1,-1,-1,-1
434,507,988.901,553.903,45.655,133.282,1,-1,-1,-1
434,513,1365.148,624.769,91.195,191.730,1,-1,-1,-1
434,518,1471.445,595.367,79.688,210.866,1,-1,-1,-1
434,539,1297.194,654.650,90.277,206.694,1,-1,-1,-1
434,541,911.789,565.533,43.131,147.640,1,-1,-1,-1
434,542,691.621,509.481,27.841,64.249,1,-1,-1,-1
434,548,858.831,575.280,31.545,86.572,1,-1,-1,-1
434,556,747.133,520.633,28.935,61.534,1,-1,-1,-1
434,557,954.800,566.700,35.200,131.800,1,-1,-1,-1
434,558,473.800,953.200,70.100,127.800,1,-1,-1,-1
435,466,116.619,737.076,113.024,344.973,1,-1,-1,-1
435,470,781.152,559.067,59.268,125.276,1,-1,-1,-1
435,479,721.640,566.043,45.159,119.319,1,-1,-1,-1
435,507,968.584,556.740,47.281,134.449,1,-1,-1,-1
435,513,1344.481,626.173,95.331,193.721,1,-1,-1,-1
435,518,1449.199,598.486,79.615,211.212,1,-1,-1,-1
435,539,1274.321,658.762,91.493,207.871,1,-1,-1,-1
435,541,891.187,564.874,42.826,148.787,1,-1,-1,-1
435,542,672.741,509.835,28.391,64.696,1,-1,-1,-1
435,554,725.195,517.054,28.811,66.992,1,-1,-1,-1
435,555,914.397,564.232,38.505,145.936,1,-1,-1,-1
435,559,698.200,511.200,28.000,62.700,1,-1,-1,-1
436,466,66.387,738.062,113.241,345.449,1,-1,-1,-1
436,470,760.729,559.040,57.551,124.615,1,-1,-1,-1
436,479,698.210,566.178,45.664,119.626,1,-1,-1,-1
436,513,1323.917,625.608,96.816,195.451,1,-1,-1,-1
436,518,1425.652,600.600,79.229,210.044,1,-1,-1,-1
436,539,1251.877,657.459,90.551,210.834,1,-1,-1,-1
436,541,865.846,564.280,42.980,147.542,1,-1,-1,-1
436,542,653.247,511.067,28.308,65.496,1,-1,-1,-1
436,554,718.435,528.682,28.163,64.864,1,-1,-1,-1
436,555,907.484,562.842,40.043,143.674,1,-1,-1,-1
436,557,942.050,550.721,47.701,147.959,1,-1,-1,-1
436,559,697.269,513.836,29.161,63.627,1,-1,-1,-1
436,560,669.300,512.600,30.100,73.800,1,-1,-1,-1
437,466,19.183,737.977,114.799,345.972,1,-1,-1,-1
437,470,739.999,560.005,54.864,124.349,1,-1,-1,-1
437,479,675.301,566.636,47.201,120.657,1,-1,-1,-1
437,513,1300.997,629.899,98.845,196.988,1,-1,-1,-1
437,518,1402.471,603.717,78.987,209.123,1,-1,-1,-1
437,539,1228.058,654.950,92.255,216.366,1,-1,-1,-1
437,541,847.569,566.200,42.371,148.110,1,-1,-1,-1
437,542,634.676,510.876,27.879,66.673,1,-1,-1,-1
437,555,894.182,565.059,40.255,144.712,1,-1,-1,-1
437,557,924.741,554.259,48.570,144.969,1,-1,-1,-1
437,559,691.519,522.606,27.915,61.887,1,-1,-1,-1
437,560,677.738,522.092,24.823,60.415,1,-1,-1,-1
437,561,813.200,576.800,24.700,99.500,1,-1,-1,-1
438,466,-11.550,740.710,107.703,344.589,1,-1,-1,-1
438,470,716.138,559.859,52.626,124.009,1,-1,-1,-1
438,479,652.476,566.720,47.550,121.584,1,-1,-1,-1
438,513,1279.576,630.712,99.001,197.978,1,-1,-1,-1
438,518,1379.696,604.007,80.244,209.346,1,-1,-1,-1
438,539,1204.372,652.705,93.633,222.259,1,-1,-1,-1
438,541,825.145,565.068,42.224,148.554,1,-1,-1,-1
438,542,614.267,511.788,27.729,66.893,1,-1,-1,-1
438,548,864.720,578.848,42.110,126.146,1,-1,-1,-1
438,557,903.612,554.031,50.591,143.765,1,-1,-1,-1
438,562,666.900,521.400,28.700,65.500,1,-1,-1,-1
438,563,640.800,515.900,27.200,65.800,1,-1,-1,-1
439,470,692.898,561.980,51.075,123.945,1,-1,-1,-1
439,479,628.799,567.929,47.728,122.875,1,-1,-1,-1
439,513,1259.047,630.993,99.469,200.184,1,-1,-1,-1
439,518,1356.010,605.065,80.815,210.570,1,-1,-1,-1
439,539,1179.086,658.075,94.664,224.817,1,-1,-1,-1
439,541,801.977,566.290,42.544,148.508,1,-1,-1,-1
439,542,594.049,513.374,27.577,67.420,1,-1,-1,-1
439,555,880.953,554.097,46.432,149.823,1,-1,-1,-1
439,562,661.828,532.106,26.146,61.387,1,-1,-1,-1
439,563,634.836,514.549,27.828,63.702,1,-1,-1,-1
439,564,837.300,569.700,41.200,135.800,1,-1,-1,-1
439,565,678.500,564.200,33.900,110.800,1,-1,-1,-1
440,470,671.481,562.720,49.642,124.289,1,-1,-1,-1
440,479,605.129,568.340,48.571,123.746,1,-1,-1,-1
440,513,1235.765,632.899,99.342,199.784,1,-1,-1,-1
440,518,1332.276,606.165,80.803,211.042,1,-1,-1,-1
440,539,1154.621,660.374,96.245,230.222,1,-1,-1,-1
440,541,783.895,567.243,44.057,152.316,1,-1,-1,-1
440,542,572.876,514.994,27.258,67.308,1,-1,-1,-1
440,557,859.250,555.005,51.733,145.624,1,-1,-1,-1
440,563,632.750,527.331,26.537,61.102,1,-1,-1,-1
440,564,823.913,575.160,36.378,131.080,1,-1,-1,-1
440,566,610.400,527.700,25.200,59.000,1,-1,-1,-1
440,567,6.600,481.200,30.700,116.900,1,-1,-1,-1
440,568,756.000,575.700,28.300,113.400,1,-1,-1,-1
440,569,637.700,568.300,35.600,108.100,1,-1,-1,-1
441,470,648.352,562.245,48.832,125.899,1,-1,-1,-1
441,479,581.150,568.417,49.133,124.779,1,-1,-1,-1
441,513,1216.380,631.479,97.099,202.889,1,-1,-1,-1
441,518,1306.968,605.093,82.586,214.561,1,-1,-1,-1
441,539,1130.510,665.984,97.320,232.670,1,-1,-1,-1
441,541,762.313,567.367,45.997,152.976,1,-1,-1,-1
441,542,551.557,512.262,27.840,68.649,1,-1,-1,-1
441,557,837.971,556.291,53.113,145.669,1,-1,-1,-1
441,566,603.204,525.467,26.793,61.667,1,-1,-1,-1
441,570,576.200,517.900,27.000,66.100,1,-1,-1,-1
442,470,622.415,561.943,49.130,129.072,1,-1,-1,-1
442,479,556.872,567.300,49.123,125.132,1,-1,-1,-1
442,513,1193.638,631.568,95.721,204.463,1,-1,-1,-1
442,518,1281.194,603.643,83.760,216.906,1,-1,-1,-1
442,539,1105.441,671.793,98.049,233.521,1,-1,-1,-1
442,541,737.889,567.460,50.733,156.816,1,-1,-1,-1
442,542,529.040,512.672,28.508,68.848,1,-1,-1,-1
442,557,815.932,558.591,56.048,145.602,1,-1,-1,-1
442,570,576.979,522.861,26.843,62.678,1,-1,-1,-1
443,470,595.869,563.799,49.803,130.414,1,-1,-1,-1
443,479,531.021,569.529,49.479,125.993,1,-1,-1,-1
443,513,1172.365,631.448,93.911,207.028,1,-1,-1,-1
443,518,1257.078,606.466,84.318,217.560,1,-1,-1,-1
443,539,1081.365,673.812,98.716,236.234,1,-1,-1,-1
443,541,713.781,568.825,56.310,159.096,1,-1,-1,-1
443,542,506.037,512.583,29.091,69.442,1,-1,-1,-1
443,557,795.564,558.415,58.619,146.715,1,-1,-1,-1
443,571,544.300,519.200,29.100,61.400,1,-1,-1,-1
443,572,578.400,567.200,28.400,96.200,1,-1,-1,-1
444,470,570.642,565.353,49.703,129.968,1,-1,-1,-1
444,479,505.778,571.409,50.198,124.864,1,-1,-1,-1
444,513,1149.298,630.608,93.731,210.206,1,-1,-1,-1
444,518,1231.425,608.829,84.485,218.338,1,-1,-1,-1
444,539,1059.130,675.725,100.971,238.037,1,-1,-1,-1
444,541,688.044,568.517,60.862,160.894,1,-1,-1,-1
444,542,484.104,512.588,29.123,69.818,1,-1,-1,-1
444,557,772.256,560.003,58.405,145.715,1,-1,-1,-1
444,571,546.338,527.826,26.324,58.846,1,-1,-1,-1
444,573,505.000,519.200,28.300,59.900,1,-1,-1,-1
444,574,555.200,570.800,29.800,97.900,1,-1,-1,-1
445,470,549.806,564.862,48.998,129.951,1,-1,-1,-1
445,479,478.987,573.692,51.243,124.446,1,-1,-1,-1
445,513,1127.828,633.634,91.725,210.700,1,-1,-1,-1
445,518,1204.771,610.358,84.244,220.080,1,-1,-1,-1
445,539,1031.362,676.985,101.695,243.018,1,-1,-1,-1
445,541,660.837,567.699,65.568,162.922,1,-1,-1,-1
445,542,458.855,511.608,30.055,71.109,1,-1,-1,-1
445,557,745.700,565.761,59.680,152.593,1,-1,-1,-1
445,573,512.325,519.861,29.448,65.777,1,-1,-1,-1
445,575,474.200,515.900,30.200,65.800,1,-1,-1,-1
445,576,516.400,553.600,33.800,78.300,1,-1,-1,-1
446,470,523.205,564.259,48.373,128.640,1,-1,-1,-1
446,479,452.539,574.168,51.483,124.558,1,-1,-1,-1
446,513,1105.156,635.931,89.597,210.581,1,-1,-1,-1
446,518,1176.634,611.568,84.640,221.142,1,-1,-1,-1
446,539,1002.805,677.907,101.662,247.295,1,-1,-1,-1
446,541,633.083,568.728,68.042,163.650,1,-1,-1,-1
446,542,434.193,512.577,30.672,72.357,1,-1,-1,-1
446,575,483.005,523.901,26.489,58.596,1,-1,-1,-1
446,577,489.000,561.600,33.100,79.900,1,-1,-1,-1
447,470,494.215,564.270,47.994,127.884,1,-1,-1,-1
447,479,427.633,575.369,51.820,123.482,1,-1,-1,-1
447,513,1080.910,638.336,88.829,210.822,1,-1,-1,-1
447,518,1148.975,610.738,84.661,221.992,1,-1,-1,-1
447,539,975.514,676.245,103.031,255.107,1,-1,-1,-1
447,541,605.913,569.739,69.363,164.083,1,-1,-1,-1
447,542,410.767,511.852,31.198,73.417,1,-1,-1,-1
447,578,453.500,518.900,27.400,60.200,1,-1,-1,-1
447,579,467.100,558.200,37.400,98.800,1,-1,-1,-1
448,470,466.921,561.856,46.976,128.028,1,-1,-1,-1
448,479,401.386,575.399,52.671,123.346,1,-1,-1,-1
448,513,1059.835,640.935,88.841,213.636,1,-1,-1,-1
448,518,1119.853,611.587,84.199,223.609,1,-1,-1,-1
448,539,945.762,675.763,103.063,257.595,1,-1,-1,-1
448,541,582.210,569.378,70.592,166.287,1,-1,-1,-1
448,542,388.207,510.540,31.309,74.162,1,-1,-1,-1
448,557,679.729,558.863,61.053,151.556,1,-1,-1,-1
448,580,409.700,513.000,28.800,61.200,1,-1,-1,-1
448,581,184.300,496.700,25.600,41.600,1,-1,-1,-1
449,470,437.775,559.344,46.238,128.839,1,-1,-1,-1
449,479,373.328,574.524,53.656,124.034,1,-1,-1,-1
449,513,1038.859,643.754,87.978,213.335,1,-1,-1,-1
449,518,1095.188,614.460,78.979,220.528,1,-1,-1,-1
449,539,916.044,674.810,104.676,264.031,1,-1,-1,-1
449,541,546.508,568.437,69.724,173.469,1,-1,-1,-1
449,542,363.972,509.353,31.748,74.427,1,-1,-1,-1
449,557,656.754,559.517,62.756,149.416,1,-1,-1,-1
450,470,409.094,558.974,46.496,129.669,1,-1,-1,-1
450,479,343.511,570.984,54.637,125.636,1,-1,-1,-1
450,513,1013.968,642.961,89.209,215.967,1,-1,-1,-1
450,539,884.744,675.976,106.588,271.238,1,-1,-1,-1
450,542,338.662,508.756,31.504,74.021,1,-1,-1,-1
450,557,633.256,557.898,62.486,148.928,1,-1,-1,-1
450,578,451.181,540.340,36.139,111.018,1,-1,-1,-1
451,470,381.077,560.284,46.128,129.698,1,-1,-1,-1
451,479,313.471,569.255,55.279,127.570,1,-1,-1,-1
451,513,989.426,647.352,88.819,214.965,1,-1,-1,-1
451,539,852.993,680.913,106.190,276.595,1,-1,-1,-1
451,541,507.300,564.644,70.214,177.380,1,-1,-1,-1
451,542,313.558,508.978,31.952,73.680,1,-1,-1,-1
451,557,607.738,556.705,62.597,149.182,1,-1,-1,-1
451,582,920.600,649.700,62.800,186.400,1,-1,-1,-1
451,583,1804.400,777.900,116.600,303.100,1,-1,-1,-1
452,470,349.970,560.204,46.548,129.882,1,-1,-1,-1
452,479,284.101,568.517,56.341,128.772,1,-1,-1,-1
452,513,963.343,649.997,89.681,215.113,1,-1,-1,-1
452,539,820.563,684.823,108.198,280.985,1,-1,-1,-1
452,541,474.745,564.102,71.818,175.958,1,-1,-1,-1
452,542,287.158,509.083,32.359,73.372,1,-1,-1,-1
452,557,582.199,555.093,63.613,151.658,1,-1,-1,-1
452,582,908.677,636.716,61.249,197.470,1,-1,-1,-1
452,583,1779.880,784.637,136.843,305.324,1,-1,-1,-1
452,584,557.100,572.700,31.900,128.400,1,-1,-1,-1
453,470,309.329,556.936,47.236,129.826,1,-1,-1,-1
453,479,254.245,568.817,56.721,129.295,1,-1,-1,-1
453,513,937.749,650.384,90.070,216.918,1,-1,-1,-1
453,539,786.518,689.165,108.775,282.037,1,-1,-1,-1
453,541,445.638,564.784,70.862,173.550,1,-1,-1,-1
453,542,260.470,509.424,32.626,73.433,1,-1,-1,-1
453,557,557.012,557.240,63.554,151.999,1,-1,-1,-1
453,582,872.905,621.203,79.440,224.136,1,-1,-1,-1
453,583,1749.748,780.603,155.977,312.247,1,-1,-1,-1
453,585,511.100,580.100,33.400,137.500,1,-1,-1,-1
454,479,224.167,568.950,57.336,130.355,1,-1,-1,-1
454,513,909.296,650.554,90.059,218.075,1,-1,-1,-1
454,539,751.597,692.313,105.721,283.876,1,-1,-1,-1
454,541,419.389,565.373,68.274,173.363,1,-1,-1,-1
454,542,232.540,507.241,33.106,73.697,1,-1,-1,-1
454,557,528.393,554.623,65.457,154.261,1,-1,-1,-1
454,578,464.259,568.764,53.720,154.033,1,-1,-1,-1
454,582,839.819,615.832,91.454,241.329,1,-1,-1,-1
454,583,1717.999,774.098,168.752,317.727,1,-1,-1,-1
454,586,399.400,577.000,48.200,141.500,1,-1,-1,-1
455,470,264.166,564.674,47.628,131.086,1,-1,-1,-1
455,479,194.435,580.037,63.344,148.238,1,-1,-1,-1
455,513,882.806,653.301,89.773,216.741,1,-1,-1,-1
455,539,717.296,695.396,101.788,285.952,1,-1,-1,-1
455,557,502.185,553.557,66.149,156.763,1,-1,-1,-1
455,582,809.764,624.365,98.731,245.321,1,-1,-1,-1
455,583,1685.379,770.159,178.354,320.820,1,-1,-1,-1
455,586,395.231,572.051,54.338,164.297,1,-1,-1,-1
455,587,432.400,569.700,64.100,155.400,1,-1,-1,-1
455,588,369.000,579.600,45.300,135.500,1,-1,-1,-1
456,470,249.561,563.929,40.662,128.373,1,-1,-1,-1
456,513,856.430,653.196,90.611,219.645,1,-1,-1,-1
456,539,679.852,699.013,100.218,291.442,1,-1,-1,-1
456,541,362.646,568.204,64.703,173.940,1,-1,-1,-1
456,557,475.231,553.135,69.598,159.771,1,-1,-1,-1
456,582,777.114,624.704,101.018,245.503,1,-1,-1,-1
456,583,1651.509,763.941,185.381,325.051,1,-1,-1,-1
456,586,403.970,563.928,60.919,169.351,1,-1,-1,-1
456,589,223.400,567.100,45.500,131.000,1,-1,-1,-1
456,590,342.100,579.400,46.800,143.800,1,-1,-1,-1
456,591,329.300,582.700,30.800,128.500,1,-1,-1,-1
457,479,125.280,572.561,62.291,145.915,1,-1,-1,-1
457,513,827.845,655.148,91.438,222.448,1,-1,-1,-1
457,539,644.237,698.954,97.606,299.645,1,-1,-1,-1
457,541,334.188,570.960,61.509,173.138,1,-1,-1,-1
457,557,446.635,554.814,75.453,162.919,1,-1,-1,-1
457,582,746.420,626.060,102.269,245.380,1,-1,-1,-1
457,583,1617.500,761.847,185.319,325.120,1,-1,-1,-1
457,588,375.251,566.675,60.798,163.549,1,-1,-1,-1
457,592,193.500,570.000,44.100,129.100,1,-1,-1,-1
458,479,93.688,570.595,61.003,143.905,1,-1,-1,-1
458,513,797.069,654.467,91.987,225.446,1,-1,-1,-1
458,539,607.096,702.608,95.173,306.556,1,-1,-1,-1
458,541,305.624,572.576,60.531,174.379,1,-1,-1,-1
458,557,415.426,554.730,79.609,164.749,1,-1,-1,-1
458,582,715.052,627.201,103.826,247.924,1,-1,-1,-1
458,583,1581.573,759.913,185.449,325.820,1,-1,-1,-1
458,590,344.331,569.298,60.238,163.503,1,-1,-1,-1
458,593,159.500,569.600,46.400,134.800,1,-1,-1,-1
458,594,279.500,581.100,44.500,145.900,1,-1,-1,-1
459,470,169.376,568.580,34.580,123.700,1,-1,-1,-1
459,479,59.333,572.660,60.931,141.114,1,-1,-1,-1
459,513,766.184,657.281,92.128,228.213,1,-1,-1,-1
459,539,566.620,706.580,95.625,313.781,1,-1,-1,-1
459,541,275.993,577.635,60.980,174.896,1,-1,-1,-1
459,557,384.328,557.560,83.821,165.769,1,-1,-1,-1
459,582,682.913,631.886,103.192,246.847,1,-1,-1,-1
459,583,1545.637,758.685,185.130,326.315,1,-1,-1,-1
459,591,319.145,567.113,57.009,170.673,1,-1,-1,-1
459,595,126.600,570.500,46.500,136.900,1,-1,-1,-1
460,479,22.188,572.577,58.413,141.617,1,-1,-1,-1
460,513,735.425,662.157,93.191,227.850,1,-1,-1,-1
460,539,524.847,709.992,97.353,324.755,1,-1,-1,-1
460,541,245.310,578.036,62.614,177.389,1,-1,-1,-1
460,557,351.898,558.252,86.584,164.133,1,-1,-1,-1
460,582,651.133,637.076,102.879,246.052,1,-1,-1,-1
460,583,1511.591,761.500,184.606,324.293,1,-1,-1,-1
460,594,283.485,571.996,59.929,165.907,1,-1,-1,-1
460,596,85.300,570.400,55.700,141.400,1,-1,-1,-1
461,479,-6.387,578.544,51.790,141.851,1,-1,-1,-1
461,513,702.578,666.753,94.994,230.435,1,-1,-1,-1
461,539,480.704,720.969,99.655,329.087,1,-1,-1,-1
461,541,214.282,579.641,63.563,178.400,1,-1,-1,-1
461,557,320.101,562.774,88.323,164.553,1,-1,-1,-1
461,582,620.675,643.532,101.769,244.036,1,-1,-1,-1
461,583,1477.888,764.514,182.896,321.496,1,-1,-1,-1
461,592,180.784,594.657,51.331,148.886,1,-1,-1,-1
461,597,50.500,574.600,54.400,140.700,1,-1,-1,-1
461,598,247.500,581.900,65.700,159.100,1,-1,-1,-1
462,513,667.768,672.134,98.929,233.581,1,-1,-1,-1
462,539,436.943,730.754,103.717,333.568,1,-1,-1,-1
462,541,182.447,582.039,63.339,179.481,1,-1,-1,-1
462,557,287.860,563.872,90.359,167.004,1,-1,-1,-1
462,582,587.342,646.510,101.437,246.353,1,-1,-1,-1
462,583,1443.261,771.396,181.771,316.053,1,-1,-1,-1
462,593,146.125,597.126,47.950,148.548,1,-1,-1,-1
462,598,214.515,581.845,69.175,163.110,1,-1,-1,-1
462,599,14.100,566.900,55.700,153.100,1,-1,-1,-1
463,513,633.362,675.617,104.748,235.300,1,-1,-1,-1
463,539,392.738,742.159,109.227,336.141,1,-1,-1,-1
463,557,254.565,568.582,89.937,168.553,1,-1,-1,-1
463,582,553.874,650.614,100.697,248.619,1,-1,-1,-1
463,583,1406.993,779.056,182.775,309.623,1,-1,-1,-1
463,593,145.761,593.968,53.934,166.635,1,-1,-1,-1
463,596,102.952,591.439,54.096,158.420,1,-1,-1,-1
463,598,184.322,585.283,67.249,159.474,1,-1,-1,-1
463,599,14.316,569.981,41.169,137.038,1,-1,-1,-1
464,513,597.414,677.335,110.725,240.574,1,-1,-1,-1
464,539,346.414,745.947,119.820,338.155,1,-1,-1,-1
464,557,221.539,569.980,90.156,170.288,1,-1,-1,-1
464,582,517.798,654.162,100.525,252.139,1,-1,-1,-1
464,583,1374.469,788.864,182.926,301.107,1,-1,-1,-1
464,596,111.610,588.453,62.225,175.113,1,-1,-1,-1
464,597,63.919,585.048,69.461,176.702,1,-1,-1,-1
464,598,148.595,589.988,63.105,156.220,1,-1,-1,-1
465,513,563.279,681.705,115.976,241.918,1,-1,-1,-1
465,539,297.249,748.633,129.080,338.258,1,-1,-1,-1
465,557,189.049,570.995,90.251,172.424,1,-1,-1,-1
465,582,481.345,653.502,100.204,254.465,1,-1,-1,-1
465,583,1337.372,803.461,183.761,288.742,1,-1,-1,-1
465,597,60.055,583.121,75.325,187.738,1,-1,-1,-1
465,598,113.933,588.469,64.031,158.437,1,-1,-1,-1
466,513,524.989,686.624,122.055,243.851,1,-1,-1,-1
466,539,246.116,750.672,140.568,337.523,1,-1,-1,-1
466,557,161.386,571.054,88.333,174.103,1,-1,-1,-1
466,582,445.117,658.542,100.401,257.810,1,-1,-1,-1
466,583,1301.278,819.569,181.080,274.321,1,-1,-1,-1
466,598,73.911,584.480,68.307,166.415,1,-1,-1,-1
466,600,29.100,588.100,64.900,180.800,1,-1,-1,-1
467,513,484.295,690.826,126.276,246.804,1,-1,-1,-1
467,539,189.343,750.569,150.600,337.546,1,-1,-1,-1
467,557,132.488,569.495,86.450,176.165,1,-1,-1,-1
467,582,406.923,662.255,100.726,259.141,1,-1,-1,-1
467,583,1269.767,836.951,176.600,258.247,1,-1,-1,-1
467,598,43.282,586.521,64.327,164.282,1,-1,-1,-1
467,601,2.200,590.100,53.400,181.500,1,-1,-1,-1
468,513,444.110,696.325,127.981,249.341,1,-1,-1,-1
468,539,134.536,752.402,160.290,336.177,1,-1,-1,-1
468,557,101.260,568.847,84.783,177.027,1,-1,-1,-1
468,582,368.549,664.338,102.251,262.614,1,-1,-1,-1
468,583,1240.016,851.893,172.450,243.056,1,-1,-1,-1
468,598,14.449,587.475,59.672,158.777,1,-1,-1,-1
469,513,403.787,700.710,128.994,251.850,1,-1,-1,-1
469,539,73.176,755.920,169.313,333.389,1,-1,-1,-1
469,557,69.264,567.208,82.720,176.722,1,-1,-1,-1
469,582,328.660,666.960,103.228,265.172,1,-1,-1,-1
469,583,1205.654,857.781,174.706,233.792,1,-1,-1,-1
470,513,365.015,702.895,129.795,253.515,1,-1,-1,-1
470,539,15.549,762.046,172.778,328.631,1,-1,-1,-1
470,557,37.933,567.027,80.644,176.890,1,-1,-1,-1
470,582,287.559,670.877,104.987,267.631,1,-1,-1,-1
470,583,1170.987,864.757,173.354,225.147,1,-1,-1,-1
471,513,324.187,700.501,129.912,257.251,1,-1,-1,-1
471,539,-18.740,772.881,159.510,321.510,1,-1,-1,-1
471,557,4.740,568.387,78.377,175.668,1,-1,-1,-1
471,582,248.154,667.278,106.706,272.893,1,-1,-1,-1
471,583,1138.873,867.994,170.943,219.481,1,-1,-1,-1
472,513,284.087,698.086,130.388,262.404,1,-1,-1,-1
472,582,207.440,669.269,110.061,279.117,1,-1,-1,-1
473,513,243.232,698.288,132.005,267.700,1,-1,-1,-1
473,582,166.215,673.124,114.351,282.558,1,-1,-1,-1
474,513,204.001,701.640,129.556,270.777,1,-1,-1,-1
474,582,121.936,675.420,114.212,285.870,1,-1,-1,-1
475,513,162.872,705.341,128.345,275.224,1,-1,-1,-1
475,582,77.513,679.150,113.939,286.773,1,-1,-1,-1
476,513,119.702,708.551,126.432,276.593,1,-1,-1,-1
476,582,30.122,681.607,112.562,286.214,1,-1,-1,-1
477,513,76.821,708.421,124.852,280.615,1,-1,-1,-1
477,582,-5.671,688.208,108.451,287.025,1,-1,-1,-1
478,513,24.868,713.958,127.182,288.883,1,-1,-1,-1
479,513,-9.880,712.930,119.146,292.681,1,-1,-1,-1
480,602,1.000,740.500,49.600,182.000,1,-1,-1,-1
481,603,1816.400,668.600,74.900,160.800,1,-1,-1,-1
482,603,1828.713,674.826,94.369,224.641,1,-1,-1,-1
483,604,1789.400,661.400,105.000,242.400,1,-1,-1,-1
484,604,1747.421,663.361,102.366,239.179,1,-1,-1,-1
485,604,1705.512,662.106,101.559,239.564,1,-1,-1,-1
486,604,1666.536,662.117,97.918,230.509,1,-1,-1,-1
487,604,1626.323,664.921,94.751,228.058,1,-1,-1,-1
488,604,1585.466,667.124,93.962,230.078,1,-1,-1,-1
488,605,1494.800,654.800,101.400,241.900,1,-1,-1,-1
489,604,1545.401,668.098,88.988,228.706,1,-1,-1,-1
489,605,1439.971,655.517,109.868,249.765,1,-1,-1,-1
490,604,1504.364,674.473,87.966,226.194,1,-1,-1,-1
490,605,1395.739,665.746,112.094,247.172,1,-1,-1,-1
491,604,1463.872,680.657,79.902,210.815,1,-1,-1,-1
491,605,1351.117,669.408,109.479,244.397,1,-1,-1,-1
492,604,1422.055,687.652,76.735,198.020,1,-1,-1,-1
492,605,1308.361,670.555,110.421,246.841,1,-1,-1,-1
493,604,1382.761,696.102,72.998,191.731,1,-1,-1,-1
493,605,1273.047,678.547,108.019,247.028,1,-1,-1,-1
494,605,1239.186,680.264,102.759,245.922,1,-1,-1,-1
495,605,1198.780,684.214,99.770,251.202,1,-1,-1,-1
496,605,1159.988,687.463,94.558,251.986,1,-1,-1,-1
497,605,1117.925,688.953,90.567,253.158,1,-1,-1,-1
498,605,1070.884,684.996,89.181,258.064,1,-1,-1,-1
499,605,1025.153,684.988,86.884,257.850,1,-1,-1,-1
499,606,1095.100,703.200,84.200,251.000,1,-1,-1,-1
500,605,978.812,686.516,84.114,257.779,1,-1,-1,-1
500,606,1053.990,701.244,82.228,247.912,1,-1,-1,-1
501,605,932.356,690.564,86.100,260.387,1,-1,-1,-1
501,606,1003.039,698.831,88.541,265.598,1,-1,-1,-1
502,605,882.977,687.317,90.374,265.078,1,-1,-1,-1
502,606,958.136,694.038,90.262,274.667,1,-1,-1,-1
503,605,836.777,687.367,91.992,265.802,1,-1,-1,-1
503,606,908.071,690.127,94.903,289.544,1,-1,-1,-1
503,607,1865.500,652.700,55.500,177.800,1,-1,-1,-1
504,605,787.960,690.471,94.401,268.801,1,-1,-1,-1
504,606,857.007,693.134,99.486,301.168,1,-1,-1,-1
504,607,1833.870,641.950,74.165,189.602,1,-1,-1,-1
504,608,1881.100,566.200,35.500,110.800,1,-1,-1,-1
505,605,740.596,688.988,97.767,274.611,1,-1,-1,-1
505,606,805.481,693.773,105.517,313.403,1,-1,-1,-1
505,607,1797.124,641.608,80.373,194.420,1,-1,-1,-1
505,608,1890.185,545.876,30.428,89.554,1,-1,-1,-1
505,609,1854.400,559.700,39.200,100.900,1,-1,-1,-1
505,610,1886.900,651.400,34.100,184.100,1,-1,-1,-1
506,605,688.407,691.935,102.089,280.638,1,-1,-1,-1
506,606,752.683,693.586,108.248,318.707,1,-1,-1,-1
506,607,1761.505,646.563,80.543,189.375,1,-1,-1,-1
506,609,1867.214,555.092,32.469,82.219,1,-1,-1,-1
506,610,1848.170,640.390,67.164,216.918,1,-1,-1,-1
506,611,1826.900,570.600,31.500,88.700,1,-1,-1,-1
507,605,638.096,695.854,100.767,280.669,1,-1,-1,-1
507,606,701.549,697.383,112.348,323.433,1,-1,-1,-1
507,607,1726.827,648.227,80.017,185.585,1,-1,-1,-1
507,610,1811.388,638.642,80.141,217.381,1,-1,-1,-1
507,612,1836.000,544.800,34.000,82.800,1,-1,-1,-1
507,613,1793.200,565.400,32.200,87.500,1,-1,-1,-1
508,605,588.391,701.332,97.496,282.586,1,-1,-1,-1
508,606,651.411,709.796,113.469,326.520,1,-1,-1,-1
508,607,1695.193,655.300,78.603,182.559,1,-1,-1,-1
508,610,1774.551,648.049,85.789,215.639,1,-1,-1,-1
508,613,1806.286,551.066,35.525,85.670,1,-1,-1,-1
508,614,1766.700,573.400,29.800,86.100,1,-1,-1,-1
509,605,539.047,708.389,94.504,289.049,1,-1,-1,-1
509,606,599.771,719.277,115.504,326.647,1,-1,-1,-1
509,607,1661.007,658.636,78.504,181.684,1,-1,-1,-1
509,610,1737.748,650.430,88.770,213.494,1,-1,-1,-1
509,615,1775.600,550.900,35.100,82.000,1,-1,-1,-1
509,616,1735.500,571.800,30.700,93.900,1,-1,-1,-1
510,605,484.729,713.876,91.929,293.816,1,-1,-1,-1
510,606,550.989,725.944,115.963,327.396,1,-1,-1,-1
510,607,1626.778,663.045,78.970,182.002,1,-1,-1,-1
510,610,1703.850,654.423,89.637,211.643,1,-1,-1,-1
510,617,1745.800,553.100,36.600,85.400,1,-1,-1,-1
510,618,1705.700,575.600,28.800,96.500,1,-1,-1,-1
511,605,429.443,714.270,92.560,304.543,1,-1,-1,-1
511,606,500.718,735.511,117.419,335.495,1,-1,-1,-1
511,607,1592.563,666.238,79.863,183.336,1,-1,-1,-1
511,610,1668.493,656.860,87.390,208.156,1,-1,-1,-1
511,619,1715.500,551.900,37.200,86.400,1,-1,-1,-1
512,605,366.945,726.836,100.109,307.094,1,-1,-1,-1
512,606,444.953,744.557,118.728,337.833,1,-1,-1,-1
512,607,1558.649,669.423,81.670,185.373,1,-1,-1,-1
512,610,1634.913,663.072,85.651,205.420,1,-1,-1,-1
512,620,1686.100,554.300,38.600,85.300,1,-1,-1,-1
513,605,300.983,733.114,113.100,316.423,1,-1,-1,-1
513,606,388.544,744.351,117.856,341.214,1,-1,-1,-1
513,607,1524.026,670.795,83.358,187.364,1,-1,-1,-1
513,610,1602.781,665.571,83.910,204.546,1,-1,-1,-1
513,621,1655.600,555.900,41.200,86.200,1,-1,-1,-1
514,605,237.717,741.048,120.464,323.848,1,-1,-1,-1
514,606,326.825,748.700,119.314,340.612,1,-1,-1,-1
514,607,1489.411,673.201,84.793,190.009,1,-1,-1,-1
514,610,1568.620,667.943,84.134,206.744,1,-1,-1,-1
514,622,1626.600,558.300,42.500,87.500,1,-1,-1,-1
514,623,1591.000,582.000,36.900,101.500,1,-1,-1,-1
514,624,1613.900,565.300,30.900,85.200,1,-1,-1,-1
515,605,171.981,744.077,128.033,329.890,1,-1,-1,-1
515,606,265.496,750.143,123.070,340.421,1,-1,-1,-1
515,607,1454.467,672.181,85.269,191.475,1,-1,-1,-1
515,610,1535.491,669.187,84.556,208.395,1,-1,-1,-1
515,624,1599.409,555.381,38.785,94.439,1,-1,-1,-1
515,625,1563.600,575.200,39.500,109.100,1,-1,-1,-1
516,605,115.063,748.507,129.105,332.652,1,-1,-1,-1
516,606,204.735,752.631,127.257,338.836,1,-1,-1,-1
516,607,1419.921,671.334,86.146,191.470,1,-1,-1,-1
516,610,1502.384,670.818,84.626,210.178,1,-1,-1,-1
516,624,1573.013,553.542,38.571,91.847,1,-1,-1,-1
516,626,1536.200,575.200,42.400,105.900,1,-1,-1,-1
517,605,62.619,757.334,122.369,329.577,1,-1,-1,-1
517,606,142.924,758.481,131.762,334.434,1,-1,-1,-1
517,607,1384.412,671.780,86.030,193.054,1,-1,-1,-1
517,610,1469.193,672.178,84.606,211.453,1,-1,-1,-1
517,624,1546.133,552.612,37.284,88.955,1,-1,-1,-1
517,627,1508.100,573.700,45.500,109.000,1,-1,-1,-1
517,628,1831.400,723.900,89.600,286.900,1,-1,-1,-1
518,605,7.347,765.042,117.955,324.896,1,-1,-1,-1
518,606,78.736,763.021,135.612,330.091,1,-1,-1,-1
518,607,1349.976,673.232,86.047,194.016,1,-1,-1,-1
518,610,1436.088,674.774,85.702,211.527,1,-1,-1,-1
518,624,1518.729,553.353,37.120,87.292,1,-1,-1,-1
518,628,1794.796,711.344,118.213,309.913,1,-1,-1,-1
518,629,1484.900,573.900,43.300,106.600,1,-1,-1,-1
519,606,15.908,765.572,135.209,326.612,1,-1,-1,-1
519,607,1316.108,674.214,86.516,194.936,1,-1,-1,-1
519,610,1404.077,676.632,85.945,212.764,1,-1,-1,-1
519,624,1492.505,554.041,36.563,83.811,1,-1,-1,-1
519,628,1758.442,717.308,125.049,304.449,1,-1,-1,-1
519,630,1455.100,571.400,47.300,109.600,1,-1,-1,-1
520,607,1282.029,674.284,87.680,196.788,1,-1,-1,-1
520,610,1372.233,677.020,86.674,216.693,1,-1,-1,-1
520,624,1466.773,552.757,35.648,82.639,1,-1,-1,-1
520,628,1723.949,720.294,129.231,300.858,1,-1,-1,-1
520,631,1428.100,570.800,47.900,107.700,1,-1,-1,-1
521,607,1249.544,676.005,88.443,197.106,1,-1,-1,-1
521,610,1338.793,678.746,86.807,218.447,1,-1,-1,-1
521,624,1440.397,553.153,35.319,81.535,1,-1,-1,-1
521,628,1691.138,723.706,130.265,294.472,1,-1,-1,-1
521,632,1403.000,570.900,46.600,108.200,1,-1,-1,-1
522,607,1217.143,676.091,88.248,196.910,1,-1,-1,-1
522,610,1305.849,678.401,87.011,219.803,1,-1,-1,-1
522,624,1416.782,550.102,34.238,80.950,1,-1,-1,-1
522,628,1659.247,725.739,130.436,290.983,1,-1,-1,-1
522,632,1379.514,568.075,47.576,110.351,1,-1,-1,-1
523,607,1184.556,678.005,88.180,196.943,1,-1,-1,-1
523,610,1273.264,678.131,87.227,220.421,1,-1,-1,-1
523,624,1391.702,549.168,34.239,81.592,1,-1,-1,-1
523,628,1631.317,727.426,128.414,285.407,1,-1,-1,-1
523,632,1354.101,566.620,47.319,111.360,1,-1,-1,-1
524,607,1151.550,680.976,88.324,197.187,1,-1,-1,-1
524,610,1242.170,676.987,87.618,223.431,1,-1,-1,-1
524,624,1366.200,548.692,33.783,80.416,1,-1,-1,-1
524,628,1601.806,726.185,127.706,284.669,1,-1,-1,-1
524,632,1329.089,566.337,48.323,111.589,1,-1,-1,-1
525,607,1117.427,681.475,90.002,199.784,1,-1,-1,-1
525,610,1208.999,677.989,88.239,224.771,1,-1,-1,-1
525,624,1341.630,547.190,33.183,80.950,1,-1,-1,-1
525,628,1570.817,723.068,127.279,288.753,1,-1,-1,-1
525,632,1303.755,566.978,48.697,111.468,1,-1,-1,-1
526,607,1084.050,682.054,90.444,201.953,1,-1,-1,-1
526,610,1176.981,679.924,88.201,226.092,1,-1,-1,-1
526,624,1316.057,547.940,33.223,80.372,1,-1,-1,-1
526,628,1540.356,720.635,125.848,291.064,1,-1,-1,-1
526,632,1279.022,567.235,49.905,111.134,1,-1,-1,-1
527,607,1051.273,682.978,89.062,204.315,1,-1,-1,-1
527,610,1141.678,680.933,88.551,228.983,1,-1,-1,-1
527,624,1294.331,548.247,32.542,80.207,1,-1,-1,-1
527,628,1510.084,718.899,123.656,289.572,1,-1,-1,-1
527,632,1255.693,568.397,50.344,110.884,1,-1,-1,-1
528,607,1019.055,688.250,88.481,207.403,1,-1,-1,-1
528,610,1107.131,684.859,88.451,230.053,1,-1,-1,-1
528,624,1272.772,550.736,32.464,80.111,1,-1,-1,-1
528,628,1479.525,723.369,121.437,286.899,1,-1,-1,-1
528,632,1231.704,570.029,50.232,111.209,1,-1,-1,-1
529,607,984.018,690.774,89.817,211.701,1,-1,-1,-1
529,610,1070.166,685.273,93.800,236.322,1,-1,-1,-1
529,624,1250.091,558.194,32.113,78.702,1,-1,-1,-1
529,628,1448.835,724.731,121.122,286.814,1,-1,-1,-1
529,632,1207.322,573.114,49.141,109.187,1,-1,-1,-1
530,607,951.455,693.758,91.201,214.802,1,-1,-1,-1
530,610,1033.613,689.180,98.041,238.499,1,-1,-1,-1
530,624,1226.510,556.679,31.867,78.239,1,-1,-1,-1
530,628,1412.306,727.274,123.493,290.472,1,-1,-1,-1
530,632,1183.915,573.878,48.188,108.518,1,-1,-1,-1
530,633,1208.700,564.100,36.300,93.600,1,-1,-1,-1
531,607,916.924,694.382,93.250,219.370,1,-1,-1,-1
531,610,998.301,695.167,101.663,241.325,1,-1,-1,-1
531,624,1204.277,554.545,31.229,79.083,1,-1,-1,-1
531,628,1376.086,727.535,127.452,292.559,1,-1,-1,-1
531,632,1161.548,574.908,46.854,107.186,1,-1,-1,-1
532,607,883.530,698.797,93.937,222.106,1,-1,-1,-1
532,610,966.503,702.003,102.888,242.167,1,-1,-1,-1
532,624,1182.786,557.233,31.278,80.366,1,-1,-1,-1
532,628,1343.883,732.590,129.904,292.618,1,-1,-1,-1
532,632,1139.640,575.184,46.149,107.722,1,-1,-1,-1
533,607,851.369,702.033,94.529,223.098,1,-1,-1,-1
533,610,933.928,705.575,105.523,242.798,1,-1,-1,-1
533,624,1159.183,556.913,31.240,79.601,1,-1,-1,-1
533,628,1313.599,734.239,131.971,294.613,1,-1,-1,-1
533,632,1118.526,575.423,45.805,108.532,1,-1,-1,-1
534,607,818.533,704.552,95.666,224.482,1,-1,-1,-1
534,610,903.272,706.171,104.713,246.094,1,-1,-1,-1
534,624,1136.227,555.480,30.949,81.405,1,-1,-1,-1
534,628,1284.771,735.927,132.937,295.916,1,-1,-1,-1
534,632,1096.642,577.226,45.249,108.674,1,-1,-1,-1
535,607,784.752,708.609,95.899,226.440,1,-1,-1,-1
535,610,869.106,709.207,105.439,251.101,1,-1,-1,-1
535,624,1120.156,556.106,30.767,81.653,1,-1,-1,-1
535,628,1257.005,738.740,132.312,294.003,1,-1,-1,-1
535,632,1074.660,575.857,45.799,110.659,1,-1,-1,-1
536,607,749.160,709.033,97.714,228.946,1,-1,-1,-1
536,610,835.838,711.173,104.443,254.869,1,-1,-1,-1
536,624,1099.172,555.527,29.931,80.433,1,-1,-1,-1
536,628,1228.986,739.056,132.303,293.045,1,-1,-1,-1
536,632,1054.043,577.007,46.385,111.582,1,-1,-1,-1
536,634,1084.300,566.400,31.700,94.000,1,-1,-1,-1
537,607,717.509,711.678,99.365,231.444,1,-1,-1,-1
537,610,803.605,712.669,104.739,258.158,1,-1,-1,-1
537,624,1082.170,554.729,28.643,78.317,1,-1,-1,-1
537,628,1201.829,736.923,132.426,296.766,1,-1,-1,-1
537,632,1033.614,576.544,46.562,112.295,1,-1,-1,-1
538,607,682.575,715.109,99.739,233.797,1,-1,-1,-1
538,610,766.925,714.000,105.083,262.544,1,-1,-1,-1
538,624,1061.768,560.073,29.132,77.219,1,-1,-1,-1
538,628,1173.674,738.487,132.868,298.395,1,-1,-1,-1
538,632,1014.076,579.042,47.352,112.425,1,-1,-1,-1
539,607,646.845,718.112,99.113,235.385,1,-1,-1,-1
539,610,732.602,716.283,105.461,267.865,1,-1,-1,-1
539,624,1039.460,560.171,28.757,75.628,1,-1,-1,-1
539,628,1146.338,737.681,133.112,300.552,1,-1,-1,-1
539,632,993.121,580.596,48.051,112.058,1,-1,-1,-1
540,607,610.763,719.822,100.767,240.638,1,-1,-1,-1
540,610,699.415,719.325,105.122,271.698,1,-1,-1,-1
540,624,1023.082,560.921,28.139,74.306,1,-1,-1,-1
540,628,1117.506,740.007,132.688,301.326,1,-1,-1,-1
540,632,974.077,581.744,49.048,113.102,1,-1,-1,-1
541,607,573.407,725.907,102.710,244.336,1,-1,-1,-1
541,610,664.488,724.731,108.791,276.097,1,-1,-1,-1
541,624,1000.874,563.739,28.739,71.800,1,-1,-1,-1
541,628,1090.264,742.877,132.067,305.084,1,-1,-1,-1
541,632,954.003,583.144,50.040,113.533,1,-1,-1,-1
542,607,532.937,730.238,108.599,249.754,1,-1,-1,-1
542,610,627.954,736.022,110.323,276.989,1,-1,-1,-1
542,628,1060.840,748.783,132.420,307.960,1,-1,-1,-1
542,632,932.825,584.451,51.326,114.370,1,-1,-1,-1
543,607,494.343,736.238,114.590,250.674,1,-1,-1,-1
543,610,590.719,742.677,112.602,282.292,1,-1,-1,-1
543,624,962.723,568.850,28.217,68.844,1,-1,-1,-1
543,628,1035.750,754.843,132.227,304.950,1,-1,-1,-1
543,632,913.520,584.718,52.905,115.463,1,-1,-1,-1
544,607,455.569,743.513,120.525,257.861,1,-1,-1,-1
544,610,552.524,751.682,115.393,287.214,1,-1,-1,-1
544,624,942.423,575.057,28.735,72.400,1,-1,-1,-1
544,628,1010.843,761.036,132.770,308.945,1,-1,-1,-1
544,632,893.724,587.110,53.782,116.327,1,-1,-1,-1
545,607,418.994,746.110,124.264,257.874,1,-1,-1,-1
545,610,515.307,751.862,116.755,291.414,1,-1,-1,-1
545,628,983.918,761.239,131.538,307.005,1,-1,-1,-1
545,632,873.093,586.561,54.560,116.222,1,-1,-1,-1
546,607,385.570,751.072,123.653,260.645,1,-1,-1,-1
546,610,477.432,756.999,117.560,293.604,1,-1,-1,-1
546,628,956.156,761.604,132.431,308.583,1,-1,-1,-1
546,632,853.064,585.470,55.222,116.759,1,-1,-1,-1
547,607,348.780,754.537,121.501,262.532,1,-1,-1,-1
547,610,440.982,760.277,117.561,301.215,1,-1,-1,-1
547,628,928.715,759.617,133.764,311.439,1,-1,-1,-1
547,632,834.175,584.673,55.838,117.141,1,-1,-1,-1
547,635,1600.800,539.600,26.000,74.200,1,-1,-1,-1
547,636,896.200,550.000,28.300,79.200,1,-1,-1,-1
548,607,306.700,760.167,120.135,266.576,1,-1,-1,-1
548,610,404.560,760.141,116.473,310.742,1,-1,-1,-1
548,628,898.193,757.647,135.388,314.412,1,-1,-1,-1
548,632,815.609,584.092,56.580,117.985,1,-1,-1,-1
548,636,879.553,547.341,33.198,89.817,1,-1,-1,-1
548,637,1585.800,541.700,25.300,71.000,1,-1,-1,-1
549,607,259.340,764.514,121.072,272.252,1,-1,-1,-1
549,610,362.446,761.661,118.421,316.268,1,-1,-1,-1
549,628,873.766,754.403,136.961,318.243,1,-1,-1,-1
549,632,796.287,584.825,57.154,118.049,1,-1,-1,-1
549,636,861.587,552.421,31.881,84.863,1,-1,-1,-1
549,638,1570.400,534.600,28.600,76.200,1,-1,-1,-1
550,607,211.354,766.753,122.992,282.163,1,-1,-1,-1
550,610,320.781,762.471,119.395,319.368,1,-1,-1,-1
550,628,845.576,753.532,137.730,314.484,1,-1,-1,-1
550,632,776.597,585.101,57.616,118.948,1,-1,-1,-1
550,636,842.265,546.484,32.849,87.198,1,-1,-1,-1
550,638,1559.080,535.120,27.543,75.960,1,-1,-1,-1
551,607,162.626,767.626,126.422,290.295,1,-1,-1,-1
551,610,277.892,765.360,122.300,319.668,1,-1,-1,-1
551,628,819.993,751.922,139.639,315.128,1,-1,-1,-1
551,632,758.989,585.679,57.507,119.279,1,-1,-1,-1
551,636,828.003,544.708,34.539,92.139,1,-1,-1,-1
551,638,1544.786,538.397,26.690,72.559,1,-1,-1,-1
552,607,111.195,771.482,134.090,299.302,1,-1,-1,-1
552,610,234.722,768.627,125.736,318.375,1,-1,-1,-1
552,628,793.416,749.742,141.368,322.813,1,-1,-1,-1
552,632,740.745,585.868,57.474,119.289,1,-1,-1,-1
552,636,811.298,541.089,35.699,95.750,1,-1,-1,-1
552,638,1531.585,539.460,24.646,69.531,1,-1,-1,-1
553,607,66.042,777.743,137.626,301.971,1,-1,-1,-1
553,610,192.419,772.514,129.872,315.794,1,-1,-1,-1
553,628,768.315,751.448,142.179,326.017,1,-1,-1,-1
553,632,722.369,585.557,57.763,120.667,1,-1,-1,-1
553,636,794.754,536.763,37.112,99.966,1,-1,-1,-1
553,638,1518.400,539.654,24.555,68.433,1,-1,-1,-1
554,607,17.547,779.315,142.466,304.024,1,-1,-1,-1
554,610,142.971,780.896,134.881,309.643,1,-1,-1,-1
554,628,743.919,753.499,142.273,327.093,1,-1,-1,-1
554,632,704.004,585.821,58.172,120.974,1,-1,-1,-1
554,636,778.899,533.875,37.391,101.141,1,-1,-1,-1
554,638,1505.757,538.230,24.466,67.926,1,-1,-1,-1
555,607,-7.846,789.863,134.354,299.417,1,-1,-1,-1
555,610,93.711,788.438,140.138,303.053,1,-1,-1,-1
555,628,719.889,758.242,141.425,325.300,1,-1,-1,-1
555,632,685.334,585.568,58.125,122.344,1,-1,-1,-1
555,636,763.758,533.106,36.861,101.344,1,-1,-1,-1
555,638,1492.587,538.339,24.374,67.587,1,-1,-1,-1
556,610,40.601,792.855,147.378,297.990,1,-1,-1,-1
556,628,693.206,761.432,141.410,323.310,1,-1,-1,-1
556,632,666.988,584.751,58.127,122.960,1,-1,-1,-1
556,636,749.476,531.971,36.722,100.392,1,-1,-1,-1
556,638,1480.364,535.654,25.227,69.251,1,-1,-1,-1
557,610,-2.003,800.544,142.594,291.718,1,-1,-1,-1
557,628,667.144,761.398,141.452,322.784,1,-1,-1,-1
557,632,649.133,584.503,57.800,124.080,1,-1,-1,-1
557,636,734.596,531.245,36.772,100.292,1,-1,-1,-1
557,638,1468.400,531.509,25.837,70.893,1,-1,-1,-1
558,628,639.963,761.119,142.654,322.621,1,-1,-1,-1
558,632,631.354,583.289,57.951,125.082,1,-1,-1,-1
558,636,719.659,530.106,36.950,98.219,1,-1,-1,-1
558,638,1456.850,530.390,26.295,73.071,1,-1,-1,-1
559,628,613.516,760.375,144.198,322.894,1,-1,-1,-1
559,632,613.585,582.933,57.857,125.811,1,-1,-1,-1
559,636,703.843,528.784,37.615,98.537,1,-1,-1,-1
559,638,1444.881,528.524,26.870,73.837,1,-1,-1,-1
560,628,586.629,758.579,146.194,323.985,1,-1,-1,-1
560,632,594.791,582.557,58.218,127.984,1,-1,-1,-1
560,636,689.455,529.514,38.060,96.970,1,-1,-1,-1
560,638,1433.321,525.834,26.814,74.244,1,-1,-1,-1
561,628,558.344,755.625,148.862,326.067,1,-1,-1,-1
561,632,577.971,581.699,58.459,129.368,1,-1,-1,-1
561,636,674.562,529.198,38.577,95.805,1,-1,-1,-1
561,638,1422.913,525.682,26.569,74.832,1,-1,-1,-1
562,628,529.380,755.025,151.231,327.003,1,-1,-1,-1
562,632,560.049,582.119,59.217,131.579,1,-1,-1,-1
562,636,659.985,530.700,39.550,96.033,1,-1,-1,-1
562,638,1411.365,526.814,26.924,74.877,1,-1,-1,-1
563,628,501.766,755.226,153.668,327.308,1,-1,-1,-1
563,632,543.537,583.479,60.225,132.997,1,-1,-1,-1
563,636,645.678,530.990,39.791,95.627,1,-1,-1,-1
563,638,1399.912,527.215,27.243,76.198,1,-1,-1,-1
564,628,473.955,755.999,155.402,327.037,1,-1,-1,-1
564,632,527.156,584.655,61.407,134.469,1,-1,-1,-1
564,636,631.474,529.793,40.861,96.502,1,-1,-1,-1
564,638,1390.227,526.833,27.433,77.284,1,-1,-1,-1
565,628,445.273,757.800,159.243,325.971,1,-1,-1,-1
565,632,509.856,584.688,62.881,135.879,1,-1,-1,-1
565,636,619.278,531.444,40.529,95.632,1,-1,-1,-1
565,638,1378.745,527.542,28.475,78.460,1,-1,-1,-1
566,628,417.532,762.540,162.584,322.767,1,-1,-1,-1
566,632,494.274,585.304,63.845,137.447,1,-1,-1,-1
566,636,606.501,532.921,40.625,95.743,1,-1,-1,-1
566,638,1368.967,528.199,29.133,80.192,1,-1,-1,-1
567,628,389.638,767.607,166.426,318.755,1,-1,-1,-1
567,632,477.409,586.385,65.207,138.588,1,-1,-1,-1
567,636,594.445,534.429,40.167,95.166,1,-1,-1,-1
567,638,1359.170,527.839,30.041,80.900,1,-1,-1,-1
568,628,360.704,773.129,171.440,314.022,1,-1,-1,-1
568,632,460.650,587.786,67.087,139.532,1,-1,-1,-1
568,636,579.560,536.464,39.793,94.464,1,-1,-1,-1
568,638,1350.580,526.328,31.220,81.497,1,-1,-1,-1
569,628,332.324,778.272,175.521,309.256,1,-1,-1,-1
569,632,443.845,588.408,68.087,140.241,1,-1,-1,-1
569,636,566.125,538.044,37.547,92.654,1,-1,-1,-1
569,638,1341.657,525.601,31.575,81.193,1,-1,-1,-1
570,628,305.277,784.581,177.263,303.676,1,-1,-1,-1
570,632,427.516,588.854,68.996,141.792,1,-1,-1,-1
570,638,1333.507,525.037,31.764,80.885,1,-1,-1,-1
570,639,1877.400,582.700,43.600,161.400,1,-1,-1,-1
571,628,279.220,790.658,179.040,297.950,1,-1,-1,-1
571,632,410.535,590.763,69.310,142.757,1,-1,-1,-1
571,638,1325.438,524.699,31.904,80.973,1,-1,-1,-1
571,639,1870.089,584.828,49.822,166.343,1,-1,-1,-1
572,628,249.417,791.072,183.976,295.603,1,-1,-1,-1
572,632,394.281,592.713,69.728,143.545,1,-1,-1,-1
572,636,532.272,535.540,37.011,94.809,1,-1,-1,-1
572,638,1317.889,524.343,32.534,80.173,1,-1,-1,-1
572,639,1870.192,587.253,50.628,167.399,1,-1,-1,-1
573,628,219.262,795.520,185.293,291.508,1,-1,-1,-1
573,632,377.318,593.861,69.997,145.502,1,-1,-1,-1
573,638,1309.791,525.408,32.734,80.109,1,-1,-1,-1
573,639,1864.817,588.150,53.968,168.461,1,-1,-1,-1
574,628,190.815,795.633,187.637,289.936,1,-1,-1,-1
574,632,362.016,595.173,69.739,147.153,1,-1,-1,-1
574,636,511.654,533.880,38.956,97.970,1,-1,-1,-1
574,638,1302.743,525.925,32.589,81.187,1,-1,-1,-1
574,639,1858.366,578.377,59.943,179.762,1,-1,-1,-1
575,628,159.259,793.983,191.953,290.015,1,-1,-1,-1
575,632,345.399,596.650,69.836,147.760,1,-1,-1,-1
575,636,499.541,534.042,38.501,98.504,1,-1,-1,-1
575,638,1295.717,526.357,32.466,81.722,1,-1,-1,-1
576,628,128.830,798.474,195.611,286.845,1,-1,-1,-1
576,632,328.309,598.848,69.686,148.673,1,-1,-1,-1
576,636,487.453,535.659,38.716,98.588,1,-1,-1,-1
576,638,1289.655,526.016,32.579,82.420,1,-1,-1,-1
577,628,99.659,799.475,197.896,285.340,1,-1,-1,-1
577,632,312.090,599.384,70.081,150.111,1,-1,-1,-1
577,636,474.553,534.411,39.014,99.979,1,-1,-1,-1
577,638,1283.567,526.177,32.830,83.085,1,-1,-1,-1
578,628,67.780,803.653,199.639,282.055,1,-1,-1,-1
578,632,295.970,598.832,70.295,152.069,1,-1,-1,-1
578,636,464.398,533.017,39.512,101.167,1,-1,-1,-1
578,638,1276.557,527.318,32.911,83.140,1,-1,-1,-1
579,628,43.048,809.938,197.897,277.207,1,-1,-1,-1
579,632,279.464,599.384,71.153,154.525,1,-1,-1,-1
579,636,453.999,533.682,39.578,100.600,1,-1,-1,-1
579,638,1270.267,526.633,32.801,83.432,1,-1,-1,-1
580,628,21.203,816.584,194.296,271.651,1,-1,-1,-1
580,632,262.493,600.786,71.845,156.244,1,-1,-1,-1
580,636,442.651,531.811,40.198,100.583,1,-1,-1,-1
580,638,1264.227,526.794,32.586,84.198,1,-1,-1,-1
581,628,-1.835,820.802,191.484,267.092,1,-1,-1,-1
581,632,245.907,600.984,73.173,158.973,1,-1,-1,-1
581,638,1258.981,526.319,33.138,85.033,1,-1,-1,-1
582,628,-11.354,825.582,183.076,262.479,1,-1,-1,-1
582,632,229.599,601.286,74.675,160.828,1,-1,-1,-1
582,638,1254.407,525.634,33.294,84.785,1,-1,-1,-1
582,640,1799.100,565.400,68.200,201.200,1,-1,-1,-1
583,628,-16.833,832.517,165.414,257.096,1,-1,-1,-1
583,632,211.997,600.442,77.469,164.331,1,-1,-1,-1
583,638,1249.814,525.671,32.974,83.637,1,-1,-1,-1
584,628,-26.111,836.083,147.521,252.866,1,-1,-1,-1
584,632,195.715,599.877,79.675,166.838,1,-1,-1,-1
584,638,1246.520,525.890,33.112,83.837,1,-1,-1,-1
584,640,1789.673,556.740,67.255,205.821,1,-1,-1,-1
585,628,-29.181,848.134,126.980,245.340,1,-1,-1,-1
585,632,178.875,602.179,81.680,168.477,1,-1,-1,-1
585,638,1243.636,526.985,33.176,83.458,1,-1,-1,-1
586,632,164.009,605.502,83.346,168.940,1,-1,-1,-1
586,638,1240.417,524.583,33.060,83.918,1,-1,-1,-1
586,640,1781.077,584.255,57.634,171.537,1,-1,-1,-1
587,632,148.003,608.266,85.715,171.098,1,-1,-1,-1
587,638,1237.102,522.969,32.724,84.521,1,-1,-1,-1
587,640,1776.901,592.169,54.545,159.823,1,-1,-1,-1
588,632,133.813,609.742,88.283,172.449,1,-1,-1,-1
588,638,1233.378,523.215,32.185,84.153,1,-1,-1,-1
588,640,1773.266,592.247,54.088,156.910,1,-1,-1,-1
588,641,378.300,532.400,33.800,95.000,1,-1,-1,-1
589,632,116.430,611.277,90.843,173.760,1,-1,-1,-1
589,638,1230.457,523.586,32.051,84.582,1,-1,-1,-1
589,640,1771.070,587.982,54.795,158.585,1,-1,-1,-1
589,641,365.219,531.273,40.563,107.552,1,-1,-1,-1
590,632,101.220,611.660,93.610,176.100,1,-1,-1,-1
590,638,1227.689,523.442,32.885,85.458,1,-1,-1,-1
590,640,1768.826,585.622,56.265,161.086,1,-1,-1,-1
590,641,358.604,532.151,41.170,106.968,1,-1,-1,-1
591,632,85.077,613.306,95.980,178.236,1,-1,-1,-1
591,638,1225.929,523.239,33.474,86.748,1,-1,-1,-1
591,640,1766.080,583.422,58.141,165.174,1,-1,-1,-1
591,641,349.804,531.559,41.247,106.330,1,-1,-1,-1
592,632,71.593,614.822,98.373,180.598,1,-1,-1,-1
592,638,1225.025,521.578,34.047,88.190,1,-1,-1,-1
592,640,1764.499,580.577,60.530,169.973,1,-1,-1,-1
592,641,342.037,531.039,41.887,107.047,1,-1,-1,-1
593,632,56.161,617.610,100.081,182.620,1,-1,-1,-1
593,638,1224.442,520.732,34.796,89.435,1,-1,-1,-1
593,640,1762.836,583.094,61.790,170.359,1,-1,-1,-1
593,641,333.660,532.507,43.112,106.657,1,-1,-1,-1
594,632,43.143,618.578,101.870,185.650,1,-1,-1,-1
594,638,1224.050,520.368,35.250,90.329,1,-1,-1,-1
594,640,1761.173,581.436,64.536,174.200,1,-1,-1,-1
594,641,328.901,534.598,43.044,105.448,1,-1,-1,-1
595,632,29.128,621.317,103.068,187.723,1,-1,-1,-1
595,638,1223.880,522.032,35.464,90.925,1,-1,-1,-1
595,640,1759.497,582.315,67.627,176.917,1,-1,-1,-1
595,641,323.879,534.618,43.610,105.914,1,-1,-1,-1
596,632,15.927,625.031,104.317,189.478,1,-1,-1,-1
596,638,1224.031,520.483,35.419,91.139,1,-1,-1,-1
596,640,1759.174,579.736,71.478,179.672,1,-1,-1,-1
596,641,317.617,535.445,44.577,107.060,1,-1,-1,-1
597,632,3.176,628.903,104.838,192.503,1,-1,-1,-1
597,638,1224.164,520.195,35.334,91.861,1,-1,-1,-1
597,640,1761.969,580.796,73.002,180.169,1,-1,-1,-1
597,641,313.367,534.932,45.222,107.357,1,-1,-1,-1
597,642,813.900,478.700,21.800,52.100,1,-1,-1,-1
597,643,328.000,491.800,25.500,57.900,1,-1,-1,-1
598,632,-5.153,636.331,102.771,194.815,1,-1,-1,-1
598,638,1224.749,519.630,35.411,92.593,1,-1,-1,-1
598,640,1765.474,580.310,73.869,179.058,1,-1,-1,-1
598,641,308.781,536.846,45.571,107.443,1,-1,-1,-1
598,642,811.445,478.536,22.111,53.428,1,-1,-1,-1
599,632,-10.030,641.254,97.528,196.709,1,-1,-1,-1
599,638,1225.383,518.579,35.577,93.243,1,-1,-1,-1
599,640,1768.876,580.270,74.658,177.133,1,-1,-1,-1
599,641,305.342,537.994,45.776,107.221,1,-1,-1,-1
599,642,810.540,479.068,22.333,54.963,1,-1,-1,-1
599,643,325.394,494.196,22.412,53.109,1,-1,-1,-1
599,644,306.300,494.800,23.200,58.700,1,-1,-1,-1
599,645,293.100,495.800,22.100,58.700,1,-1,-1,-1
600,632,-12.553,644.027,90.719,198.527,1,-1,-1,-1
600,638,1227.164,516.991,35.588,94.111,1,-1,-1,-1
600,640,1772.085,579.495,74.239,177.440,1,-1,-1,-1
600,641,301.586,539.664,45.923,107.390,1,-1,-1,-1
600,642,809.472,479.230,22.180,55.331,1,-1,-1,-1
600,644,299.733,511.728,28.835,69.239,1,-1,-1,-1
600,645,291.520,494.793,22.560,58.515,1,-1,-1,-1
600,646,274.200,497.000,21.700,59.200,1,-1,-1,-1
601,632,-14.333,649.679,82.140,197.820,1,-1,-1,-1
601,638,1228.862,517.442,35.251,94.171,1,-1,-1,-1
601,640,1776.032,576.820,72.958,178.498,1,-1,-1,-1
601,641,297.754,540.564,46.202,107.640,1,-1,-1,-1
601,642,809.254,479.388,21.955,55.267,1,-1,-1,-1
601,644,294.861,516.369,30.796,70.382,1,-1,-1,-1
601,645,290.804,496.270,22.422,56.089,1,-1,-1,-1
601,646,274.114,499.852,22.172,57.896,1,-1,-1,-1
602,638,1230.641,517.677,34.864,94.014,1,-1,-1,-1
602,640,1780.947,576.315,70.475,178.731,1,-1,-1,-1
602,641,295.165,541.241,46.216,108.114,1,-1,-1,-1
602,642,808.745,480.024,21.830,55.343,1,-1,-1,-1
602,644,291.677,516.590,31.647,69.186,1,-1,-1,-1
602,645,287.862,497.769,23.350,56.965,1,-1,-1,-1
603,638,1232.634,518.170,34.525,94.135,1,-1,-1,-1
603,640,1785.063,574.563,67.875,180.765,1,-1,-1,-1
603,641,291.875,540.644,46.138,108.875,1,-1,-1,-1
603,642,808.398,479.614,21.719,55.491,1,-1,-1,-1
603,644,289.900,517.502,32.661,70.740,1,-1,-1,-1
603,645,283.977,498.067,24.538,58.678,1,-1,-1,-1
604,638,1235.160,519.781,34.135,93.560,1,-1,-1,-1
604,640,1790.463,574.594,65.577,182.378,1,-1,-1,-1
604,641,288.352,543.080,46.735,108.979,1,-1,-1,-1
604,642,807.262,481.061,21.127,54.615,1,-1,-1,-1
604,645,278.525,500.884,25.534,60.832,1,-1,-1,-1
605,638,1238.939,520.302,33.625,92.937,1,-1,-1,-1
605,640,1795.750,573.728,64.115,183.837,1,-1,-1,-1
605,641,285.696,544.002,47.899,109.086,1,-1,-1,-1
605,642,806.971,481.439,20.748,54.068,1,-1,-1,-1
605,644,286.819,521.697,34.462,75.830,1,-1,-1,-1
605,645,283.454,499.609,24.248,58.361,1,-1,-1,-1
605,646,274.487,504.669,25.313,60.489,1,-1,-1,-1
606,638,1242.636,519.573,33.252,92.850,1,-1,-1,-1
606,640,1798.628,575.643,63.428,183.961,1,-1,-1,-1
606,641,283.621,544.467,48.951,108.825,1,-1,-1,-1
606,642,806.994,481.515,20.690,53.614,1,-1,-1,-1
606,646,274.080,502.575,26.162,60.813,1,-1,-1,-1
606,647,295.100,496.800,21.100,52.000,1,-1,-1,-1
607,638,1245.556,518.881,32.897,92.993,1,-1,-1,-1
607,641,281.593,544.280,50.090,108.932,1,-1,-1,-1
607,642,807.239,481.592,20.863,52.978,1,-1,-1,-1
607,646,274.030,501.359,26.751,61.310,1,-1,-1,-1
607,647,295.422,495.446,20.956,51.408,1,-1,-1,-1
607,648,241.000,500.200,19.800,57.600,1,-1,-1,-1
608,638,1248.953,521.282,32.551,92.358,1,-1,-1,-1
608,641,279.175,542.288,50.943,110.201,1,-1,-1,-1
608,642,807.200,479.944,21.236,53.332,1,-1,-1,-1
608,646,271.894,498.346,27.044,61.848,1,-1,-1,-1
608,648,244.156,496.831,20.687,60.739,1,-1,-1,-1
609,638,1252.205,522.521,32.519,92.113,1,-1,-1,-1
609,641,277.027,539.615,51.361,111.000,1,-1,-1,-1
609,642,807.696,478.686,21.522,53.469,1,-1,-1,-1
609,646,273.297,495.595,26.162,60.771,1,-1,-1,-1
609,648,240.877,496.624,21.081,62.634,1,-1,-1,-1
609,649,344.400,484.900,18.600,44.300,1,-1,-1,-1
609,650,315.400,488.300,19.600,46.600,1,-1,-1,-1
610,638,1255.188,523.077,32.494,91.903,1,-1,-1,-1
610,641,274.858,536.690,51.131,110.775,1,-1,-1,-1
610,642,807.656,477.283,21.846,53.529,1,-1,-1,-1
610,646,266.614,494.630,25.964,60.090,1,-1,-1,-1
610,648,243.649,494.355,21.471,62.524,1,-1,-1,-1
610,649,340.381,477.292,20.738,46.418,1,-1,-1,-1
611,638,1258.031,525.055,32.533,92.193,1,-1,-1,-1
611,641,272.605,535.338,51.255,111.032,1,-1,-1,-1
611,642,806.387,474.835,22.185,52.580,1,-1,-1,-1
611,646,260.641,495.094,25.662,59.040,1,-1,-1,-1
611,648,245.200,495.360,22.023,62.679,1,-1,-1,-1
611,649,339.869,476.204,21.038,46.129,1,-1,-1,-1
611,651,277.100,488.200,21.800,49.500,1,-1,-1,-1
612,638,1261.082,525.371,32.453,92.693,1,-1,-1,-1
612,641,270.289,534.507,51.567,111.310,1,-1,-1,-1
612,642,805.832,473.983,22.357,51.582,1,-1,-1,-1
612,646,255.425,495.165,25.149,57.969,1,-1,-1,-1
612,648,241.927,493.520,22.518,62.289,1,-1,-1,-1
612,649,338.808,475.841,20.803,44.872,1,-1,-1,-1
612,651,269.569,491.848,22.763,51.002,1,-1,-1,-1
612,652,1824.000,583.000,56.600,198.300,1,-1,-1,-1
613,638,1265.312,525.671,31.947,92.758,1,-1,-1,-1
613,641,267.784,532.674,52.013,111.452,1,-1,-1,-1
613,642,805.507,473.303,22.480,49.132,1,-1,-1,-1
613,646,251.550,494.639,25.076,57.919,1,-1,-1,-1
613,648,238.147,491.481,22.779,62.623,1,-1,-1,-1
613,649,338.191,473.468,20.797,44.504,1,-1,-1,-1
613,651,269.600,492.955,24.976,54.201,1,-1,-1,-1
613,652,1834.930,584.494,57.737,201.811,1,-1,-1,-1
614,638,1268.781,527.240,32.049,93.110,1,-1,-1,-1
614,641,264.856,532.195,52.159,111.743,1,-1,-1,-1
614,642,804.292,473.951,22.437,48.743,1,-1,-1,-1
614,646,250.708,493.918,24.697,56.874,1,-1,-1,-1
614,649,337.770,471.721,20.830,44.221,1,-1,-1,-1
614,651,274.161,493.356,24.817,51.772,1,-1,-1,-1
614,652,1839.080,589.821,60.486,197.658,1,-1,-1,-1
615,638,1271.038,528.775,32.190,94.271,1,-1,-1,-1
615,641,261.525,531.809,52.609,113.260,1,-1,-1,-1
615,642,804.035,475.356,23.092,47.438,1,-1,-1,-1
615,646,250.052,492.458,24.398,56.128,1,-1,-1,-1
615,649,337.564,470.763,21.623,45.418,1,-1,-1,-1
615,651,279.046,491.609,23.823,49.261,1,-1,-1,-1
615,652,1846.205,599.027,60.934,193.200,1,-1,-1,-1
616,638,1273.721,531.099,32.330,95.959,1,-1,-1,-1
616,641,258.542,531.307,52.954,114.567,1,-1,-1,-1
616,642,805.177,477.880,23.381,46.410,1,-1,-1,-1
616,646,252.708,494.029,24.281,54.811,1,-1,-1,-1
616,649,336.495,470.980,21.866,45.392,1,-1,-1,-1
616,651,282.857,491.076,22.520,46.583,1,-1,-1,-1
616,652,1852.709,606.932,59.940,192.728,1,-1,-1,-1
617,638,1276.357,533.207,32.229,97.034,1,-1,-1,-1
617,641,255.491,530.985,53.400,115.862,1,-1,-1,-1
617,646,252.829,494.887,24.611,54.555,1,-1,-1,-1
617,649,335.822,470.852,21.827,45.106,1,-1,-1,-1
617,652,1857.241,607.847,61.542,197.387,1,-1,-1,-1
618,638,1279.094,534.498,32.315,99.206,1,-1,-1,-1
618,641,252.222,530.565,53.548,117.093,1,-1,-1,-1
618,642,805.628,480.054,23.555,45.175,1,-1,-1,-1
618,646,254.081,495.326,25.111,54.199,1,-1,-1,-1
618,649,335.291,471.508,21.420,44.716,1,-1,-1,-1
618,652,1860.119,610.995,62.218,201.341,1,-1,-1,-1
619,638,1282.233,533.140,32.200,100.780,1,-1,-1,-1
619,641,248.942,531.627,54.288,117.674,1,-1,-1,-1
619,642,805.717,480.406,23.746,44.974,1,-1,-1,-1
619,649,334.752,472.664,21.000,43.904,1,-1,-1,-1
619,652,1862.134,611.182,61.750,205.310,1,-1,-1,-1
620,638,1286.137,533.114,32.343,102.679,1,-1,-1,-1
620,641,246.043,532.478,54.418,117.918,1,-1,-1,-1
620,642,806.314,482.089,23.868,44.742,1,-1,-1,-1
620,649,334.336,473.378,20.657,43.431,1,-1,-1,-1
620,651,295.847,480.580,18.562,40.076,1,-1,-1,-1
620,652,1867.029,615.091,58.583,208.952,1,-1,-1,-1
621,638,1288.802,532.920,32.762,103.373,1,-1,-1,-1
621,641,244.295,533.077,53.999,118.369,1,-1,-1,-1
621,642,805.830,483.477,24.223,44.646,1,-1,-1,-1
621,649,333.725,474.351,20.694,43.418,1,-1,-1,-1
621,652,1874.492,616.074,52.577,205.132,1,-1,-1,-1
622,638,1292.300,533.618,32.630,104.446,1,-1,-1,-1
622,641,241.661,534.105,53.598,118.434,1,-1,-1,-1
622,642,804.537,484.595,24.227,44.070,1,-1,-1,-1
622,649,334.307,474.820,20.459,44.032,1,-1,-1,-1
622,652,1878.687,617.044,47.903,199.101,1,-1,-1,-1
623,638,1295.346,532.853,33.038,106.069,1,-1,-1,-1
623,641,239.592,537.273,53.293,117.853,1,-1,-1,-1
623,642,804.971,484.962,24.151,43.949,1,-1,-1,-1
623,649,333.604,476.271,20.343,43.981,1,-1,-1,-1
624,638,1299.018,533.262,33.420,107.772,1,-1,-1,-1
624,641,237.635,536.462,53.162,118.372,1,-1,-1,-1
624,642,805.299,485.253,24.001,43.450,1,-1,-1,-1
624,649,333.715,475.473,20.375,43.827,1,-1,-1,-1
625,638,1302.745,535.359,34.153,108.264,1,-1,-1,-1
625,641,236.113,540.681,53.286,118.760,1,-1,-1,-1
625,642,805.929,486.557,23.921,41.640,1,-1,-1,-1
625,649,334.381,479.278,20.296,44.509,1,-1,-1,-1
626,638,1308.654,533.913,35.389,109.803,1,-1,-1,-1
626,641,234.720,539.280,53.509,118.870,1,-1,-1,-1
626,642,807.007,485.713,24.112,41.521,1,-1,-1,-1
626,649,334.401,478.188,20.494,44.300,1,-1,-1,-1
627,638,1314.259,532.338,36.910,112.113,1,-1,-1,-1
627,641,234.374,543.334,53.984,119.556,1,-1,-1,-1
627,642,808.108,486.055,24.039,40.661,1,-1,-1,-1
627,649,335.593,481.531,20.391,44.569,1,-1,-1,-1
628,638,1319.497,532.664,37.912,112.330,1,-1,-1,-1
628,641,233.891,544.840,54.177,119.575,1,-1,-1,-1
628,642,809.944,486.574,23.846,40.330,1,-1,-1,-1
628,649,336.997,483.063,20.429,44.705,1,-1,-1,-1
629,638,1325.598,531.726,38.199,111.808,1,-1,-1,-1
629,641,233.862,549.954,54.871,119.317,1,-1,-1,-1
629,642,811.567,486.053,23.603,40.388,1,-1,-1,-1
629,649,338.117,485.194,20.258,44.961,1,-1,-1,-1
630,638,1332.375,533.517,39.069,111.844,1,-1,-1,-1
630,641,234.806,551.139,55.512,119.157,1,-1,-1,-1
630,642,815.218,485.737,23.231,40.443,1,-1,-1,-1
630,649,341.253,487.068,20.005,44.845,1,-1,-1,-1
631,638,1339.788,534.286,39.843,112.358,1,-1,-1,-1
631,641,237.024,552.243,55.809,119.335,1,-1,-1,-1
631,642,817.256,485.076,23.186,40.428,1,-1,-1,-1
631,649,343.740,488.036,19.524,44.493,1,-1,-1,-1
632,638,1347.338,537.013,40.375,111.685,1,-1,-1,-1
632,641,238.321,553.312,56.022,119.453,1,-1,-1,-1
632,642,821.685,485.098,22.863,40.007,1,-1,-1,-1
632,649,347.664,488.524,19.894,44.912,1,-1,-1,-1
632,653,338.900,486.800,19.600,44.100,1,-1,-1,-1
633,638,1356.768,540.908,40.404,110.754,1,-1,-1,-1
633,641,239.446,554.570,56.546,120.257,1,-1,-1,-1
633,642,825.789,485.456,22.796,39.539,1,-1,-1,-1
633,649,351.074,488.792,20.264,45.634,1,-1,-1,-1
633,653,336.609,487.879,19.482,43.742,1,-1,-1,-1
634,638,1365.338,544.530,40.429,109.055,1,-1,-1,-1
634,641,240.259,555.383,57.014,121.309,1,-1,-1,-1
634,642,831.543,486.194,22.918,40.575,1,-1,-1,-1
634,649,353.759,490.119,20.171,45.821,1,-1,-1,-1
634,653,341.089,493.797,17.869,41.329,1,-1,-1,-1
635,638,1372.916,547.469,40.909,107.687,1,-1,-1,-1
635,641,241.685,554.988,57.550,122.441,1,-1,-1,-1
635,642,836.919,486.245,22.942,40.704,1,-1,-1,-1
635,649,356.977,489.378,19.777,45.580,1,-1,-1,-1
635,653,342.932,493.729,17.463,40.549,1,-1,-1,-1
635,654,330.800,488.300,20.200,42.700,1,-1,-1,-1
635,655,260.400,525.000,32.300,51.700,1,-1,-1,-1
636,641,243.194,556.598,57.551,123.709,1,-1,-1,-1
636,642,842.111,487.377,23.119,41.264,1,-1,-1,-1
636,649,359.749,491.606,19.640,45.646,1,-1,-1,-1
636,654,338.579,497.357,15.840,36.386,1,-1,-1,-1
637,638,1391.271,551.580,40.142,106.294,1,-1,-1,-1
637,641,244.985,557.502,57.490,124.763,1,-1,-1,-1
637,649,363.007,492.718,19.457,45.740,1,-1,-1,-1
638,638,1401.760,553.296,39.583,106.294,1,-1,-1,-1
638,641,247.176,559.667,57.133,125.614,1,-1,-1,-1
638,649,365.893,495.990,19.054,45.115,1,-1,-1,-1
639,641,248.688,561.140,57.138,127.287,1,-1,-1,-1
639,649,369.832,496.353,18.914,45.200,1,-1,-1,-1
640,641,251.198,562.239,56.325,128.510,1,-1,-1,-1
640,649,373.587,497.268,18.728,45.308,1,-1,-1,-1
640,656,265.300,528.400,29.500,58.800,1,-1,-1,-1
641,641,254.496,563.326,55.617,129.625,1,-1,-1,-1
641,649,376.415,498.009,18.591,45.279,1,-1,-1,-1
642,641,257.479,562.848,54.594,130.490,1,-1,-1,-1
642,649,379.827,499.037,18.228,44.625,1,-1,-1,-1
643,641,259.714,563.219,53.586,130.465,1,-1,-1,-1
643,649,384.109,499.945,17.850,44.190,1,-1,-1,-1
643,656,268.035,527.662,30.230,62.976,1,-1,-1,-1
643,657,370.500,501.100,16.900,42.100,1,-1,-1,-1
644,641,262.795,566.220,53.123,129.741,1,-1,-1,-1
644,649,388.404,501.045,17.176,43.173,1,-1,-1,-1
644,656,271.589,524.026,28.047,60.144,1,-1,-1,-1
644,657,369.548,503.531,16.005,40.438,1,-1,-1,-1
644,658,378.900,499.700,16.100,43.400,1,-1,-1,-1
645,641,266.208,567.608,52.644,129.337,1,-1,-1,-1
645,649,393.746,501.489,16.519,42.999,1,-1,-1,-1
645,656,273.861,523.658,27.261,58.809,1,-1,-1,-1
645,657,373.753,501.597,15.900,40.635,1,-1,-1,-1
645,658,384.374,499.405,16.650,43.991,1,-1,-1,-1
646,641,268.745,570.007,52.712,129.657,1,-1,-1,-1
646,649,398.575,500.978,16.304,43.256,1,-1,-1,-1
646,656,276.614,524.922,27.272,58.822,1,-1,-1,-1
646,657,380.239,497.374,18.106,45.813,1,-1,-1,-1
646,659,891.800,500.400,24.300,50.500,1,-1,-1,-1
647,641,271.652,570.258,53.399,130.090,1,-1,-1,-1
647,649,403.213,500.461,16.238,43.686,1,-1,-1,-1
647,656,281.767,522.905,27.379,59.546,1,-1,-1,-1
647,658,392.891,497.481,18.590,46.562,1,-1,-1,-1
647,659,899.553,504.692,23.593,47.615,1,-1,-1,-1
648,641,275.191,571.957,53.986,130.933,1,-1,-1,-1
648,649,407.888,500.432,16.977,44.056,1,-1,-1,-1
648,656,285.750,521.869,28.632,62.723,1,-1,-1,-1
648,659,904.383,504.133,23.273,48.411,1,-1,-1,-1
648,660,268.700,517.200,25.400,67.800,1,-1,-1,-1
649,641,279.675,566.848,54.088,132.220,1,-1,-1,-1
649,649,413.679,498.031,17.310,43.776,1,-1,-1,-1
649,656,290.981,520.800,28.705,62.381,1,-1,-1,-1
649,657,390.662,491.832,19.681,48.714,1,-1,-1,-1
649,658,402.360,496.978,17.644,44.122,1,-1,-1,-1
649,659,909.904,497.886,24.032,52.662,1,-1,-1,-1
650,641,282.979,567.568,53.938,133.382,1,-1,-1,-1
650,649,418.565,499.772,16.933,43.234,1,-1,-1,-1
650,656,294.633,522.038,28.692,62.535,1,-1,-1,-1
650,657,395.972,497.808,18.402,45.197,1,-1,-1,-1
650,658,408.920,499.537,16.487,42.872,1,-1,-1,-1
650,659,915.750,499.656,23.486,53.333,1,-1,-1,-1
651,641,289.345,567.487,53.840,135.252,1,-1,-1,-1
651,649,425.629,502.123,16.324,43.018,1,-1,-1,-1
651,656,295.034,525.151,29.807,65.423,1,-1,-1,-1
651,657,401.988,500.096,18.031,44.595,1,-1,-1,-1
651,659,924.149,500.019,22.833,53.590,1,-1,-1,-1
652,641,295.163,561.199,52.468,134.701,1,-1,-1,-1
652,649,431.629,495.878,16.525,43.989,1,-1,-1,-1
652,656,301.692,523.600,30.581,66.707,1,-1,-1,-1
652,658,415.738,490.901,18.947,46.255,1,-1,-1,-1
652,659,933.223,494.603,24.016,56.005,1,-1,-1,-1
652,661,577.600,467.000,28.500,64.900,1,-1,-1,-1
652,662,397.100,491.600,19.700,44.000,1,-1,-1,-1
653,641,301.271,561.820,51.879,134.178,1,-1,-1,-1
653,649,436.277,494.008,16.628,44.248,1,-1,-1,-1
653,656,306.549,520.763,30.260,64.831,1,-1,-1,-1
653,658,421.928,492.580,19.397,45.706,1,-1,-1,-1
653,659,940.066,487.646,23.802,57.674,1,-1,-1,-1
653,662,402.127,494.538,19.744,43.824,1,-1,-1,-1
654,641,307.331,564.456,51.366,134.190,1,-1,-1,-1
654,649,443.860,494.002,17.427,44.314,1,-1,-1,-1
654,656,311.068,520.096,30.694,65.533,1,-1,-1,-1
654,658,426.067,494.292,19.133,44.233,1,-1,-1,-1
654,659,946.862,486.273,22.993,58.481,1,-1,-1,-1
655,641,314.427,564.157,51.434,134.351,1,-1,-1,-1
655,649,451.600,494.460,17.585,43.558,1,-1,-1,-1
655,656,320.049,524.944,31.480,64.883,1,-1,-1,-1
655,658,427.073,494.460,19.312,43.462,1,-1,-1,-1
655,659,956.446,486.687,23.015,58.878,1,-1,-1,-1
656,641,321.789,569.575,51.237,134.942,1,-1,-1,-1
656,649,459.484,498.278,17.378,44.021,1,-1,-1,-1
656,656,324.013,529.583,31.965,66.741,1,-1,-1,-1
656,658,433.927,497.720,19.835,44.604,1,-1,-1,-1
656,659,966.142,486.125,22.969,59.793,1,-1,-1,-1
656,663,449.900,500.500,18.800,43.700,1,-1,-1,-1
657,641,331.463,576.257,51.917,133.253,1,-1,-1,-1
657,649,467.524,500.300,17.526,43.964,1,-1,-1,-1
657,656,331.454,529.582,31.655,69.273,1,-1,-1,-1
657,658,437.361,501.226,19.824,44.730,1,-1,-1,-1
657,659,975.065,489.075,23.153,61.482,1,-1,-1,-1
657,663,456.938,502.992,19.422,43.716,1,-1,-1,-1
658,641,339.398,581.682,52.323,132.115,1,-1,-1,-1
658,649,474.914,502.867,17.188,43.913,1,-1,-1,-1
658,656,338.041,531.773,32.012,70.329,1,-1,-1,-1
658,659,985.112,492.687,23.369,63.096,1,-1,-1,-1
658,663,454.399,505.808,20.189,44.400,1,-1,-1,-1
659,641,346.116,592.541,53.121,132.794,1,-1,-1,-1
659,649,483.891,512.868,17.094,44.483,1,-1,-1,-1
659,656,345.516,537.542,32.152,70.830,1,-1,-1,-1
659,659,994.489,500.855,23.565,64.419,1,-1,-1,-1
659,663,455.935,517.515,20.826,44.179,1,-1,-1,-1
660,641,350.855,594.944,54.474,133.287,1,-1,-1,-1
660,649,488.658,514.796,17.237,44.323,1,-1,-1,-1
660,656,348.774,538.072,32.180,71.100,1,-1,-1,-1
660,659,1001.792,504.907,23.222,65.314,1,-1,-1,-1
660,663,456.066,517.239,21.684,45.707,1,-1,-1,-1
661,641,357.504,596.749,55.406,133.940,1,-1,-1,-1
661,649,494.461,515.015,17.481,44.276,1,-1,-1,-1
661,656,352.405,537.112,32.028,72.834,1,-1,-1,-1
661,659,1008.740,505.952,23.076,65.811,1,-1,-1,-1
661,663,458.907,516.476,22.341,47.510,1,-1,-1,-1
661,664,473.600,515.500,18.900,44.800,1,-1,-1,-1
662,641,365.291,597.836,56.327,133.807,1,-1,-1,-1
662,649,499.457,515.459,17.295,43.831,1,-1,-1,-1
662,656,356.852,536.718,32.304,74.185,1,-1,-1,-1
662,659,1016.411,507.519,22.884,65.667,1,-1,-1,-1
662,664,475.179,515.523,21.541,45.953,1,-1,-1,-1
663,641,373.325,597.993,57.467,132.542,1,-1,-1,-1
663,649,502.749,514.985,17.520,43.489,1,-1,-1,-1
663,656,361.659,536.086,32.253,75.122,1,-1,-1,-1
663,659,1023.885,508.064,22.893,65.681,1,-1,-1,-1
663,663,466.273,514.995,22.302,46.429,1,-1,-1,-1
663,664,482.232,514.178,22.177,45.420,1,-1,-1,-1
664,641,381.168,595.878,58.132,130.778,1,-1,-1,-1
664,649,508.649,511.660,17.867,44.150,1,-1,-1,-1
664,656,366.161,532.379,32.113,75.665,1,-1,-1,-1
664,659,1031.583,508.798,22.586,65.197,1,-1,-1,-1
664,664,493.549,509.046,21.836,46.191,1,-1,-1,-1
664,665,483.300,505.800,21.600,45.900,1,-1,-1,-1
665,641,387.450,594.797,59.685,130.605,1,-1,-1,-1
665,649,516.458,509.772,18.123,44.873,1,-1,-1,-1
665,656,371.996,532.125,32.443,76.323,1,-1,-1,-1
665,659,1039.551,507.967,22.577,66.100,1,-1,-1,-1
665,664,503.582,506.893,21.727,46.691,1,-1,-1,-1
665,665,491.375,505.955,22.849,48.790,1,-1,-1,-1
666,641,394.266,592.482,62.443,129.482,1,-1,-1,-1
666,649,524.637,505.148,18.330,45.147,1,-1,-1,-1
666,656,376.301,527.771,32.444,77.662,1,-1,-1,-1
666,659,1048.177,507.674,22.485,66.127,1,-1,-1,-1
666,664,511.919,503.524,20.692,45.206,1,-1,-1,-1
666,665,496.850,502.545,22.616,48.362,1,-1,-1,-1
667,641,400.770,591.568,65.639,129.501,1,-1,-1,-1
667,649,531.628,503.467,18.288,45.407,1,-1,-1,-1
667,656,381.111,524.987,32.631,78.643,1,-1,-1,-1
667,659,1056.061,507.525,22.642,65.886,1,-1,-1,-1
667,665,503.708,500.975,22.830,48.194,1,-1,-1,-1
668,641,406.924,592.729,69.512,129.632,1,-1,-1,-1
668,649,539.355,503.428,17.918,45.091,1,-1,-1,-1
668,656,386.469,524.718,32.635,79.069,1,-1,-1,-1
668,659,1064.660,508.163,22.793,66.180,1,-1,-1,-1
668,664,528.921,502.446,19.171,44.374,1,-1,-1,-1
668,665,509.569,501.350,22.738,47.567,1,-1,-1,-1
668,666,497.100,501.400,22.700,49.400,1,-1,-1,-1
669,641,412.269,586.379,74.858,132.173,1,-1,-1,-1
669,649,548.510,501.029,17.734,46.217,1,-1,-1,-1
669,656,391.869,523.211,32.705,80.868,1,-1,-1,-1
669,659,1072.619,506.758,22.933,66.590,1,-1,-1,-1
669,664,537.735,499.345,19.086,45.645,1,-1,-1,-1
669,665,516.646,498.365,22.505,48.348,1,-1,-1,-1
670,641,421.092,582.932,79.843,133.926,1,-1,-1,-1
670,649,554.007,498.140,17.519,46.170,1,-1,-1,-1
670,656,397.673,518.832,32.214,81.787,1,-1,-1,-1
670,659,1081.754,506.240,23.103,66.210,1,-1,-1,-1
670,665,521.585,495.837,22.310,48.526,1,-1,-1,-1
671,641,431.311,579.780,83.283,135.458,1,-1,-1,-1
671,649,562.797,495.431,17.586,46.263,1,-1,-1,-1
671,656,403.695,514.467,31.708,82.528,1,-1,-1,-1
671,659,1088.927,505.122,23.457,66.107,1,-1,-1,-1
671,664,549.744,494.649,19.228,46.104,1,-1,-1,-1
671,665,529.552,493.653,22.068,48.634,1,-1,-1,-1
672,641,443.369,578.831,85.775,136.002,1,-1,-1,-1
672,649,569.903,493.320,17.555,46.543,1,-1,-1,-1
672,656,408.014,511.602,31.950,82.653,1,-1,-1,-1
672,659,1097.534,504.322,23.312,66.140,1,-1,-1,-1
672,664,552.199,493.157,19.530,46.722,1,-1,-1,-1
672,665,536.578,492.464,22.080,48.827,1,-1,-1,-1
673,641,458.417,579.823,85.382,135.997,1,-1,-1,-1
673,649,576.399,491.835,17.678,47.149,1,-1,-1,-1
673,656,414.130,509.405,32.295,82.949,1,-1,-1,-1
673,659,1106.057,503.163,23.518,66.144,1,-1,-1,-1
673,664,557.584,491.753,19.201,47.039,1,-1,-1,-1
673,665,542.989,491.948,21.972,48.477,1,-1,-1,-1
673,667,530.300,492.700,21.400,47.200,1,-1,-1,-1
674,641,478.243,576.537,83.691,136.537,1,-1,-1,-1
674,649,585.125,487.302,17.701,46.750,1,-1,-1,-1
674,656,419.778,503.778,32.887,83.505,1,-1,-1,-1
674,659,1114.216,499.876,23.863,66.015,1,-1,-1,-1
674,665,548.158,486.384,22.444,48.143,1,-1,-1,-1
674,668,574.500,486.500,18.900,45.000,1,-1,-1,-1
675,641,494.044,571.250,82.230,135.564,1,-1,-1,-1
675,649,591.284,481.505,17.914,46.784,1,-1,-1,-1
675,656,425.611,499.115,32.972,83.820,1,-1,-1,-1
675,659,1122.916,499.734,23.881,65.715,1,-1,-1,-1
675,665,556.460,480.814,22.907,47.480,1,-1,-1,-1
676,641,509.242,572.273,81.048,135.047,1,-1,-1,-1
676,649,595.016,482.652,18.095,46.263,1,-1,-1,-1
676,656,430.507,499.759,33.764,85.419,1,-1,-1,-1
676,659,1131.099,497.866,24.303,66.240,1,-1,-1,-1
676,665,562.210,482.347,23.207,47.034,1,-1,-1,-1
677,641,522.720,569.878,82.598,136.551,1,-1,-1,-1
677,649,601.997,481.834,18.420,46.188,1,-1,-1,-1
677,656,435.162,497.156,34.266,86.275,1,-1,-1,-1
677,659,1139.536,497.548,25.021,67.374,1,-1,-1,-1
677,665,570.351,481.593,23.774,46.927,1,-1,-1,-1
678,641,533.074,568.142,85.533,138.693,1,-1,-1,-1
678,649,610.162,482.548,18.712,45.699,1,-1,-1,-1
678,656,440.772,498.245,35.111,87.307,1,-1,-1,-1
678,659,1147.359,498.905,25.178,67.155,1,-1,-1,-1
678,665,576.757,482.291,24.013,46.665,1,-1,-1,-1
679,641,544.731,572.852,89.289,142.858,1,-1,-1,-1
679,649,618.995,489.001,18.349,46.029,1,-1,-1,-1
679,656,447.147,505.803,35.284,86.952,1,-1,-1,-1
679,659,1155.424,500.686,25.154,67.430,1,-1,-1,-1
679,665,582.931,488.316,23.810,47.635,1,-1,-1,-1
679,669,607.800,491.800,18.500,48.200,1,-1,-1,-1
680,641,558.883,571.758,90.914,145.075,1,-1,-1,-1
680,649,627.269,490.305,18.442,46.151,1,-1,-1,-1
680,656,453.337,504.698,34.905,87.185,1,-1,-1,-1
680,659,1165.057,504.218,25.308,67.900,1,-1,-1,-1
680,665,591.611,489.724,23.719,47.531,1,-1,-1,-1
680,669,608.827,488.938,20.046,48.426,1,-1,-1,-1
681,641,572.240,590.159,92.649,146.096,1,-1,-1,-1
681,656,455.111,521.294,35.492,87.033,1,-1,-1,-1
681,659,1170.495,515.251,25.703,68.470,1,-1,-1,-1
681,670,593.600,514.700,23.200,46.200,1,-1,-1,-1
681,671,782.000,482.300,30.900,70.900,1,-1,-1,-1
681,672,632.000,513.100,21.300,46.600,1,-1,-1,-1
681,673,612.900,512.300,22.100,46.900,1,-1,-1,-1
682,641,588.542,610.480,93.463,146.214,1,-1,-1,-1
682,656,459.369,546.357,35.903,89.073,1,-1,-1,-1
682,659,1176.316,518.118,25.964,69.120,1,-1,-1,-1
682,672,633.723,535.343,19.354,42.109,1,-1,-1,-1
682,674,599.700,536.400,23.300,42.500,1,-1,-1,-1
683,641,603.633,599.455,90.860,145.841,1,-1,-1,-1
683,656,461.950,532.252,36.471,89.286,1,-1,-1,-1
683,659,1184.308,513.841,26.252,68.902,1,-1,-1,-1
683,671,793.020,472.228,29.759,70.244,1,-1,-1,-1
683,673,617.466,506.600,24.967,49.201,1,-1,-1,-1
683,675,604.700,506.500,23.500,45.600,1,-1,-1,-1
683,676,638.100,505.500,20.400,46.300,1,-1,-1,-1
684,641,617.988,590.657,89.840,144.689,1,-1,-1,-1
684,656,464.845,522.753,36.710,88.929,1,-1,-1,-1
684,659,1191.026,505.555,26.507,69.850,1,-1,-1,-1
684,673,622.423,497.693,24.590,49.400,1,-1,-1,-1
684,675,610.725,495.974,22.748,46.453,1,-1,-1,-1
684,676,641.986,495.431,20.227,46.040,1,-1,-1,-1
685,641,635.266,585.797,88.886,146.015,1,-1,-1,-1
685,656,468.414,518.733,37.359,89.148,1,-1,-1,-1
685,659,1198.588,497.281,26.906,70.302,1,-1,-1,-1
685,675,614.056,492.984,23.246,48.233,1,-1,-1,-1
685,676,644.068,494.266,19.992,45.098,1,-1,-1,-1
685,677,654.300,495.000,22.000,44.300,1,-1,-1,-1
686,641,648.178,577.045,89.685,146.178,1,-1,-1,-1
686,656,472.479,510.162,38.603,90.552,1,-1,-1,-1
686,659,1205.929,491.681,26.747,70.764,1,-1,-1,-1
686,675,622.997,488.717,22.030,46.178,1,-1,-1,-1
686,676,641.314,488.309,20.253,45.576,1,-1,-1,-1
686,677,656.203,488.900,20.193,44.102,1,-1,-1,-1
687,641,659.446,572.262,90.714,148.432,1,-1,-1,-1
687,656,477.320,506.400,39.099,90.798,1,-1,-1,-1
687,659,1214.768,487.505,26.937,71.104,1,-1,-1,-1
687,675,628.916,485.373,22.494,46.760,1,-1,-1,-1
687,677,659.516,485.441,19.896,45.300,1,-1,-1,-1
688,641,671.563,569.222,93.327,148.891,1,-1,-1,-1
688,656,482.417,503.605,38.732,91.116,1,-1,-1,-1
688,659,1222.969,485.582,27.255,72.176,1,-1,-1,-1
688,675,634.597,483.356,22.542,47.400,1,-1,-1,-1
688,677,666.228,484.023,19.914,45.984,1,-1,-1,-1
689,641,683.521,567.449,95.352,150.154,1,-1,-1,-1
689,656,486.988,502.056,38.630,91.546,1,-1,-1,-1
689,659,1230.808,484.513,27.793,73.213,1,-1,-1,-1
689,675,641.402,479.925,22.864,48.490,1,-1,-1,-1
689,677,669.363,481.929,19.357,45.960,1,-1,-1,-1
689,678,681.800,483.300,22.300,47.100,1,-1,-1,-1
690,641,693.452,565.734,98.603,152.183,1,-1,-1,-1
690,656,491.729,499.373,39.064,92.563,1,-1,-1,-1
690,659,1239.754,485.967,27.750,73.233,1,-1,-1,-1
690,675,646.527,477.229,23.744,49.873,1,-1,-1,-1
690,678,678.029,479.073,21.242,48.254,1,-1,-1,-1
691,641,705.224,563.732,100.822,153.556,1,-1,-1,-1
691,656,495.805,498.631,39.790,93.180,1,-1,-1,-1
691,659,1248.841,484.586,27.716,73.129,1,-1,-1,-1
691,675,651.902,476.013,23.908,50.053,1,-1,-1,-1
691,677,676.519,477.530,20.255,47.825,1,-1,-1,-1
692,641,720.373,567.400,100.499,153.373,1,-1,-1,-1
692,656,500.880,497.564,40.146,93.485,1,-1,-1,-1
692,659,1257.308,487.477,28.175,73.964,1,-1,-1,-1
692,675,659.375,475.134,24.218,50.293,1,-1,-1,-1
692,678,674.062,476.569,21.012,48.876,1,-1,-1,-1
692,679,691.300,476.200,20.300,50.100,1,-1,-1,-1
693,641,737.194,571.210,97.704,152.626,1,-1,-1,-1
693,656,505.913,497.038,40.486,93.842,1,-1,-1,-1
693,659,1265.373,489.085,28.565,74.814,1,-1,-1,-1
693,675,664.416,474.345,24.105,50.517,1,-1,-1,-1
693,678,675.930,476.354,21.659,50.073,1,-1,-1,-1
693,679,696.552,476.872,20.394,49.757,1,-1,-1,-1
694,641,761.059,577.960,93.352,151.747,1,-1,-1,-1
694,656,509.820,498.122,40.622,94.280,1,-1,-1,-1
694,659,1273.657,493.739,28.836,74.070,1,-1,-1,-1
694,677,689.167,478.486,20.618,48.936,1,-1,-1,-1
694,678,673.048,476.655,22.903,51.251,1,-1,-1,-1
694,679,700.663,479.460,20.703,49.346,1,-1,-1,-1
695,641,781.189,583.728,89.375,150.936,1,-1,-1,-1
695,656,513.758,499.818,40.352,94.217,1,-1,-1,-1
695,659,1282.393,498.544,28.193,73.667,1,-1,-1,-1
695,675,678.247,477.911,23.866,50.881,1,-1,-1,-1
695,679,709.738,481.408,20.665,51.013,1,-1,-1,-1
696,641,798.479,585.718,87.435,151.377,1,-1,-1,-1
696,656,518.321,498.528,40.991,94.709,1,-1,-1,-1
696,659,1290.723,502.476,27.834,73.006,1,-1,-1,-1
696,675,683.917,478.585,23.770,50.829,1,-1,-1,-1
696,677,701.043,479.308,20.939,50.242,1,-1,-1,-1
696,679,715.917,481.543,20.162,51.076,1,-1,-1,-1
697,641,815.708,585.036,87.151,153.702,1,-1,-1,-1
697,656,522.072,499.795,41.659,95.857,1,-1,-1,-1
697,659,1297.543,505.284,27.682,72.957,1,-1,-1,-1
697,675,689.667,481.112,23.401,50.440,1,-1,-1,-1
697,677,706.125,481.263,21.227,50.518,1,-1,-1,-1
697,679,722.529,482.575,20.455,51.723,1,-1,-1,-1
698,641,831.260,585.122,88.374,154.941,1,-1,-1,-1
698,656,526.332,500.432,42.077,96.076,1,-1,-1,-1
698,659,1307.543,506.939,27.679,72.558,1,-1,-1,-1
698,675,694.825,481.461,23.562,50.819,1,-1,-1,-1
698,677,711.633,481.647,20.844,51.022,1,-1,-1,-1
698,679,727.976,482.282,21.090,53.350,1,-1,-1,-1
699,641,845.560,586.277,90.802,158.328,1,-1,-1,-1
699,656,530.921,500.172,42.654,96.007,1,-1,-1,-1
699,659,1315.383,513.386,27.091,71.742,1,-1,-1,-1
699,675,699.660,481.611,23.340,50.573,1,-1,-1,-1
699,677,717.783,481.651,20.588,50.709,1,-1,-1,-1
699,679,733.525,481.901,20.524,52.733,1,-1,-1,-1
700,641,860.163,586.866,94.538,160.290,1,-1,-1,-1
700,656,535.349,502.319,42.881,96.338,1,-1,-1,-1
700,659,1322.384,515.726,26.965,71.571,1,-1,-1,-1
700,675,706.117,483.140,23.433,50.662,1,-1,-1,-1
700,679,738.184,483.273,19.973,52.955,1,-1,-1,-1
701,641,874.647,592.150,97.276,161.288,1,-1,-1,-1
701,656,539.743,503.070,42.792,96.340,1,-1,-1,-1
701,659,1330.185,520.319,27.527,72.621,1,-1,-1,-1
701,675,713.152,483.579,23.128,51.068,1,-1,-1,-1
701,679,744.253,484.112,19.733,53.293,1,-1,-1,-1
702,641,894.069,597.434,96.713,161.879,1,-1,-1,-1
702,656,544.839,504.146,42.391,96.326,1,-1,-1,-1
702,659,1340.405,522.966,27.782,71.954,1,-1,-1,-1
702,675,721.054,484.805,23.008,51.019,1,-1,-1,-1
702,679,753.592,483.491,20.491,54.387,1,-1,-1,-1
703,641,918.737,603.161,94.017,161.926,1,-1,-1,-1
703,656,549.289,503.169,42.657,96.996,1,-1,-1,-1
703,659,1346.791,526.353,27.883,71.844,1,-1,-1,-1
703,675,725.591,485.242,22.997,51.460,1,-1,-1,-1
703,677,744.916,483.843,20.596,52.351,1,-1,-1,-1
703,679,759.075,482.404,21.142,55.759,1,-1,-1,-1
704,641,941.533,609.763,90.370,161.441,1,-1,-1,-1
704,656,552.109,506.535,42.676,96.886,1,-1,-1,-1
704,659,1354.039,531.693,27.794,70.424,1,-1,-1,-1
704,675,727.679,487.386,23.020,52.515,1,-1,-1,-1
704,677,744.657,486.816,20.772,53.527,1,-1,-1,-1
704,679,762.431,484.508,21.738,57.240,1,-1,-1,-1
705,641,962.936,612.011,87.297,161.679,1,-1,-1,-1
705,656,554.754,507.515,43.024,97.427,1,-1,-1,-1
705,659,1359.981,534.059,27.775,70.049,1,-1,-1,-1
705,675,730.505,487.858,22.883,52.608,1,-1,-1,-1
705,677,750.287,487.389,20.907,53.658,1,-1,-1,-1
705,679,765.667,485.287,21.645,57.226,1,-1,-1,-1
706,641,979.226,615.196,87.577,163.790,1,-1,-1,-1
706,656,558.123,508.954,43.497,97.823,1,-1,-1,-1
706,659,1367.150,539.004,28.065,69.895,1,-1,-1,-1
706,675,742.177,489.232,22.323,52.786,1,-1,-1,-1
706,679,767.939,487.430,20.983,57.017,1,-1,-1,-1
707,641,993.483,613.505,89.503,166.755,1,-1,-1,-1
707,656,559.595,512.633,44.252,97.945,1,-1,-1,-1
707,659,1373.922,536.239,28.183,71.068,1,-1,-1,-1
707,675,742.852,490.267,22.569,53.504,1,-1,-1,-1
707,677,758.652,492.319,21.325,54.333,1,-1,-1,-1
707,679,771.530,488.161,21.128,57.876,1,-1,-1,-1
708,641,1005.842,614.380,94.310,169.768,1,-1,-1,-1
708,656,562.069,515.933,44.943,98.515,1,-1,-1,-1
708,659,1379.702,536.623,28.095,71.826,1,-1,-1,-1
708,675,744.892,492.287,22.766,54.612,1,-1,-1,-1
708,677,764.212,493.155,21.814,55.540,1,-1,-1,-1
708,679,777.637,489.972,21.903,59.596,1,-1,-1,-1
709,641,1021.193,613.416,99.523,173.799,1,-1,-1,-1
709,656,564.000,520.368,45.247,97.660,1,-1,-1,-1
709,659,1387.126,534.411,28.269,71.539,1,-1,-1,-1
709,675,746.991,494.458,22.844,55.455,1,-1,-1,-1
709,677,765.467,494.620,22.201,55.908,1,-1,-1,-1
709,679,781.729,491.883,22.404,60.733,1,-1,-1,-1
710,641,1036.349,621.051,104.552,177.452,1,-1,-1,-1
710,656,566.487,525.350,45.719,98.234,1,-1,-1,-1
710,659,1393.213,542.173,28.426,71.808,1,-1,-1,-1
710,675,750.801,500.583,23.441,54.858,1,-1,-1,-1
710,677,770.667,502.302,22.278,55.788,1,-1,-1,-1
710,679,785.704,499.294,22.432,59.578,1,-1,-1,-1
711,641,1052.003,622.046,109.012,177.902,1,-1,-1,-1
711,656,567.909,528.928,46.006,98.833,1,-1,-1,-1
711,659,1398.789,539.085,28.453,71.325,1,-1,-1,-1
711,675,753.477,502.836,23.958,54.443,1,-1,-1,-1
711,677,771.384,503.414,22.153,55.534,1,-1,-1,-1
711,679,788.423,501.568,22.483,59.177,1,-1,-1,-1
712,641,1070.151,630.914,110.860,177.290,1,-1,-1,-1
712,656,570.586,532.777,46.243,99.512,1,-1,-1,-1
712,659,1407.038,539.295,28.063,71.845,1,-1,-1,-1
712,675,756.956,505.749,24.207,54.983,1,-1,-1,-1
712,677,778.024,506.758,21.486,55.501,1,-1,-1,-1
712,679,792.409,505.816,22.281,58.869,1,-1,-1,-1
713,641,1092.632,633.584,108.917,175.900,1,-1,-1,-1
713,656,572.137,533.905,46.476,100.633,1,-1,-1,-1
713,659,1413.728,535.155,28.355,70.845,1,-1,-1,-1
713,675,758.039,504.837,24.604,55.013,1,-1,-1,-1
713,677,780.878,506.176,21.580,55.554,1,-1,-1,-1
713,679,794.482,505.167,22.721,58.881,1,-1,-1,-1
714,641,1117.875,637.678,106.288,176.571,1,-1,-1,-1
714,656,574.451,542.392,46.030,101.325,1,-1,-1,-1
714,659,1421.205,531.788,28.563,70.706,1,-1,-1,-1
714,675,761.782,509.122,24.332,55.465,1,-1,-1,-1
714,679,796.772,509.034,22.580,59.227,1,-1,-1,-1
715,641,1138.776,640.135,104.809,178.920,1,-1,-1,-1
715,656,576.080,544.560,45.980,102.042,1,-1,-1,-1
715,659,1427.781,531.606,28.854,70.892,1,-1,-1,-1
715,675,765.979,510.546,24.409,55.554,1,-1,-1,-1
715,677,784.047,510.768,21.637,55.991,1,-1,-1,-1
715,679,800.482,510.153,22.304,59.662,1,-1,-1,-1
715,680,1354.700,521.500,27.000,64.800,1,-1,-1,-1
716,641,1157.269,637.708,104.148,182.525,1,-1,-1,-1
716,656,577.048,546.183,46.497,102.955,1,-1,-1,-1
716,659,1433.826,527.751,28.966,71.838,1,-1,-1,-1
716,675,768.498,510.764,24.532,56.129,1,-1,-1,-1
716,679,803.220,509.902,22.197,60.389,1,-1,-1,-1
716,680,1362.418,521.451,24.463,60.599,1,-1,-1,-1
717,641,1174.786,634.236,103.786,186.502,1,-1,-1,-1
717,656,577.893,546.987,46.983,103.866,1,-1,-1,-1
717,659,1438.876,527.368,29.234,72.299,1,-1,-1,-1
717,675,771.129,511.568,25.007,56.240,1,-1,-1,-1
717,679,807.163,510.237,22.544,60.919,1,-1,-1,-1
717,680,1367.239,524.204,24.051,61.239,1,-1,-1,-1
718,641,1194.943,631.353,105.485,190.303,1,-1,-1,-1
718,656,578.911,549.395,47.944,104.865,1,-1,-1,-1
718,659,1445.153,526.098,29.622,72.754,1,-1,-1,-1
718,675,774.703,512.926,24.737,56.693,1,-1,-1,-1
718,677,792.983,513.389,21.175,58.204,1,-1,-1,-1
718,679,809.741,510.939,23.051,61.357,1,-1,-1,-1
718,680,1374.665,523.657,24.583,61.578,1,-1,-1,-1
719,641,1210.163,632.729,109.456,194.743,1,-1,-1,-1
719,656,579.947,548.569,48.730,106.081,1,-1,-1,-1
719,659,1451.299,531.809,29.431,72.091,1,-1,-1,-1
719,675,778.128,512.719,24.619,56.845,1,-1,-1,-1
719,679,813.969,510.582,23.209,61.417,1,-1,-1,-1
719,680,1379.818,528.321,25.096,61.836,1,-1,-1,-1
720,641,1227.854,636.440,111.863,195.252,1,-1,-1,-1
720,656,580.342,551.377,49.643,107.781,1,-1,-1,-1
720,659,1457.939,530.481,29.762,72.483,1,-1,-1,-1
720,675,780.144,514.869,24.388,56.859,1,-1,-1,-1
720,677,802.301,515.089,22.109,58.838,1,-1,-1,-1
720,679,816.330,512.152,23.325,61.653,1,-1,-1,-1
720,680,1384.515,526.110,26.281,63.454,1,-1,-1,-1
720,681,1422.800,529.200,23.700,55.400,1,-1,-1,-1
720,682,1409.000,525.900,24.400,60.400,1,-1,-1,-1
721,641,1248.404,642.169,114.148,196.700,1,-1,-1,-1
721,656,581.641,552.230,50.016,108.504,1,-1,-1,-1
721,659,1464.903,531.082,29.959,73.527,1,-1,-1,-1
721,675,782.737,515.749,24.775,57.826,1,-1,-1,-1
721,679,818.373,512.445,23.820,62.513,1,-1,-1,-1
721,680,1389.958,527.125,26.354,63.944,1,-1,-1,-1
722,641,1272.858,651.008,113.086,195.761,1,-1,-1,-1
722,656,583.533,553.414,50.148,109.125,1,-1,-1,-1
722,659,1470.546,530.681,30.574,74.699,1,-1,-1,-1
722,675,785.256,516.388,25.076,58.407,1,-1,-1,-1
722,679,821.436,512.466,24.083,62.924,1,-1,-1,-1
722,680,1396.084,528.053,26.454,63.618,1,-1,-1,-1
723,641,1302.736,662.756,108.987,195.134,1,-1,-1,-1
723,656,585.657,552.815,50.050,109.808,1,-1,-1,-1
723,659,1476.452,533.258,30.869,74.424,1,-1,-1,-1
723,675,788.678,515.435,24.923,58.644,1,-1,-1,-1
723,677,811.049,514.806,22.424,59.038,1,-1,-1,-1
723,679,825.053,512.980,24.062,62.501,1,-1,-1,-1
723,680,1401.589,529.719,26.700,63.470,1,-1,-1,-1
724,641,1335.440,670.827,105.226,195.462,1,-1,-1,-1
724,656,587.532,558.613,49.817,110.939,1,-1,-1,-1
724,659,1482.178,538.693,30.559,74.191,1,-1,-1,-1
724,675,790.769,521.062,25.143,58.559,1,-1,-1,-1
724,677,813.675,520.964,22.828,59.433,1,-1,-1,-1
724,679,828.964,518.997,24.421,62.828,1,-1,-1,-1
724,680,1406.813,535.532,27.319,64.025,1,-1,-1,-1
725,641,1364.047,673.277,103.849,197.713,1,-1,-1,-1
725,656,589.094,560.570,49.976,112.038,1,-1,-1,-1
725,659,1490.643,540.110,30.418,74.560,1,-1,-1,-1
725,675,797.086,523.525,24.990,58.112,1,-1,-1,-1
725,679,832.600,520.991,24.650,63.048,1,-1,-1,-1
725,680,1411.996,537.595,27.417,63.602,1,-1,-1,-1
725,683,1441.400,538.800,24.500,58.700,1,-1,-1,-1
725,684,1428.200,534.400,25.000,64.000,1,-1,-1,-1
726,641,1384.466,678.403,107.313,202.290,1,-1,-1,-1
726,656,591.372,560.301,50.118,113.084,1,-1,-1,-1
726,659,1498.129,543.354,30.655,75.619,1,-1,-1,-1
726,675,800.106,523.522,25.550,57.953,1,-1,-1,-1
726,679,836.597,521.084,24.878,63.631,1,-1,-1,-1
726,680,1419.086,540.871,28.162,64.753,1,-1,-1,-1
727,641,1401.765,679.631,111.830,203.930,1,-1,-1,-1
727,656,591.908,565.052,50.755,114.789,1,-1,-1,-1
727,659,1503.781,543.433,30.626,75.965,1,-1,-1,-1
727,675,801.112,527.622,26.786,58.864,1,-1,-1,-1
727,679,839.054,525.525,25.518,64.011,1,-1,-1,-1
727,680,1423.189,542.133,27.880,64.019,1,-1,-1,-1
728,641,1418.995,687.256,117.392,204.693,1,-1,-1,-1
728,656,593.586,565.092,51.241,116.265,1,-1,-1,-1
728,659,1511.914,551.250,30.600,75.914,1,-1,-1,-1
728,675,806.143,528.811,26.804,58.861,1,-1,-1,-1
728,677,826.387,528.331,24.091,60.019,1,-1,-1,-1
728,679,842.895,527.541,25.776,63.579,1,-1,-1,-1
728,680,1429.392,548.478,27.879,63.106,1,-1,-1,-1
729,641,1441.363,686.671,127.988,215.954,1,-1,-1,-1
729,656,594.338,563.607,51.521,118.163,1,-1,-1,-1
729,659,1518.731,552.988,30.527,76.037,1,-1,-1,-1
729,675,809.267,528.018,26.765,59.212,1,-1,-1,-1
729,679,845.919,526.722,25.637,64.243,1,-1,-1,-1
729,680,1435.015,547.930,28.016,63.845,1,-1,-1,-1
730,641,1464.012,691.747,135.135,224.992,1,-1,-1,-1
730,656,595.668,564.507,51.697,120.055,1,-1,-1,-1
730,659,1526.496,555.472,30.926,77.148,1,-1,-1,-1
730,675,811.989,529.751,27.236,59.418,1,-1,-1,-1
730,679,849.759,528.803,25.774,63.906,1,-1,-1,-1
730,680,1440.986,550.444,28.321,64.513,1,-1,-1,-1
731,641,1484.530,696.816,140.325,228.802,1,-1,-1,-1
731,656,597.067,564.236,51.810,121.144,1,-1,-1,-1
731,659,1532.150,557.589,31.289,77.453,1,-1,-1,-1
731,675,815.000,530.208,27.212,59.343,1,-1,-1,-1
731,679,853.162,529.447,25.877,64.224,1,-1,-1,-1
731,680,1447.021,553.471,28.101,64.794,1,-1,-1,-1
732,641,1510.383,704.425,141.148,228.981,1,-1,-1,-1
732,656,598.602,564.444,51.942,121.914,1,-1,-1,-1
732,659,1537.977,557.629,31.909,77.076,1,-1,-1,-1
732,675,816.500,529.768,27.309,59.598,1,-1,-1,-1
732,677,842.962,532.275,24.338,59.901,1,-1,-1,-1
732,679,856.454,528.589,25.924,64.614,1,-1,-1,-1
732,680,1452.702,553.303,28.040,64.607,1,-1,-1,-1
733,641,1543.748,707.779,137.494,228.807,1,-1,-1,-1
733,656,600.090,564.752,52.349,123.391,1,-1,-1,-1
733,659,1544.658,556.928,31.836,76.611,1,-1,-1,-1
733,675,820.984,529.305,27.066,59.351,1,-1,-1,-1
733,677,840.590,529.838,24.195,59.880,1,-1,-1,-1
733,679,860.062,527.021,25.952,64.668,1,-1,-1,-1
733,680,1458.572,553.131,28.115,65.255,1,-1,-1,-1
734,641,1579.562,717.213,133.233,228.583,1,-1,-1,-1
734,656,601.942,561.945,52.228,124.592,1,-1,-1,-1
734,659,1550.982,559.202,32.280,76.927,1,-1,-1,-1
734,675,826.120,527.048,26.749,59.161,1,-1,-1,-1
734,679,863.829,524.867,26.222,64.718,1,-1,-1,-1
734,680,1464.380,554.129,28.050,65.861,1,-1,-1,-1
734,685,1522.500,562.200,24.700,63.500,1,-1,-1,-1
735,641,1608.515,715.352,132.972,231.054,1,-1,-1,-1
735,656,603.350,563.513,52.157,124.770,1,-1,-1,-1
735,659,1555.433,555.776,32.935,78.733,1,-1,-1,-1
735,675,828.458,526.435,26.802,59.584,1,-1,-1,-1
735,679,865.697,524.146,26.651,65.395,1,-1,-1,-1
735,680,1468.283,550.517,28.356,67.129,1,-1,-1,-1
736,641,1635.438,715.425,135.582,233.928,1,-1,-1,-1
736,656,605.454,562.140,52.268,125.093,1,-1,-1,-1
736,659,1561.158,555.483,33.363,79.530,1,-1,-1,-1
736,675,830.174,524.296,27.094,60.246,1,-1,-1,-1
736,679,868.984,521.906,26.713,66.204,1,-1,-1,-1
736,680,1472.823,549.758,28.577,67.658,1,-1,-1,-1
737,641,1660.654,710.512,137.083,239.807,1,-1,-1,-1
737,656,606.187,561.887,52.459,125.575,1,-1,-1,-1
737,659,1567.197,553.891,33.724,79.713,1,-1,-1,-1
737,675,832.278,522.145,27.086,60.918,1,-1,-1,-1
737,679,870.624,520.283,26.639,66.642,1,-1,-1,-1
737,680,1476.862,548.080,28.821,68.129,1,-1,-1,-1
738,641,1690.250,714.929,138.735,245.308,1,-1,-1,-1
738,656,606.806,563.264,52.844,126.068,1,-1,-1,-1
738,659,1573.328,556.630,33.792,79.362,1,-1,-1,-1
738,675,835.290,522.872,26.821,61.066,1,-1,-1,-1
738,679,872.635,521.782,26.748,66.863,1,-1,-1,-1
738,680,1482.095,548.997,28.932,69.185,1,-1,-1,-1
739,641,1721.563,720.042,139.734,249.511,1,-1,-1,-1
739,656,606.679,565.140,53.343,126.483,1,-1,-1,-1
739,659,1578.429,557.142,34.312,79.766,1,-1,-1,-1
739,675,836.734,522.675,27.089,62.116,1,-1,-1,-1
739,679,874.659,521.932,26.863,67.630,1,-1,-1,-1
739,680,1486.895,548.769,29.588,70.933,1,-1,-1,-1
739,686,860.200,522.300,23.200,65.700,1,-1,-1,-1
740,641,1752.040,726.246,142.122,252.078,1,-1,-1,-1
740,656,606.416,566.192,53.991,127.846,1,-1,-1,-1
740,659,1583.905,557.757,34.588,80.707,1,-1,-1,-1
740,675,839.029,523.463,27.154,62.009,1,-1,-1,-1
740,679,875.850,522.679,26.771,67.949,1,-1,-1,-1
740,680,1490.339,550.326,29.831,71.775,1,-1,-1,-1
740,686,857.279,524.470,23.543,63.161,1,-1,-1,-1
740,687,1478.200,548.400,24.700,65.300,1,-1,-1,-1
741,641,1780.783,736.128,141.239,253.027,1,-1,-1,-1
741,656,606.904,568.127,54.012,128.280,1,-1,-1,-1
741,659,1588.172,558.829,35.321,82.130,1,-1,-1,-1
741,675,839.886,524.950,27.144,61.533,1,-1,-1,-1
741,679,877.573,523.821,27.066,68.348,1,-1,-1,-1
741,680,1493.995,551.266,29.776,71.395,1,-1,-1,-1
741,686,861.046,526.471,23.684,62.652,1,-1,-1,-1
742,641,1813.865,748.161,127.141,258.034,1,-1,-1,-1
742,656,607.050,569.287,53.947,129.078,1,-1,-1,-1
742,659,1592.707,562.184,36.089,82.712,1,-1,-1,-1
742,675,843.060,527.382,27.330,61.444,1,-1,-1,-1
742,679,879.064,526.195,27.079,67.914,1,-1,-1,-1
742,680,1497.791,552.460,29.762,71.141,1,-1,-1,-1
742,686,859.965,526.975,24.036,65.184,1,-1,-1,-1
743,656,607.029,570.747,53.733,129.866,1,-1,-1,-1
743,659,1597.064,563.738,36.591,82.949,1,-1,-1,-1
743,675,844.710,528.711,27.635,61.808,1,-1,-1,-1
743,679,880.994,528.227,26.919,67.537,1,-1,-1,-1
743,680,1500.799,553.750,29.691,71.001,1,-1,-1,-1
744,656,606.584,571.560,53.799,130.996,1,-1,-1,-1
744,659,1601.219,565.643,36.350,82.934,1,-1,-1,-1
744,675,844.950,528.909,27.888,62.320,1,-1,-1,-1
744,679,882.116,528.875,26.688,67.199,1,-1,-1,-1
744,680,1503.480,555.767,29.728,71.158,1,-1,-1,-1
745,656,605.278,572.648,54.073,132.648,1,-1,-1,-1
745,659,1606.183,565.674,36.094,83.374,1,-1,-1,-1
745,675,843.896,529.176,27.947,63.460,1,-1,-1,-1
745,679,882.827,529.587,26.518,67.002,1,-1,-1,-1
745,680,1506.078,554.953,30.129,71.626,1,-1,-1,-1
746,656,603.183,572.814,54.449,134.919,1,-1,-1,-1
746,659,1610.084,568.187,36.096,83.543,1,-1,-1,-1
746,675,843.560,529.343,28.014,64.437,1,-1,-1,-1
746,679,883.365,530.412,26.282,66.877,1,-1,-1,-1
746,680,1509.976,557.820,30.107,72.109,1,-1,-1,-1
747,656,601.436,573.937,54.886,137.159,1,-1,-1,-1
747,659,1614.715,568.645,36.289,83.531,1,-1,-1,-1
747,675,842.988,529.982,28.271,64.590,1,-1,-1,-1
747,679,883.464,530.889,25.996,66.257,1,-1,-1,-1
747,680,1513.207,557.293,30.619,73.297,1,-1,-1,-1
747,688,857.700,528.400,25.000,64.000,1,-1,-1,-1
748,656,600.557,573.721,55.195,138.870,1,-1,-1,-1
748,659,1619.582,567.818,36.318,83.546,1,-1,-1,-1
748,675,843.571,529.873,28.347,64.720,1,-1,-1,-1
748,679,884.082,530.898,25.897,66.186,1,-1,-1,-1
748,680,1516.366,556.354,30.778,73.911,1,-1,-1,-1
749,656,599.483,574.244,55.468,140.174,1,-1,-1,-1
749,659,1625.764,568.664,36.448,83.500,1,-1,-1,-1
749,675,845.562,530.462,28.316,64.054,1,-1,-1,-1
749,679,884.946,531.088,25.850,65.937,1,-1,-1,-1
749,680,1518.994,556.711,30.514,73.893,1,-1,-1,-1
749,689,871.400,534.500,24.600,60.000,1,-1,-1,-1
750,656,598.263,575.003,55.814,142.134,1,-1,-1,-1
750,659,1630.717,568.835,36.352,83.842,1,-1,-1,-1
750,675,846.652,530.418,28.180,63.710,1,-1,-1,-1
750,679,885.205,530.926,25.789,65.946,1,-1,-1,-1
750,680,1522.450,555.717,30.712,73.733,1,-1,-1,-1
750,689,869.808,534.181,25.183,61.337,1,-1,-1,-1
