1,1,915.100,481.500,94.700,113.500,1,-1,-1,-1
1,2,836.700,472.800,53.500,76.200,1,-1,-1,-1
1,3,376.000,446.600,42.700,104.800,1,-1,-1,-1
1,4,442.400,448.300,109.100,275.400,1,-1,-1,-1
1,5,586.400,445.000,87.800,265.600,1,-1,-1,-1
1,6,1340.100,415.100,166.400,376.900,1,-1,-1,-1
1,7,796.500,474.900,54.900,61.600,1,-1,-1,-1
1,8,1090.500,481.400,34.800,118.800,1,-1,-1,-1
1,9,1055.100,485.200,38.400,107.900,1,-1,-1,-1
1,10,1256.800,449.200,34.100,99.500,1,-1,-1,-1
1,11,1014.400,431.100,44.400,122.400,1,-1,-1,-1
1,12,1099.000,437.300,42.400,111.000,1,-1,-1,-1
2,1,915.647,481.584,93.806,113.231,1,-1,-1,-1
2,2,837.119,472.616,53.262,76.367,1,-1,-1,-1
2,3,375.638,446.209,43.225,105.682,1,-1,-1,-1
2,4,442.883,447.391,109.434,275.317,1,-1,-1,-1
2,5,586.962,445.529,86.475,264.742,1,-1,-1,-1
2,6,1343.811,415.367,168.777,385.166,1,-1,-1,-1
2,7,796.246,475.261,54.908,61.877,1,-1,-1,-1
2,8,1090.415,481.950,34.571,117.800,1,-1,-1,-1
2,9,1055.008,485.076,38.383,107.748,1,-1,-1,-1
2,10,1256.951,448.645,34.298,100.709,1,-1,-1,-1
2,11,1014.359,430.614,43.883,121.473,1,-1,-1,-1
2,12,1099.422,437.841,41.856,109.318,1,-1,-1,-1
3,1,916.133,481.566,93.598,113.263,1,-1,-1,-1
3,2,836.646,472.861,53.208,76.714,1,-1,-1,-1
3,3,375.543,446.603,42.649,104.805,1,-1,-1,-1
3,4,441.464,447.716,110.185,275.779,1,-1,-1,-1
3,5,586.607,443.584,86.799,267.513,1,-1,-1,-1
3,6,1347.616,415.171,171.156,384.852,1,-1,-1,-1
3,7,796.291,474.828,55.824,62.709,1,-1,-1,-1
3,8,1090.273,482.150,34.737,117.971,1,-1,-1,-1
3,9,1054.799,484.160,38.885,108.710,1,-1,-1,-1
3,10,1256.641,448.981,34.195,100.892,1,-1,-1,-1
3,11,1015.439,430.200,43.287,119.647,1,-1,-1,-1
3,12,1099.129,438.884,41.706,109.266,1,-1,-1,-1
4,1,915.884,481.756,93.973,113.477,1,-1,-1,-1
4,2,836.717,472.702,53.043,76.760,1,-1,-1,-1
4,3,375.940,447.330,41.895,103.927,1,-1,-1,-1
4,4,440.616,447.626,111.054,277.558,1,-1,-1,-1
4,5,587.732,445.494,86.093,264.932,1,-1,-1,-1
4,6,1348.690,413.545,174.775,386.665,1,-1,-1,-1
4,7,796.698,474.793,55.879,62.748,1,-1,-1,-1
4,8,1090.274,482.504,34.638,117.700,1,-1,-1,-1
4,9,1054.338,484.367,38.894,108.745,1,-1,-1,-1
4,10,1256.973,448.951,34.152,101.439,1,-1,-1,-1
4,11,1014.896,430.683,43.309,118.511,1,-1,-1,-1
4,12,1099.043,439.547,40.894,107.724,1,-1,-1,-1
5,1,915.252,482.064,94.949,113.637,1,-1,-1,-1
5,2,836.755,472.645,52.908,76.784,1,-1,-1,-1
5,3,376.058,447.499,41.534,103.581,1,-1,-1,-1
5,4,442.059,446.959,112.539,278.732,1,-1,-1,-1
5,5,588.094,445.589,85.695,264.538,1,-1,-1,-1
5,6,1356.008,410.716,175.863,387.548,1,-1,-1,-1
5,7,796.825,474.707,55.897,62.907,1,-1,-1,-1
5,8,1090.398,482.652,34.450,117.342,1,-1,-1,-1
5,9,1054.130,484.605,38.999,108.642,1,-1,-1,-1
5,10,1257.279,448.599,34.262,102.008,1,-1,-1,-1
5,11,1014.247,430.653,43.674,118.379,1,-1,-1,-1
5,12,1099.279,439.261,40.426,107.172,1,-1,-1,-1
6,1,914.832,482.743,95.322,113.092,1,-1,-1,-1
6,2,836.324,472.901,53.025,76.682,1,-1,-1,-1
6,3,376.152,447.603,41.543,104.097,1,-1,-1,-1
6,4,442.240,444.776,115.389,284.114,1,-1,-1,-1
6,5,587.239,444.588,86.589,266.322,1,-1,-1,-1
6,6,1360.502,409.216,174.992,388.009,1,-1,-1,-1
6,7,796.651,474.830,56.147,62.581,1,-1,-1,-1
6,8,1090.690,482.727,34.407,117.376,1,-1,-1,-1
6,9,1055.082,485.185,38.872,108.564,1,-1,-1,-1
6,10,1257.338,447.710,34.284,102.463,1,-1,-1,-1
6,11,1014.402,431.030,43.527,117.622,1,-1,-1,-1
6,12,1099.724,439.081,40.531,107.612,1,-1,-1,-1
7,1,914.378,482.421,95.717,113.127,1,-1,-1,-1
7,2,836.318,472.634,53.161,77.061,1,-1,-1,-1
7,3,376.029,447.838,41.722,104.146,1,-1,-1,-1
7,4,441.116,444.265,118.588,287.728,1,-1,-1,-1
7,5,586.532,446.531,86.497,264.217,1,-1,-1,-1
7,6,1368.115,411.426,171.401,384.189,1,-1,-1,-1
7,7,796.318,475.044,55.825,62.268,1,-1,-1,-1
7,8,1090.737,482.638,34.423,117.460,1,-1,-1,-1
7,9,1054.341,485.162,38.885,108.392,1,-1,-1,-1
7,10,1256.770,447.253,34.309,102.284,1,-1,-1,-1
7,11,1013.798,432.225,42.730,116.697,1,-1,-1,-1
7,12,1099.968,439.136,40.820,107.314,1,-1,-1,-1
7,13,1485.700,428.400,138.800,344.700,1,-1,-1,-1
8,1,914.265,482.274,95.976,113.325,1,-1,-1,-1
8,2,836.520,472.565,53.095,76.930,1,-1,-1,-1
8,3,375.770,447.287,41.942,104.437,1,-1,-1,-1
8,4,440.556,443.818,121.227,289.767,1,-1,-1,-1
8,5,585.903,445.741,86.809,265.859,1,-1,-1,-1
8,6,1381.043,413.706,165.665,382.647,1,-1,-1,-1
8,7,796.392,475.137,56.014,62.540,1,-1,-1,-1
8,8,1091.004,482.384,34.272,117.646,1,-1,-1,-1
8,9,1054.192,485.481,38.875,108.432,1,-1,-1,-1
8,10,1256.799,447.510,34.343,101.954,1,-1,-1,-1
8,11,1013.685,433.574,41.992,115.024,1,-1,-1,-1
8,12,1100.147,438.672,41.014,106.990,1,-1,-1,-1
8,13,1483.276,417.981,145.948,364.938,1,-1,-1,-1
9,1,914.260,482.290,96.076,113.314,1,-1,-1,-1
9,2,836.376,472.599,53.309,76.966,1,-1,-1,-1
9,3,375.559,446.962,41.920,104.645,1,-1,-1,-1
9,4,441.715,443.632,123.302,289.813,1,-1,-1,-1
9,5,584.947,444.541,87.502,267.920,1,-1,-1,-1
9,6,1391.478,414.021,158.666,383.292,1,-1,-1,-1
9,7,796.161,475.212,56.319,62.688,1,-1,-1,-1
9,8,1091.096,482.154,34.082,117.503,1,-1,-1,-1
9,9,1054.230,486.736,38.627,107.596,1,-1,-1,-1
9,10,1256.807,447.188,34.568,102.130,1,-1,-1,-1
9,11,1013.402,433.924,41.896,115.316,1,-1,-1,-1
9,12,1099.860,438.775,41.300,107.231,1,-1,-1,-1
9,13,1500.637,414.980,146.466,368.175,1,-1,-1,-1
9,14,418.500,460.800,40.800,86.500,1,-1,-1,-1
10,1,914.459,482.186,95.919,112.978,1,-1,-1,-1
10,2,836.021,472.631,53.458,77.009,1,-1,-1,-1
10,3,375.504,446.797,41.807,104.808,1,-1,-1,-1
10,4,441.689,442.576,125.637,289.927,1,-1,-1,-1
10,5,585.580,443.567,87.775,269.257,1,-1,-1,-1
10,6,1407.085,415.560,147.990,382.330,1,-1,-1,-1
10,7,796.262,475.047,56.596,62.851,1,-1,-1,-1
10,8,1091.203,481.847,33.928,117.488,1,-1,-1,-1
10,9,1054.711,486.336,38.630,107.839,1,-1,-1,-1
10,10,1256.698,446.877,34.671,102.048,1,-1,-1,-1
10,11,1013.730,434.011,41.772,114.280,1,-1,-1,-1
10,12,1099.602,438.788,41.567,107.445,1,-1,-1,-1
10,13,1507.457,415.262,148.586,367.730,1,-1,-1,-1
10,14,418.767,461.290,41.167,88.520,1,-1,-1,-1
10,15,1378.600,436.900,66.400,129.900,1,-1,-1,-1
11,1,914.349,482.122,96.367,112.965,1,-1,-1,-1
11,2,835.866,472.606,53.565,77.095,1,-1,-1,-1
11,3,375.989,447.069,41.703,104.605,1,-1,-1,-1
11,4,441.754,442.881,127.010,289.557,1,-1,-1,-1
11,5,586.024,443.935,87.337,269.767,1,-1,-1,-1
11,6,1419.097,413.724,141.704,380.604,1,-1,-1,-1
11,7,796.096,475.277,56.696,62.863,1,-1,-1,-1
11,8,1090.819,483.112,33.973,117.285,1,-1,-1,-1
11,9,1054.762,486.902,38.148,107.087,1,-1,-1,-1
11,10,1256.908,446.691,34.744,102.038,1,-1,-1,-1
11,11,1014.135,433.898,41.925,114.316,1,-1,-1,-1
11,12,1099.504,438.594,41.601,107.724,1,-1,-1,-1
11,13,1522.038,417.497,148.900,363.758,1,-1,-1,-1
11,14,417.092,460.392,39.676,85.787,1,-1,-1,-1
11,15,1381.102,437.519,63.395,128.263,1,-1,-1,-1
12,1,914.284,482.414,95.581,112.594,1,-1,-1,-1
12,2,835.979,472.338,53.339,77.042,1,-1,-1,-1
12,3,375.755,447.149,42.099,104.771,1,-1,-1,-1
12,4,440.959,442.316,127.945,290.022,1,-1,-1,-1
12,5,586.526,442.910,86.306,268.066,1,-1,-1,-1
12,6,1431.198,414.291,137.978,382.348,1,-1,-1,-1
12,7,796.037,475.128,56.454,62.930,1,-1,-1,-1
12,8,1090.324,483.282,34.023,117.410,1,-1,-1,-1
12,9,1055.076,486.501,38.184,107.347,1,-1,-1,-1
12,10,1256.880,447.153,34.716,101.788,1,-1,-1,-1
12,11,1014.097,434.638,41.840,114.167,1,-1,-1,-1
12,12,1099.430,438.453,41.418,107.702,1,-1,-1,-1
12,13,1531.037,421.142,146.931,360.290,1,-1,-1,-1
12,14,416.755,458.254,40.570,86.561,1,-1,-1,-1
12,15,1383.376,438.543,60.753,124.967,1,-1,-1,-1
13,1,914.529,482.587,95.415,112.392,1,-1,-1,-1
13,2,836.037,472.156,53.432,77.317,1,-1,-1,-1
13,3,376.268,447.430,42.312,104.328,1,-1,-1,-1
13,4,441.734,442.184,129.407,289.955,1,-1,-1,-1
13,5,586.944,442.329,86.528,270.483,1,-1,-1,-1
13,6,1442.557,411.845,135.588,383.416,1,-1,-1,-1
13,7,795.913,475.148,56.365,62.933,1,-1,-1,-1
13,8,1090.353,483.789,34.080,117.292,1,-1,-1,-1
13,9,1054.805,486.155,38.109,107.425,1,-1,-1,-1
13,10,1257.088,447.269,34.732,101.687,1,-1,-1,-1
13,11,1014.036,434.790,41.847,113.428,1,-1,-1,-1
13,12,1099.596,438.155,41.029,107.990,1,-1,-1,-1
13,13,1540.208,425.813,146.782,362.084,1,-1,-1,-1
13,14,416.111,458.768,39.856,86.159,1,-1,-1,-1
13,15,1387.101,438.387,61.217,125.745,1,-1,-1,-1
14,1,914.683,482.453,95.232,112.180,1,-1,-1,-1
14,2,836.247,472.188,53.427,77.154,1,-1,-1,-1
14,3,375.865,447.189,42.589,104.520,1,-1,-1,-1
14,4,441.882,443.539,129.716,289.231,1,-1,-1,-1
14,5,586.497,443.238,87.093,270.204,1,-1,-1,-1
14,6,1448.109,406.635,139.022,390.429,1,-1,-1,-1
14,7,796.166,475.126,56.196,62.856,1,-1,-1,-1
14,8,1090.424,484.237,34.116,117.052,1,-1,-1,-1
14,9,1055.167,486.086,38.084,107.988,1,-1,-1,-1
14,10,1256.956,447.262,34.758,101.955,1,-1,-1,-1
14,11,1013.266,435.466,41.763,113.297,1,-1,-1,-1
14,12,1099.723,438.974,40.755,108.227,1,-1,-1,-1
14,13,1547.157,418.841,148.386,369.326,1,-1,-1,-1
14,14,416.588,458.135,39.848,86.123,1,-1,-1,-1
14,15,1391.019,438.020,61.486,127.336,1,-1,-1,-1
15,1,914.234,482.909,95.982,111.946,1,-1,-1,-1
15,2,836.481,472.400,53.251,77.157,1,-1,-1,-1
15,3,375.516,446.597,42.689,105.128,1,-1,-1,-1
15,4,442.314,443.046,130.205,289.829,1,-1,-1,-1
15,5,586.917,442.899,87.383,270.997,1,-1,-1,-1
15,6,1455.304,406.462,145.516,393.024,1,-1,-1,-1
15,7,795.988,475.454,56.150,62.349,1,-1,-1,-1
15,8,1090.343,483.760,34.085,116.920,1,-1,-1,-1
15,9,1055.695,486.128,37.818,108.387,1,-1,-1,-1
15,10,1256.951,447.277,34.610,101.895,1,-1,-1,-1
15,11,1013.728,435.277,42.025,113.931,1,-1,-1,-1
15,12,1100.012,438.902,40.632,108.022,1,-1,-1,-1
15,13,1557.171,415.630,150.944,376.319,1,-1,-1,-1
15,14,417.446,457.680,39.739,85.542,1,-1,-1,-1
15,15,1396.163,437.532,61.353,128.361,1,-1,-1,-1
16,1,914.253,483.145,96.286,111.858,1,-1,-1,-1
16,2,836.481,472.151,53.166,77.290,1,-1,-1,-1
16,3,375.423,446.322,42.715,105.394,1,-1,-1,-1
16,4,443.304,443.242,128.282,289.144,1,-1,-1,-1
16,5,587.444,442.347,87.873,272.009,1,-1,-1,-1
16,6,1463.327,408.039,155.625,397.601,1,-1,-1,-1
16,7,795.543,475.334,56.163,62.117,1,-1,-1,-1
16,8,1090.318,483.792,34.065,116.832,1,-1,-1,-1
16,9,1055.991,486.553,37.193,107.714,1,-1,-1,-1
16,10,1257.257,446.954,34.529,101.743,1,-1,-1,-1
16,11,1013.427,435.442,42.295,114.810,1,-1,-1,-1
16,12,1100.329,438.351,40.432,108.000,1,-1,-1,-1
16,13,1565.252,418.672,153.399,381.448,1,-1,-1,-1
16,14,417.364,458.204,40.157,85.310,1,-1,-1,-1
16,15,1400.605,439.583,59.689,126.126,1,-1,-1,-1
17,1,914.272,483.478,95.917,111.597,1,-1,-1,-1
17,2,836.517,472.194,53.129,77.331,1,-1,-1,-1
17,3,375.007,446.625,42.961,105.342,1,-1,-1,-1
17,4,444.740,442.874,127.681,289.760,1,-1,-1,-1
17,5,587.433,441.544,88.341,272.919,1,-1,-1,-1
17,6,1467.778,409.879,169.765,404.153,1,-1,-1,-1
17,7,795.716,475.492,56.210,62.014,1,-1,-1,-1
17,8,1090.336,483.954,34.003,117.084,1,-1,-1,-1
17,9,1055.750,486.683,37.001,107.512,1,-1,-1,-1
17,10,1257.256,447.258,34.598,101.826,1,-1,-1,-1
17,11,1013.498,436.002,42.497,114.991,1,-1,-1,-1
17,12,1100.237,438.289,39.991,107.964,1,-1,-1,-1
17,14,417.598,458.491,41.034,85.578,1,-1,-1,-1
17,15,1404.619,439.254,59.078,126.521,1,-1,-1,-1
18,1,914.415,483.523,95.574,111.523,1,-1,-1,-1
18,2,836.624,472.213,53.125,77.274,1,-1,-1,-1
18,3,374.721,446.473,43.120,105.591,1,-1,-1,-1
18,4,445.770,442.298,127.348,290.396,1,-1,-1,-1
18,5,587.557,441.354,89.040,273.955,1,-1,-1,-1
18,6,1473.172,413.072,185.211,407.983,1,-1,-1,-1
18,7,795.722,475.409,56.351,61.800,1,-1,-1,-1
18,8,1090.343,484.014,34.049,117.306,1,-1,-1,-1
18,9,1055.883,486.235,37.267,108.489,1,-1,-1,-1
18,10,1257.327,447.014,34.676,101.859,1,-1,-1,-1
18,11,1013.078,437.112,42.489,114.960,1,-1,-1,-1
18,12,1099.900,438.790,39.834,108.154,1,-1,-1,-1
18,14,417.643,458.602,41.175,85.780,1,-1,-1,-1
18,15,1408.549,438.657,57.601,127.051,1,-1,-1,-1
19,1,914.135,483.951,96.047,111.194,1,-1,-1,-1
19,2,836.544,472.193,53.170,77.505,1,-1,-1,-1
19,3,374.917,446.458,43.099,105.404,1,-1,-1,-1
19,4,447.495,441.632,127.320,291.593,1,-1,-1,-1
19,5,587.099,442.017,90.041,273.858,1,-1,-1,-1
19,6,1474.170,410.640,198.091,413.439,1,-1,-1,-1
19,7,795.915,475.676,56.483,61.648,1,-1,-1,-1
19,8,1090.322,483.439,34.051,117.397,1,-1,-1,-1
19,9,1055.428,486.120,37.522,108.611,1,-1,-1,-1
19,10,1257.281,447.359,34.715,101.394,1,-1,-1,-1
19,11,1013.189,437.426,42.346,114.288,1,-1,-1,-1
19,12,1099.674,438.577,39.842,108.307,1,-1,-1,-1
19,14,417.703,458.282,41.277,86.006,1,-1,-1,-1
19,15,1412.245,437.674,56.365,127.472,1,-1,-1,-1
20,1,914.016,484.261,96.058,110.833,1,-1,-1,-1
20,2,836.271,472.232,53.345,77.631,1,-1,-1,-1
20,3,375.038,446.459,43.068,105.647,1,-1,-1,-1
20,4,448.912,441.634,126.711,292.383,1,-1,-1,-1
20,5,587.418,441.757,90.538,273.268,1,-1,-1,-1
20,6,1475.134,410.509,209.493,416.737,1,-1,-1,-1
20,7,795.977,475.742,56.490,61.529,1,-1,-1,-1
20,8,1090.686,482.425,33.898,117.183,1,-1,-1,-1
20,9,1055.097,486.016,37.936,108.512,1,-1,-1,-1
20,10,1257.126,447.762,34.741,100.938,1,-1,-1,-1
20,11,1013.032,437.438,42.372,114.818,1,-1,-1,-1
20,12,1099.672,438.396,39.813,109.025,1,-1,-1,-1
20,14,417.863,457.343,41.307,86.486,1,-1,-1,-1
20,15,1414.358,437.021,55.799,127.734,1,-1,-1,-1
21,1,914.031,484.294,96.074,110.663,1,-1,-1,-1
21,2,836.376,472.378,53.518,77.547,1,-1,-1,-1
21,3,375.048,446.410,43.195,105.970,1,-1,-1,-1
21,4,450.239,442.064,126.806,293.785,1,-1,-1,-1
21,5,588.973,441.737,90.729,273.341,1,-1,-1,-1
21,6,1473.867,410.342,219.806,417.564,1,-1,-1,-1
21,7,796.097,475.769,56.626,61.216,1,-1,-1,-1
21,8,1091.042,481.636,33.798,117.386,1,-1,-1,-1
21,9,1056.135,486.325,37.732,109.147,1,-1,-1,-1
21,10,1256.985,448.164,34.848,100.598,1,-1,-1,-1
21,11,1012.621,437.562,42.700,115.613,1,-1,-1,-1
21,12,1099.234,439.502,39.631,109.962,1,-1,-1,-1
21,14,418.444,456.894,40.807,85.758,1,-1,-1,-1
21,15,1417.725,437.944,55.298,126.840,1,-1,-1,-1
22,1,914.184,484.161,96.379,110.949,1,-1,-1,-1
22,2,836.462,472.489,53.558,77.533,1,-1,-1,-1
22,3,375.062,446.326,43.225,106.156,1,-1,-1,-1
22,4,451.209,441.237,125.781,295.042,1,-1,-1,-1
22,5,589.758,442.226,91.113,272.897,1,-1,-1,-1
22,6,1478.239,408.815,227.047,421.914,1,-1,-1,-1
22,7,795.876,475.800,56.685,61.251,1,-1,-1,-1
22,8,1090.905,481.560,33.780,117.352,1,-1,-1,-1
22,9,1055.107,485.940,37.942,108.948,1,-1,-1,-1
22,10,1256.922,448.279,34.840,100.480,1,-1,-1,-1
22,11,1012.423,437.016,43.112,117.016,1,-1,-1,-1
22,12,1098.935,439.607,39.833,110.284,1,-1,-1,-1
22,14,418.535,456.971,41.201,85.752,1,-1,-1,-1
22,15,1418.263,435.754,56.298,128.123,1,-1,-1,-1
23,1,914.281,484.048,96.024,111.243,1,-1,-1,-1
23,2,836.866,472.386,53.355,77.554,1,-1,-1,-1
23,3,375.186,446.503,43.326,106.069,1,-1,-1,-1
23,4,453.292,442.429,125.304,295.768,1,-1,-1,-1
23,5,590.391,442.026,91.347,273.366,1,-1,-1,-1
23,6,1478.475,410.036,230.306,423.170,1,-1,-1,-1
23,7,795.617,475.623,56.663,61.184,1,-1,-1,-1
23,8,1090.963,481.321,33.747,117.701,1,-1,-1,-1
23,9,1054.838,485.773,38.039,108.908,1,-1,-1,-1
23,10,1256.950,448.511,34.800,100.123,1,-1,-1,-1
23,11,1011.523,436.475,43.815,118.917,1,-1,-1,-1
23,12,1098.835,439.418,39.955,110.655,1,-1,-1,-1
23,14,418.804,457.594,41.667,85.779,1,-1,-1,-1
23,15,1418.773,433.782,58.604,128.991,1,-1,-1,-1
24,1,914.466,483.847,95.790,111.405,1,-1,-1,-1
24,2,836.957,472.376,53.269,77.634,1,-1,-1,-1
24,3,375.245,446.402,43.343,106.110,1,-1,-1,-1
24,4,455.541,443.076,124.433,295.705,1,-1,-1,-1
24,5,591.600,443.517,91.956,272.893,1,-1,-1,-1
24,6,1482.364,408.768,235.178,426.522,1,-1,-1,-1
24,7,795.609,475.596,56.672,61.079,1,-1,-1,-1
24,8,1090.816,482.240,33.745,117.587,1,-1,-1,-1
24,9,1054.248,485.476,38.203,109.161,1,-1,-1,-1
24,10,1256.738,448.687,34.835,100.139,1,-1,-1,-1
24,11,1011.886,435.907,43.792,119.361,1,-1,-1,-1
24,12,1098.880,439.226,39.974,110.503,1,-1,-1,-1
24,14,418.869,457.331,42.106,86.084,1,-1,-1,-1
24,15,1418.869,431.933,61.759,130.826,1,-1,-1,-1
25,1,914.305,483.795,96.033,111.675,1,-1,-1,-1
25,2,836.681,472.482,53.399,77.509,1,-1,-1,-1
25,3,375.132,446.367,43.487,106.706,1,-1,-1,-1
25,4,458.648,441.634,123.581,296.484,1,-1,-1,-1
25,5,592.630,444.477,91.732,272.701,1,-1,-1,-1
25,6,1485.887,404.371,234.381,427.709,1,-1,-1,-1
25,7,795.251,475.819,56.862,61.161,1,-1,-1,-1
25,8,1091.092,482.016,33.667,117.975,1,-1,-1,-1
25,9,1054.036,484.960,38.311,109.998,1,-1,-1,-1
25,10,1256.686,448.741,34.923,100.365,1,-1,-1,-1
25,11,1011.883,436.404,43.289,118.742,1,-1,-1,-1
25,12,1098.685,439.317,40.085,110.761,1,-1,-1,-1
25,14,418.308,457.182,42.249,86.514,1,-1,-1,-1
25,15,1419.442,430.637,63.979,132.281,1,-1,-1,-1
26,1,914.375,483.562,95.666,111.939,1,-1,-1,-1
26,2,836.509,472.762,53.516,77.243,1,-1,-1,-1
26,3,375.210,446.299,43.497,106.975,1,-1,-1,-1
26,4,459.699,441.560,123.111,295.293,1,-1,-1,-1
26,5,592.928,442.549,91.207,273.279,1,-1,-1,-1
26,6,1496.656,403.250,231.196,429.892,1,-1,-1,-1
26,7,795.647,475.889,56.983,61.419,1,-1,-1,-1
26,8,1091.440,480.404,33.478,118.759,1,-1,-1,-1
26,9,1054.050,484.422,38.561,110.671,1,-1,-1,-1
26,10,1256.682,448.300,34.926,100.457,1,-1,-1,-1
26,11,1012.125,436.605,43.275,118.466,1,-1,-1,-1
26,12,1098.394,439.493,40.240,110.438,1,-1,-1,-1
26,14,418.321,457.945,42.238,87.025,1,-1,-1,-1
26,15,1422.078,429.406,65.513,133.095,1,-1,-1,-1
27,1,914.418,483.445,95.625,112.095,1,-1,-1,-1
27,2,836.247,472.810,53.626,76.995,1,-1,-1,-1
27,3,375.307,446.271,43.299,107.078,1,-1,-1,-1
27,4,461.936,443.627,122.121,295.348,1,-1,-1,-1
27,5,594.288,442.549,90.897,273.201,1,-1,-1,-1
27,6,1508.871,402.722,224.033,431.415,1,-1,-1,-1
27,7,795.724,475.853,56.785,61.640,1,-1,-1,-1
27,8,1091.543,479.561,33.332,119.003,1,-1,-1,-1
27,9,1053.963,484.251,38.846,110.795,1,-1,-1,-1
27,10,1256.562,448.352,34.837,100.249,1,-1,-1,-1
27,11,1011.816,437.359,42.901,117.123,1,-1,-1,-1
27,12,1098.383,439.732,40.237,110.159,1,-1,-1,-1
27,14,418.272,458.002,42.402,87.954,1,-1,-1,-1
27,15,1422.833,428.910,66.983,133.496,1,-1,-1,-1
28,1,914.348,483.649,95.654,112.241,1,-1,-1,-1
28,2,836.175,473.067,53.678,76.812,1,-1,-1,-1
28,3,375.373,446.548,43.231,106.736,1,-1,-1,-1
28,4,464.410,444.157,120.900,293.512,1,-1,-1,-1
28,5,594.564,442.946,91.093,274.269,1,-1,-1,-1
28,6,1523.140,403.223,219.397,430.494,1,-1,-1,-1
28,7,795.803,475.745,56.870,61.847,1,-1,-1,-1
28,8,1091.470,478.695,33.235,119.609,1,-1,-1,-1
28,9,1054.857,484.941,38.606,109.922,1,-1,-1,-1
28,10,1256.513,448.277,34.747,100.293,1,-1,-1,-1
28,11,1011.906,437.563,42.872,116.959,1,-1,-1,-1
28,12,1098.405,438.748,40.387,110.299,1,-1,-1,-1
28,14,418.148,458.467,42.341,88.146,1,-1,-1,-1
28,15,1425.270,427.831,68.107,133.492,1,-1,-1,-1
29,1,914.184,484.178,95.743,111.979,1,-1,-1,-1
29,2,836.077,473.087,53.710,76.506,1,-1,-1,-1
29,3,375.674,446.621,42.979,106.404,1,-1,-1,-1
29,4,467.878,444.661,121.110,294.478,1,-1,-1,-1
29,5,595.960,441.548,91.030,273.455,1,-1,-1,-1
29,6,1540.206,400.719,211.145,433.283,1,-1,-1,-1
29,7,795.583,475.481,56.880,62.107,1,-1,-1,-1
29,8,1091.084,479.255,33.390,119.969,1,-1,-1,-1
29,9,1054.955,484.910,38.608,109.655,1,-1,-1,-1
29,10,1256.418,448.098,34.737,100.221,1,-1,-1,-1
29,11,1011.829,437.869,43.093,117.342,1,-1,-1,-1
29,12,1098.716,438.565,40.366,109.574,1,-1,-1,-1
29,14,418.453,458.611,42.659,88.611,1,-1,-1,-1
29,15,1428.992,428.784,68.003,132.900,1,-1,-1,-1
30,1,914.076,484.633,95.739,111.498,1,-1,-1,-1
30,2,836.071,473.246,53.792,76.346,1,-1,-1,-1
30,3,375.465,446.687,42.941,106.265,1,-1,-1,-1
30,4,470.592,444.585,121.047,293.336,1,-1,-1,-1
30,5,597.636,442.008,91.092,274.296,1,-1,-1,-1
30,6,1555.504,396.701,203.560,435.031,1,-1,-1,-1
30,7,795.602,475.493,56.939,62.242,1,-1,-1,-1
30,8,1090.850,480.412,33.492,119.535,1,-1,-1,-1
30,9,1054.316,485.131,38.586,109.743,1,-1,-1,-1
30,10,1256.564,448.149,34.698,100.021,1,-1,-1,-1
30,11,1011.580,439.302,42.840,116.929,1,-1,-1,-1
30,12,1098.734,438.981,40.302,109.503,1,-1,-1,-1
30,13,1696.069,421.661,179.335,393.181,1,-1,-1,-1
30,14,418.338,458.114,42.778,88.446,1,-1,-1,-1
30,15,1433.355,429.577,66.855,132.171,1,-1,-1,-1
31,1,914.080,484.544,95.911,111.245,1,-1,-1,-1
31,2,835.791,472.986,53.858,76.401,1,-1,-1,-1
31,3,375.592,446.777,42.708,105.884,1,-1,-1,-1
31,4,471.360,442.575,120.271,293.320,1,-1,-1,-1
31,5,598.503,443.162,91.131,274.814,1,-1,-1,-1
31,6,1576.309,397.472,195.471,436.906,1,-1,-1,-1
31,7,795.753,475.428,57.001,62.169,1,-1,-1,-1
31,8,1091.104,480.609,33.631,119.665,1,-1,-1,-1
31,9,1054.048,485.418,38.630,109.957,1,-1,-1,-1
31,10,1256.839,448.023,34.703,100.108,1,-1,-1,-1
31,11,1011.564,439.416,42.723,117.093,1,-1,-1,-1
31,12,1098.428,439.408,40.186,110.115,1,-1,-1,-1
31,13,1693.324,419.627,199.079,397.028,1,-1,-1,-1
31,14,418.327,458.023,42.621,88.055,1,-1,-1,-1
31,15,1438.008,429.897,65.605,131.356,1,-1,-1,-1
32,1,914.206,484.353,96.383,111.195,1,-1,-1,-1
32,2,835.642,472.874,53.970,76.644,1,-1,-1,-1
32,3,375.595,446.859,42.513,105.773,1,-1,-1,-1
32,4,472.114,445.337,118.821,294.618,1,-1,-1,-1
32,5,599.852,444.485,90.756,275.064,1,-1,-1,-1
32,6,1595.144,395.739,191.231,436.573,1,-1,-1,-1
32,7,795.685,475.340,57.078,62.203,1,-1,-1,-1
32,8,1091.090,480.897,33.903,119.877,1,-1,-1,-1
32,9,1054.147,485.465,38.771,109.899,1,-1,-1,-1
32,10,1257.122,448.328,34.675,100.024,1,-1,-1,-1
32,11,1011.315,439.372,42.519,116.918,1,-1,-1,-1
32,12,1098.456,439.371,40.381,110.416,1,-1,-1,-1
32,13,1704.055,414.131,200.959,399.107,1,-1,-1,-1
32,14,417.810,457.443,42.405,88.214,1,-1,-1,-1
32,15,1442.440,430.814,64.902,130.786,1,-1,-1,-1
33,1,914.114,484.011,96.254,111.386,1,-1,-1,-1
33,2,835.321,472.925,53.958,76.615,1,-1,-1,-1
33,3,375.478,446.683,42.546,105.883,1,-1,-1,-1
33,4,473.982,444.218,118.802,293.687,1,-1,-1,-1
33,5,602.663,444.072,90.343,275.473,1,-1,-1,-1
33,6,1604.987,395.854,192.875,444.238,1,-1,-1,-1
33,7,795.864,475.470,57.156,62.085,1,-1,-1,-1
33,8,1090.861,480.334,33.931,119.996,1,-1,-1,-1
33,9,1055.084,485.180,38.790,109.958,1,-1,-1,-1
33,10,1257.082,448.493,34.828,100.159,1,-1,-1,-1
33,11,1010.669,439.715,42.574,116.963,1,-1,-1,-1
33,12,1098.536,439.321,40.450,109.618,1,-1,-1,-1
33,14,418.004,457.253,42.391,88.350,1,-1,-1,-1
33,15,1445.742,431.019,65.054,130.218,1,-1,-1,-1
34,1,914.010,484.013,96.211,111.388,1,-1,-1,-1
34,2,835.419,472.709,54.103,76.944,1,-1,-1,-1
34,3,375.683,446.772,42.452,105.808,1,-1,-1,-1
34,4,474.378,446.640,118.220,294.678,1,-1,-1,-1
34,5,604.896,444.281,89.951,275.533,1,-1,-1,-1
34,6,1620.061,395.726,197.791,450.553,1,-1,-1,-1
34,7,795.805,475.646,57.044,62.048,1,-1,-1,-1
34,8,1090.267,481.154,33.975,119.802,1,-1,-1,-1
34,9,1055.007,484.607,38.750,110.189,1,-1,-1,-1
34,10,1257.186,448.612,34.972,100.487,1,-1,-1,-1
34,11,1010.122,440.529,42.685,117.684,1,-1,-1,-1
34,12,1098.072,439.190,40.163,109.208,1,-1,-1,-1
34,14,418.434,457.260,42.195,88.050,1,-1,-1,-1
34,15,1448.048,430.565,64.896,130.492,1,-1,-1,-1
35,1,913.571,483.784,96.668,111.586,1,-1,-1,-1
35,2,835.939,472.612,54.113,77.619,1,-1,-1,-1
35,3,375.402,446.630,42.415,105.869,1,-1,-1,-1
35,4,475.025,446.596,117.374,295.788,1,-1,-1,-1
35,5,605.115,443.452,90.147,275.723,1,-1,-1,-1
35,6,1628.175,397.385,205.689,459.567,1,-1,-1,-1
35,7,795.745,475.824,57.272,62.006,1,-1,-1,-1
35,8,1090.028,482.622,34.086,118.982,1,-1,-1,-1
35,9,1054.786,484.727,38.919,110.385,1,-1,-1,-1
35,10,1257.201,448.640,35.073,100.581,1,-1,-1,-1
35,11,1009.254,441.408,42.560,117.844,1,-1,-1,-1
35,12,1097.722,439.562,40.013,109.058,1,-1,-1,-1
35,14,418.571,457.422,42.171,88.016,1,-1,-1,-1
35,15,1451.450,430.394,64.745,130.541,1,-1,-1,-1
36,1,913.343,483.610,97.227,111.769,1,-1,-1,-1
36,2,835.830,472.436,54.143,78.088,1,-1,-1,-1
36,3,375.229,446.487,42.470,105.809,1,-1,-1,-1
36,4,476.399,445.407,117.067,295.132,1,-1,-1,-1
36,5,605.929,444.659,90.196,275.418,1,-1,-1,-1
36,6,1634.983,395.409,214.040,467.756,1,-1,-1,-1
36,7,795.210,476.029,57.010,61.843,1,-1,-1,-1
36,8,1089.865,483.433,34.080,118.353,1,-1,-1,-1
36,9,1054.504,484.481,39.181,110.457,1,-1,-1,-1
36,10,1257.323,448.529,35.268,101.118,1,-1,-1,-1
36,11,1009.074,441.320,42.555,118.003,1,-1,-1,-1
36,12,1097.512,439.312,39.856,109.390,1,-1,-1,-1
36,14,418.702,457.433,42.067,87.979,1,-1,-1,-1
36,15,1452.474,429.747,64.368,131.215,1,-1,-1,-1
37,1,913.292,483.673,97.239,111.907,1,-1,-1,-1
37,2,835.421,472.422,54.301,78.357,1,-1,-1,-1
37,3,375.229,446.438,42.624,105.777,1,-1,-1,-1
37,4,478.529,445.602,116.464,297.095,1,-1,-1,-1
37,5,607.557,443.175,89.733,275.908,1,-1,-1,-1
37,6,1639.903,397.160,224.171,469.709,1,-1,-1,-1
37,7,795.572,475.897,57.022,61.874,1,-1,-1,-1
37,8,1089.992,483.440,33.965,118.053,1,-1,-1,-1
37,9,1054.101,484.898,39.086,110.247,1,-1,-1,-1
37,10,1257.638,448.396,35.259,100.977,1,-1,-1,-1
37,11,1009.308,440.197,42.487,117.605,1,-1,-1,-1
37,12,1097.234,440.237,39.613,110.219,1,-1,-1,-1
37,14,418.402,457.315,42.136,88.081,1,-1,-1,-1
37,15,1453.803,428.355,64.177,131.751,1,-1,-1,-1
38,1,913.668,483.763,96.651,111.894,1,-1,-1,-1
38,2,835.232,472.289,54.300,78.514,1,-1,-1,-1
38,3,375.118,446.454,42.709,105.892,1,-1,-1,-1
38,4,480.076,446.099,115.985,299.655,1,-1,-1,-1
38,5,609.247,442.837,89.959,276.483,1,-1,-1,-1
38,6,1644.096,397.105,231.209,471.158,1,-1,-1,-1
38,7,795.583,475.534,56.955,62.116,1,-1,-1,-1
38,8,1090.399,483.056,33.796,117.657,1,-1,-1,-1
38,9,1053.975,484.986,39.128,110.049,1,-1,-1,-1
38,10,1257.838,447.938,35.285,101.215,1,-1,-1,-1
38,11,1009.525,440.703,42.615,117.790,1,-1,-1,-1
38,12,1097.653,439.543,39.853,110.594,1,-1,-1,-1
38,14,418.176,456.945,42.121,87.860,1,-1,-1,-1
38,15,1454.665,427.797,64.253,131.771,1,-1,-1,-1
39,1,913.811,483.888,96.362,111.836,1,-1,-1,-1
39,2,835.193,472.330,54.431,78.325,1,-1,-1,-1
39,3,374.893,446.210,42.913,106.046,1,-1,-1,-1
39,4,479.775,446.182,115.670,300.943,1,-1,-1,-1
39,5,611.105,442.226,89.702,277.006,1,-1,-1,-1
39,6,1645.927,397.578,237.278,473.183,1,-1,-1,-1
39,7,795.886,475.460,56.723,61.949,1,-1,-1,-1
39,8,1090.743,482.224,33.617,117.501,1,-1,-1,-1
39,9,1054.024,484.979,39.409,109.727,1,-1,-1,-1
39,10,1258.054,447.776,35.336,101.672,1,-1,-1,-1
39,11,1009.639,440.326,42.678,117.808,1,-1,-1,-1
39,12,1097.875,438.093,39.892,111.209,1,-1,-1,-1
39,14,418.018,456.789,42.391,87.550,1,-1,-1,-1
39,15,1454.862,427.346,65.090,132.276,1,-1,-1,-1
40,1,913.287,484.200,96.562,111.415,1,-1,-1,-1
40,2,835.065,472.428,54.385,78.152,1,-1,-1,-1
40,3,375.149,446.169,42.833,105.936,1,-1,-1,-1
40,4,480.593,446.234,114.457,302.144,1,-1,-1,-1
40,5,613.650,441.645,88.725,277.311,1,-1,-1,-1
40,6,1650.616,398.922,244.241,477.093,1,-1,-1,-1
40,7,795.862,475.470,56.586,61.941,1,-1,-1,-1
40,8,1091.436,481.138,33.405,117.543,1,-1,-1,-1
40,9,1054.059,485.243,39.617,109.723,1,-1,-1,-1
40,10,1258.144,447.606,35.399,101.867,1,-1,-1,-1
40,11,1009.539,440.319,42.804,117.462,1,-1,-1,-1
40,12,1097.703,437.916,40.230,111.674,1,-1,-1,-1
40,14,417.760,457.682,42.561,87.494,1,-1,-1,-1
40,15,1456.595,427.377,65.656,132.216,1,-1,-1,-1
41,1,913.388,484.115,96.431,111.268,1,-1,-1,-1
41,2,834.972,472.466,54.460,77.888,1,-1,-1,-1
41,3,375.064,446.220,42.972,105.959,1,-1,-1,-1
41,4,481.416,445.221,113.424,300.324,1,-1,-1,-1
41,5,614.574,442.105,88.426,276.979,1,-1,-1,-1
41,6,1650.805,400.795,251.637,480.204,1,-1,-1,-1
41,7,795.916,475.615,56.539,61.853,1,-1,-1,-1
41,8,1091.269,481.179,33.335,117.505,1,-1,-1,-1
41,9,1054.156,485.006,39.658,109.875,1,-1,-1,-1
41,10,1258.340,447.277,35.418,102.144,1,-1,-1,-1
41,11,1009.240,440.050,42.925,117.329,1,-1,-1,-1
41,12,1097.531,437.646,40.508,112.323,1,-1,-1,-1
41,14,417.972,457.555,42.596,87.301,1,-1,-1,-1
41,15,1458.344,426.666,66.409,132.286,1,-1,-1,-1
42,1,913.141,483.889,96.956,111.273,1,-1,-1,-1
42,2,835.073,472.599,54.545,77.811,1,-1,-1,-1
42,3,374.886,446.250,43.186,106.013,1,-1,-1,-1
42,4,480.172,446.635,114.056,303.390,1,-1,-1,-1
42,5,615.235,441.969,88.658,276.951,1,-1,-1,-1
42,6,1652.576,398.480,255.317,481.330,1,-1,-1,-1
42,7,795.898,475.604,56.336,61.754,1,-1,-1,-1
42,8,1091.083,480.440,33.289,117.896,1,-1,-1,-1
42,9,1054.319,484.909,39.487,109.686,1,-1,-1,-1
42,10,1258.472,447.048,35.432,102.456,1,-1,-1,-1
42,11,1009.045,439.416,42.817,117.158,1,-1,-1,-1
42,12,1097.744,437.090,40.585,111.845,1,-1,-1,-1
42,14,417.970,456.781,42.709,87.309,1,-1,-1,-1
42,15,1459.889,426.294,66.611,132.210,1,-1,-1,-1
43,1,913.226,483.771,97.062,111.403,1,-1,-1,-1
43,2,835.200,472.670,54.665,77.870,1,-1,-1,-1
43,3,374.649,446.066,43.347,106.361,1,-1,-1,-1
43,4,480.638,446.766,114.060,305.797,1,-1,-1,-1
43,5,615.510,441.959,88.688,277.051,1,-1,-1,-1
43,6,1655.476,399.178,261.264,483.338,1,-1,-1,-1
43,7,795.901,475.651,56.436,61.549,1,-1,-1,-1
43,8,1090.664,480.985,33.313,118.360,1,-1,-1,-1
43,9,1054.502,485.330,39.310,109.873,1,-1,-1,-1
43,10,1258.500,447.031,35.410,102.372,1,-1,-1,-1
43,11,1009.116,439.123,42.626,116.995,1,-1,-1,-1
43,12,1097.720,436.764,40.500,111.374,1,-1,-1,-1
43,14,417.756,456.638,42.590,87.210,1,-1,-1,-1
43,15,1461.926,426.212,66.642,132.083,1,-1,-1,-1
44,1,913.157,483.729,97.305,111.449,1,-1,-1,-1
44,2,835.211,472.679,54.721,77.797,1,-1,-1,-1
44,3,374.402,446.012,43.462,106.527,1,-1,-1,-1
44,4,480.126,446.895,114.278,308.932,1,-1,-1,-1
44,5,617.367,442.260,88.844,276.741,1,-1,-1,-1
44,6,1664.716,394.542,259.998,486.568,1,-1,-1,-1
44,7,795.948,475.667,56.513,61.542,1,-1,-1,-1
44,8,1090.408,480.913,33.387,118.709,1,-1,-1,-1
44,9,1054.751,485.100,39.210,110.070,1,-1,-1,-1
44,10,1258.529,446.993,35.422,102.340,1,-1,-1,-1
44,11,1008.874,439.560,42.515,116.881,1,-1,-1,-1
44,12,1097.559,436.898,40.577,111.015,1,-1,-1,-1
44,14,417.732,456.706,42.561,87.198,1,-1,-1,-1
44,15,1464.396,427.560,65.858,131.258,1,-1,-1,-1
45,1,913.050,483.334,97.823,111.637,1,-1,-1,-1
45,2,835.441,472.585,54.618,77.569,1,-1,-1,-1
45,3,374.470,446.097,43.512,106.251,1,-1,-1,-1
45,4,480.128,446.423,113.793,310.209,1,-1,-1,-1
45,5,618.416,441.603,89.188,277.184,1,-1,-1,-1
45,6,1676.441,392.736,254.083,488.592,1,-1,-1,-1
45,7,796.049,475.926,56.701,61.229,1,-1,-1,-1
45,8,1090.609,480.763,33.409,118.567,1,-1,-1,-1
45,9,1053.926,484.487,39.702,110.674,1,-1,-1,-1
45,10,1258.796,447.004,35.430,102.344,1,-1,-1,-1
45,11,1008.118,440.276,42.177,116.194,1,-1,-1,-1
45,12,1097.504,436.259,40.858,110.829,1,-1,-1,-1
45,14,417.672,457.162,42.653,87.255,1,-1,-1,-1
45,15,1467.887,428.260,65.206,130.977,1,-1,-1,-1
45,16,584.500,462.700,34.100,131.500,1,-1,-1,-1
46,1,912.895,483.577,98.052,111.512,1,-1,-1,-1
46,2,835.761,472.738,54.571,77.432,1,-1,-1,-1
46,3,374.496,445.818,43.663,106.311,1,-1,-1,-1
46,4,478.747,445.978,114.176,310.072,1,-1,-1,-1
46,5,617.910,441.376,90.465,276.915,1,-1,-1,-1
46,6,1687.014,386.428,246.544,490.948,1,-1,-1,-1
46,7,796.203,476.267,56.671,61.083,1,-1,-1,-1
46,8,1090.263,481.252,33.479,118.272,1,-1,-1,-1
46,9,1054.378,484.082,39.468,110.788,1,-1,-1,-1
46,10,1259.106,446.597,35.466,102.517,1,-1,-1,-1
46,11,1007.887,441.000,42.016,115.809,1,-1,-1,-1
46,12,1097.256,435.844,41.094,110.982,1,-1,-1,-1
46,14,418.089,457.113,42.722,87.463,1,-1,-1,-1
46,15,1471.926,427.973,64.219,130.484,1,-1,-1,-1
46,16,584.136,455.549,38.627,141.502,1,-1,-1,-1
47,1,912.831,483.121,98.281,111.648,1,-1,-1,-1
47,2,835.580,472.657,54.372,77.463,1,-1,-1,-1
47,3,374.473,445.727,43.659,106.177,1,-1,-1,-1
47,4,478.154,446.523,114.427,312.080,1,-1,-1,-1
47,5,618.910,441.432,90.060,277.315,1,-1,-1,-1
47,6,1704.627,384.796,233.497,491.783,1,-1,-1,-1
47,7,796.089,476.275,56.481,60.944,1,-1,-1,-1
47,8,1090.532,481.368,33.361,117.847,1,-1,-1,-1
47,9,1054.162,483.940,39.241,110.812,1,-1,-1,-1
47,10,1259.446,446.291,35.352,102.627,1,-1,-1,-1
47,11,1007.389,441.238,41.811,115.076,1,-1,-1,-1
47,12,1097.545,435.539,41.009,110.564,1,-1,-1,-1
47,14,418.125,457.199,42.603,87.598,1,-1,-1,-1
47,15,1477.062,428.339,62.754,129.096,1,-1,-1,-1
47,16,582.245,453.201,40.940,143.687,1,-1,-1,-1
48,1,913.057,482.999,98.584,111.667,1,-1,-1,-1
48,2,835.677,472.713,54.225,77.430,1,-1,-1,-1
48,3,374.549,445.903,43.684,106.164,1,-1,-1,-1
48,4,477.901,444.783,114.813,312.584,1,-1,-1,-1
48,5,620.643,441.340,90.069,277.500,1,-1,-1,-1
48,6,1720.655,389.793,219.556,488.427,1,-1,-1,-1
48,7,796.299,475.712,56.489,61.042,1,-1,-1,-1
48,8,1091.585,479.675,33.116,118.286,1,-1,-1,-1
48,9,1054.695,484.165,38.970,111.309,1,-1,-1,-1
48,10,1260.205,446.154,35.216,102.977,1,-1,-1,-1
48,11,1006.905,442.010,41.750,114.997,1,-1,-1,-1
48,12,1097.903,435.594,41.002,110.208,1,-1,-1,-1
48,14,418.548,457.613,43.107,87.803,1,-1,-1,-1
48,15,1481.644,428.502,61.277,129.053,1,-1,-1,-1
48,16,581.780,451.651,41.771,143.058,1,-1,-1,-1
49,1,913.118,483.086,98.554,111.671,1,-1,-1,-1
49,2,835.722,472.685,54.088,77.322,1,-1,-1,-1
49,3,374.645,445.690,43.626,106.590,1,-1,-1,-1
49,4,478.424,442.784,114.683,313.653,1,-1,-1,-1
49,5,622.341,442.583,90.012,276.843,1,-1,-1,-1
49,6,1739.244,389.511,203.186,486.598,1,-1,-1,-1
49,7,795.815,475.296,56.442,61.222,1,-1,-1,-1
49,8,1091.424,480.705,33.098,118.053,1,-1,-1,-1
49,9,1053.883,483.638,38.936,111.420,1,-1,-1,-1
49,10,1260.474,445.950,35.256,103.221,1,-1,-1,-1
49,11,1007.284,442.553,41.731,114.720,1,-1,-1,-1
49,12,1098.274,436.351,40.856,109.855,1,-1,-1,-1
49,14,418.555,457.305,43.082,88.026,1,-1,-1,-1
49,15,1486.549,429.477,59.894,129.050,1,-1,-1,-1
49,16,580.764,450.828,42.780,142.451,1,-1,-1,-1
50,1,912.924,483.446,98.582,111.479,1,-1,-1,-1
50,2,835.698,472.721,53.987,77.186,1,-1,-1,-1
50,3,374.461,445.789,43.718,106.720,1,-1,-1,-1
50,4,479.066,442.262,114.052,314.215,1,-1,-1,-1
50,5,623.669,443.258,89.856,276.186,1,-1,-1,-1
50,6,1755.963,388.703,187.001,484.734,1,-1,-1,-1
50,7,795.791,475.355,56.627,61.251,1,-1,-1,-1
50,8,1091.621,479.799,33.093,118.606,1,-1,-1,-1
50,9,1053.842,483.467,38.912,111.667,1,-1,-1,-1
50,10,1260.584,445.906,35.309,103.121,1,-1,-1,-1
50,11,1007.964,442.830,41.322,113.744,1,-1,-1,-1
50,12,1098.722,436.734,40.774,108.953,1,-1,-1,-1
50,14,418.433,456.884,43.184,88.588,1,-1,-1,-1
50,15,1489.880,430.656,58.731,129.594,1,-1,-1,-1
50,16,580.581,450.367,43.514,141.647,1,-1,-1,-1
51,1,913.085,483.584,98.383,111.471,1,-1,-1,-1
51,2,835.921,472.647,53.942,77.116,1,-1,-1,-1
51,3,374.674,445.531,43.646,106.775,1,-1,-1,-1
51,4,479.475,442.319,115.485,316.776,1,-1,-1,-1
51,5,624.271,445.949,89.592,273.870,1,-1,-1,-1
51,6,1769.164,386.330,172.646,486.645,1,-1,-1,-1
51,7,795.612,475.250,56.580,61.651,1,-1,-1,-1
51,8,1090.982,481.300,33.277,118.135,1,-1,-1,-1
51,9,1054.169,483.475,38.808,111.617,1,-1,-1,-1
51,10,1260.712,446.222,35.208,103.008,1,-1,-1,-1
51,11,1008.270,443.319,41.279,113.575,1,-1,-1,-1
51,12,1098.511,437.133,40.715,108.635,1,-1,-1,-1
51,14,418.176,456.860,43.249,88.661,1,-1,-1,-1
51,15,1493.543,430.605,57.685,129.883,1,-1,-1,-1
51,16,581.860,451.683,42.959,139.430,1,-1,-1,-1
52,1,912.947,483.412,98.378,111.526,1,-1,-1,-1
52,2,835.661,472.565,53.961,76.871,1,-1,-1,-1
52,3,374.450,445.290,43.707,107.017,1,-1,-1,-1
52,4,478.917,441.542,116.128,318.283,1,-1,-1,-1
52,5,624.541,445.000,89.858,274.376,1,-1,-1,-1
52,7,795.836,475.208,56.370,61.745,1,-1,-1,-1
52,8,1091.440,480.049,33.248,118.338,1,-1,-1,-1
52,9,1054.641,483.143,38.731,111.358,1,-1,-1,-1
52,10,1260.699,446.268,35.215,102.595,1,-1,-1,-1
52,11,1008.536,443.701,41.364,113.827,1,-1,-1,-1
52,12,1098.109,437.784,40.876,109.092,1,-1,-1,-1
52,14,418.373,456.504,43.269,88.794,1,-1,-1,-1
52,15,1496.776,430.607,56.615,130.074,1,-1,-1,-1
52,16,581.497,451.113,43.414,139.502,1,-1,-1,-1
53,1,913.087,482.988,98.186,111.807,1,-1,-1,-1
53,2,836.052,472.654,53.837,76.799,1,-1,-1,-1
53,3,374.447,445.003,43.892,107.372,1,-1,-1,-1
53,4,479.214,441.814,116.245,318.223,1,-1,-1,-1
53,5,624.147,446.202,89.314,273.129,1,-1,-1,-1
53,7,796.142,475.195,56.308,62.038,1,-1,-1,-1
53,8,1091.426,480.967,33.220,117.394,1,-1,-1,-1
53,9,1054.715,483.925,38.977,110.819,1,-1,-1,-1
53,10,1260.490,446.452,35.221,102.435,1,-1,-1,-1
53,11,1007.647,443.226,41.817,114.109,1,-1,-1,-1
53,12,1097.169,437.058,41.334,109.909,1,-1,-1,-1
53,14,418.287,456.287,43.140,88.684,1,-1,-1,-1
53,15,1498.270,429.953,56.405,130.666,1,-1,-1,-1
53,16,581.037,450.603,43.612,138.713,1,-1,-1,-1
54,1,913.511,482.951,97.763,111.864,1,-1,-1,-1
54,2,836.251,472.970,53.884,76.668,1,-1,-1,-1
54,3,374.583,444.970,43.885,107.423,1,-1,-1,-1
54,4,479.068,441.864,117.830,318.158,1,-1,-1,-1
54,5,623.894,447.271,89.055,272.138,1,-1,-1,-1
54,7,796.439,475.361,56.316,62.199,1,-1,-1,-1
54,8,1091.533,479.935,33.179,117.711,1,-1,-1,-1
54,9,1053.699,484.333,39.132,110.853,1,-1,-1,-1
54,10,1260.461,446.390,35.308,102.380,1,-1,-1,-1
54,11,1007.215,444.093,41.729,114.132,1,-1,-1,-1
54,12,1097.130,436.808,41.199,110.823,1,-1,-1,-1
54,14,418.184,456.732,42.902,88.372,1,-1,-1,-1
54,15,1500.701,430.754,55.876,130.357,1,-1,-1,-1
54,16,581.768,451.824,43.104,137.452,1,-1,-1,-1
55,1,913.978,482.834,97.511,111.964,1,-1,-1,-1
55,2,836.140,472.916,53.947,76.574,1,-1,-1,-1
55,3,374.664,444.971,43.824,107.483,1,-1,-1,-1
55,4,478.917,442.664,119.645,317.533,1,-1,-1,-1
55,5,623.816,446.347,89.064,271.928,1,-1,-1,-1
55,7,796.451,475.522,56.649,62.132,1,-1,-1,-1
55,8,1091.590,479.659,33.258,117.735,1,-1,-1,-1
55,9,1053.112,484.297,39.269,110.399,1,-1,-1,-1
55,10,1260.571,446.417,35.288,102.193,1,-1,-1,-1
55,11,1007.293,444.491,41.613,114.449,1,-1,-1,-1
55,12,1097.206,436.619,40.906,111.554,1,-1,-1,-1
55,14,418.215,456.828,42.670,87.945,1,-1,-1,-1
55,15,1503.929,431.012,55.593,129.020,1,-1,-1,-1
55,16,583.171,454.377,41.657,136.010,1,-1,-1,-1
56,1,914.225,482.942,97.274,112.090,1,-1,-1,-1
56,2,836.335,472.842,53.887,76.777,1,-1,-1,-1
56,3,374.752,444.991,43.751,107.468,1,-1,-1,-1
56,4,479.338,442.900,121.899,318.783,1,-1,-1,-1
56,5,623.176,447.004,89.585,273.217,1,-1,-1,-1
56,7,796.732,475.623,56.808,62.024,1,-1,-1,-1
56,8,1091.534,481.000,33.505,116.886,1,-1,-1,-1
56,9,1053.380,484.178,39.256,109.980,1,-1,-1,-1
56,10,1260.704,446.326,35.219,102.329,1,-1,-1,-1
56,11,1006.956,443.794,41.529,114.684,1,-1,-1,-1
56,12,1097.252,436.173,40.829,112.059,1,-1,-1,-1
56,14,418.302,457.146,42.560,87.941,1,-1,-1,-1
56,15,1506.974,431.770,55.328,127.906,1,-1,-1,-1
56,16,583.738,455.675,40.220,135.288,1,-1,-1,-1
57,1,914.071,483.355,96.956,111.985,1,-1,-1,-1
57,2,836.184,472.752,53.788,76.979,1,-1,-1,-1
57,3,374.631,444.979,43.835,107.438,1,-1,-1,-1
57,4,481.402,443.772,122.575,317.151,1,-1,-1,-1
57,5,623.688,446.370,90.387,274.811,1,-1,-1,-1
57,7,797.275,475.804,56.643,61.828,1,-1,-1,-1
57,8,1091.021,481.118,33.796,116.371,1,-1,-1,-1
57,9,1054.355,484.635,39.275,109.732,1,-1,-1,-1
57,10,1260.819,446.209,35.252,102.352,1,-1,-1,-1
57,11,1006.774,443.476,41.550,114.671,1,-1,-1,-1
57,12,1097.051,435.721,41.108,112.687,1,-1,-1,-1
57,14,418.292,457.113,42.280,87.594,1,-1,-1,-1
57,15,1510.057,432.447,54.461,126.764,1,-1,-1,-1
57,16,585.985,457.061,39.192,134.367,1,-1,-1,-1
58,1,913.938,483.618,97.112,111.864,1,-1,-1,-1
58,2,836.079,472.724,53.910,77.108,1,-1,-1,-1
58,3,374.813,444.922,43.673,107.209,1,-1,-1,-1
58,4,480.854,443.146,124.608,318.165,1,-1,-1,-1
58,5,624.126,444.831,90.817,277.019,1,-1,-1,-1
58,7,797.722,475.729,56.551,61.713,1,-1,-1,-1
58,8,1091.117,480.838,33.847,116.633,1,-1,-1,-1
58,9,1053.940,484.853,39.287,109.356,1,-1,-1,-1
58,10,1260.955,446.392,35.138,102.495,1,-1,-1,-1
58,11,1006.324,443.085,41.482,114.739,1,-1,-1,-1
58,12,1097.626,435.725,41.090,113.228,1,-1,-1,-1
58,14,418.301,457.659,42.409,87.326,1,-1,-1,-1
58,15,1512.267,432.786,54.225,126.360,1,-1,-1,-1
58,17,693.700,464.400,63.200,205.100,1,-1,-1,-1
59,1,913.983,483.821,97.306,111.609,1,-1,-1,-1
59,2,836.045,472.790,53.747,77.135,1,-1,-1,-1
59,3,375.021,445.307,43.527,107.094,1,-1,-1,-1
59,4,481.857,442.948,125.919,318.777,1,-1,-1,-1
59,5,624.264,444.075,90.734,278.384,1,-1,-1,-1
59,7,797.581,475.510,56.410,61.984,1,-1,-1,-1
59,8,1091.411,479.365,33.808,117.445,1,-1,-1,-1
59,9,1054.217,484.704,39.269,109.220,1,-1,-1,-1
59,10,1261.116,446.274,35.194,102.667,1,-1,-1,-1
59,11,1005.754,442.442,41.484,114.181,1,-1,-1,-1
59,12,1097.786,435.816,41.073,113.321,1,-1,-1,-1
59,14,418.541,457.951,42.703,87.511,1,-1,-1,-1
59,15,1515.822,432.667,54.471,126.042,1,-1,-1,-1
59,17,687.355,454.852,72.690,223.596,1,-1,-1,-1
60,1,913.641,484.007,97.443,111.228,1,-1,-1,-1
60,2,836.285,473.077,53.766,77.078,1,-1,-1,-1
60,3,374.715,445.087,43.588,107.130,1,-1,-1,-1
60,4,483.096,443.464,126.874,319.572,1,-1,-1,-1
60,5,623.244,446.289,90.915,278.855,1,-1,-1,-1
60,7,797.603,475.518,56.394,62.296,1,-1,-1,-1
60,8,1090.778,480.624,34.103,117.126,1,-1,-1,-1
60,9,1054.848,484.262,39.257,109.287,1,-1,-1,-1
60,10,1261.098,446.284,35.234,102.819,1,-1,-1,-1
60,11,1005.438,442.249,41.240,114.256,1,-1,-1,-1
60,12,1097.656,435.850,41.446,113.161,1,-1,-1,-1
60,14,418.564,457.208,42.688,87.068,1,-1,-1,-1
60,15,1518.563,432.727,54.088,125.055,1,-1,-1,-1
60,17,688.184,452.734,75.361,226.762,1,-1,-1,-1
61,1,913.770,484.054,97.303,111.389,1,-1,-1,-1
61,2,836.230,472.550,53.608,77.871,1,-1,-1,-1
61,3,374.484,444.890,43.579,107.374,1,-1,-1,-1
61,4,483.760,443.934,127.777,321.462,1,-1,-1,-1
61,5,623.753,445.053,90.529,280.103,1,-1,-1,-1
61,7,797.419,475.622,56.374,62.276,1,-1,-1,-1
61,8,1088.799,478.995,34.232,116.067,1,-1,-1,-1
61,9,1055.003,484.113,39.222,109.471,1,-1,-1,-1
61,10,1260.943,445.907,35.539,102.724,1,-1,-1,-1
61,11,1005.397,441.193,41.007,114.228,1,-1,-1,-1
61,12,1097.144,436.346,41.728,113.832,1,-1,-1,-1
61,14,418.604,457.694,42.619,86.603,1,-1,-1,-1
61,15,1521.092,431.203,53.854,125.552,1,-1,-1,-1
61,17,688.876,453.413,76.261,227.601,1,-1,-1,-1
62,1,913.445,483.779,97.279,111.315,1,-1,-1,-1
62,2,836.360,472.321,53.377,78.423,1,-1,-1,-1
62,3,374.486,445.363,43.790,107.089,1,-1,-1,-1
62,4,485.791,444.482,128.622,322.724,1,-1,-1,-1
62,5,621.771,447.512,90.786,279.403,1,-1,-1,-1
62,7,796.879,475.479,56.451,62.568,1,-1,-1,-1
62,8,1089.377,479.279,34.304,116.480,1,-1,-1,-1
62,9,1055.020,484.034,39.223,109.525,1,-1,-1,-1
62,10,1260.463,446.101,35.705,102.539,1,-1,-1,-1
62,11,1004.787,441.057,41.143,114.344,1,-1,-1,-1
62,12,1096.306,436.361,41.620,113.710,1,-1,-1,-1
62,14,418.277,457.549,42.622,86.041,1,-1,-1,-1
62,15,1523.528,431.404,53.315,125.426,1,-1,-1,-1
62,17,688.173,453.266,77.836,229.264,1,-1,-1,-1
63,1,913.250,484.041,97.348,111.402,1,-1,-1,-1
63,2,836.538,472.182,53.421,78.541,1,-1,-1,-1
63,3,374.562,445.626,43.721,106.816,1,-1,-1,-1
63,4,487.841,444.014,130.242,324.657,1,-1,-1,-1
63,5,621.277,447.008,91.258,280.031,1,-1,-1,-1
63,7,796.567,475.893,56.561,62.783,1,-1,-1,-1
63,8,1089.487,480.898,34.298,116.305,1,-1,-1,-1
63,9,1055.078,484.041,39.115,109.803,1,-1,-1,-1
63,10,1260.389,446.435,35.742,102.344,1,-1,-1,-1
63,11,1004.652,441.716,41.215,114.344,1,-1,-1,-1
63,12,1096.076,437.272,41.537,112.700,1,-1,-1,-1
63,14,418.440,457.608,42.375,85.928,1,-1,-1,-1
63,15,1526.008,430.980,52.893,125.144,1,-1,-1,-1
63,17,689.548,453.277,78.062,228.370,1,-1,-1,-1
64,1,912.876,484.261,97.650,111.585,1,-1,-1,-1
64,2,836.393,472.106,53.536,78.630,1,-1,-1,-1
64,3,374.230,445.772,43.698,106.618,1,-1,-1,-1
64,4,488.693,443.998,131.685,325.231,1,-1,-1,-1
64,5,622.097,446.853,90.913,280.889,1,-1,-1,-1
64,7,796.023,475.747,56.539,63.209,1,-1,-1,-1
64,8,1089.572,481.749,34.348,116.098,1,-1,-1,-1
64,9,1054.771,483.925,39.204,110.214,1,-1,-1,-1
64,10,1260.418,446.177,35.770,102.257,1,-1,-1,-1
64,11,1004.522,441.136,41.350,114.380,1,-1,-1,-1
64,12,1096.304,437.690,41.338,112.295,1,-1,-1,-1
64,14,418.573,457.807,42.334,85.797,1,-1,-1,-1
64,15,1528.255,429.600,52.823,125.785,1,-1,-1,-1
64,17,690.592,454.428,77.452,227.099,1,-1,-1,-1
65,1,912.507,484.294,97.698,111.490,1,-1,-1,-1
65,2,836.067,472.284,53.730,78.642,1,-1,-1,-1
65,3,374.417,446.172,43.456,105.856,1,-1,-1,-1
65,4,490.774,443.652,132.688,326.555,1,-1,-1,-1
65,5,622.024,447.133,90.687,281.493,1,-1,-1,-1
65,7,796.216,475.342,56.518,63.412,1,-1,-1,-1
65,8,1089.391,481.508,34.472,116.428,1,-1,-1,-1
65,9,1054.113,482.834,39.274,110.898,1,-1,-1,-1
65,10,1260.238,446.371,35.899,102.031,1,-1,-1,-1
65,11,1003.962,441.428,41.786,114.743,1,-1,-1,-1
65,12,1096.120,438.873,41.026,112.046,1,-1,-1,-1
65,14,418.986,458.244,42.247,85.616,1,-1,-1,-1
65,15,1531.018,430.438,52.399,125.405,1,-1,-1,-1
65,17,691.549,454.266,77.144,225.531,1,-1,-1,-1
66,1,912.358,484.043,97.737,111.587,1,-1,-1,-1
66,2,835.945,472.444,53.731,78.591,1,-1,-1,-1
66,3,374.457,446.503,43.362,105.466,1,-1,-1,-1
66,4,492.108,444.658,133.923,324.426,1,-1,-1,-1
66,5,621.644,446.482,91.031,283.084,1,-1,-1,-1
66,7,796.490,475.151,56.502,63.560,1,-1,-1,-1
66,8,1089.099,481.997,34.642,116.368,1,-1,-1,-1
66,9,1054.539,482.342,39.189,111.709,1,-1,-1,-1
66,10,1260.275,446.425,35.799,101.857,1,-1,-1,-1
66,11,1004.167,441.592,41.851,114.650,1,-1,-1,-1
66,12,1095.934,439.460,41.017,110.947,1,-1,-1,-1
66,14,418.690,458.046,41.877,85.359,1,-1,-1,-1
66,15,1533.620,430.591,52.294,125.669,1,-1,-1,-1
66,17,692.079,455.104,76.369,224.665,1,-1,-1,-1
67,1,912.262,484.039,97.903,111.633,1,-1,-1,-1
67,2,835.985,472.485,53.758,78.415,1,-1,-1,-1
67,3,374.229,446.744,43.294,105.348,1,-1,-1,-1
67,4,495.293,442.685,133.582,324.839,1,-1,-1,-1
67,5,620.898,447.313,91.049,283.336,1,-1,-1,-1
67,7,796.682,475.127,56.321,63.581,1,-1,-1,-1
67,8,1089.268,481.876,34.741,116.629,1,-1,-1,-1
67,9,1054.027,481.708,39.264,112.266,1,-1,-1,-1
67,10,1260.259,446.468,35.754,101.814,1,-1,-1,-1
67,11,1004.428,441.225,41.786,114.299,1,-1,-1,-1
67,12,1096.167,438.823,40.871,110.345,1,-1,-1,-1
67,14,418.883,457.914,41.777,85.509,1,-1,-1,-1
67,15,1535.793,431.366,51.933,125.321,1,-1,-1,-1
67,17,692.496,455.050,76.307,224.859,1,-1,-1,-1
67,18,479.700,466.800,31.900,96.700,1,-1,-1,-1
68,1,912.486,483.920,97.776,111.688,1,-1,-1,-1
68,2,835.858,472.334,53.857,77.895,1,-1,-1,-1
68,3,374.323,447.012,43.300,105.209,1,-1,-1,-1
68,4,498.675,442.057,133.648,326.495,1,-1,-1,-1
68,5,618.797,445.433,92.658,285.577,1,-1,-1,-1
68,7,796.529,475.259,56.574,63.438,1,-1,-1,-1
68,8,1089.178,482.608,34.895,116.603,1,-1,-1,-1
68,9,1053.755,481.457,39.318,112.699,1,-1,-1,-1
68,10,1260.493,446.971,35.582,101.608,1,-1,-1,-1
68,11,1004.852,440.786,41.514,113.397,1,-1,-1,-1
68,12,1096.015,440.230,40.651,109.486,1,-1,-1,-1
68,14,419.329,458.122,41.843,85.571,1,-1,-1,-1
68,15,1538.600,432.424,51.260,125.364,1,-1,-1,-1
68,17,694.119,454.192,76.442,224.582,1,-1,-1,-1
68,18,477.979,465.365,31.643,94.870,1,-1,-1,-1
69,1,912.631,483.427,97.743,111.949,1,-1,-1,-1
69,2,835.783,472.068,53.818,77.657,1,-1,-1,-1
69,3,374.378,447.061,43.332,105.193,1,-1,-1,-1
69,4,500.122,440.341,132.655,326.280,1,-1,-1,-1
69,5,619.669,443.457,93.716,287.100,1,-1,-1,-1
69,7,796.436,475.296,56.674,63.277,1,-1,-1,-1
69,8,1088.979,482.800,35.091,116.758,1,-1,-1,-1
69,9,1052.769,481.827,39.408,112.659,1,-1,-1,-1
69,10,1260.704,447.255,35.400,101.345,1,-1,-1,-1
69,11,1004.769,440.971,41.648,112.946,1,-1,-1,-1
69,12,1095.661,441.457,40.381,109.268,1,-1,-1,-1
69,14,419.292,458.242,42.083,85.514,1,-1,-1,-1
69,15,1542.984,431.177,51.384,125.675,1,-1,-1,-1
69,17,695.911,453.004,76.522,223.807,1,-1,-1,-1
69,18,475.745,465.447,32.881,97.723,1,-1,-1,-1
70,1,912.715,483.351,97.741,111.892,1,-1,-1,-1
70,2,835.994,471.907,53.847,77.624,1,-1,-1,-1
70,3,374.347,447.333,43.384,105.265,1,-1,-1,-1
70,4,503.416,442.231,131.644,324.435,1,-1,-1,-1
70,5,617.663,441.100,95.005,290.092,1,-1,-1,-1
70,7,795.770,475.410,56.994,63.080,1,-1,-1,-1
70,8,1088.768,482.919,35.180,116.976,1,-1,-1,-1
70,9,1053.014,481.646,39.451,113.097,1,-1,-1,-1
70,10,1260.815,447.251,35.268,101.206,1,-1,-1,-1
70,11,1004.588,441.712,41.744,112.226,1,-1,-1,-1
70,12,1095.569,442.163,40.073,109.020,1,-1,-1,-1
70,14,419.410,458.261,42.232,85.612,1,-1,-1,-1
70,15,1544.478,431.308,51.472,125.627,1,-1,-1,-1
70,17,696.321,454.021,76.206,223.464,1,-1,-1,-1
70,18,474.563,465.438,34.423,102.457,1,-1,-1,-1
71,1,912.684,483.360,97.738,111.796,1,-1,-1,-1
71,2,836.163,472.115,53.813,77.598,1,-1,-1,-1
71,3,374.653,447.623,43.228,105.306,1,-1,-1,-1
71,4,505.291,440.543,132.055,325.932,1,-1,-1,-1
71,5,616.665,440.321,96.293,291.968,1,-1,-1,-1
71,7,795.706,475.545,57.197,62.626,1,-1,-1,-1
71,8,1088.079,484.280,35.324,116.637,1,-1,-1,-1
71,9,1052.608,481.256,39.622,113.648,1,-1,-1,-1
71,10,1260.870,447.243,35.254,101.164,1,-1,-1,-1
71,11,1004.515,441.823,41.731,111.844,1,-1,-1,-1
71,12,1096.801,441.042,39.456,110.379,1,-1,-1,-1
71,14,418.884,458.067,41.925,85.659,1,-1,-1,-1
71,15,1546.886,430.359,51.635,126.434,1,-1,-1,-1
71,17,698.911,454.616,75.514,222.658,1,-1,-1,-1
71,18,473.555,465.241,35.017,103.991,1,-1,-1,-1
72,1,912.710,482.850,97.793,111.809,1,-1,-1,-1
72,2,836.214,471.996,53.761,77.661,1,-1,-1,-1
72,3,374.331,447.342,43.391,105.380,1,-1,-1,-1
72,4,508.401,439.755,131.544,326.528,1,-1,-1,-1
72,5,615.135,439.499,97.586,293.140,1,-1,-1,-1
72,7,795.069,475.701,57.261,62.438,1,-1,-1,-1
72,8,1087.991,484.252,35.431,116.671,1,-1,-1,-1
72,9,1052.429,481.258,39.940,114.149,1,-1,-1,-1
72,10,1260.891,447.070,35.245,101.161,1,-1,-1,-1
72,11,1004.287,442.730,41.612,111.672,1,-1,-1,-1
72,12,1097.230,440.968,38.978,111.614,1,-1,-1,-1
72,14,419.232,457.357,41.756,85.642,1,-1,-1,-1
72,15,1548.924,429.661,52.153,127.680,1,-1,-1,-1
72,17,700.544,455.064,76.045,222.573,1,-1,-1,-1
72,18,474.270,467.330,35.017,105.721,1,-1,-1,-1
73,1,912.685,482.822,97.885,111.682,1,-1,-1,-1
73,2,836.065,471.745,53.553,77.316,1,-1,-1,-1
73,3,374.507,447.485,43.315,105.229,1,-1,-1,-1
73,4,510.943,442.015,131.318,328.166,1,-1,-1,-1
73,5,615.720,437.888,97.777,293.501,1,-1,-1,-1
73,7,794.864,475.495,57.283,62.440,1,-1,-1,-1
73,8,1088.090,483.622,35.539,117.059,1,-1,-1,-1
73,9,1052.981,481.174,40.199,114.512,1,-1,-1,-1
73,10,1260.909,447.054,35.154,101.126,1,-1,-1,-1
73,11,1004.012,442.923,41.690,111.390,1,-1,-1,-1
73,12,1097.440,440.829,38.577,112.876,1,-1,-1,-1
73,14,419.404,457.259,41.546,85.296,1,-1,-1,-1
73,15,1550.236,429.337,52.412,128.210,1,-1,-1,-1
73,17,700.566,455.692,76.825,223.671,1,-1,-1,-1
73,18,473.225,468.095,34.089,103.748,1,-1,-1,-1
74,1,912.874,482.930,97.786,111.530,1,-1,-1,-1
74,2,836.193,471.566,53.433,77.422,1,-1,-1,-1
74,3,374.616,447.369,43.204,105.116,1,-1,-1,-1
74,4,513.396,443.928,130.745,326.933,1,-1,-1,-1
74,5,613.798,439.603,97.117,294.276,1,-1,-1,-1
74,7,795.174,475.485,56.715,62.238,1,-1,-1,-1
74,8,1088.217,484.696,35.671,116.983,1,-1,-1,-1
74,9,1052.869,480.578,40.359,114.604,1,-1,-1,-1
74,10,1260.773,446.934,35.337,101.143,1,-1,-1,-1
74,11,1004.243,443.315,41.776,111.299,1,-1,-1,-1
74,12,1097.800,438.549,39.040,111.525,1,-1,-1,-1
74,14,419.329,457.188,41.615,85.106,1,-1,-1,-1
74,15,1552.485,429.250,52.370,127.692,1,-1,-1,-1
74,17,701.737,455.595,77.743,223.109,1,-1,-1,-1
74,18,472.176,467.392,33.787,103.457,1,-1,-1,-1
75,1,913.047,483.318,97.742,111.502,1,-1,-1,-1
75,2,836.004,471.944,53.535,77.229,1,-1,-1,-1
75,3,374.723,447.287,43.095,104.950,1,-1,-1,-1
75,4,515.694,443.547,129.430,328.332,1,-1,-1,-1
75,5,611.706,439.694,97.708,294.447,1,-1,-1,-1
75,7,795.295,475.524,56.631,62.011,1,-1,-1,-1
75,8,1087.966,485.788,35.930,116.485,1,-1,-1,-1
75,9,1053.322,480.315,40.280,114.520,1,-1,-1,-1
75,10,1260.521,447.103,35.414,100.985,1,-1,-1,-1
75,11,1004.915,442.655,41.561,111.053,1,-1,-1,-1
75,12,1097.985,439.068,39.381,109.279,1,-1,-1,-1
75,14,419.353,457.067,41.665,84.968,1,-1,-1,-1
75,15,1554.622,430.192,52.502,126.789,1,-1,-1,-1
75,17,703.042,455.025,78.194,224.677,1,-1,-1,-1
75,18,472.444,467.165,33.551,103.815,1,-1,-1,-1
76,1,913.166,483.482,97.488,111.394,1,-1,-1,-1
76,2,835.663,471.928,53.526,77.086,1,-1,-1,-1
76,3,374.924,447.226,43.126,104.944,1,-1,-1,-1
76,4,521.175,443.305,127.293,327.340,1,-1,-1,-1
76,5,611.107,439.907,98.085,295.062,1,-1,-1,-1
76,7,795.395,475.551,56.236,61.511,1,-1,-1,-1
76,8,1087.931,486.007,36.174,116.215,1,-1,-1,-1
76,9,1053.369,480.659,40.304,114.324,1,-1,-1,-1
76,10,1260.458,447.176,35.443,100.840,1,-1,-1,-1
76,11,1004.689,442.536,41.600,111.023,1,-1,-1,-1
76,12,1097.868,440.649,39.620,107.751,1,-1,-1,-1
76,14,419.221,457.114,41.703,85.062,1,-1,-1,-1
76,17,704.463,454.982,78.991,225.383,1,-1,-1,-1
76,18,472.169,466.351,33.462,103.369,1,-1,-1,-1
77,1,913.192,483.413,97.495,111.292,1,-1,-1,-1
77,2,835.469,471.996,53.522,77.148,1,-1,-1,-1
77,3,374.947,447.287,43.177,104.969,1,-1,-1,-1
77,4,525.527,446.867,124.877,327.014,1,-1,-1,-1
77,5,611.492,440.609,98.076,294.241,1,-1,-1,-1
77,7,796.470,475.680,55.061,61.085,1,-1,-1,-1
77,8,1088.174,485.581,36.216,116.262,1,-1,-1,-1
77,9,1053.466,481.059,40.350,114.237,1,-1,-1,-1
77,10,1260.410,447.314,35.436,100.761,1,-1,-1,-1
77,11,1004.616,442.795,41.656,111.060,1,-1,-1,-1
77,12,1097.511,442.230,39.680,107.172,1,-1,-1,-1
77,14,419.032,457.137,41.732,85.158,1,-1,-1,-1
77,17,705.035,454.807,80.649,226.093,1,-1,-1,-1
77,18,472.401,465.723,33.754,103.606,1,-1,-1,-1
78,1,913.050,483.788,97.474,111.299,1,-1,-1,-1
78,2,835.622,471.884,53.268,76.994,1,-1,-1,-1
78,3,374.842,446.851,43.161,105.176,1,-1,-1,-1
78,4,527.793,447.387,123.114,326.898,1,-1,-1,-1
78,5,614.397,439.793,96.824,292.948,1,-1,-1,-1
78,7,797.438,476.063,53.955,60.390,1,-1,-1,-1
78,8,1088.561,485.535,36.494,116.228,1,-1,-1,-1
78,9,1052.936,480.930,40.326,113.921,1,-1,-1,-1
78,10,1260.013,447.654,35.733,100.550,1,-1,-1,-1
78,11,1004.257,442.986,41.887,110.564,1,-1,-1,-1
78,12,1097.607,444.944,39.695,106.246,1,-1,-1,-1
78,14,418.870,457.499,41.728,85.474,1,-1,-1,-1
78,17,706.064,455.074,82.715,226.670,1,-1,-1,-1
78,18,470.824,465.071,34.294,103.025,1,-1,-1,-1
79,1,913.010,483.844,97.568,111.280,1,-1,-1,-1
79,2,835.428,471.849,53.220,76.857,1,-1,-1,-1
79,3,374.564,446.698,43.370,105.424,1,-1,-1,-1
79,4,530.467,446.500,120.631,328.793,1,-1,-1,-1
79,5,614.146,439.830,96.850,293.064,1,-1,-1,-1
79,7,798.283,477.208,53.757,59.303,1,-1,-1,-1
79,8,1088.463,485.526,36.696,116.119,1,-1,-1,-1
79,9,1053.374,481.254,40.279,113.188,1,-1,-1,-1
79,10,1259.894,447.906,35.784,100.418,1,-1,-1,-1
79,11,1004.156,443.248,41.973,110.065,1,-1,-1,-1
79,12,1097.211,447.125,39.649,105.800,1,-1,-1,-1
79,14,419.155,457.543,41.752,85.652,1,-1,-1,-1
79,17,706.556,454.427,85.039,228.051,1,-1,-1,-1
79,18,469.850,465.297,34.705,102.646,1,-1,-1,-1
80,1,912.755,483.979,97.692,111.239,1,-1,-1,-1
80,2,835.346,472.225,53.354,77.010,1,-1,-1,-1
80,3,374.524,446.759,43.383,105.347,1,-1,-1,-1
80,4,531.646,446.078,118.897,330.106,1,-1,-1,-1
80,5,614.290,440.508,96.260,292.758,1,-1,-1,-1
80,8,1088.203,485.622,36.761,116.063,1,-1,-1,-1
80,9,1053.811,482.000,40.244,112.319,1,-1,-1,-1
80,10,1260.026,447.575,35.907,100.632,1,-1,-1,-1
80,11,1004.383,443.323,42.067,110.317,1,-1,-1,-1
80,12,1096.872,447.721,39.617,105.614,1,-1,-1,-1
80,14,419.465,457.149,41.686,85.695,1,-1,-1,-1
80,17,710.168,452.552,88.207,229.796,1,-1,-1,-1
80,18,469.701,465.349,34.866,102.292,1,-1,-1,-1
81,1,912.542,483.807,97.647,111.343,1,-1,-1,-1
81,2,835.368,472.194,53.369,77.092,1,-1,-1,-1
81,3,374.422,446.807,43.365,105.400,1,-1,-1,-1
81,4,534.764,446.422,116.226,331.394,1,-1,-1,-1
81,5,618.293,439.457,95.719,292.904,1,-1,-1,-1
81,8,1088.064,486.178,36.668,115.710,1,-1,-1,-1
81,9,1054.474,483.571,39.885,111.244,1,-1,-1,-1
81,10,1260.168,447.570,35.968,100.729,1,-1,-1,-1
81,11,1004.390,443.316,42.136,110.419,1,-1,-1,-1
81,12,1096.907,447.897,39.346,105.548,1,-1,-1,-1
81,14,419.594,457.557,41.833,85.902,1,-1,-1,-1
81,17,711.302,452.543,90.694,230.292,1,-1,-1,-1
81,18,468.544,465.006,35.387,102.343,1,-1,-1,-1
82,1,912.607,483.622,97.533,111.555,1,-1,-1,-1
82,2,835.278,471.994,53.443,77.564,1,-1,-1,-1
82,3,374.621,447.150,43.407,105.358,1,-1,-1,-1
82,4,537.329,444.626,114.480,333.484,1,-1,-1,-1
82,5,619.333,439.079,95.428,290.695,1,-1,-1,-1
82,8,1088.121,486.687,36.545,115.230,1,-1,-1,-1
82,9,1054.398,484.237,39.814,110.565,1,-1,-1,-1
82,10,1260.276,447.386,35.818,100.543,1,-1,-1,-1
82,11,1004.260,442.513,42.102,110.296,1,-1,-1,-1
82,14,418.980,457.719,41.774,86.098,1,-1,-1,-1
82,17,714.083,452.427,93.752,230.635,1,-1,-1,-1
82,18,468.385,465.401,35.727,103.219,1,-1,-1,-1
82,19,500.500,460.300,26.300,94.200,1,-1,-1,-1
83,1,913.135,482.875,97.403,112.008,1,-1,-1,-1
83,2,835.141,472.057,53.550,77.858,1,-1,-1,-1
83,3,374.243,447.070,43.547,105.305,1,-1,-1,-1
83,4,539.078,444.681,112.990,332.384,1,-1,-1,-1
83,5,622.469,441.730,95.629,290.345,1,-1,-1,-1
83,8,1088.025,486.661,36.539,115.213,1,-1,-1,-1
83,9,1054.591,483.400,39.599,110.587,1,-1,-1,-1
83,10,1260.538,447.120,35.710,100.733,1,-1,-1,-1
83,11,1004.218,442.650,42.077,110.151,1,-1,-1,-1
83,12,1096.995,448.251,39.231,105.593,1,-1,-1,-1
83,14,419.773,457.980,41.592,86.098,1,-1,-1,-1
83,17,715.705,456.121,94.307,228.976,1,-1,-1,-1
83,18,467.146,465.666,36.608,104.296,1,-1,-1,-1
83,19,502.236,460.801,27.627,95.198,1,-1,-1,-1
84,1,913.350,482.699,97.193,112.228,1,-1,-1,-1
84,2,835.530,472.123,53.626,78.016,1,-1,-1,-1
84,3,374.281,446.784,43.760,105.271,1,-1,-1,-1
84,4,540.019,443.587,111.749,333.454,1,-1,-1,-1
84,5,624.182,443.805,95.941,290.429,1,-1,-1,-1
84,8,1088.129,486.199,36.454,115.578,1,-1,-1,-1
84,9,1053.255,482.418,39.720,111.005,1,-1,-1,-1
84,10,1260.750,447.103,35.771,100.965,1,-1,-1,-1
84,11,1004.553,442.934,42.087,110.159,1,-1,-1,-1
84,12,1096.861,447.366,39.124,106.491,1,-1,-1,-1
84,14,420.635,458.057,40.988,85.944,1,-1,-1,-1
84,17,716.573,456.155,94.077,226.560,1,-1,-1,-1
84,18,466.255,466.575,37.429,105.635,1,-1,-1,-1
84,19,504.496,461.886,28.660,96.816,1,-1,-1,-1
85,1,913.452,483.151,97.007,112.059,1,-1,-1,-1
85,2,835.930,471.862,53.415,78.581,1,-1,-1,-1
85,3,374.120,446.727,43.997,105.221,1,-1,-1,-1
85,4,541.676,443.964,110.785,334.086,1,-1,-1,-1
85,5,624.968,443.768,96.792,292.558,1,-1,-1,-1
85,8,1088.729,484.665,36.345,116.595,1,-1,-1,-1
85,9,1053.566,482.101,39.891,111.315,1,-1,-1,-1
85,10,1261.144,447.052,35.620,101.012,1,-1,-1,-1
85,11,1004.539,443.155,41.983,109.940,1,-1,-1,-1
85,14,421.779,458.709,41.016,85.681,1,-1,-1,-1
85,17,718.224,455.934,93.766,225.899,1,-1,-1,-1
85,18,466.500,466.402,37.597,105.909,1,-1,-1,-1
85,19,504.876,460.566,29.870,99.486,1,-1,-1,-1
86,1,913.578,482.851,96.957,112.158,1,-1,-1,-1
86,2,836.528,471.554,53.095,79.016,1,-1,-1,-1
86,3,373.840,446.620,44.198,105.242,1,-1,-1,-1
86,4,542.698,444.665,110.570,333.323,1,-1,-1,-1
86,5,626.165,443.315,97.820,293.962,1,-1,-1,-1
86,8,1088.717,484.082,36.457,117.369,1,-1,-1,-1
86,9,1053.830,481.351,39.797,111.715,1,-1,-1,-1
86,10,1261.319,447.014,35.510,100.937,1,-1,-1,-1
86,11,1004.627,443.350,41.823,109.308,1,-1,-1,-1
86,14,423.790,459.021,40.409,86.102,1,-1,-1,-1
86,17,719.787,456.080,93.808,226.616,1,-1,-1,-1
86,18,466.318,466.133,37.851,104.496,1,-1,-1,-1
86,19,509.244,461.640,30.115,100.509,1,-1,-1,-1
86,20,491.400,462.300,30.200,96.800,1,-1,-1,-1
87,1,913.865,482.806,96.783,112.254,1,-1,-1,-1
87,2,836.464,471.304,52.835,79.445,1,-1,-1,-1
87,3,373.624,446.626,44.234,105.224,1,-1,-1,-1
87,4,544.350,445.249,110.859,333.946,1,-1,-1,-1
87,5,626.397,443.702,98.735,295.315,1,-1,-1,-1
87,8,1088.767,484.083,36.453,117.870,1,-1,-1,-1
87,9,1054.294,481.937,39.753,111.765,1,-1,-1,-1
87,10,1261.140,447.054,35.431,101.128,1,-1,-1,-1
87,11,1004.987,442.864,41.567,108.623,1,-1,-1,-1
87,14,423.940,459.224,39.692,86.607,1,-1,-1,-1
87,17,721.295,456.444,93.769,225.415,1,-1,-1,-1
87,18,466.219,466.965,38.168,104.497,1,-1,-1,-1
87,19,508.056,461.792,30.388,101.755,1,-1,-1,-1
88,1,913.940,482.901,96.849,112.329,1,-1,-1,-1
88,2,835.987,471.468,52.856,79.026,1,-1,-1,-1
88,3,373.341,446.474,44.261,105.266,1,-1,-1,-1
88,4,547.007,443.563,110.659,334.780,1,-1,-1,-1
88,5,627.780,443.307,99.639,294.669,1,-1,-1,-1
88,8,1088.618,483.771,36.394,118.096,1,-1,-1,-1
88,9,1053.356,482.182,39.807,112.135,1,-1,-1,-1
88,10,1261.140,447.605,35.262,101.044,1,-1,-1,-1
88,11,1005.030,443.117,41.462,107.819,1,-1,-1,-1
88,14,425.753,458.982,38.891,86.839,1,-1,-1,-1
88,17,723.172,456.800,93.377,226.930,1,-1,-1,-1
88,18,463.726,466.724,39.100,103.437,1,-1,-1,-1
88,19,507.672,461.228,30.432,102.011,1,-1,-1,-1
89,1,913.790,483.156,97.032,112.248,1,-1,-1,-1
89,2,836.360,471.632,52.733,78.858,1,-1,-1,-1
89,3,373.436,446.436,44.392,105.440,1,-1,-1,-1
89,4,548.098,445.831,112.075,334.355,1,-1,-1,-1
89,5,629.260,443.919,100.631,294.835,1,-1,-1,-1
89,8,1088.330,483.616,36.766,118.516,1,-1,-1,-1
89,9,1053.684,482.868,39.896,111.547,1,-1,-1,-1
89,10,1261.084,447.960,35.110,100.980,1,-1,-1,-1
89,11,1005.083,443.160,41.412,107.430,1,-1,-1,-1
89,14,425.789,458.944,38.695,87.203,1,-1,-1,-1
89,17,724.875,454.922,93.939,229.628,1,-1,-1,-1
89,18,463.152,466.640,39.656,102.938,1,-1,-1,-1
89,19,506.591,460.577,30.169,100.831,1,-1,-1,-1
89,20,486.562,461.431,32.676,98.637,1,-1,-1,-1
90,1,913.865,482.821,97.030,112.297,1,-1,-1,-1
90,2,836.065,471.845,52.450,78.622,1,-1,-1,-1
90,3,373.284,446.557,44.624,105.433,1,-1,-1,-1
90,4,547.840,445.809,112.866,335.159,1,-1,-1,-1
90,5,633.279,444.082,100.495,293.973,1,-1,-1,-1
90,8,1088.212,483.760,36.925,118.530,1,-1,-1,-1
90,9,1054.232,483.044,39.933,111.231,1,-1,-1,-1
90,10,1261.014,448.065,35.082,100.882,1,-1,-1,-1
90,11,1005.121,443.397,41.293,106.978,1,-1,-1,-1
90,14,425.775,458.212,38.194,87.526,1,-1,-1,-1
90,17,726.342,454.201,93.503,231.442,1,-1,-1,-1
90,18,463.100,467.300,40.486,103.712,1,-1,-1,-1
90,19,505.948,460.719,30.209,100.218,1,-1,-1,-1
91,1,914.136,482.779,97.000,112.277,1,-1,-1,-1
91,2,836.057,472.364,52.985,78.177,1,-1,-1,-1
91,3,373.337,446.605,44.820,105.429,1,-1,-1,-1
91,4,550.126,445.791,113.126,337.223,1,-1,-1,-1
91,5,631.463,445.568,100.592,294.368,1,-1,-1,-1
91,8,1088.232,483.459,36.986,118.592,1,-1,-1,-1
91,9,1053.051,482.637,39.851,111.272,1,-1,-1,-1
91,10,1260.834,448.258,35.116,100.731,1,-1,-1,-1
91,11,1005.357,443.393,40.932,106.937,1,-1,-1,-1
91,14,424.816,458.005,38.128,87.434,1,-1,-1,-1
91,17,727.905,453.659,92.973,232.789,1,-1,-1,-1
91,18,462.188,467.183,41.309,104.207,1,-1,-1,-1
91,19,507.396,462.275,30.186,101.164,1,-1,-1,-1
92,1,914.216,482.999,97.031,112.125,1,-1,-1,-1
92,2,836.054,472.782,53.514,78.089,1,-1,-1,-1
92,3,373.454,446.542,44.769,105.197,1,-1,-1,-1
92,4,551.484,446.684,113.904,340.100,1,-1,-1,-1
92,5,633.198,441.580,101.385,297.920,1,-1,-1,-1
92,8,1088.491,483.557,37.029,118.388,1,-1,-1,-1
92,9,1052.430,482.402,39.708,111.188,1,-1,-1,-1
92,10,1260.621,447.704,35.419,100.942,1,-1,-1,-1
92,11,1004.912,442.983,40.755,107.157,1,-1,-1,-1
92,14,425.069,457.329,38.421,88.134,1,-1,-1,-1
92,17,730.154,452.912,92.090,231.303,1,-1,-1,-1
92,18,462.038,467.655,41.779,104.394,1,-1,-1,-1
92,19,508.124,462.733,29.873,101.518,1,-1,-1,-1
93,1,914.266,483.101,97.000,112.096,1,-1,-1,-1
93,2,836.237,472.799,53.542,78.072,1,-1,-1,-1
93,3,373.229,446.417,44.897,105.117,1,-1,-1,-1
93,4,551.616,447.071,113.555,344.068,1,-1,-1,-1
93,5,637.589,442.907,101.794,298.203,1,-1,-1,-1
93,8,1088.627,483.611,37.032,118.210,1,-1,-1,-1
93,9,1052.299,482.544,39.906,111.085,1,-1,-1,-1
93,10,1260.357,447.290,35.640,101.233,1,-1,-1,-1
93,11,1004.962,442.910,40.709,107.408,1,-1,-1,-1
93,14,425.618,457.095,37.549,87.568,1,-1,-1,-1
93,17,732.071,453.145,90.887,232.903,1,-1,-1,-1
93,18,461.399,468.234,42.038,104.960,1,-1,-1,-1
94,1,914.454,483.138,96.841,112.154,1,-1,-1,-1
94,2,836.467,472.585,53.426,78.111,1,-1,-1,-1
94,3,373.122,446.311,44.991,105.141,1,-1,-1,-1
94,4,550.485,446.168,114.113,346.912,1,-1,-1,-1
94,5,636.999,442.821,101.747,300.129,1,-1,-1,-1
94,8,1088.825,483.387,36.869,118.045,1,-1,-1,-1
94,9,1052.107,482.403,40.079,111.178,1,-1,-1,-1
94,10,1259.986,446.919,35.940,101.508,1,-1,-1,-1
94,11,1004.767,442.837,40.729,107.404,1,-1,-1,-1
94,14,426.562,456.741,37.105,86.710,1,-1,-1,-1
94,17,735.494,452.901,89.239,232.148,1,-1,-1,-1
94,18,460.263,468.417,42.510,105.624,1,-1,-1,-1
95,1,914.209,483.111,96.887,112.062,1,-1,-1,-1
95,2,836.286,472.398,53.393,77.810,1,-1,-1,-1
95,3,372.767,446.446,45.005,105.128,1,-1,-1,-1
95,4,550.669,446.386,114.577,349.695,1,-1,-1,-1
95,5,639.378,442.324,102.576,299.026,1,-1,-1,-1
95,8,1088.640,483.786,36.804,117.733,1,-1,-1,-1
95,9,1052.017,482.390,40.120,110.936,1,-1,-1,-1
95,10,1259.709,446.241,36.327,102.164,1,-1,-1,-1
95,11,1004.718,442.782,40.884,107.659,1,-1,-1,-1
95,14,432.471,459.504,37.054,85.883,1,-1,-1,-1
95,17,738.794,453.695,87.177,232.827,1,-1,-1,-1
95,18,458.399,468.757,43.036,105.576,1,-1,-1,-1
96,1,913.829,483.375,97.279,112.002,1,-1,-1,-1
96,2,836.183,472.400,53.315,77.809,1,-1,-1,-1
96,3,372.798,446.038,44.877,105.195,1,-1,-1,-1
96,4,550.170,446.441,116.331,350.693,1,-1,-1,-1
96,5,641.652,443.367,101.566,300.173,1,-1,-1,-1
96,8,1088.801,483.280,36.509,117.495,1,-1,-1,-1
96,9,1052.193,481.782,40.376,111.464,1,-1,-1,-1
96,10,1259.279,445.979,36.800,102.425,1,-1,-1,-1
96,11,1004.795,442.881,40.887,107.784,1,-1,-1,-1
96,17,742.225,454.225,85.448,233.604,1,-1,-1,-1
96,18,456.645,467.873,43.530,105.799,1,-1,-1,-1
97,1,913.511,483.692,97.316,111.871,1,-1,-1,-1
97,2,836.072,472.392,53.232,77.891,1,-1,-1,-1
97,3,372.936,446.051,44.840,105.410,1,-1,-1,-1
97,4,550.503,445.609,117.834,352.201,1,-1,-1,-1
97,5,643.613,442.859,101.379,301.224,1,-1,-1,-1
97,8,1088.755,483.632,36.348,117.103,1,-1,-1,-1
97,9,1052.022,481.854,40.562,111.847,1,-1,-1,-1
97,10,1258.970,445.782,37.143,102.527,1,-1,-1,-1
97,11,1004.816,442.895,40.970,107.687,1,-1,-1,-1
97,17,745.470,453.811,84.051,232.310,1,-1,-1,-1
97,18,455.485,467.762,43.830,106.137,1,-1,-1,-1
98,1,913.643,483.155,97.347,112.023,1,-1,-1,-1
98,2,835.923,472.197,53.087,77.784,1,-1,-1,-1
98,3,372.921,446.134,44.703,105.535,1,-1,-1,-1
98,4,550.225,444.999,118.685,353.705,1,-1,-1,-1
98,5,642.805,441.412,101.186,302.152,1,-1,-1,-1
98,8,1088.627,484.693,36.312,116.735,1,-1,-1,-1
98,9,1052.076,481.651,40.530,111.867,1,-1,-1,-1
98,10,1258.394,445.849,37.478,102.744,1,-1,-1,-1
98,11,1004.681,443.318,41.029,107.144,1,-1,-1,-1
98,17,748.057,453.078,83.624,232.046,1,-1,-1,-1
98,18,454.587,467.413,43.988,106.473,1,-1,-1,-1
99,1,913.474,483.352,97.144,111.800,1,-1,-1,-1
99,2,835.079,472.490,53.695,77.465,1,-1,-1,-1
99,3,373.099,445.765,44.549,105.732,1,-1,-1,-1
99,4,549.036,443.290,119.145,355.684,1,-1,-1,-1
99,5,643.694,441.543,100.984,302.171,1,-1,-1,-1
99,8,1088.462,484.725,36.204,116.683,1,-1,-1,-1
99,9,1052.097,481.595,40.784,112.229,1,-1,-1,-1
99,10,1257.822,445.537,37.860,103.048,1,-1,-1,-1
99,11,1004.583,443.674,41.212,107.203,1,-1,-1,-1
99,17,750.915,453.549,83.763,232.275,1,-1,-1,-1
99,18,453.576,467.363,44.386,107.077,1,-1,-1,-1
100,1,913.299,483.389,97.355,111.726,1,-1,-1,-1
100,2,834.995,472.556,53.781,77.371,1,-1,-1,-1
100,3,373.362,445.779,44.297,105.762,1,-1,-1,-1
100,4,549.821,446.359,119.918,357.318,1,-1,-1,-1
100,5,648.664,439.865,100.639,300.332,1,-1,-1,-1
100,8,1088.923,485.248,36.097,116.424,1,-1,-1,-1
100,9,1051.669,481.645,40.774,112.093,1,-1,-1,-1
100,10,1257.551,445.474,38.055,103.121,1,-1,-1,-1
100,11,1004.540,443.823,41.097,107.069,1,-1,-1,-1
100,17,751.997,454.091,83.690,232.220,1,-1,-1,-1
100,18,452.293,466.943,44.553,107.314,1,-1,-1,-1
101,1,913.244,483.789,97.479,111.450,1,-1,-1,-1
101,2,834.707,472.372,53.677,76.968,1,-1,-1,-1
101,3,373.693,445.777,44.002,105.399,1,-1,-1,-1
101,4,550.917,446.154,121.498,358.677,1,-1,-1,-1
101,5,651.295,440.286,100.304,299.864,1,-1,-1,-1
101,8,1089.293,484.522,35.991,116.343,1,-1,-1,-1
101,9,1051.605,481.557,40.710,111.606,1,-1,-1,-1
101,10,1257.128,445.206,38.254,103.509,1,-1,-1,-1
101,11,1004.191,444.057,41.264,107.317,1,-1,-1,-1
101,17,752.734,455.034,83.726,232.876,1,-1,-1,-1
101,18,451.841,466.203,44.723,107.249,1,-1,-1,-1
101,19,510.479,462.986,29.058,104.556,1,-1,-1,-1
102,1,913.682,483.359,97.327,111.656,1,-1,-1,-1
102,2,835.450,472.317,53.572,76.591,1,-1,-1,-1
102,3,373.816,446.121,43.896,105.163,1,-1,-1,-1
102,4,552.245,446.807,121.193,359.963,1,-1,-1,-1
102,5,653.739,440.123,99.863,298.636,1,-1,-1,-1
102,8,1088.829,484.298,36.245,116.468,1,-1,-1,-1
102,9,1051.137,481.955,40.663,111.084,1,-1,-1,-1
102,10,1256.500,445.261,38.424,103.346,1,-1,-1,-1
102,11,1004.392,443.693,41.057,107.530,1,-1,-1,-1
102,17,754.472,454.233,83.572,236.023,1,-1,-1,-1
102,18,451.013,466.455,45.037,107.002,1,-1,-1,-1
102,19,507.061,463.132,28.258,100.577,1,-1,-1,-1
103,1,913.578,483.242,97.354,111.838,1,-1,-1,-1
103,2,835.672,472.586,53.851,76.066,1,-1,-1,-1
103,3,373.740,446.587,43.709,105.122,1,-1,-1,-1
103,4,553.334,446.553,121.020,360.553,1,-1,-1,-1
103,5,655.147,440.811,99.868,301.312,1,-1,-1,-1
103,8,1088.849,484.046,36.406,116.916,1,-1,-1,-1
103,9,1052.033,481.819,40.463,110.810,1,-1,-1,-1
103,10,1255.716,445.639,38.546,102.837,1,-1,-1,-1
103,11,1004.852,443.270,40.932,107.527,1,-1,-1,-1
103,17,756.565,454.156,83.334,236.553,1,-1,-1,-1
103,18,450.387,466.567,45.435,107.199,1,-1,-1,-1
103,19,506.567,464.314,29.208,102.423,1,-1,-1,-1
104,1,913.354,482.918,97.211,112.076,1,-1,-1,-1
104,2,835.968,472.500,54.056,76.052,1,-1,-1,-1
104,3,374.078,446.596,43.491,105.117,1,-1,-1,-1
104,4,553.788,444.206,121.917,362.089,1,-1,-1,-1
104,5,657.347,438.727,100.350,302.057,1,-1,-1,-1
104,8,1089.041,483.722,36.357,117.283,1,-1,-1,-1
104,9,1051.583,482.085,40.537,110.726,1,-1,-1,-1
104,10,1254.537,445.618,38.799,102.385,1,-1,-1,-1
104,11,1004.713,443.153,40.728,107.111,1,-1,-1,-1
104,17,758.010,455.138,83.781,237.719,1,-1,-1,-1
104,18,448.753,466.066,45.549,107.116,1,-1,-1,-1
104,19,507.838,464.364,30.057,102.374,1,-1,-1,-1
104,20,489.197,465.406,28.211,86.699,1,-1,-1,-1
105,1,913.441,482.616,96.943,112.328,1,-1,-1,-1
105,2,835.279,472.684,54.232,75.875,1,-1,-1,-1
105,3,374.029,446.550,43.306,105.409,1,-1,-1,-1
105,4,553.748,442.645,122.619,362.532,1,-1,-1,-1
105,5,658.575,438.689,100.423,302.138,1,-1,-1,-1
105,8,1088.916,483.172,36.407,117.885,1,-1,-1,-1
105,9,1051.743,482.162,40.428,110.876,1,-1,-1,-1
105,10,1252.943,446.016,38.791,101.667,1,-1,-1,-1
105,11,1004.530,443.116,40.718,106.811,1,-1,-1,-1
105,17,759.104,456.062,84.241,238.541,1,-1,-1,-1
105,18,447.774,466.392,45.770,107.225,1,-1,-1,-1
105,19,506.941,464.432,31.427,103.022,1,-1,-1,-1
106,1,913.505,482.559,96.912,112.571,1,-1,-1,-1
106,2,834.880,472.828,54.311,76.186,1,-1,-1,-1
106,3,373.717,446.561,43.366,105.854,1,-1,-1,-1
106,4,554.598,443.096,123.378,362.997,1,-1,-1,-1
106,5,659.953,439.753,101.258,304.066,1,-1,-1,-1
106,8,1088.767,483.554,36.496,118.110,1,-1,-1,-1
106,9,1051.081,482.367,40.401,110.715,1,-1,-1,-1
106,10,1251.782,446.304,38.811,101.451,1,-1,-1,-1
106,11,1004.609,442.688,40.548,106.942,1,-1,-1,-1
106,17,760.168,456.830,84.174,238.450,1,-1,-1,-1
106,18,447.065,466.163,45.728,107.056,1,-1,-1,-1
106,19,506.837,464.968,32.381,104.126,1,-1,-1,-1
107,1,913.739,482.889,96.807,112.748,1,-1,-1,-1
107,2,835.126,472.839,54.398,76.524,1,-1,-1,-1
107,3,374.036,446.560,43.297,105.900,1,-1,-1,-1
107,4,555.048,442.939,124.265,364.262,1,-1,-1,-1
107,5,662.379,438.953,100.729,304.267,1,-1,-1,-1
107,8,1088.490,482.931,36.644,118.362,1,-1,-1,-1
107,9,1052.292,481.941,40.408,110.487,1,-1,-1,-1
107,10,1250.412,446.421,39.075,101.552,1,-1,-1,-1
107,11,1005.258,442.839,40.423,106.957,1,-1,-1,-1
107,17,760.302,457.705,84.378,238.786,1,-1,-1,-1
107,18,446.190,466.546,45.800,105.985,1,-1,-1,-1
107,19,506.682,465.401,33.225,104.915,1,-1,-1,-1
108,1,913.643,482.675,96.814,112.906,1,-1,-1,-1
108,2,835.016,472.481,54.382,76.985,1,-1,-1,-1
108,3,374.086,446.570,43.219,105.959,1,-1,-1,-1
108,4,555.190,442.757,125.511,364.502,1,-1,-1,-1
108,5,663.117,439.027,100.981,305.540,1,-1,-1,-1
108,8,1088.443,482.952,36.781,118.795,1,-1,-1,-1
108,9,1052.502,482.116,40.524,110.380,1,-1,-1,-1
108,10,1249.696,446.747,39.210,101.288,1,-1,-1,-1
108,11,1005.443,443.100,40.305,106.886,1,-1,-1,-1
108,17,761.108,456.535,84.338,239.862,1,-1,-1,-1
108,18,445.938,467.037,45.651,105.343,1,-1,-1,-1
108,19,505.727,465.515,34.541,106.531,1,-1,-1,-1
109,1,913.818,482.549,96.652,112.990,1,-1,-1,-1
109,2,834.949,472.247,54.232,77.290,1,-1,-1,-1
109,3,373.979,446.617,43.245,106.089,1,-1,-1,-1
109,4,555.802,443.575,126.636,364.425,1,-1,-1,-1
109,5,664.446,439.289,100.370,306.921,1,-1,-1,-1
109,8,1088.232,483.402,36.826,119.186,1,-1,-1,-1
109,9,1052.775,482.250,40.636,110.469,1,-1,-1,-1
109,10,1249.501,447.086,39.143,100.955,1,-1,-1,-1
109,11,1005.479,443.234,40.522,106.989,1,-1,-1,-1
109,17,762.566,455.851,84.333,240.782,1,-1,-1,-1
109,18,445.345,466.950,45.396,104.470,1,-1,-1,-1
109,19,505.012,464.871,35.343,106.461,1,-1,-1,-1
110,1,913.824,482.724,96.779,112.836,1,-1,-1,-1
110,2,834.850,472.091,54.257,77.410,1,-1,-1,-1
110,3,373.830,446.482,43.209,106.181,1,-1,-1,-1
110,4,557.169,443.883,127.735,365.158,1,-1,-1,-1
110,5,665.724,438.947,99.726,303.228,1,-1,-1,-1
110,8,1088.517,483.340,36.637,119.213,1,-1,-1,-1
110,9,1051.878,482.519,40.717,110.396,1,-1,-1,-1
110,10,1249.225,447.663,39.230,100.519,1,-1,-1,-1
110,11,1005.126,443.166,40.485,106.419,1,-1,-1,-1
110,17,763.460,454.729,84.140,242.114,1,-1,-1,-1
110,18,444.016,467.066,45.402,103.516,1,-1,-1,-1
110,19,504.445,464.561,35.253,105.821,1,-1,-1,-1
111,1,913.749,482.780,96.981,112.671,1,-1,-1,-1
111,2,835.191,472.018,53.969,77.026,1,-1,-1,-1
111,3,373.770,446.380,43.074,106.379,1,-1,-1,-1
111,4,556.902,442.253,128.682,367.075,1,-1,-1,-1
111,5,667.442,438.787,99.134,301.552,1,-1,-1,-1
111,8,1088.408,483.438,36.609,119.239,1,-1,-1,-1
111,9,1051.373,482.982,40.750,110.561,1,-1,-1,-1
111,10,1247.818,447.511,39.682,100.832,1,-1,-1,-1
111,11,1004.653,443.352,40.430,105.391,1,-1,-1,-1
111,17,763.540,454.773,83.508,241.788,1,-1,-1,-1
111,18,442.986,467.760,45.458,103.162,1,-1,-1,-1
111,19,504.526,464.260,34.817,105.728,1,-1,-1,-1
112,1,913.720,482.487,96.992,112.713,1,-1,-1,-1
112,2,834.858,471.475,53.872,77.130,1,-1,-1,-1
112,3,373.678,446.249,43.032,106.636,1,-1,-1,-1
112,4,556.567,439.814,129.963,366.780,1,-1,-1,-1
112,5,667.385,441.437,99.314,302.618,1,-1,-1,-1
112,8,1088.457,483.486,36.615,119.093,1,-1,-1,-1
112,9,1052.117,483.001,40.526,110.479,1,-1,-1,-1
112,10,1245.793,447.085,39.931,101.356,1,-1,-1,-1
112,11,1004.362,443.928,40.306,104.841,1,-1,-1,-1
112,17,764.354,454.556,83.178,243.486,1,-1,-1,-1
112,18,442.715,468.190,45.163,103.023,1,-1,-1,-1
112,19,503.709,463.609,34.387,105.967,1,-1,-1,-1
113,1,913.633,482.918,96.888,112.495,1,-1,-1,-1
113,2,834.678,471.491,54.075,77.186,1,-1,-1,-1
113,3,373.624,446.209,43.056,106.909,1,-1,-1,-1
113,4,558.217,436.380,130.100,369.972,1,-1,-1,-1
113,5,668.901,441.063,99.410,302.319,1,-1,-1,-1
113,8,1088.458,483.609,36.783,118.826,1,-1,-1,-1
113,9,1051.584,482.978,40.636,110.374,1,-1,-1,-1
113,10,1245.029,446.630,40.058,101.813,1,-1,-1,-1
113,11,1004.769,444.776,40.077,104.162,1,-1,-1,-1
113,17,764.988,453.929,83.365,243.699,1,-1,-1,-1
113,18,441.748,468.431,44.804,102.881,1,-1,-1,-1
113,19,502.552,464.950,34.350,105.809,1,-1,-1,-1
114,1,913.895,483.223,96.453,112.194,1,-1,-1,-1
114,2,834.766,470.987,53.844,77.513,1,-1,-1,-1
114,3,373.825,446.125,43.017,106.887,1,-1,-1,-1
114,4,559.900,434.465,130.393,373.191,1,-1,-1,-1
114,5,668.778,440.902,98.926,306.806,1,-1,-1,-1
114,8,1088.455,483.872,36.659,118.487,1,-1,-1,-1
114,9,1051.336,483.227,40.772,110.271,1,-1,-1,-1
114,10,1243.937,445.758,40.317,102.404,1,-1,-1,-1
114,11,1005.002,444.961,39.773,103.004,1,-1,-1,-1
114,17,766.885,455.219,82.657,242.145,1,-1,-1,-1
114,18,441.189,468.950,44.907,103.015,1,-1,-1,-1
114,19,501.635,465.398,34.779,106.056,1,-1,-1,-1
115,1,913.844,483.360,96.656,111.841,1,-1,-1,-1
115,2,834.080,470.974,54.217,78.593,1,-1,-1,-1
115,3,374.143,446.226,43.043,106.873,1,-1,-1,-1
115,4,559.424,433.822,131.363,374.971,1,-1,-1,-1
115,5,669.778,441.191,98.976,310.604,1,-1,-1,-1
115,8,1088.273,484.306,36.842,118.080,1,-1,-1,-1
115,9,1051.863,483.218,40.759,109.917,1,-1,-1,-1
115,10,1243.008,445.125,40.641,102.646,1,-1,-1,-1
115,11,1005.702,444.690,39.219,101.941,1,-1,-1,-1
115,17,769.417,454.717,82.863,241.891,1,-1,-1,-1
115,18,440.771,468.579,44.562,103.217,1,-1,-1,-1
115,19,501.309,465.381,35.042,106.898,1,-1,-1,-1
116,1,913.912,483.649,96.885,111.363,1,-1,-1,-1
116,2,832.105,470.611,54.985,80.311,1,-1,-1,-1
116,3,374.082,446.256,43.090,106.946,1,-1,-1,-1
116,4,560.569,437.472,131.234,374.785,1,-1,-1,-1
116,5,672.525,440.493,99.731,312.331,1,-1,-1,-1
116,8,1088.404,483.976,36.839,118.194,1,-1,-1,-1
116,9,1051.571,483.045,40.697,109.986,1,-1,-1,-1
116,10,1242.051,444.814,40.518,102.558,1,-1,-1,-1
116,11,1006.104,445.118,38.867,101.265,1,-1,-1,-1
116,17,770.929,456.186,83.455,241.726,1,-1,-1,-1
116,18,440.529,467.735,44.254,103.522,1,-1,-1,-1
116,19,500.201,465.942,35.166,107.175,1,-1,-1,-1
117,1,914.168,483.720,96.967,110.932,1,-1,-1,-1
117,3,373.761,445.787,43.180,107.084,1,-1,-1,-1
117,4,557.319,441.676,132.550,376.452,1,-1,-1,-1
117,5,672.563,440.958,100.114,313.456,1,-1,-1,-1
117,8,1088.540,483.339,37.058,118.539,1,-1,-1,-1
117,9,1051.209,483.249,40.458,109.866,1,-1,-1,-1
117,10,1240.829,444.165,40.539,102.743,1,-1,-1,-1
117,11,1006.608,445.859,38.747,100.771,1,-1,-1,-1
117,17,772.963,454.042,84.394,244.638,1,-1,-1,-1
117,18,438.994,467.261,43.807,103.943,1,-1,-1,-1
117,19,499.325,466.125,35.684,107.908,1,-1,-1,-1
117,21,536.300,462.600,27.300,69.000,1,-1,-1,-1
118,1,914.432,483.581,96.533,110.642,1,-1,-1,-1
118,3,373.818,445.782,43.052,106.985,1,-1,-1,-1
118,4,558.175,443.862,132.080,377.837,1,-1,-1,-1
118,5,676.400,440.103,99.644,312.651,1,-1,-1,-1
118,8,1088.450,482.606,37.358,119.131,1,-1,-1,-1
118,9,1051.283,483.210,40.340,110.051,1,-1,-1,-1
118,10,1239.789,443.844,40.638,103.101,1,-1,-1,-1
118,11,1006.491,445.884,38.858,101.164,1,-1,-1,-1
118,17,774.608,453.192,85.522,247.432,1,-1,-1,-1
118,18,438.022,467.582,43.814,104.278,1,-1,-1,-1
118,19,499.066,465.903,35.885,108.226,1,-1,-1,-1
118,21,539.374,463.150,27.252,65.800,1,-1,-1,-1
119,1,914.623,483.864,96.053,110.644,1,-1,-1,-1
119,3,373.434,445.827,42.903,106.856,1,-1,-1,-1
119,4,560.428,440.137,131.791,379.260,1,-1,-1,-1
119,5,678.065,438.701,99.546,311.927,1,-1,-1,-1
119,8,1088.447,482.807,37.408,119.051,1,-1,-1,-1
119,9,1051.576,483.415,40.227,110.266,1,-1,-1,-1
119,10,1239.224,443.093,40.546,103.461,1,-1,-1,-1
119,11,1006.824,445.686,39.055,101.925,1,-1,-1,-1
119,17,775.968,453.349,86.992,248.827,1,-1,-1,-1
119,18,437.616,467.516,43.814,104.324,1,-1,-1,-1
119,19,497.866,466.354,35.965,107.843,1,-1,-1,-1
119,21,538.569,462.361,27.996,66.124,1,-1,-1,-1
119,22,519.300,462.300,30.000,78.000,1,-1,-1,-1
120,1,914.501,484.265,95.865,110.320,1,-1,-1,-1
120,3,373.165,445.867,42.767,106.761,1,-1,-1,-1
120,4,560.805,438.309,132.461,381.037,1,-1,-1,-1
120,5,679.179,439.661,99.556,311.590,1,-1,-1,-1
120,8,1088.521,482.963,37.471,118.800,1,-1,-1,-1
120,9,1051.804,483.244,40.281,110.322,1,-1,-1,-1
120,10,1238.640,442.681,40.454,103.993,1,-1,-1,-1
120,11,1006.856,445.531,39.118,102.637,1,-1,-1,-1
120,17,777.298,449.638,88.954,250.547,1,-1,-1,-1
120,18,436.948,467.884,44.176,104.600,1,-1,-1,-1
120,19,497.783,466.538,35.795,107.456,1,-1,-1,-1
120,21,532.606,462.456,29.288,71.524,1,-1,-1,-1
121,1,914.258,484.769,96.055,109.949,1,-1,-1,-1
121,3,373.444,446.075,42.612,106.470,1,-1,-1,-1
121,4,560.866,444.785,132.828,378.312,1,-1,-1,-1
121,5,678.538,440.841,99.893,311.714,1,-1,-1,-1
121,8,1088.751,482.576,37.547,119.142,1,-1,-1,-1
121,9,1051.704,483.318,40.349,110.584,1,-1,-1,-1
121,10,1237.883,442.629,40.495,104.390,1,-1,-1,-1
121,11,1006.996,445.242,39.077,102.908,1,-1,-1,-1
121,17,779.308,450.639,90.957,251.333,1,-1,-1,-1
121,18,436.174,468.457,44.688,104.752,1,-1,-1,-1
121,19,497.676,467.316,35.777,106.460,1,-1,-1,-1
121,21,533.228,459.165,29.087,69.885,1,-1,-1,-1
122,1,914.604,484.737,95.837,109.731,1,-1,-1,-1
122,3,373.577,446.032,42.307,106.279,1,-1,-1,-1
122,4,564.464,441.734,132.170,380.032,1,-1,-1,-1
122,5,679.114,440.972,100.251,312.247,1,-1,-1,-1
122,8,1088.879,483.042,37.491,119.029,1,-1,-1,-1
122,9,1051.618,483.474,40.341,110.359,1,-1,-1,-1
122,10,1237.464,442.880,40.496,104.597,1,-1,-1,-1
122,11,1006.775,445.003,39.212,103.008,1,-1,-1,-1
122,17,781.291,450.708,92.496,251.794,1,-1,-1,-1
122,18,435.041,468.821,45.173,105.032,1,-1,-1,-1
122,19,497.372,468.183,35.535,105.836,1,-1,-1,-1
122,21,533.111,458.367,29.701,70.838,1,-1,-1,-1
123,1,915.100,484.253,95.024,109.937,1,-1,-1,-1
123,3,373.786,445.975,42.139,106.222,1,-1,-1,-1
123,4,565.796,439.644,132.454,381.261,1,-1,-1,-1
123,5,680.570,441.415,99.722,313.799,1,-1,-1,-1
123,8,1088.695,483.786,37.476,118.310,1,-1,-1,-1
123,9,1051.838,483.674,40.225,110.055,1,-1,-1,-1
123,10,1236.609,443.978,40.110,104.247,1,-1,-1,-1
123,11,1006.672,444.329,39.230,103.296,1,-1,-1,-1
123,17,784.569,454.262,94.244,250.391,1,-1,-1,-1
123,18,434.543,469.339,45.216,104.960,1,-1,-1,-1
123,19,497.788,468.536,35.188,105.337,1,-1,-1,-1
123,21,531.660,457.837,31.144,74.398,1,-1,-1,-1
124,1,915.332,483.997,94.954,110.157,1,-1,-1,-1
124,3,374.222,446.258,41.823,105.658,1,-1,-1,-1
124,4,565.999,441.847,133.889,384.716,1,-1,-1,-1
124,5,681.861,439.421,99.662,314.642,1,-1,-1,-1
124,8,1088.514,484.026,37.491,117.927,1,-1,-1,-1
124,9,1051.914,483.738,40.003,109.829,1,-1,-1,-1
124,10,1236.255,444.931,39.745,103.634,1,-1,-1,-1
124,11,1006.132,444.178,39.191,103.721,1,-1,-1,-1
124,17,785.691,454.123,94.632,250.140,1,-1,-1,-1
124,18,433.131,469.270,45.440,104.997,1,-1,-1,-1
124,19,497.244,469.647,35.242,105.067,1,-1,-1,-1
124,21,530.663,457.697,31.328,74.694,1,-1,-1,-1
125,1,915.049,483.106,95.211,110.655,1,-1,-1,-1
125,3,374.073,446.586,41.811,105.135,1,-1,-1,-1
125,4,567.554,441.753,134.938,388.247,1,-1,-1,-1
125,5,681.694,439.331,99.566,315.959,1,-1,-1,-1
125,8,1088.126,483.734,37.613,117.762,1,-1,-1,-1
125,9,1051.766,483.471,39.815,109.932,1,-1,-1,-1
125,10,1235.119,445.346,39.505,103.099,1,-1,-1,-1
125,11,1005.410,444.117,38.966,103.371,1,-1,-1,-1
125,17,787.497,453.952,94.759,251.433,1,-1,-1,-1
125,18,431.241,468.081,46.912,105.496,1,-1,-1,-1
125,19,497.576,469.456,35.118,105.517,1,-1,-1,-1
125,21,531.045,455.195,32.059,76.569,1,-1,-1,-1
126,1,915.028,482.829,95.395,110.853,1,-1,-1,-1
126,3,373.806,446.586,41.967,104.925,1,-1,-1,-1
126,4,569.916,445.383,135.512,385.343,1,-1,-1,-1
126,5,682.475,438.375,99.330,317.046,1,-1,-1,-1
126,8,1087.958,483.306,37.701,117.615,1,-1,-1,-1
126,9,1052.005,483.319,39.677,109.873,1,-1,-1,-1
126,10,1233.198,446.268,39.439,102.735,1,-1,-1,-1
126,11,1005.021,444.749,39.047,102.648,1,-1,-1,-1
126,17,787.729,456.963,95.062,251.693,1,-1,-1,-1
126,18,429.177,467.777,48.452,105.712,1,-1,-1,-1
126,19,496.840,469.695,35.052,105.763,1,-1,-1,-1
126,21,528.635,455.388,31.666,74.654,1,-1,-1,-1
127,1,914.869,483.351,95.634,110.724,1,-1,-1,-1
127,3,373.716,446.725,42.136,104.831,1,-1,-1,-1
127,4,570.656,444.650,135.250,386.971,1,-1,-1,-1
127,5,682.849,438.409,99.275,319.068,1,-1,-1,-1
127,8,1087.675,482.577,38.042,117.910,1,-1,-1,-1
127,9,1052.391,483.021,39.688,110.135,1,-1,-1,-1
127,10,1231.738,446.132,39.885,102.648,1,-1,-1,-1
127,11,1005.644,444.839,38.915,102.481,1,-1,-1,-1
127,17,788.523,458.055,95.531,252.192,1,-1,-1,-1
127,18,427.394,466.828,49.720,106.477,1,-1,-1,-1
127,19,496.180,469.330,35.090,106.224,1,-1,-1,-1
127,21,529.291,454.836,31.453,73.213,1,-1,-1,-1
128,1,913.344,484.026,95.649,110.902,1,-1,-1,-1
128,3,373.532,446.830,42.370,105.016,1,-1,-1,-1
128,4,571.029,441.676,136.324,389.007,1,-1,-1,-1
128,5,682.964,440.444,99.697,320.477,1,-1,-1,-1
128,8,1087.278,482.258,38.426,117.849,1,-1,-1,-1
128,9,1052.855,483.016,39.776,109.888,1,-1,-1,-1
128,10,1229.569,445.589,40.210,102.613,1,-1,-1,-1
128,11,1005.040,445.160,38.982,101.977,1,-1,-1,-1
128,17,788.359,455.158,96.392,254.718,1,-1,-1,-1
128,18,425.729,465.938,50.927,107.632,1,-1,-1,-1
128,19,495.142,468.884,35.198,106.536,1,-1,-1,-1
128,21,530.343,454.337,31.366,72.704,1,-1,-1,-1
129,1,913.840,484.144,95.793,110.787,1,-1,-1,-1
129,3,373.602,446.872,42.705,105.019,1,-1,-1,-1
129,4,571.217,440.630,137.869,390.154,1,-1,-1,-1
129,5,685.018,439.274,99.298,322.523,1,-1,-1,-1
129,8,1087.434,481.547,38.680,118.165,1,-1,-1,-1
129,9,1052.462,482.708,39.703,109.952,1,-1,-1,-1
129,10,1227.888,446.461,40.282,101.745,1,-1,-1,-1
129,11,1005.255,444.892,38.842,102.045,1,-1,-1,-1
129,17,789.333,454.086,96.687,254.214,1,-1,-1,-1
129,18,423.472,464.862,52.082,108.634,1,-1,-1,-1
129,19,493.998,468.659,35.522,106.294,1,-1,-1,-1
129,21,530.270,454.648,31.253,72.627,1,-1,-1,-1
130,1,914.185,484.281,96.062,110.623,1,-1,-1,-1
130,3,373.737,446.871,42.812,104.987,1,-1,-1,-1
130,4,572.496,440.692,137.599,391.531,1,-1,-1,-1
130,5,685.803,439.777,99.987,323.532,1,-1,-1,-1
130,8,1087.422,481.701,38.920,118.229,1,-1,-1,-1
130,9,1051.887,482.279,39.677,109.752,1,-1,-1,-1
130,10,1226.853,447.314,40.389,100.694,1,-1,-1,-1
130,11,1005.924,444.720,38.794,102.017,1,-1,-1,-1
130,17,791.162,454.506,95.865,255.739,1,-1,-1,-1
130,18,421.871,464.351,53.026,109.028,1,-1,-1,-1
130,19,493.110,468.984,35.926,106.412,1,-1,-1,-1
130,21,530.179,454.936,31.310,73.425,1,-1,-1,-1
131,1,914.761,484.009,95.929,110.554,1,-1,-1,-1
131,3,373.955,447.046,42.781,105.016,1,-1,-1,-1
131,4,573.246,442.605,139.766,393.727,1,-1,-1,-1
131,5,686.597,437.278,100.494,325.084,1,-1,-1,-1
131,8,1087.367,481.801,38.984,118.050,1,-1,-1,-1
131,9,1052.090,482.737,39.411,109.680,1,-1,-1,-1
131,10,1225.286,447.021,40.628,100.414,1,-1,-1,-1
131,11,1005.451,444.920,38.927,102.392,1,-1,-1,-1
131,17,793.497,453.244,95.629,257.704,1,-1,-1,-1
131,18,419.832,464.556,54.676,108.713,1,-1,-1,-1
131,19,492.904,468.239,36.110,106.679,1,-1,-1,-1
131,21,529.385,455.648,31.564,73.739,1,-1,-1,-1
132,1,914.804,483.733,96.033,111.000,1,-1,-1,-1
132,3,374.097,446.813,42.650,105.168,1,-1,-1,-1
132,4,573.237,443.466,140.774,396.277,1,-1,-1,-1
132,5,687.253,435.060,100.499,325.119,1,-1,-1,-1
132,8,1086.971,482.563,38.975,117.585,1,-1,-1,-1
132,9,1052.514,483.271,39.272,109.656,1,-1,-1,-1
132,10,1224.360,446.006,41.189,100.674,1,-1,-1,-1
132,11,1005.190,444.472,38.945,102.932,1,-1,-1,-1
132,17,795.798,452.349,94.760,259.062,1,-1,-1,-1
132,18,417.374,464.941,57.039,107.792,1,-1,-1,-1
132,19,491.803,468.420,36.492,106.886,1,-1,-1,-1
132,21,528.102,456.178,31.551,73.883,1,-1,-1,-1
133,1,914.627,483.864,96.131,111.025,1,-1,-1,-1
133,3,374.128,446.852,42.579,105.035,1,-1,-1,-1
133,4,576.419,438.362,141.239,399.109,1,-1,-1,-1
133,5,688.129,435.036,100.225,323.485,1,-1,-1,-1
133,8,1086.859,483.496,38.830,117.107,1,-1,-1,-1
133,9,1053.100,483.383,39.087,109.308,1,-1,-1,-1
133,10,1222.779,445.974,41.323,100.654,1,-1,-1,-1
133,11,1004.784,444.386,39.179,103.427,1,-1,-1,-1
133,17,797.227,450.720,94.322,260.833,1,-1,-1,-1
133,18,414.709,465.241,58.592,107.074,1,-1,-1,-1
133,19,491.294,468.737,37.306,107.768,1,-1,-1,-1
133,21,528.063,456.504,31.809,74.096,1,-1,-1,-1
134,1,914.471,483.980,96.473,110.770,1,-1,-1,-1
134,3,373.862,446.442,42.584,105.049,1,-1,-1,-1
134,4,574.831,440.464,142.880,400.026,1,-1,-1,-1
134,5,688.638,435.379,100.159,322.483,1,-1,-1,-1
134,8,1086.861,484.269,38.559,116.482,1,-1,-1,-1
134,9,1053.578,483.942,38.896,108.860,1,-1,-1,-1
134,10,1221.498,446.640,41.172,100.468,1,-1,-1,-1
134,11,1003.871,444.003,39.155,103.665,1,-1,-1,-1
134,17,799.872,450.046,94.351,261.536,1,-1,-1,-1
134,18,413.182,466.125,59.499,106.248,1,-1,-1,-1
134,19,490.671,467.330,37.721,107.423,1,-1,-1,-1
134,21,529.454,456.450,32.089,75.720,1,-1,-1,-1
135,1,913.959,484.319,96.723,110.669,1,-1,-1,-1
135,3,373.471,446.397,42.643,105.227,1,-1,-1,-1
135,4,575.071,444.206,142.453,397.130,1,-1,-1,-1
135,5,689.159,431.639,100.266,324.949,1,-1,-1,-1
135,8,1087.080,484.713,38.416,116.269,1,-1,-1,-1
135,9,1053.817,484.236,38.703,108.722,1,-1,-1,-1
135,10,1219.764,446.581,40.876,101.021,1,-1,-1,-1
135,11,1003.420,444.094,38.972,103.478,1,-1,-1,-1
135,17,801.910,449.220,93.490,262.606,1,-1,-1,-1
135,18,411.429,466.878,60.434,105.366,1,-1,-1,-1
135,19,489.213,467.017,38.132,106.712,1,-1,-1,-1
135,21,529.208,456.162,31.928,75.889,1,-1,-1,-1
136,1,914.116,484.495,96.246,110.341,1,-1,-1,-1
136,3,373.416,446.850,42.739,105.138,1,-1,-1,-1
136,4,574.614,446.053,142.139,397.482,1,-1,-1,-1
136,5,689.889,434.515,100.683,323.179,1,-1,-1,-1
136,8,1087.331,484.871,38.422,116.335,1,-1,-1,-1
136,9,1053.107,484.155,38.398,108.855,1,-1,-1,-1
136,10,1219.045,446.675,40.437,101.260,1,-1,-1,-1
136,11,1002.922,444.004,38.782,103.203,1,-1,-1,-1
136,17,804.504,449.031,92.612,263.540,1,-1,-1,-1
136,18,410.517,467.222,61.028,105.112,1,-1,-1,-1
136,19,488.046,466.950,38.762,106.208,1,-1,-1,-1
136,21,529.591,455.906,31.788,76.313,1,-1,-1,-1
137,1,913.845,484.634,96.530,110.329,1,-1,-1,-1
137,3,373.360,446.284,42.783,105.210,1,-1,-1,-1
137,4,574.829,447.108,143.204,399.139,1,-1,-1,-1
137,5,690.872,434.904,101.134,324.838,1,-1,-1,-1
137,8,1087.919,484.890,38.288,116.241,1,-1,-1,-1
137,9,1052.081,483.791,38.617,109.309,1,-1,-1,-1
137,10,1217.751,446.067,40.366,101.719,1,-1,-1,-1
137,11,1003.099,444.160,38.645,103.112,1,-1,-1,-1
137,17,806.249,451.469,91.493,263.374,1,-1,-1,-1
137,18,409.208,466.324,61.488,105.179,1,-1,-1,-1
137,19,486.912,467.437,39.504,106.757,1,-1,-1,-1
137,21,529.764,454.720,31.107,76.165,1,-1,-1,-1
138,1,913.331,484.275,97.069,110.493,1,-1,-1,-1
138,3,373.423,445.906,42.764,105.696,1,-1,-1,-1
138,4,573.590,448.162,144.950,401.859,1,-1,-1,-1
138,5,692.728,435.315,102.068,326.639,1,-1,-1,-1
138,8,1088.008,484.677,38.245,116.119,1,-1,-1,-1
138,9,1052.806,483.064,38.365,109.611,1,-1,-1,-1
138,10,1216.865,445.608,40.618,102.349,1,-1,-1,-1
138,11,1002.555,443.720,38.655,102.968,1,-1,-1,-1
138,17,808.753,450.921,90.408,264.481,1,-1,-1,-1
138,18,407.626,466.726,62.399,105.093,1,-1,-1,-1
138,19,485.735,466.989,39.681,107.057,1,-1,-1,-1
138,21,530.232,453.485,30.320,76.113,1,-1,-1,-1
139,1,913.589,483.965,97.023,110.575,1,-1,-1,-1
139,3,373.369,445.783,42.719,105.449,1,-1,-1,-1
139,4,571.471,443.978,147.876,407.293,1,-1,-1,-1
139,5,695.727,433.987,102.862,328.716,1,-1,-1,-1
139,8,1088.068,485.545,38.240,115.672,1,-1,-1,-1
139,9,1052.914,483.288,38.152,109.509,1,-1,-1,-1
139,10,1216.055,445.571,40.691,102.771,1,-1,-1,-1
139,11,1002.622,443.360,38.581,103.106,1,-1,-1,-1
139,17,812.139,450.536,89.912,264.649,1,-1,-1,-1
139,18,407.574,467.450,62.895,104.768,1,-1,-1,-1
139,19,485.428,467.384,39.835,107.216,1,-1,-1,-1
139,21,531.034,453.656,30.162,74.891,1,-1,-1,-1
140,1,913.676,483.954,96.768,110.522,1,-1,-1,-1
140,3,373.794,445.822,42.466,105.318,1,-1,-1,-1
140,4,570.239,445.160,148.491,409.036,1,-1,-1,-1
140,5,697.741,435.283,104.862,330.008,1,-1,-1,-1
140,8,1087.930,486.247,38.099,115.014,1,-1,-1,-1
140,9,1052.458,483.989,38.544,109.286,1,-1,-1,-1
140,10,1214.550,445.688,40.771,103.189,1,-1,-1,-1
140,11,1002.640,443.573,38.583,103.184,1,-1,-1,-1
140,17,814.519,449.258,89.574,264.414,1,-1,-1,-1
140,18,406.540,466.562,63.089,104.752,1,-1,-1,-1
140,19,484.484,467.162,40.281,107.628,1,-1,-1,-1
140,21,531.739,453.605,29.833,75.071,1,-1,-1,-1
140,23,1108.600,459.400,35.000,85.600,1,-1,-1,-1
141,1,912.974,483.519,97.165,110.906,1,-1,-1,-1
141,3,373.927,446.036,42.557,105.396,1,-1,-1,-1
141,4,569.842,443.853,150.633,414.912,1,-1,-1,-1
141,5,699.850,434.596,107.417,330.950,1,-1,-1,-1
141,8,1087.633,486.699,38.077,114.451,1,-1,-1,-1
141,9,1053.168,484.207,38.885,109.100,1,-1,-1,-1
141,10,1213.032,446.116,40.746,103.299,1,-1,-1,-1
141,11,1002.839,443.262,38.474,103.155,1,-1,-1,-1
141,17,816.372,449.781,89.775,265.495,1,-1,-1,-1
141,18,405.633,466.380,63.145,104.762,1,-1,-1,-1
141,19,483.100,467.440,40.712,107.384,1,-1,-1,-1
141,21,532.329,453.955,29.658,74.089,1,-1,-1,-1
141,23,1107.898,458.067,35.905,86.765,1,-1,-1,-1
142,1,913.064,483.219,97.323,111.455,1,-1,-1,-1
142,3,373.804,446.179,42.677,105.371,1,-1,-1,-1
142,4,569.250,444.529,150.141,415.517,1,-1,-1,-1
142,5,701.480,437.230,111.397,332.748,1,-1,-1,-1
142,8,1087.935,486.761,38.089,114.318,1,-1,-1,-1
142,9,1053.183,484.264,39.134,109.078,1,-1,-1,-1
142,10,1211.816,445.746,40.590,103.292,1,-1,-1,-1
142,11,1003.171,443.358,38.257,103.046,1,-1,-1,-1
142,17,816.825,450.559,90.491,268.332,1,-1,-1,-1
142,18,404.719,466.155,62.605,104.888,1,-1,-1,-1
142,19,482.128,466.413,41.222,107.726,1,-1,-1,-1
142,21,528.776,456.525,29.695,72.911,1,-1,-1,-1
142,23,1105.732,460.503,36.725,88.582,1,-1,-1,-1
143,1,914.934,483.101,95.216,111.870,1,-1,-1,-1
143,3,373.165,445.514,42.796,105.822,1,-1,-1,-1
143,4,569.057,442.450,151.101,419.761,1,-1,-1,-1
143,5,701.411,434.501,114.565,332.114,1,-1,-1,-1
143,8,1087.712,486.000,38.179,114.001,1,-1,-1,-1
143,9,1052.556,484.016,39.316,108.951,1,-1,-1,-1
143,10,1210.189,445.512,40.587,103.536,1,-1,-1,-1
143,11,1002.847,443.558,38.234,102.421,1,-1,-1,-1
143,17,818.292,448.855,90.274,268.689,1,-1,-1,-1
143,18,403.335,466.029,62.710,105.347,1,-1,-1,-1
143,19,481.430,466.053,41.592,107.993,1,-1,-1,-1
143,21,529.992,456.161,28.838,72.732,1,-1,-1,-1
143,23,1107.966,453.810,37.915,92.856,1,-1,-1,-1
143,24,513.800,462.500,31.300,74.200,1,-1,-1,-1
144,1,914.941,484.232,94.582,112.158,1,-1,-1,-1
144,3,373.176,445.558,43.184,106.056,1,-1,-1,-1
144,4,566.723,443.172,152.174,422.985,1,-1,-1,-1
144,5,702.989,435.999,118.191,330.436,1,-1,-1,-1
144,8,1087.640,486.630,38.189,113.605,1,-1,-1,-1
144,9,1052.264,483.816,39.229,108.852,1,-1,-1,-1
144,10,1209.087,446.557,40.198,102.863,1,-1,-1,-1
144,11,1002.583,444.137,38.190,101.967,1,-1,-1,-1
144,17,819.193,448.741,89.974,268.392,1,-1,-1,-1
144,18,401.847,465.948,62.975,105.657,1,-1,-1,-1
144,19,479.742,466.693,41.943,108.241,1,-1,-1,-1
144,21,532.508,454.920,28.408,72.129,1,-1,-1,-1
144,23,1113.245,449.742,39.040,95.934,1,-1,-1,-1
144,24,516.139,462.444,30.322,72.511,1,-1,-1,-1
145,1,914.931,484.465,94.236,112.723,1,-1,-1,-1
145,3,373.056,445.474,43.385,106.413,1,-1,-1,-1
145,4,565.299,440.809,151.419,425.827,1,-1,-1,-1
145,5,704.504,436.043,121.272,329.069,1,-1,-1,-1
145,8,1087.592,486.415,38.168,113.315,1,-1,-1,-1
145,9,1052.777,483.839,39.386,109.009,1,-1,-1,-1
145,10,1207.795,446.969,39.722,102.766,1,-1,-1,-1
145,11,1002.588,444.316,38.102,101.554,1,-1,-1,-1
145,17,820.719,449.218,90.189,270.951,1,-1,-1,-1
145,18,401.507,465.788,62.562,106.103,1,-1,-1,-1
145,19,478.445,466.886,42.257,108.893,1,-1,-1,-1
145,23,1115.801,448.671,40.126,96.417,1,-1,-1,-1
145,24,519.749,459.539,29.343,71.252,1,-1,-1,-1
146,1,915.163,486.208,92.327,112.365,1,-1,-1,-1
146,3,373.033,445.482,43.419,106.145,1,-1,-1,-1
146,4,564.492,440.844,150.677,428.765,1,-1,-1,-1
146,5,707.464,438.191,123.814,331.849,1,-1,-1,-1
146,8,1087.809,486.314,38.017,113.372,1,-1,-1,-1
146,9,1053.005,484.199,39.118,109.345,1,-1,-1,-1
146,10,1207.062,446.492,39.128,102.687,1,-1,-1,-1
146,11,1002.430,444.682,38.072,102.045,1,-1,-1,-1
146,17,823.072,449.587,89.424,272.122,1,-1,-1,-1
146,18,400.704,465.103,62.644,106.415,1,-1,-1,-1
146,19,477.186,466.776,42.457,109.441,1,-1,-1,-1
146,23,1116.978,447.468,40.518,96.704,1,-1,-1,-1
146,24,517.679,458.252,30.178,74.142,1,-1,-1,-1
147,3,372.635,445.656,43.362,106.030,1,-1,-1,-1
147,4,563.707,440.773,150.376,431.164,1,-1,-1,-1
147,5,709.783,436.543,125.841,331.868,1,-1,-1,-1
147,8,1088.206,485.655,37.854,113.654,1,-1,-1,-1
147,9,1051.782,483.974,39.608,109.605,1,-1,-1,-1
147,10,1206.444,445.961,38.749,102.762,1,-1,-1,-1
147,11,1002.344,444.234,37.991,101.968,1,-1,-1,-1
147,17,825.294,450.251,89.174,273.978,1,-1,-1,-1
147,18,400.912,464.980,62.759,106.915,1,-1,-1,-1
147,19,476.582,464.899,42.247,110.375,1,-1,-1,-1
147,21,530.206,454.969,27.488,73.949,1,-1,-1,-1
147,23,1120.368,448.780,39.194,95.348,1,-1,-1,-1
147,24,513.845,457.746,32.051,80.124,1,-1,-1,-1
148,3,372.670,445.738,43.102,106.020,1,-1,-1,-1
148,4,560.376,438.903,150.851,436.743,1,-1,-1,-1
148,5,710.940,436.127,127.217,333.193,1,-1,-1,-1
148,8,1088.516,484.636,37.929,114.255,1,-1,-1,-1
148,9,1052.077,483.948,39.388,109.520,1,-1,-1,-1
148,10,1204.955,445.623,38.583,102.931,1,-1,-1,-1
148,11,1002.173,443.711,37.986,101.667,1,-1,-1,-1
148,17,827.065,451.204,89.400,275.213,1,-1,-1,-1
148,18,401.428,464.847,62.706,107.543,1,-1,-1,-1
148,19,475.472,463.626,42.348,111.655,1,-1,-1,-1
148,21,526.228,456.701,28.469,77.550,1,-1,-1,-1
148,23,1123.328,450.800,37.689,93.932,1,-1,-1,-1
148,24,506.798,457.921,34.292,89.896,1,-1,-1,-1
149,3,372.611,445.705,43.216,106.408,1,-1,-1,-1
149,4,558.390,439.251,150.404,440.143,1,-1,-1,-1
149,5,712.472,435.945,127.625,335.424,1,-1,-1,-1
149,8,1088.333,483.801,38.231,114.796,1,-1,-1,-1
149,9,1051.822,484.076,39.584,109.469,1,-1,-1,-1
149,10,1203.125,445.461,38.516,102.866,1,-1,-1,-1
149,11,1002.320,443.591,38.092,101.201,1,-1,-1,-1
149,17,828.817,451.675,90.021,273.407,1,-1,-1,-1
149,18,401.382,465.044,62.635,107.945,1,-1,-1,-1
149,19,474.393,463.149,42.382,112.069,1,-1,-1,-1
149,23,1125.500,452.564,36.848,92.248,1,-1,-1,-1
149,24,503.493,457.595,36.054,97.457,1,-1,-1,-1
150,3,372.620,445.946,43.462,106.506,1,-1,-1,-1
150,4,554.613,438.507,150.959,443.905,1,-1,-1,-1
150,5,712.319,435.763,126.946,334.973,1,-1,-1,-1
150,8,1088.773,483.002,38.236,115.711,1,-1,-1,-1
150,9,1051.914,483.949,39.674,109.734,1,-1,-1,-1
150,10,1202.008,445.524,38.439,102.790,1,-1,-1,-1
150,11,1001.792,443.526,38.003,100.613,1,-1,-1,-1
150,17,831.034,452.737,89.389,275.491,1,-1,-1,-1
150,18,400.957,465.081,62.687,107.520,1,-1,-1,-1
150,19,473.723,463.478,41.794,111.932,1,-1,-1,-1
150,23,1126.081,453.768,36.037,91.773,1,-1,-1,-1
150,24,502.436,457.685,37.233,102.964,1,-1,-1,-1
151,3,372.359,445.963,43.696,106.495,1,-1,-1,-1
151,4,552.333,436.836,152.125,447.059,1,-1,-1,-1
151,5,714.467,437.382,125.795,335.586,1,-1,-1,-1
151,8,1088.536,482.690,38.323,116.607,1,-1,-1,-1
151,9,1051.812,483.989,39.659,110.112,1,-1,-1,-1
151,10,1201.124,446.221,38.108,102.267,1,-1,-1,-1
151,11,1002.000,443.100,38.139,101.265,1,-1,-1,-1
151,17,832.501,452.892,89.480,277.789,1,-1,-1,-1
151,18,400.784,465.562,62.970,107.210,1,-1,-1,-1
151,19,473.153,464.458,41.473,111.612,1,-1,-1,-1
151,23,1127.305,454.751,35.347,90.950,1,-1,-1,-1
151,24,501.894,456.688,37.759,106.691,1,-1,-1,-1
152,3,372.764,445.986,44.085,106.325,1,-1,-1,-1
152,4,550.364,436.733,153.332,450.132,1,-1,-1,-1
152,5,716.854,437.522,123.525,333.543,1,-1,-1,-1
152,8,1088.681,481.292,38.471,117.623,1,-1,-1,-1
152,9,1052.206,483.780,39.704,110.637,1,-1,-1,-1
152,10,1199.186,446.064,38.331,101.998,1,-1,-1,-1
152,11,1002.096,443.289,38.297,102.127,1,-1,-1,-1
152,17,832.394,454.267,90.466,278.010,1,-1,-1,-1
152,18,399.474,466.079,63.973,106.816,1,-1,-1,-1
152,19,473.084,465.162,40.851,111.549,1,-1,-1,-1
152,23,1127.615,455.601,34.763,90.154,1,-1,-1,-1
152,24,500.441,455.513,38.174,109.979,1,-1,-1,-1
153,1,886.145,477.782,89.446,155.604,1,-1,-1,-1
153,3,372.718,445.912,44.176,106.032,1,-1,-1,-1
153,4,547.062,435.317,154.650,453.205,1,-1,-1,-1
153,5,719.316,438.050,122.494,333.166,1,-1,-1,-1
153,8,1088.666,481.481,38.792,117.886,1,-1,-1,-1
153,9,1052.006,483.319,39.900,110.811,1,-1,-1,-1
153,10,1197.783,446.393,38.659,101.835,1,-1,-1,-1
153,11,1002.301,443.041,38.223,103.034,1,-1,-1,-1
153,17,834.264,452.084,89.847,279.736,1,-1,-1,-1
153,18,398.774,467.210,64.344,106.362,1,-1,-1,-1
153,19,472.710,466.255,40.643,111.180,1,-1,-1,-1
153,23,1128.116,456.464,34.433,89.833,1,-1,-1,-1
153,24,498.178,454.349,36.937,110.083,1,-1,-1,-1
154,1,886.082,467.025,86.389,179.317,1,-1,-1,-1
154,3,372.600,446.112,44.215,105.791,1,-1,-1,-1
154,4,545.061,432.687,156.126,455.424,1,-1,-1,-1
154,5,721.453,437.505,122.189,334.626,1,-1,-1,-1
154,8,1088.267,481.847,39.107,117.800,1,-1,-1,-1
154,9,1051.765,483.114,40.042,110.937,1,-1,-1,-1
154,10,1196.433,446.948,38.870,101.437,1,-1,-1,-1
154,11,1002.221,443.270,38.189,103.193,1,-1,-1,-1
154,17,833.470,450.588,90.099,282.857,1,-1,-1,-1
154,18,398.780,467.455,64.502,106.030,1,-1,-1,-1
154,19,471.875,466.661,40.631,111.378,1,-1,-1,-1
154,23,1129.028,457.187,34.262,88.914,1,-1,-1,-1
154,24,497.704,452.794,34.868,107.234,1,-1,-1,-1
155,1,890.496,459.674,82.619,194.774,1,-1,-1,-1
155,3,372.354,446.097,44.436,105.815,1,-1,-1,-1
155,4,543.123,430.477,157.614,457.787,1,-1,-1,-1
155,5,723.045,436.801,121.889,336.739,1,-1,-1,-1
155,8,1088.225,482.167,39.200,117.677,1,-1,-1,-1
155,9,1051.723,483.165,40.064,111.052,1,-1,-1,-1
155,10,1195.059,447.421,38.995,100.955,1,-1,-1,-1
155,11,1002.349,443.270,38.387,103.625,1,-1,-1,-1
155,17,835.619,449.415,88.260,284.564,1,-1,-1,-1
155,18,398.409,467.598,64.368,106.060,1,-1,-1,-1
155,19,471.136,466.646,40.541,111.978,1,-1,-1,-1
155,23,1129.642,456.464,34.208,89.500,1,-1,-1,-1
155,24,498.890,452.475,33.366,103.833,1,-1,-1,-1
156,1,893.239,456.384,80.826,206.805,1,-1,-1,-1
156,3,371.776,446.309,44.706,105.584,1,-1,-1,-1
156,4,541.239,430.394,158.200,459.155,1,-1,-1,-1
156,5,725.000,436.659,120.976,337.665,1,-1,-1,-1
156,8,1088.189,481.815,39.077,117.798,1,-1,-1,-1
156,9,1052.294,483.324,40.467,111.600,1,-1,-1,-1
156,10,1193.376,447.559,39.361,100.722,1,-1,-1,-1
156,11,1001.711,443.082,38.336,103.381,1,-1,-1,-1
156,17,836.469,447.266,87.338,286.891,1,-1,-1,-1
156,18,398.447,467.735,63.995,106.289,1,-1,-1,-1
156,19,470.303,466.273,40.094,112.994,1,-1,-1,-1
156,23,1129.265,455.928,33.792,90.176,1,-1,-1,-1
157,1,897.498,453.457,78.515,216.487,1,-1,-1,-1
157,3,371.453,446.115,44.822,105.720,1,-1,-1,-1
157,4,540.830,430.007,159.060,459.827,1,-1,-1,-1
157,5,727.063,436.247,120.481,339.561,1,-1,-1,-1
157,8,1088.084,482.144,39.013,117.642,1,-1,-1,-1
157,9,1051.888,483.723,40.428,111.455,1,-1,-1,-1
157,10,1191.699,447.379,39.573,100.637,1,-1,-1,-1
157,11,1001.062,443.257,38.353,103.122,1,-1,-1,-1
157,17,839.057,446.592,86.155,287.399,1,-1,-1,-1
157,18,398.582,468.000,63.580,106.072,1,-1,-1,-1
157,19,469.897,465.447,39.569,113.498,1,-1,-1,-1
157,23,1129.359,453.136,34.322,91.275,1,-1,-1,-1
158,1,902.310,449.804,78.709,224.970,1,-1,-1,-1
158,3,371.300,445.922,44.800,106.140,1,-1,-1,-1
158,4,540.532,430.152,159.355,459.855,1,-1,-1,-1
158,5,730.001,435.670,119.978,340.841,1,-1,-1,-1
158,8,1087.666,482.240,39.157,117.451,1,-1,-1,-1
158,9,1051.692,483.583,40.235,111.263,1,-1,-1,-1
158,10,1190.507,446.690,39.869,101.191,1,-1,-1,-1
158,11,1000.880,443.753,38.367,103.210,1,-1,-1,-1
158,17,841.634,446.250,85.564,287.549,1,-1,-1,-1
158,18,398.889,467.925,63.139,106.071,1,-1,-1,-1
158,19,469.824,464.864,38.933,113.434,1,-1,-1,-1
158,23,1130.070,452.826,34.733,92.172,1,-1,-1,-1
159,1,907.135,446.516,79.370,230.609,1,-1,-1,-1
159,3,371.390,446.074,44.697,105.652,1,-1,-1,-1
159,4,540.081,429.888,160.144,460.408,1,-1,-1,-1
159,5,732.530,435.157,120.103,342.024,1,-1,-1,-1
159,8,1087.863,483.244,39.153,116.950,1,-1,-1,-1
159,9,1052.014,483.283,39.957,111.090,1,-1,-1,-1
159,10,1188.871,445.672,39.890,101.279,1,-1,-1,-1
159,11,1000.262,443.964,38.240,103.131,1,-1,-1,-1
159,17,843.062,446.987,85.133,287.817,1,-1,-1,-1
159,18,398.725,468.471,62.842,105.958,1,-1,-1,-1
159,19,470.275,465.329,37.915,112.948,1,-1,-1,-1
159,23,1130.698,453.341,34.753,91.786,1,-1,-1,-1
160,1,910.331,444.963,79.846,234.788,1,-1,-1,-1
160,3,371.322,445.940,44.539,105.458,1,-1,-1,-1
160,4,538.257,428.676,161.788,461.310,1,-1,-1,-1
160,5,735.334,434.932,118.820,342.580,1,-1,-1,-1
160,8,1087.705,483.602,39.094,116.612,1,-1,-1,-1
160,9,1052.555,482.842,39.535,111.090,1,-1,-1,-1
160,10,1186.918,445.251,39.904,101.124,1,-1,-1,-1
160,11,999.934,443.522,38.064,102.772,1,-1,-1,-1
160,17,844.606,446.742,86.331,288.626,1,-1,-1,-1
160,18,399.124,468.544,63.011,106.045,1,-1,-1,-1
160,19,469.325,465.745,37.336,112.606,1,-1,-1,-1
160,23,1132.838,452.970,34.227,91.931,1,-1,-1,-1
161,1,913.810,446.215,80.840,238.244,1,-1,-1,-1
161,3,371.504,446.080,44.396,105.070,1,-1,-1,-1
161,4,537.092,428.262,162.960,462.449,1,-1,-1,-1
161,5,738.151,434.362,117.440,342.176,1,-1,-1,-1
161,8,1087.898,484.058,39.023,116.364,1,-1,-1,-1
161,9,1052.714,482.447,39.339,111.417,1,-1,-1,-1
161,10,1185.872,445.552,39.695,100.869,1,-1,-1,-1
161,11,999.790,443.570,37.853,101.877,1,-1,-1,-1
161,17,846.150,447.152,87.650,290.130,1,-1,-1,-1
161,18,399.100,467.910,63.188,106.217,1,-1,-1,-1
161,19,469.005,465.194,36.885,112.455,1,-1,-1,-1
161,23,1134.165,452.027,34.103,92.684,1,-1,-1,-1
162,1,915.829,447.893,81.420,241.262,1,-1,-1,-1
162,3,371.572,446.372,44.347,105.033,1,-1,-1,-1
162,4,536.167,426.799,165.277,465.342,1,-1,-1,-1
162,5,740.995,435.148,115.916,342.940,1,-1,-1,-1
162,8,1087.938,484.161,38.999,116.211,1,-1,-1,-1
162,9,1052.760,482.734,39.223,111.713,1,-1,-1,-1
162,10,1184.111,446.101,39.625,100.957,1,-1,-1,-1
162,11,1000.039,443.562,37.898,102.569,1,-1,-1,-1
162,17,849.232,448.743,88.738,288.792,1,-1,-1,-1
162,18,399.356,467.108,62.874,106.221,1,-1,-1,-1
162,19,469.190,463.816,36.475,112.578,1,-1,-1,-1
162,23,1135.976,451.718,33.722,93.277,1,-1,-1,-1
163,1,916.101,449.959,82.448,244.365,1,-1,-1,-1
163,3,371.896,446.491,44.064,104.809,1,-1,-1,-1
163,4,539.479,425.776,168.550,467.291,1,-1,-1,-1
163,5,744.851,434.453,114.747,343.506,1,-1,-1,-1
163,8,1087.725,484.140,39.119,116.269,1,-1,-1,-1
163,9,1052.313,482.670,39.194,112.043,1,-1,-1,-1
163,10,1182.952,446.112,40.018,101.650,1,-1,-1,-1
163,11,999.637,443.625,38.073,103.550,1,-1,-1,-1
163,17,851.636,450.382,90.822,287.169,1,-1,-1,-1
163,18,399.808,466.432,62.783,106.442,1,-1,-1,-1
163,19,468.778,463.985,36.089,111.634,1,-1,-1,-1
163,23,1138.549,451.940,32.933,93.031,1,-1,-1,-1
164,1,911.992,450.169,83.437,250.060,1,-1,-1,-1
164,3,372.023,446.603,43.884,104.591,1,-1,-1,-1
164,4,539.841,422.828,172.533,470.196,1,-1,-1,-1
164,5,749.322,434.824,114.358,343.808,1,-1,-1,-1
164,8,1088.174,483.840,39.345,116.677,1,-1,-1,-1
164,9,1052.057,482.394,39.419,112.216,1,-1,-1,-1
164,10,1182.041,447.006,40.025,101.311,1,-1,-1,-1
164,11,999.774,442.700,37.898,104.319,1,-1,-1,-1
164,17,854.612,448.798,94.354,288.459,1,-1,-1,-1
164,18,400.032,466.286,62.658,106.436,1,-1,-1,-1
164,19,469.082,464.184,35.586,110.883,1,-1,-1,-1
164,21,505.422,455.048,26.218,86.935,1,-1,-1,-1
164,23,1140.155,452.437,32.144,91.992,1,-1,-1,-1
165,3,372.362,446.629,43.563,104.801,1,-1,-1,-1
165,4,541.889,421.933,177.221,473.190,1,-1,-1,-1
165,5,751.492,438.118,113.906,341.782,1,-1,-1,-1
165,8,1088.079,483.936,39.372,116.800,1,-1,-1,-1
165,9,1051.189,482.438,39.939,112.244,1,-1,-1,-1
165,10,1181.469,447.384,40.111,100.842,1,-1,-1,-1
165,11,999.880,442.719,37.605,104.847,1,-1,-1,-1
165,17,859.151,447.352,98.214,288.132,1,-1,-1,-1
165,18,401.138,466.624,61.822,106.042,1,-1,-1,-1
165,19,469.143,464.690,35.740,110.072,1,-1,-1,-1
165,21,506.126,454.326,25.797,88.140,1,-1,-1,-1
165,23,1140.401,452.982,32.030,92.332,1,-1,-1,-1
166,3,372.240,446.243,43.355,104.824,1,-1,-1,-1
166,4,541.900,423.151,182.222,475.121,1,-1,-1,-1
166,5,753.482,439.843,113.929,341.152,1,-1,-1,-1
166,8,1087.935,484.265,39.336,116.586,1,-1,-1,-1
166,9,1051.150,482.502,40.016,112.031,1,-1,-1,-1
166,10,1180.048,447.169,40.284,100.921,1,-1,-1,-1
166,11,1000.207,442.986,37.714,104.465,1,-1,-1,-1
166,17,861.848,448.440,103.064,288.505,1,-1,-1,-1
166,18,402.025,466.459,61.100,105.959,1,-1,-1,-1
166,19,469.520,465.389,35.521,109.347,1,-1,-1,-1
166,21,507.074,455.640,26.540,88.067,1,-1,-1,-1
166,23,1142.236,453.215,32.018,91.828,1,-1,-1,-1
167,3,372.146,446.094,43.176,104.839,1,-1,-1,-1
167,4,541.862,421.804,187.572,477.631,1,-1,-1,-1
167,5,756.020,438.338,113.620,341.744,1,-1,-1,-1
167,8,1088.072,484.408,39.199,116.399,1,-1,-1,-1
167,9,1051.254,482.500,40.072,112.069,1,-1,-1,-1
167,10,1178.866,447.267,40.608,101.568,1,-1,-1,-1
167,11,999.375,443.838,38.045,104.840,1,-1,-1,-1
167,17,864.790,447.033,107.165,290.775,1,-1,-1,-1
167,18,402.752,466.422,60.572,105.815,1,-1,-1,-1
167,19,469.522,465.825,35.360,109.062,1,-1,-1,-1
167,21,506.380,456.110,27.075,88.791,1,-1,-1,-1
167,23,1141.798,453.083,32.047,91.821,1,-1,-1,-1
168,3,372.385,445.839,43.018,104.849,1,-1,-1,-1
168,4,543.374,421.390,192.318,479.086,1,-1,-1,-1
168,5,756.840,439.514,114.362,343.735,1,-1,-1,-1
168,8,1088.343,484.056,39.099,116.288,1,-1,-1,-1
168,9,1051.670,482.686,40.194,111.711,1,-1,-1,-1
168,10,1178.067,448.038,40.729,101.450,1,-1,-1,-1
168,11,998.872,443.068,38.095,105.208,1,-1,-1,-1
168,17,867.874,445.718,112.763,292.661,1,-1,-1,-1
168,18,403.415,466.578,59.662,105.618,1,-1,-1,-1
168,19,469.780,466.242,35.270,109.044,1,-1,-1,-1
168,21,503.872,457.595,27.636,91.147,1,-1,-1,-1
168,23,1142.889,451.834,32.669,93.760,1,-1,-1,-1
169,3,372.403,445.713,43.040,104.917,1,-1,-1,-1
169,4,542.939,420.108,198.106,480.370,1,-1,-1,-1
169,5,758.054,441.620,114.325,345.192,1,-1,-1,-1
169,8,1088.694,483.842,38.890,116.338,1,-1,-1,-1
169,9,1051.778,481.888,40.147,111.614,1,-1,-1,-1
169,10,1176.502,448.220,40.571,101.359,1,-1,-1,-1
169,11,997.783,442.267,38.158,105.314,1,-1,-1,-1
169,17,870.245,445.018,116.922,293.507,1,-1,-1,-1
169,18,404.234,466.555,58.639,105.385,1,-1,-1,-1
169,19,470.539,465.680,34.983,108.910,1,-1,-1,-1
169,21,505.849,458.164,28.468,92.655,1,-1,-1,-1
169,23,1144.924,451.896,32.729,93.495,1,-1,-1,-1
170,3,372.230,445.504,43.083,104.940,1,-1,-1,-1
170,4,542.009,423.169,204.896,478.446,1,-1,-1,-1
170,5,759.600,440.646,115.592,347.555,1,-1,-1,-1
170,8,1088.648,484.242,38.709,116.047,1,-1,-1,-1
170,9,1051.779,481.338,39.948,111.618,1,-1,-1,-1
170,10,1174.794,448.475,40.728,100.684,1,-1,-1,-1
170,11,996.561,442.113,38.835,105.509,1,-1,-1,-1
170,17,871.900,445.894,119.519,294.931,1,-1,-1,-1
170,18,404.502,467.061,58.139,104.860,1,-1,-1,-1
170,19,469.519,466.316,34.964,108.403,1,-1,-1,-1
170,21,504.173,459.201,29.043,94.819,1,-1,-1,-1
170,23,1146.516,452.359,32.997,93.045,1,-1,-1,-1
171,3,372.019,445.570,43.196,104.793,1,-1,-1,-1
171,4,541.067,422.527,210.205,479.019,1,-1,-1,-1
171,5,762.234,439.452,116.416,350.643,1,-1,-1,-1
171,8,1088.511,484.323,38.548,115.751,1,-1,-1,-1
171,9,1051.644,481.781,39.555,111.237,1,-1,-1,-1
171,10,1172.799,448.385,40.952,99.942,1,-1,-1,-1
171,17,872.070,445.721,121.466,296.015,1,-1,-1,-1
171,18,404.930,467.458,57.552,104.253,1,-1,-1,-1
171,19,469.070,466.192,34.840,108.030,1,-1,-1,-1
171,21,506.494,459.851,30.590,99.268,1,-1,-1,-1
171,23,1148.979,452.574,32.961,92.408,1,-1,-1,-1
172,3,372.031,445.701,43.253,104.988,1,-1,-1,-1
172,4,539.700,424.982,213.827,478.976,1,-1,-1,-1
172,5,763.302,437.616,117.890,353.231,1,-1,-1,-1
172,8,1088.215,484.581,38.321,115.314,1,-1,-1,-1
172,9,1051.551,481.440,39.297,111.333,1,-1,-1,-1
172,10,1170.621,448.803,41.415,99.208,1,-1,-1,-1
172,17,873.771,447.870,122.574,295.248,1,-1,-1,-1
172,18,406.030,467.372,56.627,104.040,1,-1,-1,-1
172,19,467.804,465.262,34.918,108.480,1,-1,-1,-1
172,21,508.422,459.212,32.126,102.799,1,-1,-1,-1
172,23,1150.104,452.615,33.004,92.642,1,-1,-1,-1
173,3,371.590,445.919,43.515,105.251,1,-1,-1,-1
173,4,542.400,422.614,215.800,481.878,1,-1,-1,-1
173,5,765.268,435.525,118.387,355.266,1,-1,-1,-1
173,8,1088.160,484.435,37.991,115.177,1,-1,-1,-1
173,9,1052.240,481.213,38.861,111.179,1,-1,-1,-1
173,10,1169.054,449.232,41.396,98.907,1,-1,-1,-1
173,17,875.936,448.432,122.694,295.181,1,-1,-1,-1
173,18,407.274,468.142,55.401,103.923,1,-1,-1,-1
173,19,467.309,464.867,34.870,109.392,1,-1,-1,-1
173,21,508.811,457.963,33.475,105.565,1,-1,-1,-1
173,23,1149.212,453.176,33.089,92.623,1,-1,-1,-1
174,3,371.443,446.079,43.706,105.523,1,-1,-1,-1
174,4,545.893,423.661,215.965,483.368,1,-1,-1,-1
174,5,767.977,437.076,118.884,356.998,1,-1,-1,-1
174,8,1087.829,484.508,38.161,115.063,1,-1,-1,-1
174,9,1052.633,481.497,38.435,111.433,1,-1,-1,-1
174,10,1166.518,449.043,41.901,98.383,1,-1,-1,-1
174,17,879.980,445.920,122.042,295.947,1,-1,-1,-1
174,18,408.264,468.542,54.479,103.859,1,-1,-1,-1
174,19,467.249,463.835,34.886,109.878,1,-1,-1,-1
174,21,507.778,456.627,34.585,107.818,1,-1,-1,-1
174,23,1143.235,452.441,36.089,92.422,1,-1,-1,-1
175,3,371.710,446.208,43.792,105.883,1,-1,-1,-1
175,4,549.486,425.666,215.115,482.715,1,-1,-1,-1
175,5,770.565,436.729,118.425,358.581,1,-1,-1,-1
175,8,1087.807,484.301,38.477,115.099,1,-1,-1,-1
175,9,1052.635,481.779,38.178,111.384,1,-1,-1,-1
175,10,1164.953,448.446,42.413,98.969,1,-1,-1,-1
175,17,878.785,446.799,121.834,296.078,1,-1,-1,-1
175,18,408.317,468.362,53.587,104.040,1,-1,-1,-1
175,19,467.146,463.926,34.950,110.016,1,-1,-1,-1
175,21,507.595,455.464,35.763,108.950,1,-1,-1,-1
175,23,1146.908,451.774,35.276,93.384,1,-1,-1,-1
175,25,491.400,458.900,25.000,111.600,1,-1,-1,-1
176,1,947.694,438.494,85.124,266.655,1,-1,-1,-1
176,3,371.266,445.742,43.936,106.066,1,-1,-1,-1
176,4,555.594,424.696,212.245,482.891,1,-1,-1,-1
176,5,771.864,437.955,117.865,359.303,1,-1,-1,-1
176,8,1088.072,484.114,38.709,115.263,1,-1,-1,-1
176,9,1051.778,482.115,38.291,111.304,1,-1,-1,-1
176,10,1164.416,448.270,42.457,99.480,1,-1,-1,-1
176,17,879.265,447.106,121.923,298.780,1,-1,-1,-1
176,18,408.974,468.410,53.075,104.392,1,-1,-1,-1
176,19,466.544,464.315,35.603,110.350,1,-1,-1,-1
176,21,507.388,455.060,36.616,109.581,1,-1,-1,-1
176,23,1140.600,450.488,33.671,92.880,1,-1,-1,-1
177,1,949.604,440.648,87.866,267.529,1,-1,-1,-1
177,3,371.076,445.473,44.233,106.318,1,-1,-1,-1
177,4,559.868,424.963,210.255,482.695,1,-1,-1,-1
177,5,773.867,436.752,116.577,359.740,1,-1,-1,-1
177,8,1087.517,483.940,38.933,115.468,1,-1,-1,-1
177,9,1051.146,482.340,38.428,111.082,1,-1,-1,-1
177,10,1163.652,447.851,42.382,100.117,1,-1,-1,-1
177,17,882.949,448.113,119.878,298.985,1,-1,-1,-1
177,18,409.502,468.465,52.510,104.778,1,-1,-1,-1
177,19,466.035,464.426,35.915,110.686,1,-1,-1,-1
177,21,507.449,454.265,37.181,110.214,1,-1,-1,-1
177,23,1140.983,450.219,32.566,92.913,1,-1,-1,-1
177,26,543.700,459.300,25.300,66.500,1,-1,-1,-1
178,1,960.592,437.966,93.509,267.827,1,-1,-1,-1
178,3,371.002,445.250,44.615,106.591,1,-1,-1,-1
178,4,561.133,426.538,207.794,484.215,1,-1,-1,-1
178,5,774.269,438.204,115.167,358.206,1,-1,-1,-1
178,8,1087.390,483.988,39.179,115.647,1,-1,-1,-1
178,9,1052.213,481.980,37.439,111.822,1,-1,-1,-1
178,10,1161.085,447.642,41.969,100.458,1,-1,-1,-1
178,17,887.799,446.077,117.394,298.976,1,-1,-1,-1
178,18,408.184,468.592,52.121,104.770,1,-1,-1,-1
178,19,465.200,465.400,35.838,110.717,1,-1,-1,-1
178,21,507.535,454.118,37.724,109.977,1,-1,-1,-1
178,26,555.612,458.765,24.775,64.969,1,-1,-1,-1
179,1,964.000,438.972,100.527,266.188,1,-1,-1,-1
179,3,370.757,444.665,44.870,107.172,1,-1,-1,-1
179,4,565.221,425.918,204.731,485.170,1,-1,-1,-1
179,5,776.820,438.730,112.712,357.704,1,-1,-1,-1
179,8,1086.844,484.078,39.357,115.638,1,-1,-1,-1
179,9,1053.251,482.076,36.522,112.096,1,-1,-1,-1
179,10,1158.740,447.411,41.311,100.825,1,-1,-1,-1
179,17,891.656,444.500,115.912,299.580,1,-1,-1,-1
179,18,407.979,468.860,51.507,104.781,1,-1,-1,-1
179,19,464.723,466.539,35.698,110.625,1,-1,-1,-1
179,21,507.378,454.147,38.173,109.688,1,-1,-1,-1
179,26,556.456,458.654,25.869,67.392,1,-1,-1,-1
179,27,535.700,452.000,28.700,88.000,1,-1,-1,-1
180,1,965.747,438.937,105.320,265.666,1,-1,-1,-1
180,3,370.484,444.871,45.134,107.127,1,-1,-1,-1
180,4,568.759,426.086,203.254,484.557,1,-1,-1,-1
180,5,778.278,438.917,112.052,359.335,1,-1,-1,-1
180,8,1087.110,484.580,39.459,115.547,1,-1,-1,-1
180,9,1051.798,482.998,36.409,114.672,1,-1,-1,-1
180,10,1156.667,446.957,40.587,101.372,1,-1,-1,-1
180,17,896.374,444.570,113.895,300.225,1,-1,-1,-1
180,18,407.367,469.290,51.361,104.906,1,-1,-1,-1
180,19,464.866,467.435,36.199,110.179,1,-1,-1,-1
180,21,507.041,454.068,38.304,109.273,1,-1,-1,-1
180,26,555.643,457.740,25.474,66.878,1,-1,-1,-1
180,27,536.220,452.074,28.060,88.451,1,-1,-1,-1
180,28,566.800,458.900,28.700,77.200,1,-1,-1,-1
181,1,969.153,438.380,105.785,267.590,1,-1,-1,-1
181,3,370.362,444.913,45.273,107.313,1,-1,-1,-1
181,4,573.559,425.593,203.024,485.142,1,-1,-1,-1
181,5,780.172,438.362,110.769,359.670,1,-1,-1,-1
181,8,1087.157,484.276,39.480,115.589,1,-1,-1,-1
181,10,1155.201,446.771,40.143,101.999,1,-1,-1,-1
181,17,901.646,445.576,111.871,300.398,1,-1,-1,-1
181,18,407.034,469.258,51.448,105.139,1,-1,-1,-1
181,19,464.814,467.485,36.236,110.186,1,-1,-1,-1
181,21,507.083,454.160,38.204,109.240,1,-1,-1,-1
181,26,556.518,456.889,25.644,68.176,1,-1,-1,-1
181,27,541.311,451.828,27.972,87.285,1,-1,-1,-1
182,1,972.120,437.281,105.700,269.429,1,-1,-1,-1
182,3,370.480,445.276,45.262,106.756,1,-1,-1,-1
182,4,576.506,423.701,203.417,487.895,1,-1,-1,-1
182,5,782.327,436.649,110.629,360.549,1,-1,-1,-1
182,8,1087.043,485.082,39.493,115.261,1,-1,-1,-1
182,10,1154.842,446.879,39.622,102.141,1,-1,-1,-1
182,17,905.219,446.030,110.390,300.312,1,-1,-1,-1
182,18,406.763,469.531,51.318,105.302,1,-1,-1,-1
182,19,464.371,467.410,36.399,110.168,1,-1,-1,-1
182,21,506.846,454.323,38.212,109.018,1,-1,-1,-1
182,26,554.357,456.130,29.491,79.437,1,-1,-1,-1
182,28,570.806,455.241,34.888,97.618,1,-1,-1,-1
183,1,973.794,435.333,105.438,270.235,1,-1,-1,-1
183,3,370.474,445.121,45.364,106.739,1,-1,-1,-1
183,4,582.909,425.036,200.875,490.034,1,-1,-1,-1
183,5,783.527,435.976,110.745,361.228,1,-1,-1,-1
183,8,1086.813,485.386,39.612,114.942,1,-1,-1,-1
183,10,1154.297,448.342,39.104,101.443,1,-1,-1,-1
183,17,908.285,446.077,107.985,302.932,1,-1,-1,-1
183,18,406.959,469.308,51.331,105.093,1,-1,-1,-1
183,19,463.142,467.741,36.710,110.020,1,-1,-1,-1
183,21,506.913,454.389,38.160,108.904,1,-1,-1,-1
183,26,554.159,455.879,32.353,86.314,1,-1,-1,-1
184,1,974.939,434.115,105.064,272.081,1,-1,-1,-1
184,3,370.473,445.148,45.466,106.755,1,-1,-1,-1
184,4,588.110,424.621,199.367,491.028,1,-1,-1,-1
184,5,785.316,435.372,110.884,361.969,1,-1,-1,-1
184,8,1086.772,485.228,39.699,114.516,1,-1,-1,-1
184,10,1153.404,448.896,38.944,101.306,1,-1,-1,-1
184,17,913.231,444.793,105.267,305.273,1,-1,-1,-1
184,18,406.768,469.244,51.613,104.834,1,-1,-1,-1
184,19,461.906,467.334,37.020,110.168,1,-1,-1,-1
184,21,506.610,454.105,38.206,109.398,1,-1,-1,-1
184,29,580.700,434.500,22.700,41.000,1,-1,-1,-1
185,1,980.662,435.051,103.339,274.104,1,-1,-1,-1
185,3,370.595,445.392,45.459,106.818,1,-1,-1,-1
185,4,594.102,426.246,195.803,492.770,1,-1,-1,-1
185,5,786.691,434.428,111.067,362.620,1,-1,-1,-1
185,8,1087.123,484.997,39.655,114.887,1,-1,-1,-1
185,10,1152.844,449.775,38.964,100.628,1,-1,-1,-1
185,17,918.944,442.951,102.062,308.653,1,-1,-1,-1
185,18,406.807,469.291,51.765,104.783,1,-1,-1,-1
185,19,461.193,468.196,37.326,109.684,1,-1,-1,-1
185,21,507.195,454.825,37.738,109.350,1,-1,-1,-1
185,28,571.680,457.943,51.424,144.614,1,-1,-1,-1
185,29,587.015,425.572,21.970,39.557,1,-1,-1,-1
186,1,983.612,436.026,101.305,275.066,1,-1,-1,-1
186,3,370.233,445.435,45.425,106.809,1,-1,-1,-1
186,4,600.146,426.477,191.364,494.232,1,-1,-1,-1
186,5,788.736,434.503,110.788,363.099,1,-1,-1,-1
186,8,1087.639,485.035,39.593,114.776,1,-1,-1,-1
186,10,1152.634,449.644,38.731,100.245,1,-1,-1,-1
186,17,923.367,442.998,99.153,310.127,1,-1,-1,-1
186,18,407.144,469.651,51.903,104.856,1,-1,-1,-1
186,19,460.391,468.272,37.686,109.536,1,-1,-1,-1
186,21,507.386,455.094,37.425,109.848,1,-1,-1,-1
186,28,570.306,456.810,56.056,154.906,1,-1,-1,-1
186,29,586.359,426.057,22.381,40.557,1,-1,-1,-1
187,1,987.294,437.774,101.003,272.268,1,-1,-1,-1
187,3,370.222,445.547,45.291,106.744,1,-1,-1,-1
187,4,600.980,426.947,189.010,497.178,1,-1,-1,-1
187,5,790.789,434.192,111.022,363.494,1,-1,-1,-1
187,8,1088.291,484.834,39.636,115.488,1,-1,-1,-1
187,10,1152.194,449.701,38.861,99.940,1,-1,-1,-1
187,17,927.783,443.621,97.084,311.416,1,-1,-1,-1
187,18,407.165,469.607,51.976,105.045,1,-1,-1,-1
187,19,460.068,468.254,38.086,109.433,1,-1,-1,-1
187,21,507.644,455.172,37.194,110.132,1,-1,-1,-1
187,28,569.406,453.839,58.607,159.704,1,-1,-1,-1
187,29,582.762,432.703,22.519,40.112,1,-1,-1,-1
188,1,989.576,437.626,99.104,273.138,1,-1,-1,-1
188,3,370.178,445.413,45.193,106.615,1,-1,-1,-1
188,4,607.104,426.175,185.389,498.451,1,-1,-1,-1
188,5,792.735,435.429,111.409,363.013,1,-1,-1,-1
188,8,1088.196,484.077,39.747,115.879,1,-1,-1,-1
188,10,1152.279,449.190,39.206,100.228,1,-1,-1,-1
188,17,932.456,445.872,95.922,311.251,1,-1,-1,-1
188,18,406.276,469.569,52.363,105.608,1,-1,-1,-1
188,19,459.800,468.520,38.624,109.164,1,-1,-1,-1
188,21,508.303,455.298,36.636,110.157,1,-1,-1,-1
188,28,568.218,452.860,60.471,165.742,1,-1,-1,-1
188,29,581.780,433.622,23.039,40.578,1,-1,-1,-1
188,30,1101.600,447.500,34.200,108.000,1,-1,-1,-1
189,1,993.889,438.585,97.550,273.184,1,-1,-1,-1
189,3,370.191,445.121,45.230,106.522,1,-1,-1,-1
189,4,611.169,425.573,184.729,503.877,1,-1,-1,-1
189,5,795.392,436.502,111.718,362.855,1,-1,-1,-1
189,8,1087.487,484.098,40.018,116.063,1,-1,-1,-1
189,10,1152.157,449.448,39.262,99.820,1,-1,-1,-1
189,17,935.849,444.566,95.571,311.954,1,-1,-1,-1
189,18,406.097,469.316,52.588,105.902,1,-1,-1,-1
189,19,459.703,469.473,39.043,108.915,1,-1,-1,-1
189,21,509.033,455.395,36.310,109.987,1,-1,-1,-1
189,28,566.989,452.432,61.537,167.533,1,-1,-1,-1
189,29,580.707,433.753,23.165,40.558,1,-1,-1,-1
189,30,1103.276,443.293,33.348,100.015,1,-1,-1,-1
190,1,998.971,437.262,93.982,274.401,1,-1,-1,-1
190,3,370.452,445.232,45.257,106.372,1,-1,-1,-1
190,4,617.428,426.315,182.104,505.904,1,-1,-1,-1
190,5,797.855,436.763,111.092,360.395,1,-1,-1,-1
190,8,1086.598,485.102,40.051,115.969,1,-1,-1,-1
190,10,1150.437,449.241,39.497,99.945,1,-1,-1,-1
190,17,938.450,443.772,95.941,311.807,1,-1,-1,-1
190,18,406.438,469.177,52.447,105.832,1,-1,-1,-1
190,19,459.727,469.490,39.431,108.653,1,-1,-1,-1
190,21,509.430,455.363,36.070,109.911,1,-1,-1,-1
190,28,566.934,453.074,62.015,168.429,1,-1,-1,-1
190,29,585.825,428.501,23.578,42.237,1,-1,-1,-1
190,30,1099.511,443.511,36.320,106.803,1,-1,-1,-1
191,1,1002.477,436.385,91.097,273.959,1,-1,-1,-1
191,3,370.676,445.230,45.085,106.340,1,-1,-1,-1
191,4,621.665,425.997,179.281,510.492,1,-1,-1,-1
191,5,799.701,436.481,111.783,360.012,1,-1,-1,-1
191,8,1086.696,482.829,40.239,115.821,1,-1,-1,-1
191,10,1148.574,449.342,39.722,99.759,1,-1,-1,-1
191,17,941.513,443.511,96.428,311.452,1,-1,-1,-1
191,18,406.332,468.909,52.349,106.295,1,-1,-1,-1
191,19,459.818,468.511,39.632,108.879,1,-1,-1,-1
191,21,509.356,454.773,35.898,110.500,1,-1,-1,-1
191,28,566.206,452.592,62.697,169.268,1,-1,-1,-1
191,29,587.326,425.075,23.806,43.588,1,-1,-1,-1
191,30,1098.310,440.189,37.938,107.415,1,-1,-1,-1
191,31,1171.800,450.500,32.900,95.500,1,-1,-1,-1
192,1,1002.409,441.328,87.240,274.526,1,-1,-1,-1
192,3,370.540,445.057,45.070,106.346,1,-1,-1,-1
192,4,627.163,426.056,176.234,514.946,1,-1,-1,-1
192,5,802.924,438.493,111.383,359.735,1,-1,-1,-1
192,8,1087.503,482.667,40.407,116.322,1,-1,-1,-1
192,10,1146.773,449.114,40.299,100.088,1,-1,-1,-1
192,17,943.148,445.960,99.060,311.428,1,-1,-1,-1
192,18,405.724,468.964,52.470,106.806,1,-1,-1,-1
192,19,459.532,468.332,40.108,109.027,1,-1,-1,-1
192,21,508.843,454.735,35.686,110.602,1,-1,-1,-1
192,28,566.035,452.062,62.731,170.002,1,-1,-1,-1
192,29,583.995,428.308,23.841,43.232,1,-1,-1,-1
192,30,1099.130,439.018,38.552,106.419,1,-1,-1,-1
192,31,1173.512,450.381,33.375,95.438,1,-1,-1,-1
193,3,370.631,444.927,44.976,106.348,1,-1,-1,-1
193,4,632.029,424.112,175.063,520.498,1,-1,-1,-1
193,5,805.540,437.023,112.433,359.906,1,-1,-1,-1
193,8,1087.703,482.122,40.227,114.942,1,-1,-1,-1
193,10,1144.143,449.492,40.828,100.130,1,-1,-1,-1
193,17,946.318,447.326,103.312,311.961,1,-1,-1,-1
193,18,405.865,468.682,52.170,106.947,1,-1,-1,-1
193,19,458.866,468.242,40.703,109.255,1,-1,-1,-1
193,21,508.786,454.923,35.585,110.811,1,-1,-1,-1
193,28,566.658,450.788,62.630,171.133,1,-1,-1,-1
193,29,587.664,424.714,23.888,44.049,1,-1,-1,-1
193,30,1099.920,436.926,40.249,106.783,1,-1,-1,-1
193,31,1175.598,449.740,35.080,96.891,1,-1,-1,-1
194,3,370.655,445.000,44.963,106.434,1,-1,-1,-1
194,4,635.805,423.469,173.163,525.545,1,-1,-1,-1
194,5,808.263,436.280,114.394,362.874,1,-1,-1,-1
194,8,1087.427,481.898,40.010,114.788,1,-1,-1,-1
194,10,1143.020,449.848,40.831,100.174,1,-1,-1,-1
194,17,949.109,448.507,106.246,310.745,1,-1,-1,-1
194,18,405.816,468.223,52.202,107.439,1,-1,-1,-1
194,19,459.206,467.593,40.999,109.522,1,-1,-1,-1
194,21,508.426,455.030,35.372,110.873,1,-1,-1,-1
194,28,567.073,450.429,63.162,172.843,1,-1,-1,-1
194,29,588.729,422.696,23.801,44.379,1,-1,-1,-1
194,30,1104.667,439.706,38.850,104.206,1,-1,-1,-1
194,31,1174.316,450.492,36.642,97.372,1,-1,-1,-1
195,1,1014.058,440.582,86.917,271.772,1,-1,-1,-1
195,3,370.814,444.971,44.789,106.517,1,-1,-1,-1
195,4,637.980,422.672,172.117,529.143,1,-1,-1,-1
195,5,811.282,436.803,117.620,367.083,1,-1,-1,-1
195,10,1140.010,450.036,40.530,99.819,1,-1,-1,-1
195,17,950.194,449.989,109.508,309.485,1,-1,-1,-1
195,18,406.234,467.473,52.000,107.274,1,-1,-1,-1
195,19,459.017,466.666,40.914,109.808,1,-1,-1,-1
195,21,508.959,454.909,34.995,111.145,1,-1,-1,-1
195,28,566.801,450.404,63.764,173.827,1,-1,-1,-1
195,29,589.197,421.342,23.587,44.465,1,-1,-1,-1
195,30,1110.144,443.619,36.815,100.459,1,-1,-1,-1
195,31,1174.107,450.398,37.792,98.606,1,-1,-1,-1
196,1,1019.303,440.197,87.411,272.823,1,-1,-1,-1
196,3,370.831,445.091,44.743,106.417,1,-1,-1,-1
196,4,641.537,424.516,171.470,529.013,1,-1,-1,-1
196,5,814.845,434.701,121.954,371.764,1,-1,-1,-1
196,10,1138.691,449.901,41.050,99.568,1,-1,-1,-1
196,17,952.238,451.014,111.966,312.553,1,-1,-1,-1
196,18,406.076,467.759,51.907,107.180,1,-1,-1,-1
196,19,458.856,466.698,40.876,109.606,1,-1,-1,-1
196,21,509.360,455.001,34.719,111.156,1,-1,-1,-1
196,28,566.896,449.785,64.335,175.202,1,-1,-1,-1
196,29,589.680,420.789,23.646,44.895,1,-1,-1,-1
196,31,1176.006,450.128,37.601,97.792,1,-1,-1,-1
197,1,1030.311,439.887,86.357,272.227,1,-1,-1,-1
197,3,370.836,445.222,44.600,106.341,1,-1,-1,-1
197,4,645.502,423.231,170.234,530.309,1,-1,-1,-1
197,5,817.330,433.634,128.218,374.183,1,-1,-1,-1
197,10,1138.119,449.880,40.827,99.539,1,-1,-1,-1
197,17,954.207,449.331,111.930,316.056,1,-1,-1,-1
197,18,406.176,467.819,51.949,107.113,1,-1,-1,-1
197,19,458.055,466.790,40.133,109.310,1,-1,-1,-1
197,21,509.943,454.992,34.598,111.109,1,-1,-1,-1
197,28,567.613,449.053,64.784,176.453,1,-1,-1,-1
197,29,590.110,419.987,23.664,45.029,1,-1,-1,-1
197,31,1177.153,449.510,37.568,98.105,1,-1,-1,-1
197,32,579.700,430.400,23.300,40.300,1,-1,-1,-1
198,1,1035.328,437.006,90.784,276.281,1,-1,-1,-1
198,3,371.319,445.250,44.496,106.421,1,-1,-1,-1
198,4,650.929,422.540,170.143,534.267,1,-1,-1,-1
198,5,819.260,433.269,134.897,376.499,1,-1,-1,-1
198,10,1138.224,449.900,40.449,99.989,1,-1,-1,-1
198,17,958.205,446.209,111.798,317.146,1,-1,-1,-1
198,18,406.076,467.753,51.787,107.004,1,-1,-1,-1
198,19,457.617,466.576,39.482,109.373,1,-1,-1,-1
198,21,510.660,455.437,34.536,110.380,1,-1,-1,-1
198,28,568.111,448.838,65.438,177.210,1,-1,-1,-1
198,29,589.771,419.727,23.642,45.167,1,-1,-1,-1
198,31,1177.691,449.131,37.667,98.737,1,-1,-1,-1
199,1,1037.391,439.159,94.502,279.285,1,-1,-1,-1
199,3,371.504,445.206,44.585,106.430,1,-1,-1,-1
199,4,651.728,422.309,172.029,535.247,1,-1,-1,-1
199,5,822.430,434.312,140.584,377.276,1,-1,-1,-1
199,10,1138.181,449.156,40.488,101.334,1,-1,-1,-1
199,17,962.438,451.437,111.200,315.995,1,-1,-1,-1
199,18,406.238,467.449,51.722,106.869,1,-1,-1,-1
199,19,456.668,466.140,38.925,109.653,1,-1,-1,-1
199,21,511.316,455.674,34.654,110.155,1,-1,-1,-1
199,28,568.588,448.441,65.979,177.627,1,-1,-1,-1
199,29,590.796,421.331,23.733,45.612,1,-1,-1,-1
199,31,1179.584,448.159,37.635,99.122,1,-1,-1,-1
200,1,1039.702,438.687,97.617,280.182,1,-1,-1,-1
200,3,371.437,445.531,44.758,106.274,1,-1,-1,-1
200,4,658.158,424.609,170.988,533.257,1,-1,-1,-1
200,5,821.208,435.194,144.829,379.966,1,-1,-1,-1
200,10,1137.879,448.667,39.777,102.580,1,-1,-1,-1
200,17,967.368,449.913,109.533,316.924,1,-1,-1,-1
200,18,405.099,467.042,51.619,106.687,1,-1,-1,-1
200,19,456.975,466.176,38.187,109.558,1,-1,-1,-1
200,21,510.774,455.922,34.767,110.072,1,-1,-1,-1
200,28,569.703,447.872,66.430,178.530,1,-1,-1,-1
200,29,592.185,422.766,23.969,45.927,1,-1,-1,-1
200,31,1180.490,447.492,37.510,99.141,1,-1,-1,-1
200,32,582.065,433.361,23.569,41.078,1,-1,-1,-1
201,1,1042.738,438.612,98.267,281.071,1,-1,-1,-1
201,3,370.936,445.780,45.186,106.224,1,-1,-1,-1
201,4,661.178,426.000,171.896,532.772,1,-1,-1,-1
201,5,823.193,433.317,149.093,381.195,1,-1,-1,-1
201,10,1137.352,448.668,39.358,103.069,1,-1,-1,-1
201,17,974.071,449.910,107.378,316.667,1,-1,-1,-1
201,18,404.762,467.007,51.462,106.578,1,-1,-1,-1
201,19,456.572,465.910,37.731,109.435,1,-1,-1,-1
201,21,510.590,456.048,34.822,110.229,1,-1,-1,-1
201,28,571.534,447.096,66.680,178.797,1,-1,-1,-1
201,29,591.682,422.030,23.908,45.857,1,-1,-1,-1
201,31,1183.080,447.193,37.161,99.266,1,-1,-1,-1
201,33,551.700,438.000,19.700,45.600,1,-1,-1,-1
202,1,1045.236,436.111,100.782,283.262,1,-1,-1,-1
202,3,370.808,446.154,45.416,106.297,1,-1,-1,-1
202,4,664.952,426.589,171.269,532.006,1,-1,-1,-1
202,5,824.392,434.953,152.282,378.496,1,-1,-1,-1
202,10,1136.700,449.482,38.994,103.059,1,-1,-1,-1
202,17,979.248,448.839,104.987,317.627,1,-1,-1,-1
202,18,405.188,466.696,51.349,106.878,1,-1,-1,-1
202,19,456.305,465.607,37.288,109.472,1,-1,-1,-1
202,21,510.667,455.978,34.998,110.319,1,-1,-1,-1
202,28,574.037,448.249,66.637,177.960,1,-1,-1,-1
202,29,591.059,421.777,23.664,45.328,1,-1,-1,-1
202,31,1185.476,446.710,36.946,99.469,1,-1,-1,-1
203,1,1048.667,435.090,98.211,283.825,1,-1,-1,-1
203,3,370.401,446.402,45.501,106.043,1,-1,-1,-1
203,4,667.430,425.672,171.393,533.800,1,-1,-1,-1
203,5,826.282,435.292,153.478,377.350,1,-1,-1,-1
203,10,1135.927,449.573,38.865,102.178,1,-1,-1,-1
203,17,983.723,444.799,103.133,318.890,1,-1,-1,-1
203,18,405.544,466.264,51.515,107.299,1,-1,-1,-1
203,19,457.568,464.948,36.637,109.797,1,-1,-1,-1
203,21,510.183,455.574,34.714,110.578,1,-1,-1,-1
203,28,575.790,448.772,67.372,178.060,1,-1,-1,-1
203,29,591.304,421.835,23.367,44.898,1,-1,-1,-1
203,31,1187.577,447.037,36.746,98.877,1,-1,-1,-1
203,32,581.231,430.347,22.329,39.037,1,-1,-1,-1
204,1,1051.666,435.311,96.917,285.163,1,-1,-1,-1
204,3,370.491,446.700,45.371,105.991,1,-1,-1,-1
204,4,670.104,424.854,172.388,535.948,1,-1,-1,-1
204,5,826.398,436.046,155.640,378.120,1,-1,-1,-1
204,10,1134.055,449.784,38.577,101.483,1,-1,-1,-1
204,17,987.872,444.557,100.949,317.226,1,-1,-1,-1
204,18,405.971,465.928,51.718,107.745,1,-1,-1,-1
204,19,456.741,464.782,35.695,110.089,1,-1,-1,-1
204,21,511.118,455.557,34.256,110.461,1,-1,-1,-1
204,28,577.199,450.027,67.201,177.428,1,-1,-1,-1
204,29,591.705,420.146,22.942,44.501,1,-1,-1,-1
204,31,1188.275,448.088,36.678,98.073,1,-1,-1,-1
204,32,579.819,427.734,21.828,38.834,1,-1,-1,-1
204,34,658.000,469.400,23.800,72.400,1,-1,-1,-1
205,1,1055.569,435.111,94.896,284.660,1,-1,-1,-1
205,3,370.660,446.883,45.249,105.761,1,-1,-1,-1
205,4,673.229,426.115,173.944,539.313,1,-1,-1,-1
205,5,829.179,436.134,156.203,378.910,1,-1,-1,-1
205,10,1132.035,449.788,38.149,100.320,1,-1,-1,-1
205,17,994.248,445.257,101.191,316.967,1,-1,-1,-1
205,18,406.248,465.662,51.700,107.871,1,-1,-1,-1
205,19,455.877,464.822,35.089,110.265,1,-1,-1,-1
205,21,510.853,455.678,33.948,110.156,1,-1,-1,-1
205,28,577.533,450.581,66.612,176.382,1,-1,-1,-1
205,29,591.673,418.233,22.210,43.574,1,-1,-1,-1
205,31,1189.149,448.450,36.511,97.583,1,-1,-1,-1
205,34,657.791,465.381,27.418,76.739,1,-1,-1,-1
206,3,370.279,446.434,45.050,105.726,1,-1,-1,-1
206,4,676.924,426.559,171.648,544.518,1,-1,-1,-1
206,5,832.010,434.691,155.215,379.652,1,-1,-1,-1
206,10,1128.831,451.473,39.149,99.252,1,-1,-1,-1
206,17,999.879,445.744,103.240,318.776,1,-1,-1,-1
206,18,405.872,465.665,51.741,108.046,1,-1,-1,-1
206,19,455.508,464.859,34.508,110.101,1,-1,-1,-1
206,21,511.261,456.059,33.722,109.955,1,-1,-1,-1
206,28,578.999,452.327,66.513,176.188,1,-1,-1,-1
206,29,590.710,418.486,21.526,42.277,1,-1,-1,-1
206,31,1190.300,448.895,36.026,97.184,1,-1,-1,-1
206,32,578.454,428.026,20.702,37.486,1,-1,-1,-1
206,34,658.976,463.470,27.024,75.449,1,-1,-1,-1
206,35,536.200,456.100,25.000,80.400,1,-1,-1,-1
206,36,563.400,459.100,26.000,64.900,1,-1,-1,-1
207,3,370.643,446.339,44.742,105.884,1,-1,-1,-1
207,4,682.688,426.450,170.193,549.785,1,-1,-1,-1
207,5,834.799,434.529,154.417,381.290,1,-1,-1,-1
207,17,1006.372,446.266,106.542,320.219,1,-1,-1,-1
207,18,405.845,465.918,51.853,108.203,1,-1,-1,-1
207,19,454.649,464.683,34.385,109.577,1,-1,-1,-1
207,21,512.284,456.331,33.529,109.749,1,-1,-1,-1
207,28,580.506,453.262,65.550,175.055,1,-1,-1,-1
207,31,1191.746,449.012,35.702,97.468,1,-1,-1,-1
207,34,659.028,462.755,27.108,75.809,1,-1,-1,-1
207,35,538.061,458.207,25.078,79.786,1,-1,-1,-1
207,36,559.151,461.027,26.400,66.446,1,-1,-1,-1
208,3,371.229,446.332,44.515,105.621,1,-1,-1,-1
208,4,687.641,424.314,167.613,553.673,1,-1,-1,-1
208,5,836.805,434.387,154.378,382.573,1,-1,-1,-1
208,17,1014.523,443.470,112.471,323.020,1,-1,-1,-1
208,18,406.611,465.819,52.043,108.070,1,-1,-1,-1
208,19,451.749,464.889,35.338,109.298,1,-1,-1,-1
208,21,513.217,455.896,33.469,109.239,1,-1,-1,-1
208,28,581.456,453.125,65.009,174.832,1,-1,-1,-1
208,29,591.184,421.903,21.026,41.631,1,-1,-1,-1
208,31,1192.801,449.930,35.394,97.341,1,-1,-1,-1
208,32,578.158,431.568,19.979,37.153,1,-1,-1,-1
208,34,658.376,462.388,26.667,76.202,1,-1,-1,-1
208,35,534.272,459.080,25.915,84.558,1,-1,-1,-1
208,36,558.468,459.307,25.689,64.839,1,-1,-1,-1
209,3,371.434,446.050,44.267,105.426,1,-1,-1,-1
209,4,690.708,419.676,165.730,557.563,1,-1,-1,-1
209,5,836.779,434.042,155.032,383.750,1,-1,-1,-1
209,17,1020.852,440.760,119.894,325.735,1,-1,-1,-1
209,18,406.595,466.044,52.073,108.218,1,-1,-1,-1
209,19,450.788,465.299,35.786,109.125,1,-1,-1,-1
209,21,513.416,456.049,33.288,109.189,1,-1,-1,-1
209,28,582.197,453.217,64.562,173.685,1,-1,-1,-1
209,29,591.322,422.638,20.758,41.104,1,-1,-1,-1
209,31,1193.547,450.708,35.282,97.019,1,-1,-1,-1
209,32,578.186,432.137,19.779,37.084,1,-1,-1,-1
209,34,657.790,461.675,27.042,77.348,1,-1,-1,-1
209,35,534.369,458.296,25.790,85.244,1,-1,-1,-1
209,36,559.974,459.131,25.469,64.166,1,-1,-1,-1
210,3,370.915,446.766,44.387,105.207,1,-1,-1,-1
210,4,694.884,419.396,164.319,560.125,1,-1,-1,-1
210,5,839.828,434.494,154.274,384.638,1,-1,-1,-1
210,17,1024.367,443.025,128.830,325.072,1,-1,-1,-1
210,18,406.161,467.081,51.763,107.745,1,-1,-1,-1
210,19,448.996,467.570,37.157,107.775,1,-1,-1,-1
210,21,513.463,455.765,33.457,109.134,1,-1,-1,-1
210,28,583.771,453.997,63.504,172.301,1,-1,-1,-1
210,29,594.088,421.913,20.799,40.991,1,-1,-1,-1
210,31,1194.553,451.937,35.350,96.791,1,-1,-1,-1
210,32,579.586,431.960,19.686,37.079,1,-1,-1,-1
210,34,656.281,461.642,26.081,75.769,1,-1,-1,-1
210,36,561.468,458.632,24.469,62.198,1,-1,-1,-1
211,3,370.753,446.646,44.557,105.188,1,-1,-1,-1
211,4,698.258,422.624,164.426,559.664,1,-1,-1,-1
211,5,845.382,434.613,152.466,386.429,1,-1,-1,-1
211,17,1025.788,442.443,138.017,326.787,1,-1,-1,-1
211,18,406.494,467.303,51.234,107.583,1,-1,-1,-1
211,19,447.161,467.659,38.400,107.308,1,-1,-1,-1
211,21,513.567,455.601,33.663,109.290,1,-1,-1,-1
211,28,585.301,453.135,62.609,171.764,1,-1,-1,-1
211,29,594.556,421.173,20.639,40.388,1,-1,-1,-1
211,31,1195.743,451.996,35.970,97.113,1,-1,-1,-1
211,32,579.909,432.069,19.544,36.865,1,-1,-1,-1
211,34,656.357,461.966,26.089,75.452,1,-1,-1,-1
211,36,561.805,457.977,23.882,60.921,1,-1,-1,-1
211,37,639.600,457.000,30.000,86.700,1,-1,-1,-1
212,3,370.515,446.423,44.845,105.207,1,-1,-1,-1
212,4,700.973,421.785,164.514,562.185,1,-1,-1,-1
212,5,853.347,431.885,150.404,387.859,1,-1,-1,-1
212,17,1027.926,443.700,146.226,328.258,1,-1,-1,-1
212,18,406.557,466.959,51.096,107.658,1,-1,-1,-1
212,19,447.346,466.891,38.593,107.228,1,-1,-1,-1
212,21,513.273,455.525,33.873,110.095,1,-1,-1,-1
212,28,587.546,453.417,61.487,170.896,1,-1,-1,-1
212,31,1196.902,451.796,36.411,97.143,1,-1,-1,-1
212,34,658.545,462.472,26.478,75.792,1,-1,-1,-1
212,36,558.896,457.621,23.701,60.742,1,-1,-1,-1
213,3,370.653,446.616,44.891,105.051,1,-1,-1,-1
213,4,702.053,419.553,165.403,565.337,1,-1,-1,-1
213,5,859.550,429.677,147.903,386.871,1,-1,-1,-1
213,17,1026.876,446.747,151.384,327.709,1,-1,-1,-1
213,18,407.462,467.238,50.914,107.844,1,-1,-1,-1
213,19,444.972,466.793,39.749,107.200,1,-1,-1,-1
213,21,514.005,455.098,33.883,110.283,1,-1,-1,-1
213,28,589.290,452.673,60.385,171.262,1,-1,-1,-1
213,31,1197.149,451.134,36.816,97.199,1,-1,-1,-1
213,34,657.840,462.688,25.987,74.679,1,-1,-1,-1
213,36,556.508,457.341,23.729,61.170,1,-1,-1,-1
214,3,370.859,446.901,45.060,104.829,1,-1,-1,-1
214,4,707.947,414.995,165.009,567.953,1,-1,-1,-1
214,5,864.593,430.809,144.761,386.139,1,-1,-1,-1
214,17,1026.952,446.419,154.572,328.158,1,-1,-1,-1
214,18,407.712,467.295,50.506,107.945,1,-1,-1,-1
214,19,444.413,467.233,40.400,107.088,1,-1,-1,-1
214,21,513.987,454.995,33.945,110.366,1,-1,-1,-1
214,28,590.751,451.369,59.541,171.265,1,-1,-1,-1
214,31,1198.488,450.670,37.277,97.048,1,-1,-1,-1
214,34,659.222,463.865,26.285,74.660,1,-1,-1,-1
214,36,556.459,457.627,23.410,60.708,1,-1,-1,-1
215,3,371.122,447.279,45.212,104.724,1,-1,-1,-1
215,4,712.265,414.574,167.017,569.874,1,-1,-1,-1
215,5,869.061,434.083,142.032,386.898,1,-1,-1,-1
215,17,1030.592,444.168,156.380,329.413,1,-1,-1,-1
215,18,408.303,467.382,50.726,107.590,1,-1,-1,-1
215,19,443.764,468.516,40.655,106.381,1,-1,-1,-1
215,21,513.499,455.366,34.265,110.491,1,-1,-1,-1
215,28,592.337,451.118,58.915,171.024,1,-1,-1,-1
215,31,1200.589,448.599,37.916,98.486,1,-1,-1,-1
215,34,659.623,464.036,26.087,74.208,1,-1,-1,-1
215,36,553.933,457.526,23.360,60.614,1,-1,-1,-1
216,3,371.164,447.450,44.992,104.368,1,-1,-1,-1
216,4,715.221,413.614,169.163,571.194,1,-1,-1,-1
216,5,873.848,433.607,139.559,389.305,1,-1,-1,-1
216,17,1032.170,444.668,158.956,330.484,1,-1,-1,-1
216,18,408.393,467.427,50.942,107.361,1,-1,-1,-1
216,19,444.300,469.532,40.867,105.901,1,-1,-1,-1
216,21,513.568,454.893,34.388,110.657,1,-1,-1,-1
216,28,593.463,452.501,58.735,171.038,1,-1,-1,-1
216,29,592.951,422.152,19.891,39.251,1,-1,-1,-1
216,31,1202.478,448.447,38.770,99.464,1,-1,-1,-1
216,34,659.135,464.103,26.481,74.447,1,-1,-1,-1
216,36,554.247,456.949,23.742,61.581,1,-1,-1,-1
217,3,371.048,447.475,44.778,104.241,1,-1,-1,-1
217,4,719.552,415.493,172.665,568.942,1,-1,-1,-1
217,5,878.679,435.416,137.272,388.695,1,-1,-1,-1
217,17,1032.656,447.719,159.576,332.001,1,-1,-1,-1
217,18,409.163,467.626,50.523,107.104,1,-1,-1,-1
217,19,443.258,469.949,41.130,105.780,1,-1,-1,-1
217,21,513.987,454.623,34.422,110.965,1,-1,-1,-1
217,28,594.953,453.132,58.625,171.278,1,-1,-1,-1
217,31,1204.616,448.381,39.560,100.314,1,-1,-1,-1
217,34,658.433,464.704,26.197,73.130,1,-1,-1,-1
217,36,549.681,456.012,24.237,62.833,1,-1,-1,-1
218,3,371.043,447.373,44.813,104.153,1,-1,-1,-1
218,4,721.537,416.988,176.597,571.069,1,-1,-1,-1
218,5,882.878,433.591,135.308,390.064,1,-1,-1,-1
218,17,1034.921,448.593,158.873,333.115,1,-1,-1,-1
218,18,411.904,466.914,50.353,106.751,1,-1,-1,-1
218,19,442.286,469.280,41.572,106.203,1,-1,-1,-1
218,21,514.127,454.364,34.529,111.136,1,-1,-1,-1
218,28,596.233,453.728,58.258,171.683,1,-1,-1,-1
218,31,1206.357,449.503,40.129,100.957,1,-1,-1,-1
218,34,657.757,464.543,25.920,72.492,1,-1,-1,-1
218,36,550.907,456.048,24.283,63.567,1,-1,-1,-1
218,38,546.500,442.200,20.700,52.000,1,-1,-1,-1
219,3,371.378,447.332,44.674,104.058,1,-1,-1,-1
219,4,723.972,416.697,180.419,572.057,1,-1,-1,-1
219,5,885.846,434.253,132.966,390.653,1,-1,-1,-1
219,17,1038.238,445.550,157.782,334.232,1,-1,-1,-1
219,18,411.794,466.291,48.916,105.496,1,-1,-1,-1
219,19,439.410,468.234,42.419,106.959,1,-1,-1,-1
219,21,514.587,454.185,34.854,111.297,1,-1,-1,-1
219,28,597.339,452.442,58.111,173.210,1,-1,-1,-1
219,31,1208.589,450.491,40.042,100.989,1,-1,-1,-1
219,34,657.828,464.635,25.496,71.560,1,-1,-1,-1
219,36,550.882,457.124,24.492,64.538,1,-1,-1,-1
220,3,371.901,447.297,44.546,104.122,1,-1,-1,-1
220,4,726.273,414.233,184.480,575.661,1,-1,-1,-1
220,5,887.418,432.955,133.649,392.972,1,-1,-1,-1
220,17,1043.751,445.030,154.659,335.958,1,-1,-1,-1
220,18,409.264,465.831,47.708,103.644,1,-1,-1,-1
220,19,437.737,467.767,43.036,107.577,1,-1,-1,-1
220,21,514.438,453.953,35.090,111.494,1,-1,-1,-1
220,28,598.987,452.735,57.682,174.169,1,-1,-1,-1
220,31,1210.243,451.183,39.859,100.879,1,-1,-1,-1
220,34,658.821,463.585,26.437,73.191,1,-1,-1,-1
220,36,553.433,457.160,24.605,65.268,1,-1,-1,-1
221,3,372.137,447.556,44.288,104.191,1,-1,-1,-1
221,4,727.465,411.247,189.962,579.072,1,-1,-1,-1
221,5,890.444,431.050,132.632,396.847,1,-1,-1,-1
221,17,1051.069,444.654,149.222,337.007,1,-1,-1,-1
221,18,405.425,464.155,45.683,101.320,1,-1,-1,-1
221,19,434.413,466.916,44.064,108.307,1,-1,-1,-1
221,21,514.594,453.665,35.262,111.579,1,-1,-1,-1
221,28,600.638,452.272,56.962,174.226,1,-1,-1,-1
221,31,1212.264,451.929,39.773,100.312,1,-1,-1,-1
221,34,658.384,463.089,26.250,73.231,1,-1,-1,-1
221,36,551.808,456.039,24.463,65.056,1,-1,-1,-1
222,3,371.971,447.630,44.045,104.132,1,-1,-1,-1
222,4,730.219,410.831,195.348,580.670,1,-1,-1,-1
222,5,891.377,431.123,133.194,402.057,1,-1,-1,-1
222,17,1059.289,446.176,143.906,337.573,1,-1,-1,-1
222,19,432.460,466.419,44.788,109.129,1,-1,-1,-1
222,21,514.692,453.610,35.303,111.441,1,-1,-1,-1
222,28,601.965,452.844,56.585,175.543,1,-1,-1,-1
222,31,1215.808,451.684,39.502,99.308,1,-1,-1,-1
222,34,658.360,463.848,25.370,72.088,1,-1,-1,-1
222,36,551.742,455.748,24.339,65.053,1,-1,-1,-1
222,39,1056.400,478.300,39.100,129.000,1,-1,-1,-1
223,3,371.994,447.568,43.841,104.223,1,-1,-1,-1
223,4,737.339,408.707,200.915,581.333,1,-1,-1,-1
223,5,894.421,432.429,133.646,402.692,1,-1,-1,-1
223,17,1069.355,446.699,137.583,337.672,1,-1,-1,-1
223,19,431.568,466.764,45.039,109.616,1,-1,-1,-1
223,21,514.817,453.581,35.195,111.280,1,-1,-1,-1
223,28,602.940,452.662,56.600,177.739,1,-1,-1,-1
223,34,659.255,464.419,24.934,71.953,1,-1,-1,-1
223,36,552.675,457.655,24.517,65.700,1,-1,-1,-1
223,39,1054.057,476.789,38.087,120.424,1,-1,-1,-1
224,3,372.206,447.376,43.746,104.265,1,-1,-1,-1
224,4,741.170,409.143,207.935,582.546,1,-1,-1,-1
224,5,898.396,432.843,133.800,405.801,1,-1,-1,-1
224,17,1078.902,445.417,130.500,337.564,1,-1,-1,-1
224,19,430.717,466.728,45.249,110.134,1,-1,-1,-1
224,21,514.850,453.558,35.172,111.572,1,-1,-1,-1
224,28,604.651,452.431,56.396,178.875,1,-1,-1,-1
224,34,660.516,463.414,25.809,73.830,1,-1,-1,-1
224,36,552.588,458.512,25.235,67.456,1,-1,-1,-1
224,39,1053.233,478.845,38.834,116.193,1,-1,-1,-1
225,3,372.458,447.341,43.626,104.726,1,-1,-1,-1
225,4,744.932,408.071,218.869,585.536,1,-1,-1,-1
225,5,898.707,432.051,133.777,408.900,1,-1,-1,-1
225,17,1086.996,447.353,123.601,336.893,1,-1,-1,-1
225,19,429.519,466.572,45.186,110.875,1,-1,-1,-1
225,21,514.692,453.373,35.099,111.780,1,-1,-1,-1
225,28,605.643,452.409,56.471,180.326,1,-1,-1,-1
225,34,660.550,464.531,26.300,73.975,1,-1,-1,-1
225,36,551.459,457.379,25.167,66.768,1,-1,-1,-1
225,38,535.960,457.950,27.480,73.099,1,-1,-1,-1
225,39,1052.471,481.444,39.321,113.713,1,-1,-1,-1
225,40,463.900,456.400,36.900,107.400,1,-1,-1,-1
226,3,372.627,447.729,43.431,105.273,1,-1,-1,-1
226,4,748.121,407.655,228.510,587.263,1,-1,-1,-1
226,5,897.928,431.876,134.653,410.689,1,-1,-1,-1
226,17,1094.050,447.777,118.922,336.775,1,-1,-1,-1
226,19,428.514,466.285,45.221,111.479,1,-1,-1,-1
226,21,514.734,453.063,34.990,111.820,1,-1,-1,-1
226,28,607.090,452.476,56.439,181.745,1,-1,-1,-1
226,34,659.171,465.570,26.641,73.458,1,-1,-1,-1
226,36,550.359,457.033,25.265,66.269,1,-1,-1,-1
226,38,532.518,459.005,28.492,77.765,1,-1,-1,-1
226,39,1051.796,483.176,39.844,112.419,1,-1,-1,-1
227,3,372.435,447.897,43.343,105.761,1,-1,-1,-1
227,4,750.877,409.726,238.199,588.799,1,-1,-1,-1
227,5,895.712,433.845,136.956,414.823,1,-1,-1,-1
227,17,1103.052,445.640,114.640,338.487,1,-1,-1,-1
227,19,426.687,465.806,45.384,112.117,1,-1,-1,-1
227,21,514.196,453.135,34.936,111.656,1,-1,-1,-1
227,28,607.874,451.847,55.815,182.194,1,-1,-1,-1
227,34,658.678,465.601,26.962,73.787,1,-1,-1,-1
227,36,550.726,455.823,25.008,65.621,1,-1,-1,-1
227,38,531.792,459.005,28.453,78.931,1,-1,-1,-1
227,39,1052.522,484.937,39.903,109.168,1,-1,-1,-1
227,41,1076.600,489.200,34.500,103.800,1,-1,-1,-1
228,3,372.263,447.883,43.113,106.031,1,-1,-1,-1
228,4,754.338,410.793,246.739,589.125,1,-1,-1,-1
228,17,1110.469,443.902,113.393,337.830,1,-1,-1,-1
228,19,425.898,465.837,45.445,112.387,1,-1,-1,-1
228,21,513.794,453.362,34.979,111.591,1,-1,-1,-1
228,28,609.339,451.478,54.931,181.490,1,-1,-1,-1
228,34,658.564,466.314,27.720,74.269,1,-1,-1,-1
228,36,551.252,455.210,24.819,65.036,1,-1,-1,-1
228,38,531.754,458.149,28.415,79.030,1,-1,-1,-1
228,39,1052.222,487.176,39.982,105.595,1,-1,-1,-1
228,40,477.488,453.762,32.725,102.877,1,-1,-1,-1
228,41,1082.277,488.872,36.045,108.755,1,-1,-1,-1
229,3,372.191,448.105,42.973,106.258,1,-1,-1,-1
229,4,756.101,413.478,254.062,589.029,1,-1,-1,-1
229,17,1115.880,445.428,114.198,340.443,1,-1,-1,-1
229,19,425.822,465.712,45.679,112.173,1,-1,-1,-1
229,21,513.596,453.740,34.954,111.182,1,-1,-1,-1
229,28,610.927,451.299,54.286,181.736,1,-1,-1,-1
229,34,659.054,466.253,28.704,76.413,1,-1,-1,-1
229,36,551.109,455.988,24.804,64.837,1,-1,-1,-1
229,38,532.677,458.180,28.150,78.513,1,-1,-1,-1
229,39,1050.670,487.509,40.206,105.349,1,-1,-1,-1
229,40,481.316,454.123,31.386,102.905,1,-1,-1,-1
229,41,1086.414,483.896,39.353,116.138,1,-1,-1,-1
229,42,454.100,458.300,37.700,108.900,1,-1,-1,-1
230,3,372.477,448.100,42.816,106.450,1,-1,-1,-1
230,4,759.642,415.298,258.880,587.415,1,-1,-1,-1
230,17,1121.800,445.275,115.716,342.819,1,-1,-1,-1
230,19,424.544,465.676,45.851,112.459,1,-1,-1,-1
230,21,513.721,454.348,34.935,110.689,1,-1,-1,-1
230,28,612.946,449.052,54.270,183.233,1,-1,-1,-1
230,34,661.225,463.663,28.762,77.705,1,-1,-1,-1
230,36,551.531,458.251,24.716,65.023,1,-1,-1,-1
230,39,1048.813,486.880,40.718,105.212,1,-1,-1,-1
230,41,1086.529,483.630,41.286,118.059,1,-1,-1,-1
230,42,457.712,458.156,35.875,105.989,1,-1,-1,-1
231,3,372.344,447.821,42.782,106.349,1,-1,-1,-1
231,4,762.751,416.750,263.786,586.471,1,-1,-1,-1
231,17,1125.812,444.670,118.107,344.660,1,-1,-1,-1
231,19,423.801,465.666,45.974,112.362,1,-1,-1,-1
231,21,513.949,454.744,34.893,110.630,1,-1,-1,-1
231,28,614.540,449.459,54.166,184.145,1,-1,-1,-1
231,34,659.970,463.279,28.745,78.883,1,-1,-1,-1
231,36,553.831,458.283,24.474,64.988,1,-1,-1,-1
231,38,537.257,457.707,27.549,76.820,1,-1,-1,-1
231,39,1048.543,485.155,40.878,106.838,1,-1,-1,-1
231,41,1085.808,485.028,42.250,117.765,1,-1,-1,-1
231,42,453.727,458.961,36.635,107.201,1,-1,-1,-1
232,3,372.271,447.731,42.813,106.469,1,-1,-1,-1
232,4,763.827,415.558,267.241,589.288,1,-1,-1,-1
232,17,1128.225,444.520,123.881,346.806,1,-1,-1,-1
232,19,422.885,466.117,45.981,112.068,1,-1,-1,-1
232,21,514.285,455.276,34.834,110.365,1,-1,-1,-1
232,28,615.770,448.965,54.364,184.801,1,-1,-1,-1
232,36,556.137,458.894,24.205,64.555,1,-1,-1,-1
232,39,1048.157,484.279,40.958,107.434,1,-1,-1,-1
232,41,1085.641,486.539,41.638,114.902,1,-1,-1,-1
232,42,454.083,459.968,35.784,105.174,1,-1,-1,-1
233,3,372.017,447.556,43.082,106.594,1,-1,-1,-1
233,4,768.348,413.447,268.444,591.993,1,-1,-1,-1
233,17,1130.062,444.958,129.244,348.758,1,-1,-1,-1
233,19,421.951,465.583,45.848,111.796,1,-1,-1,-1
233,21,514.438,455.102,34.626,110.490,1,-1,-1,-1
233,28,616.549,447.755,55.171,185.259,1,-1,-1,-1
233,36,551.126,459.066,24.564,64.704,1,-1,-1,-1
233,39,1047.908,484.058,41.244,108.447,1,-1,-1,-1
233,40,486.923,456.559,28.936,100.122,1,-1,-1,-1
233,41,1086.128,485.578,41.595,114.193,1,-1,-1,-1
233,42,457.869,459.864,34.433,103.524,1,-1,-1,-1
234,3,371.577,447.519,43.416,106.772,1,-1,-1,-1
234,4,771.756,414.143,267.313,593.506,1,-1,-1,-1
234,17,1133.693,443.067,136.106,352.537,1,-1,-1,-1
234,19,420.962,464.885,45.037,111.638,1,-1,-1,-1
234,21,514.150,454.890,34.584,110.695,1,-1,-1,-1
234,28,617.870,446.449,56.870,185.945,1,-1,-1,-1
234,36,549.638,458.584,24.528,64.213,1,-1,-1,-1
234,39,1048.028,484.287,41.232,108.872,1,-1,-1,-1
234,40,492.156,456.924,27.812,101.222,1,-1,-1,-1
234,41,1086.234,483.928,41.862,114.806,1,-1,-1,-1
234,42,464.095,457.831,32.759,102.039,1,-1,-1,-1
235,3,370.951,447.156,43.549,106.621,1,-1,-1,-1
235,4,778.769,413.286,262.734,595.237,1,-1,-1,-1
235,17,1135.488,444.115,138.843,353.084,1,-1,-1,-1
235,19,420.207,464.544,44.117,111.537,1,-1,-1,-1
235,21,514.026,454.044,34.335,110.993,1,-1,-1,-1
235,28,618.864,446.162,58.276,187.031,1,-1,-1,-1
235,36,548.740,457.841,24.679,64.230,1,-1,-1,-1
235,39,1047.546,484.719,41.125,109.596,1,-1,-1,-1
235,41,1086.468,482.639,41.874,116.014,1,-1,-1,-1
235,42,468.561,456.776,31.349,101.397,1,-1,-1,-1
235,43,597.100,465.200,29.300,65.300,1,-1,-1,-1
236,3,370.917,447.302,43.783,106.514,1,-1,-1,-1
236,4,785.301,411.311,259.248,596.344,1,-1,-1,-1
236,17,1138.130,445.811,141.494,353.338,1,-1,-1,-1
236,19,419.856,464.219,43.636,111.438,1,-1,-1,-1
236,21,513.567,453.434,34.344,111.359,1,-1,-1,-1
236,28,620.730,447.036,59.991,187.831,1,-1,-1,-1
236,36,547.959,458.004,25.057,64.717,1,-1,-1,-1
236,39,1047.950,485.246,41.001,109.268,1,-1,-1,-1
236,41,1087.072,482.619,41.572,115.850,1,-1,-1,-1
236,42,469.622,456.366,31.334,102.032,1,-1,-1,-1
236,43,591.954,463.331,25.992,59.339,1,-1,-1,-1
237,3,370.139,447.142,44.036,106.579,1,-1,-1,-1
237,4,789.378,410.494,257.133,596.211,1,-1,-1,-1
237,17,1142.589,443.054,141.134,354.973,1,-1,-1,-1
237,19,419.349,463.734,42.764,111.351,1,-1,-1,-1
237,21,513.122,453.146,34.433,111.548,1,-1,-1,-1
237,28,621.977,447.131,62.344,187.955,1,-1,-1,-1
237,36,546.602,458.250,25.391,65.187,1,-1,-1,-1
237,39,1047.362,484.799,41.278,108.973,1,-1,-1,-1
237,41,1086.548,481.737,42.477,117.227,1,-1,-1,-1
237,42,472.465,456.418,31.426,102.766,1,-1,-1,-1
237,43,589.874,462.014,24.741,58.672,1,-1,-1,-1
237,44,444.100,458.100,47.100,106.100,1,-1,-1,-1
237,45,1122.700,465.700,34.000,81.800,1,-1,-1,-1
238,3,370.072,446.930,44.138,106.512,1,-1,-1,-1
238,4,794.821,407.773,253.040,600.238,1,-1,-1,-1
238,17,1144.693,444.328,142.263,356.008,1,-1,-1,-1
238,19,419.333,463.565,42.209,111.100,1,-1,-1,-1
238,21,512.865,453.100,34.386,111.432,1,-1,-1,-1
238,28,624.609,448.663,65.220,187.289,1,-1,-1,-1
238,36,547.824,457.824,25.535,64.902,1,-1,-1,-1
238,39,1048.906,484.879,41.033,108.095,1,-1,-1,-1
238,41,1086.512,481.774,42.968,117.368,1,-1,-1,-1
238,42,473.573,456.991,31.553,103.142,1,-1,-1,-1
238,43,587.450,461.105,23.285,57.684,1,-1,-1,-1
238,45,1114.807,460.239,37.788,91.923,1,-1,-1,-1
239,3,370.034,446.701,44.212,106.325,1,-1,-1,-1
239,4,799.372,409.172,248.351,598.387,1,-1,-1,-1
239,17,1148.067,445.368,140.618,356.561,1,-1,-1,-1
239,19,419.096,463.452,41.476,111.375,1,-1,-1,-1
239,21,512.872,453.180,34.296,111.261,1,-1,-1,-1
239,28,626.998,448.521,68.060,186.648,1,-1,-1,-1
239,36,549.370,458.002,25.610,64.636,1,-1,-1,-1
239,39,1049.925,485.989,40.486,106.913,1,-1,-1,-1
239,41,1086.677,482.909,42.741,116.329,1,-1,-1,-1
239,42,474.066,457.407,32.066,103.856,1,-1,-1,-1
239,43,584.840,459.862,22.928,58.988,1,-1,-1,-1
239,45,1116.361,452.732,38.961,95.407,1,-1,-1,-1
240,3,370.001,446.963,44.347,105.690,1,-1,-1,-1
240,4,807.138,412.828,242.022,597.363,1,-1,-1,-1
240,17,1154.369,442.301,138.658,358.563,1,-1,-1,-1
240,19,418.240,463.523,40.830,111.263,1,-1,-1,-1
240,21,512.956,453.047,34.039,111.399,1,-1,-1,-1
240,28,628.881,447.610,70.460,186.476,1,-1,-1,-1
240,36,549.915,457.633,25.609,64.494,1,-1,-1,-1
240,39,1051.440,487.091,39.274,105.294,1,-1,-1,-1
240,41,1085.695,482.817,42.778,116.657,1,-1,-1,-1
240,42,474.926,457.135,32.019,104.333,1,-1,-1,-1
240,43,585.867,460.047,22.425,60.483,1,-1,-1,-1
240,45,1117.572,446.933,40.469,100.577,1,-1,-1,-1
241,3,370.007,446.996,44.500,105.454,1,-1,-1,-1
241,4,812.504,413.257,234.809,599.325,1,-1,-1,-1
241,17,1164.060,439.627,134.640,358.521,1,-1,-1,-1
241,19,418.100,463.570,39.948,111.321,1,-1,-1,-1
241,21,512.869,453.051,33.990,111.804,1,-1,-1,-1
241,28,630.168,447.524,72.707,186.863,1,-1,-1,-1
241,36,551.183,457.766,25.520,64.157,1,-1,-1,-1
241,39,1050.641,487.479,38.614,104.143,1,-1,-1,-1
241,41,1085.220,482.435,42.899,117.286,1,-1,-1,-1
241,42,475.317,456.741,32.124,104.848,1,-1,-1,-1
241,43,589.941,459.468,22.273,62.233,1,-1,-1,-1
241,45,1117.073,443.797,41.403,104.060,1,-1,-1,-1
242,3,369.947,446.669,44.557,105.393,1,-1,-1,-1
242,4,824.976,408.368,227.952,591.463,1,-1,-1,-1
242,17,1172.650,437.843,130.491,361.007,1,-1,-1,-1
242,19,418.257,463.107,39.250,111.596,1,-1,-1,-1
242,21,512.725,452.744,33.871,112.122,1,-1,-1,-1
242,28,630.756,448.130,73.617,186.515,1,-1,-1,-1
242,36,553.775,457.898,25.056,63.411,1,-1,-1,-1
242,41,1085.544,482.546,42.768,116.364,1,-1,-1,-1
242,42,475.109,456.778,32.021,104.619,1,-1,-1,-1
242,43,590.451,459.531,21.971,62.516,1,-1,-1,-1
242,45,1117.790,443.381,41.323,104.232,1,-1,-1,-1
243,3,370.186,446.709,44.517,105.373,1,-1,-1,-1
243,4,830.295,412.690,222.123,593.739,1,-1,-1,-1
243,17,1180.271,438.292,127.446,360.997,1,-1,-1,-1
243,19,418.084,463.181,38.659,111.929,1,-1,-1,-1
243,21,512.881,452.741,33.673,112.214,1,-1,-1,-1
243,28,631.732,449.786,74.085,186.925,1,-1,-1,-1
243,36,554.641,457.806,24.718,63.025,1,-1,-1,-1
243,41,1085.017,481.545,42.745,116.991,1,-1,-1,-1
243,42,475.633,456.811,31.925,104.445,1,-1,-1,-1
243,43,591.964,458.981,22.211,64.149,1,-1,-1,-1
243,45,1117.557,442.774,41.593,105.137,1,-1,-1,-1
244,3,370.186,446.810,44.624,105.196,1,-1,-1,-1
244,4,839.629,417.463,217.185,596.307,1,-1,-1,-1
244,17,1188.184,438.581,124.017,361.079,1,-1,-1,-1
244,19,417.758,462.927,38.418,111.974,1,-1,-1,-1
244,21,513.006,452.773,33.473,112.251,1,-1,-1,-1
244,28,632.192,449.598,74.478,187.462,1,-1,-1,-1
244,36,552.843,457.471,24.646,63.092,1,-1,-1,-1
244,41,1084.588,481.227,42.653,117.313,1,-1,-1,-1
244,42,475.985,457.108,31.749,104.480,1,-1,-1,-1
244,43,591.075,458.727,21.759,63.999,1,-1,-1,-1
244,45,1117.077,443.156,41.090,105.442,1,-1,-1,-1
245,3,370.382,446.613,44.730,105.345,1,-1,-1,-1
245,4,848.234,419.334,212.981,599.352,1,-1,-1,-1
245,17,1195.667,441.138,121.319,359.473,1,-1,-1,-1
245,19,417.366,463.743,38.132,111.544,1,-1,-1,-1
245,21,513.305,452.726,33.354,112.386,1,-1,-1,-1
245,28,631.653,450.186,74.951,187.509,1,-1,-1,-1
245,36,553.018,457.931,24.590,62.861,1,-1,-1,-1
245,41,1084.174,480.968,43.041,118.120,1,-1,-1,-1
245,42,475.944,457.038,32.078,105.265,1,-1,-1,-1
245,43,590.176,459.833,21.607,63.787,1,-1,-1,-1
245,45,1115.882,443.780,41.126,104.937,1,-1,-1,-1
245,46,774.700,440.500,140.500,422.300,1,-1,-1,-1
246,3,370.421,446.679,44.779,105.121,1,-1,-1,-1
246,4,860.654,413.386,203.081,603.451,1,-1,-1,-1
246,17,1203.616,441.349,119.594,359.131,1,-1,-1,-1
246,19,416.696,464.263,38.004,111.228,1,-1,-1,-1
246,21,513.303,452.785,33.349,112.351,1,-1,-1,-1
246,28,632.990,449.900,75.853,188.595,1,-1,-1,-1
246,36,552.505,458.373,24.548,62.638,1,-1,-1,-1
246,41,1083.776,482.448,43.269,117.182,1,-1,-1,-1
246,42,475.822,457.272,32.402,105.770,1,-1,-1,-1
246,43,590.054,460.507,21.621,63.869,1,-1,-1,-1
246,45,1115.188,443.759,41.224,104.956,1,-1,-1,-1
246,46,777.698,437.054,148.803,440.691,1,-1,-1,-1
247,3,370.250,446.720,44.843,105.207,1,-1,-1,-1
247,4,870.430,412.160,195.402,610.724,1,-1,-1,-1
247,17,1210.221,442.019,120.228,359.831,1,-1,-1,-1
247,19,417.244,464.806,37.965,110.942,1,-1,-1,-1
247,21,513.471,452.383,33.209,112.536,1,-1,-1,-1
247,28,634.515,448.811,75.619,189.450,1,-1,-1,-1
247,36,549.108,458.922,24.729,63.230,1,-1,-1,-1
247,41,1083.854,480.363,43.611,117.868,1,-1,-1,-1
247,42,474.869,457.224,32.827,106.499,1,-1,-1,-1
247,43,589.688,460.430,21.496,63.631,1,-1,-1,-1
247,45,1113.968,443.407,40.897,106.073,1,-1,-1,-1
247,46,780.113,436.356,152.437,445.869,1,-1,-1,-1
248,3,370.296,446.990,44.971,105.189,1,-1,-1,-1
248,4,882.417,413.243,187.352,614.786,1,-1,-1,-1
248,17,1215.939,442.862,124.722,361.708,1,-1,-1,-1
248,19,417.343,465.118,38.019,110.818,1,-1,-1,-1
248,21,513.412,451.993,33.272,112.952,1,-1,-1,-1
248,28,635.624,448.548,74.887,189.720,1,-1,-1,-1
248,36,547.542,458.371,24.769,63.341,1,-1,-1,-1
248,41,1082.843,475.727,44.442,120.980,1,-1,-1,-1
248,42,473.742,457.041,33.345,107.172,1,-1,-1,-1
248,43,588.834,460.143,21.255,63.330,1,-1,-1,-1
248,45,1113.240,441.285,40.729,108.672,1,-1,-1,-1
248,46,779.215,435.540,152.507,445.521,1,-1,-1,-1
249,3,370.562,447.031,44.982,104.982,1,-1,-1,-1
249,4,891.559,412.098,182.341,622.653,1,-1,-1,-1
249,17,1221.008,442.356,132.405,365.878,1,-1,-1,-1
249,19,417.243,465.516,38.222,110.536,1,-1,-1,-1
249,21,513.294,451.655,33.099,113.429,1,-1,-1,-1
249,28,637.619,447.715,73.774,190.626,1,-1,-1,-1
249,36,548.296,457.821,24.655,63.213,1,-1,-1,-1
249,41,1081.701,472.364,45.681,123.300,1,-1,-1,-1
249,42,471.993,457.515,33.780,107.779,1,-1,-1,-1
249,43,587.877,459.048,21.407,63.345,1,-1,-1,-1
249,45,1109.637,441.800,41.561,112.140,1,-1,-1,-1
249,46,781.934,437.162,151.462,448.470,1,-1,-1,-1
250,3,370.909,446.499,44.885,105.478,1,-1,-1,-1
250,4,898.477,414.170,178.800,631.005,1,-1,-1,-1
250,17,1227.818,444.540,145.208,369.404,1,-1,-1,-1
250,19,415.872,464.781,38.453,110.696,1,-1,-1,-1
250,21,513.497,452.246,32.997,113.156,1,-1,-1,-1
250,28,639.294,447.158,72.263,191.052,1,-1,-1,-1
250,36,546.397,458.238,24.695,63.743,1,-1,-1,-1
250,41,1080.382,472.305,46.222,123.222,1,-1,-1,-1
250,42,472.364,457.582,33.543,107.184,1,-1,-1,-1
250,43,586.700,459.124,21.349,62.844,1,-1,-1,-1
250,46,788.182,439.928,147.975,446.888,1,-1,-1,-1
251,3,370.982,446.143,44.703,105.650,1,-1,-1,-1
251,4,906.243,409.943,176.476,638.240,1,-1,-1,-1
251,17,1230.512,441.745,158.837,373.963,1,-1,-1,-1
251,19,415.102,464.063,38.488,111.242,1,-1,-1,-1
251,21,513.378,452.300,32.895,113.200,1,-1,-1,-1
251,28,641.711,446.772,70.382,191.101,1,-1,-1,-1
251,36,547.243,458.288,24.602,63.509,1,-1,-1,-1
251,42,471.684,457.805,33.497,107.080,1,-1,-1,-1
251,43,589.191,458.807,21.481,62.899,1,-1,-1,-1
251,46,794.133,440.756,144.867,444.249,1,-1,-1,-1
252,3,370.724,446.241,44.680,105.970,1,-1,-1,-1
252,4,913.405,407.598,173.790,641.718,1,-1,-1,-1
252,17,1231.876,442.448,169.999,376.749,1,-1,-1,-1
252,19,415.178,463.879,38.650,111.731,1,-1,-1,-1
252,21,513.427,451.911,32.931,113.318,1,-1,-1,-1
252,28,644.369,447.724,69.419,189.965,1,-1,-1,-1
252,36,548.405,458.770,24.478,63.278,1,-1,-1,-1
252,42,470.626,458.131,33.224,106.552,1,-1,-1,-1
252,43,590.616,459.054,21.841,62.724,1,-1,-1,-1
252,46,797.047,439.455,143.662,445.526,1,-1,-1,-1
252,47,763.900,447.200,25.100,76.400,1,-1,-1,-1
253,3,370.916,446.155,44.611,106.472,1,-1,-1,-1
253,4,916.631,406.932,170.801,641.786,1,-1,-1,-1
253,17,1237.184,440.002,177.848,379.852,1,-1,-1,-1
253,19,414.592,463.423,38.933,112.234,1,-1,-1,-1
253,21,513.527,451.851,33.176,113.579,1,-1,-1,-1
253,28,647.860,447.714,67.387,189.882,1,-1,-1,-1
253,36,548.052,459.434,24.535,63.597,1,-1,-1,-1
253,42,471.081,458.658,32.767,106.066,1,-1,-1,-1
253,43,590.518,458.594,22.476,63.055,1,-1,-1,-1
253,46,797.615,438.724,141.855,446.068,1,-1,-1,-1
253,47,764.704,450.096,24.191,74.907,1,-1,-1,-1
253,48,618.100,461.500,23.600,60.100,1,-1,-1,-1
254,3,371.086,446.023,44.587,106.734,1,-1,-1,-1
254,4,920.150,401.580,168.638,645.734,1,-1,-1,-1
254,17,1235.921,437.965,184.703,379.996,1,-1,-1,-1
254,19,413.975,463.282,39.276,112.689,1,-1,-1,-1
254,21,513.763,451.996,33.135,113.674,1,-1,-1,-1
254,28,650.125,447.122,65.875,190.043,1,-1,-1,-1
254,36,549.793,460.317,24.346,63.366,1,-1,-1,-1
254,42,470.489,459.349,32.150,105.742,1,-1,-1,-1
254,43,589.751,458.898,22.999,63.415,1,-1,-1,-1
254,46,802.140,440.365,140.390,447.602,1,-1,-1,-1
254,47,769.689,452.308,24.051,72.525,1,-1,-1,-1
254,48,610.296,460.513,23.410,59.674,1,-1,-1,-1
254,49,1844.300,390.100,76.700,393.300,1,-1,-1,-1
254,50,628.300,464.700,28.700,64.300,1,-1,-1,-1
255,3,371.500,446.074,44.595,106.763,1,-1,-1,-1
255,4,923.050,406.505,167.093,642.012,1,-1,-1,-1
255,17,1235.874,436.800,190.227,381.122,1,-1,-1,-1
255,19,412.721,463.699,39.717,112.774,1,-1,-1,-1
255,21,513.804,451.904,33.022,113.547,1,-1,-1,-1
255,28,652.320,447.282,65.267,190.314,1,-1,-1,-1
255,36,548.783,460.294,24.295,63.399,1,-1,-1,-1
255,42,470.517,460.229,31.925,104.965,1,-1,-1,-1
255,43,589.277,458.964,23.240,63.922,1,-1,-1,-1
255,46,803.218,444.490,137.805,443.692,1,-1,-1,-1
255,47,768.984,452.950,24.052,71.752,1,-1,-1,-1
255,48,605.708,459.377,23.468,60.582,1,-1,-1,-1
255,49,1814.010,386.957,101.983,404.585,1,-1,-1,-1
255,50,619.800,461.921,25.102,59.160,1,-1,-1,-1
255,51,495.000,457.600,21.700,105.200,1,-1,-1,-1
256,3,371.262,445.948,44.600,106.675,1,-1,-1,-1
256,4,929.615,407.243,165.769,640.073,1,-1,-1,-1
256,17,1235.874,438.528,195.126,379.924,1,-1,-1,-1
256,19,412.088,463.812,39.709,112.767,1,-1,-1,-1
256,21,513.951,452.078,32.912,113.343,1,-1,-1,-1
256,28,654.128,446.856,64.352,190.671,1,-1,-1,-1
256,36,548.429,460.469,24.286,63.425,1,-1,-1,-1
256,42,470.587,460.385,32.110,104.557,1,-1,-1,-1
256,43,590.022,459.196,23.450,63.576,1,-1,-1,-1
256,46,805.570,446.560,135.282,444.428,1,-1,-1,-1
256,47,766.399,455.156,23.435,70.589,1,-1,-1,-1
256,49,1795.957,380.936,119.259,414.664,1,-1,-1,-1
256,50,607.912,461.351,23.290,56.657,1,-1,-1,-1
256,51,491.798,457.195,22.704,105.810,1,-1,-1,-1
256,52,563.700,459.100,41.000,65.700,1,-1,-1,-1
257,3,371.104,445.821,44.604,106.472,1,-1,-1,-1
257,4,935.304,408.378,165.351,639.793,1,-1,-1,-1
257,17,1238.296,436.067,197.220,380.519,1,-1,-1,-1
257,19,411.217,464.412,39.894,112.629,1,-1,-1,-1
257,21,513.979,452.170,32.858,113.084,1,-1,-1,-1
257,28,655.998,447.647,64.012,190.731,1,-1,-1,-1
257,36,549.767,460.517,24.220,63.135,1,-1,-1,-1
257,42,470.022,460.540,31.987,104.137,1,-1,-1,-1
257,43,589.414,459.526,23.484,63.160,1,-1,-1,-1
257,46,808.282,446.244,133.896,446.995,1,-1,-1,-1
257,47,771.880,454.074,24.282,72.043,1,-1,-1,-1
257,48,611.059,460.555,23.106,59.017,1,-1,-1,-1
257,49,1786.800,385.576,129.417,416.179,1,-1,-1,-1
258,3,371.116,445.541,44.524,106.405,1,-1,-1,-1
258,4,938.134,401.572,165.165,646.079,1,-1,-1,-1
258,17,1241.983,437.682,196.207,382.287,1,-1,-1,-1
258,19,409.303,463.795,40.687,112.632,1,-1,-1,-1
258,21,513.610,452.213,33.009,112.646,1,-1,-1,-1
258,28,657.675,448.353,64.128,191.962,1,-1,-1,-1
258,36,551.531,461.228,23.976,62.414,1,-1,-1,-1
258,42,471.017,460.474,31.610,103.564,1,-1,-1,-1
258,43,588.053,459.672,23.601,63.029,1,-1,-1,-1
258,46,810.415,443.195,133.507,451.075,1,-1,-1,-1
258,47,773.731,451.506,25.190,75.281,1,-1,-1,-1
258,48,606.381,460.440,22.930,58.569,1,-1,-1,-1
258,49,1766.202,377.573,147.037,423.305,1,-1,-1,-1
258,51,495.807,457.160,22.055,105.087,1,-1,-1,-1
258,53,625.400,462.000,25.000,61.000,1,-1,-1,-1
259,3,370.994,445.963,44.550,106.632,1,-1,-1,-1
259,4,938.160,402.258,166.744,644.891,1,-1,-1,-1
259,17,1250.749,440.734,191.951,382.762,1,-1,-1,-1
259,19,408.401,463.999,41.183,112.602,1,-1,-1,-1
259,21,513.489,452.183,33.092,112.245,1,-1,-1,-1
259,28,658.944,448.881,64.175,191.641,1,-1,-1,-1
259,36,552.214,460.882,23.852,62.055,1,-1,-1,-1
259,42,471.549,460.127,31.286,103.394,1,-1,-1,-1
259,43,587.689,459.528,23.546,63.054,1,-1,-1,-1
259,46,811.461,442.429,133.117,451.766,1,-1,-1,-1
259,47,775.084,451.732,25.403,75.997,1,-1,-1,-1
259,48,606.955,459.765,23.198,59.144,1,-1,-1,-1
259,49,1748.161,376.482,163.754,425.778,1,-1,-1,-1
259,51,494.097,456.626,22.478,105.755,1,-1,-1,-1
260,3,371.279,445.941,44.484,106.302,1,-1,-1,-1
260,4,938.581,402.301,167.593,643.609,1,-1,-1,-1
260,17,1257.390,442.334,187.720,383.529,1,-1,-1,-1
260,19,407.969,463.966,41.791,112.615,1,-1,-1,-1
260,21,512.846,452.235,33.536,111.643,1,-1,-1,-1
260,28,661.333,449.752,64.123,191.343,1,-1,-1,-1
260,36,553.348,460.914,23.678,61.651,1,-1,-1,-1
260,42,470.947,460.217,30.741,103.274,1,-1,-1,-1
260,43,588.753,459.542,23.420,63.060,1,-1,-1,-1
260,46,813.680,440.447,131.681,458.906,1,-1,-1,-1
260,47,775.891,452.572,25.365,75.187,1,-1,-1,-1
260,48,605.908,459.759,23.366,60.297,1,-1,-1,-1
260,49,1738.477,377.516,175.099,425.799,1,-1,-1,-1
260,51,493.414,456.834,22.525,105.380,1,-1,-1,-1
261,3,370.445,445.476,44.578,106.832,1,-1,-1,-1
261,4,941.392,405.694,166.321,641.443,1,-1,-1,-1
261,17,1267.038,440.377,183.834,384.266,1,-1,-1,-1
261,19,406.670,464.022,41.851,112.612,1,-1,-1,-1
261,21,512.655,452.590,33.667,111.465,1,-1,-1,-1
261,28,663.088,449.890,64.717,191.077,1,-1,-1,-1
261,36,555.006,461.377,23.494,61.242,1,-1,-1,-1
261,42,470.551,459.807,30.343,103.004,1,-1,-1,-1
261,43,589.210,459.839,23.276,63.199,1,-1,-1,-1
261,46,815.554,441.115,130.970,464.961,1,-1,-1,-1
261,47,776.309,453.432,25.164,74.365,1,-1,-1,-1
261,48,604.816,460.298,23.487,61.086,1,-1,-1,-1
261,49,1715.927,378.363,194.303,425.312,1,-1,-1,-1
261,51,490.137,457.180,22.891,104.505,1,-1,-1,-1
262,3,369.968,446.391,45.001,107.070,1,-1,-1,-1
262,4,941.479,407.386,167.800,640.441,1,-1,-1,-1
262,17,1283.015,441.240,173.817,383.900,1,-1,-1,-1
262,19,405.834,464.007,41.950,112.749,1,-1,-1,-1
262,21,512.439,453.215,33.679,111.140,1,-1,-1,-1
262,28,664.282,450.713,65.867,191.444,1,-1,-1,-1
262,36,556.991,462.174,23.304,60.885,1,-1,-1,-1
262,42,470.340,459.743,29.661,102.850,1,-1,-1,-1
262,43,591.129,460.471,23.395,62.999,1,-1,-1,-1
262,46,817.887,439.502,131.001,471.960,1,-1,-1,-1
262,47,777.886,453.207,25.412,74.240,1,-1,-1,-1
262,48,606.514,460.951,23.680,61.141,1,-1,-1,-1
262,49,1699.485,378.131,208.830,421.995,1,-1,-1,-1
263,3,370.188,446.367,45.145,107.317,1,-1,-1,-1
263,4,945.159,406.164,167.546,642.454,1,-1,-1,-1
263,17,1297.729,440.230,164.671,384.180,1,-1,-1,-1
263,19,404.777,463.610,42.270,112.995,1,-1,-1,-1
263,21,512.320,453.715,33.633,110.819,1,-1,-1,-1
263,28,667.023,451.523,66.513,192.139,1,-1,-1,-1
263,36,556.420,462.159,23.307,60.856,1,-1,-1,-1
263,42,469.838,459.716,29.140,102.796,1,-1,-1,-1
263,43,591.071,460.643,23.310,62.860,1,-1,-1,-1
263,46,818.398,437.073,130.512,476.061,1,-1,-1,-1
263,47,778.610,452.951,25.186,73.173,1,-1,-1,-1
263,48,606.503,460.817,23.606,61.027,1,-1,-1,-1
263,49,1686.762,386.668,217.431,416.539,1,-1,-1,-1
264,3,370.190,446.122,44.976,107.486,1,-1,-1,-1
264,4,944.370,406.402,169.105,642.695,1,-1,-1,-1
264,17,1309.374,436.378,157.088,384.137,1,-1,-1,-1
264,19,403.289,464.265,42.391,112.781,1,-1,-1,-1
264,21,512.100,453.577,33.708,110.502,1,-1,-1,-1
264,28,668.390,451.792,66.842,192.262,1,-1,-1,-1
264,36,556.635,462.074,23.198,60.799,1,-1,-1,-1
264,42,468.417,459.338,28.733,102.599,1,-1,-1,-1
264,43,591.239,460.958,23.217,62.501,1,-1,-1,-1
264,46,821.105,436.977,129.764,478.050,1,-1,-1,-1
264,47,778.776,452.837,25.003,72.459,1,-1,-1,-1
264,48,606.269,461.251,23.672,60.807,1,-1,-1,-1
264,49,1674.911,391.087,221.068,406.051,1,-1,-1,-1
264,54,1298.000,447.500,44.400,99.600,1,-1,-1,-1
265,3,370.938,446.013,44.856,107.907,1,-1,-1,-1
265,4,945.378,405.282,170.709,643.415,1,-1,-1,-1
265,17,1321.181,437.655,150.498,388.156,1,-1,-1,-1
265,19,402.486,463.336,42.699,112.769,1,-1,-1,-1
265,21,512.297,453.625,33.900,110.441,1,-1,-1,-1
265,28,670.167,451.179,67.661,192.930,1,-1,-1,-1
265,36,554.539,461.328,23.373,61.087,1,-1,-1,-1
265,42,466.693,459.723,28.610,102.580,1,-1,-1,-1
265,43,590.184,460.287,23.125,62.438,1,-1,-1,-1
265,46,822.451,430.541,128.262,485.568,1,-1,-1,-1
265,47,779.939,453.189,25.288,72.785,1,-1,-1,-1
265,48,609.306,460.946,23.462,60.517,1,-1,-1,-1
265,49,1666.758,398.254,222.146,393.180,1,-1,-1,-1
265,54,1299.242,442.721,44.115,105.358,1,-1,-1,-1
266,3,370.556,445.357,44.902,107.922,1,-1,-1,-1
266,4,946.257,407.734,169.659,642.936,1,-1,-1,-1
266,17,1333.214,439.521,145.122,390.957,1,-1,-1,-1
266,19,402.096,463.713,42.840,112.284,1,-1,-1,-1
266,21,512.332,454.165,34.122,110.287,1,-1,-1,-1
266,28,673.239,450.409,67.956,193.911,1,-1,-1,-1
266,36,555.486,461.449,23.525,61.102,1,-1,-1,-1
266,42,465.033,460.232,29.224,102.439,1,-1,-1,-1
266,43,587.424,459.971,23.233,62.536,1,-1,-1,-1
266,46,822.942,436.841,128.529,483.316,1,-1,-1,-1
266,47,781.585,452.703,25.799,73.145,1,-1,-1,-1
266,48,609.878,460.408,23.277,60.186,1,-1,-1,-1
266,49,1660.107,400.565,219.614,385.132,1,-1,-1,-1
266,54,1300.004,443.651,42.627,103.934,1,-1,-1,-1
267,3,370.645,445.337,44.907,107.795,1,-1,-1,-1
267,4,948.575,408.698,168.618,643.054,1,-1,-1,-1
267,17,1343.578,439.131,144.029,394.710,1,-1,-1,-1
267,19,400.932,464.388,43.080,112.213,1,-1,-1,-1
267,21,512.485,454.285,34.256,110.202,1,-1,-1,-1
267,28,675.102,448.812,67.726,194.457,1,-1,-1,-1
267,36,554.467,461.484,23.778,61.323,1,-1,-1,-1
267,42,463.975,461.021,29.757,102.239,1,-1,-1,-1
267,43,585.833,459.585,23.191,62.192,1,-1,-1,-1
267,46,824.895,436.760,129.240,482.694,1,-1,-1,-1
267,47,782.255,452.347,26.265,73.683,1,-1,-1,-1
267,49,1653.045,403.495,213.690,376.754,1,-1,-1,-1
267,53,618.385,460.894,23.030,58.312,1,-1,-1,-1
267,54,1301.383,445.419,41.601,103.362,1,-1,-1,-1
268,3,370.491,446.323,45.022,107.980,1,-1,-1,-1
268,4,950.055,409.522,168.405,643.323,1,-1,-1,-1
268,17,1351.480,439.744,144.745,396.528,1,-1,-1,-1
268,19,398.504,464.835,43.338,112.524,1,-1,-1,-1
268,21,512.112,454.434,34.519,110.284,1,-1,-1,-1
268,28,677.530,448.551,67.139,193.700,1,-1,-1,-1
268,36,557.735,461.830,23.736,60.935,1,-1,-1,-1
268,42,462.919,461.266,30.191,103.119,1,-1,-1,-1
268,43,584.374,459.558,23.338,62.283,1,-1,-1,-1
268,46,824.930,436.521,129.963,482.411,1,-1,-1,-1
268,47,782.369,452.269,26.169,74.624,1,-1,-1,-1
268,49,1645.310,404.706,204.496,369.797,1,-1,-1,-1
268,53,619.753,460.525,23.430,58.894,1,-1,-1,-1
268,55,653.200,467.500,26.200,62.800,1,-1,-1,-1
269,3,371.311,446.704,44.617,108.493,1,-1,-1,-1
269,4,948.967,407.494,168.963,644.152,1,-1,-1,-1
269,17,1357.669,440.955,153.699,398.218,1,-1,-1,-1
269,19,396.722,464.945,43.252,112.628,1,-1,-1,-1
269,21,511.710,454.794,34.683,110.424,1,-1,-1,-1
269,28,680.360,448.460,65.910,193.391,1,-1,-1,-1
269,36,559.300,462.147,23.706,60.738,1,-1,-1,-1
269,42,462.028,461.085,30.261,104.061,1,-1,-1,-1
269,43,584.675,460.055,23.473,62.353,1,-1,-1,-1
269,46,825.336,436.781,130.786,482.653,1,-1,-1,-1
269,47,783.713,452.555,26.407,74.999,1,-1,-1,-1
269,48,610.735,460.013,23.626,59.620,1,-1,-1,-1
269,49,1638.447,406.382,193.430,362.754,1,-1,-1,-1
269,55,655.183,465.607,25.434,65.287,1,-1,-1,-1
270,3,372.342,447.429,44.132,109.153,1,-1,-1,-1
270,4,948.608,403.948,169.425,645.221,1,-1,-1,-1
270,17,1364.292,440.503,162.164,401.675,1,-1,-1,-1
270,19,393.655,464.389,43.162,112.811,1,-1,-1,-1
270,21,511.642,454.785,34.775,110.633,1,-1,-1,-1
270,28,684.121,448.128,64.708,193.278,1,-1,-1,-1
270,36,559.604,461.974,23.657,60.593,1,-1,-1,-1
270,42,461.754,461.329,30.196,104.566,1,-1,-1,-1
270,43,585.023,459.787,23.542,62.316,1,-1,-1,-1
270,46,824.989,434.478,130.888,482.522,1,-1,-1,-1
270,49,1630.307,406.086,182.137,357.095,1,-1,-1,-1
270,53,618.350,460.893,23.721,58.822,1,-1,-1,-1
270,55,653.531,464.912,24.973,67.165,1,-1,-1,-1
271,3,373.327,448.195,43.669,109.849,1,-1,-1,-1
271,4,952.971,404.965,169.595,645.519,1,-1,-1,-1
271,17,1370.753,442.193,171.144,402.666,1,-1,-1,-1
271,21,511.657,454.884,34.732,110.697,1,-1,-1,-1
271,28,688.087,448.193,63.614,194.094,1,-1,-1,-1
271,36,559.654,461.963,23.539,60.620,1,-1,-1,-1
271,42,460.785,461.355,30.567,104.816,1,-1,-1,-1
271,43,585.360,459.501,23.509,62.280,1,-1,-1,-1
271,46,825.041,436.250,132.690,482.757,1,-1,-1,-1
271,49,1622.084,410.021,167.951,351.029,1,-1,-1,-1
271,55,651.205,463.074,25.577,69.009,1,-1,-1,-1
271,56,634.900,461.300,26.700,63.200,1,-1,-1,-1
272,4,954.226,404.221,168.620,644.685,1,-1,-1,-1
272,17,1372.926,441.526,178.632,404.552,1,-1,-1,-1
272,19,393.261,465.471,42.975,112.924,1,-1,-1,-1
272,21,511.579,455.020,34.756,110.909,1,-1,-1,-1
272,28,691.011,448.454,63.945,195.106,1,-1,-1,-1
272,36,559.593,461.654,23.426,60.585,1,-1,-1,-1
272,42,461.022,461.303,30.646,105.220,1,-1,-1,-1
272,43,584.703,459.571,23.452,61.913,1,-1,-1,-1
272,46,825.254,436.064,134.862,483.283,1,-1,-1,-1
272,49,1615.094,408.709,153.795,345.118,1,-1,-1,-1
272,55,651.862,462.599,26.368,70.664,1,-1,-1,-1
272,56,637.417,461.560,26.766,63.180,1,-1,-1,-1
273,4,956.570,403.842,168.024,646.315,1,-1,-1,-1
273,17,1375.686,441.610,184.452,406.487,1,-1,-1,-1
273,19,392.715,465.403,42.533,113.037,1,-1,-1,-1
273,21,511.474,455.198,34.855,111.122,1,-1,-1,-1
273,28,693.030,447.437,64.457,195.630,1,-1,-1,-1
273,36,558.810,461.001,23.373,60.726,1,-1,-1,-1
273,42,459.985,460.211,30.876,105.743,1,-1,-1,-1
273,43,584.500,459.357,23.355,61.671,1,-1,-1,-1
273,46,825.310,433.623,136.764,484.392,1,-1,-1,-1
273,49,1606.898,408.815,140.662,342.238,1,-1,-1,-1
273,55,654.072,462.929,27.377,71.877,1,-1,-1,-1
273,56,638.518,461.726,26.558,63.066,1,-1,-1,-1
274,4,959.910,402.472,166.084,647.946,1,-1,-1,-1
274,17,1377.563,440.507,190.817,409.624,1,-1,-1,-1
274,19,392.078,465.366,42.236,113.036,1,-1,-1,-1
274,21,511.464,454.864,34.901,111.411,1,-1,-1,-1
274,28,696.621,446.943,65.970,197.607,1,-1,-1,-1
274,36,557.325,460.307,23.421,61.085,1,-1,-1,-1
274,42,458.828,458.985,31.217,106.575,1,-1,-1,-1
274,43,583.282,459.379,23.202,61.572,1,-1,-1,-1
274,46,826.285,432.443,137.651,484.764,1,-1,-1,-1
274,49,1599.973,408.736,131.501,341.967,1,-1,-1,-1
274,55,656.611,462.671,28.218,73.239,1,-1,-1,-1
274,56,633.395,460.857,25.936,61.611,1,-1,-1,-1
275,4,964.676,402.920,164.998,649.954,1,-1,-1,-1
275,17,1380.924,439.319,192.265,410.136,1,-1,-1,-1
275,19,391.382,465.449,42.113,113.095,1,-1,-1,-1
275,21,511.389,454.765,34.933,111.457,1,-1,-1,-1
275,28,700.257,446.151,67.916,198.453,1,-1,-1,-1
275,36,556.625,460.583,23.564,61.192,1,-1,-1,-1
275,42,457.805,458.155,31.245,107.358,1,-1,-1,-1
275,43,582.290,460.069,23.115,61.224,1,-1,-1,-1
275,46,826.726,431.677,139.462,487.089,1,-1,-1,-1
275,49,1589.161,412.619,129.714,339.526,1,-1,-1,-1
275,55,655.504,461.070,28.065,73.443,1,-1,-1,-1
275,56,630.251,460.400,25.717,61.005,1,-1,-1,-1
276,4,966.662,400.549,162.256,655.009,1,-1,-1,-1
276,17,1388.993,439.381,194.415,410.883,1,-1,-1,-1
276,19,390.862,465.108,42.248,113.202,1,-1,-1,-1
276,21,511.674,455.071,34.845,111.239,1,-1,-1,-1
276,28,703.472,445.757,69.979,200.526,1,-1,-1,-1
276,36,556.500,460.810,23.723,61.189,1,-1,-1,-1
276,42,457.312,457.514,31.374,107.785,1,-1,-1,-1
276,43,582.110,460.353,23.108,60.920,1,-1,-1,-1
276,46,826.390,431.182,141.204,487.252,1,-1,-1,-1
276,49,1575.863,413.424,129.935,336.052,1,-1,-1,-1
276,55,656.268,460.708,28.090,73.767,1,-1,-1,-1
276,56,629.284,460.031,25.793,61.125,1,-1,-1,-1
277,4,970.205,400.802,160.841,657.289,1,-1,-1,-1
277,17,1395.801,439.367,196.798,410.211,1,-1,-1,-1
277,19,389.924,465.026,42.014,113.077,1,-1,-1,-1
277,21,511.649,455.204,34.754,111.051,1,-1,-1,-1
277,28,705.667,445.609,72.029,202.156,1,-1,-1,-1
277,36,557.775,460.964,23.810,60.989,1,-1,-1,-1
277,42,456.350,457.240,31.380,107.554,1,-1,-1,-1
277,43,581.868,460.619,23.218,60.882,1,-1,-1,-1
277,46,825.922,432.013,142.660,486.959,1,-1,-1,-1
277,49,1565.960,415.466,132.455,333.646,1,-1,-1,-1
277,54,1319.821,446.166,47.957,109.224,1,-1,-1,-1
277,55,656.838,461.125,27.950,73.475,1,-1,-1,-1
277,56,628.621,459.850,25.587,60.849,1,-1,-1,-1
278,4,975.241,397.445,160.154,652.443,1,-1,-1,-1
278,17,1404.214,434.589,195.680,412.994,1,-1,-1,-1
278,19,389.789,465.153,42.064,113.100,1,-1,-1,-1
278,21,511.191,455.349,34.769,110.914,1,-1,-1,-1
278,28,708.634,445.503,74.820,204.109,1,-1,-1,-1
278,36,559.677,461.486,23.875,60.902,1,-1,-1,-1
278,42,455.500,457.951,31.413,107.476,1,-1,-1,-1
278,43,580.772,460.979,23.467,60.872,1,-1,-1,-1
278,46,826.606,430.951,144.745,489.525,1,-1,-1,-1
278,49,1554.751,418.020,136.516,333.194,1,-1,-1,-1
278,53,617.117,459.711,23.715,57.931,1,-1,-1,-1
278,54,1323.816,445.579,47.707,107.608,1,-1,-1,-1
278,55,657.859,461.401,27.578,73.130,1,-1,-1,-1
279,4,979.092,400.752,158.797,649.210,1,-1,-1,-1
279,17,1410.441,432.661,190.985,413.791,1,-1,-1,-1
279,19,389.864,465.379,42.346,112.817,1,-1,-1,-1
279,21,510.569,455.397,34.889,110.872,1,-1,-1,-1
279,28,711.441,443.402,78.271,207.068,1,-1,-1,-1
279,36,561.434,461.826,24.032,60.845,1,-1,-1,-1
279,42,453.748,458.850,31.713,107.107,1,-1,-1,-1
279,43,579.916,461.362,23.816,60.766,1,-1,-1,-1
279,46,826.814,428.612,146.740,493.505,1,-1,-1,-1
279,49,1546.574,417.217,139.977,332.466,1,-1,-1,-1
279,54,1326.288,444.589,46.836,107.313,1,-1,-1,-1
279,55,657.857,461.956,27.558,73.306,1,-1,-1,-1
279,56,622.428,460.294,24.947,59.509,1,-1,-1,-1
279,57,539.100,458.500,26.700,78.800,1,-1,-1,-1
280,4,981.401,400.741,158.710,648.698,1,-1,-1,-1
280,17,1422.357,433.114,186.008,416.086,1,-1,-1,-1
280,19,389.560,465.325,42.387,112.526,1,-1,-1,-1
280,21,510.100,455.484,34.949,110.646,1,-1,-1,-1
280,28,713.789,443.189,82.498,207.924,1,-1,-1,-1
280,36,563.807,462.158,24.311,60.613,1,-1,-1,-1
280,42,453.044,459.436,31.820,106.607,1,-1,-1,-1
280,43,578.892,461.889,24.265,60.677,1,-1,-1,-1
280,46,827.367,427.738,148.691,492.425,1,-1,-1,-1
280,49,1543.751,415.181,140.534,331.612,1,-1,-1,-1
280,54,1328.398,443.774,46.041,106.905,1,-1,-1,-1
280,55,658.168,462.173,27.151,73.287,1,-1,-1,-1
280,56,620.673,460.834,24.359,58.314,1,-1,-1,-1
280,57,546.791,459.349,26.217,72.202,1,-1,-1,-1
281,4,982.896,404.289,158.318,648.853,1,-1,-1,-1
281,17,1434.264,433.191,178.998,417.396,1,-1,-1,-1
281,19,389.398,465.194,42.607,112.178,1,-1,-1,-1
281,21,509.982,455.656,34.992,110.343,1,-1,-1,-1
281,28,717.566,442.439,84.655,204.879,1,-1,-1,-1
281,36,564.362,462.081,24.682,60.598,1,-1,-1,-1
281,42,451.904,460.455,31.563,106.193,1,-1,-1,-1
281,43,578.738,461.863,24.652,60.764,1,-1,-1,-1
281,46,830.188,427.727,150.925,494.111,1,-1,-1,-1
281,48,614.063,459.665,23.787,57.696,1,-1,-1,-1
281,49,1537.612,419.368,136.005,332.432,1,-1,-1,-1
281,54,1330.936,442.486,45.398,106.342,1,-1,-1,-1
281,55,657.941,462.095,26.922,73.927,1,-1,-1,-1
281,57,550.666,459.240,25.179,67.238,1,-1,-1,-1
282,4,984.394,403.193,157.518,650.658,1,-1,-1,-1
282,17,1445.490,431.318,170.603,421.616,1,-1,-1,-1
282,19,388.606,465.435,43.151,111.789,1,-1,-1,-1
282,21,509.970,455.774,34.885,110.119,1,-1,-1,-1
282,28,719.125,446.719,86.901,203.014,1,-1,-1,-1
282,42,451.344,461.012,31.181,105.820,1,-1,-1,-1
282,43,579.104,461.574,24.961,60.828,1,-1,-1,-1
282,46,831.125,426.042,153.587,495.559,1,-1,-1,-1
282,48,607.555,459.287,24.013,57.685,1,-1,-1,-1
282,49,1530.293,422.662,139.618,335.751,1,-1,-1,-1
282,54,1334.843,441.779,44.497,106.574,1,-1,-1,-1
282,55,658.390,461.774,26.728,74.614,1,-1,-1,-1
282,57,550.779,459.925,25.527,67.441,1,-1,-1,-1
283,4,985.043,401.902,157.617,652.036,1,-1,-1,-1
283,17,1457.140,428.942,162.862,423.919,1,-1,-1,-1
283,19,388.407,465.714,43.329,111.592,1,-1,-1,-1
283,21,509.961,456.024,34.863,110.010,1,-1,-1,-1
283,28,719.647,447.754,89.438,202.176,1,-1,-1,-1
283,42,451.438,460.473,30.932,105.603,1,-1,-1,-1
283,43,580.285,461.114,25.241,60.763,1,-1,-1,-1
283,46,835.974,428.312,154.787,496.686,1,-1,-1,-1
283,48,601.481,459.080,24.266,57.979,1,-1,-1,-1
283,54,1338.365,441.839,43.662,106.940,1,-1,-1,-1
283,55,658.482,461.653,26.386,74.865,1,-1,-1,-1
283,57,553.189,460.555,25.492,66.597,1,-1,-1,-1
284,4,987.141,400.719,157.854,653.543,1,-1,-1,-1
284,17,1470.045,432.026,160.755,423.858,1,-1,-1,-1
284,19,387.219,465.128,43.571,112.115,1,-1,-1,-1
284,21,509.993,456.034,34.791,109.874,1,-1,-1,-1
284,28,719.524,448.385,90.764,201.040,1,-1,-1,-1
284,42,450.881,460.182,31.419,105.685,1,-1,-1,-1
284,43,580.786,461.221,25.391,60.825,1,-1,-1,-1
284,46,839.615,428.284,157.998,498.622,1,-1,-1,-1
284,54,1341.322,442.146,42.957,107.506,1,-1,-1,-1
284,55,659.735,462.132,26.100,74.895,1,-1,-1,-1
284,57,555.659,461.231,25.293,65.809,1,-1,-1,-1
285,4,988.562,400.348,156.816,652.515,1,-1,-1,-1
285,17,1479.718,434.269,162.446,423.763,1,-1,-1,-1
285,19,386.311,464.987,43.964,112.086,1,-1,-1,-1
285,21,510.123,455.874,34.600,109.688,1,-1,-1,-1
285,28,719.110,447.842,90.823,201.504,1,-1,-1,-1
285,36,564.973,461.498,25.074,60.803,1,-1,-1,-1
285,42,449.730,459.740,31.633,105.331,1,-1,-1,-1
285,43,579.798,461.528,25.532,61.097,1,-1,-1,-1
285,46,841.623,423.770,159.726,503.121,1,-1,-1,-1
285,48,596.581,459.581,24.848,58.307,1,-1,-1,-1
285,54,1344.587,442.463,42.764,107.720,1,-1,-1,-1
285,55,659.893,462.004,26.075,75.057,1,-1,-1,-1
285,57,549.115,460.793,25.824,67.770,1,-1,-1,-1
285,58,431.300,466.300,26.600,102.900,1,-1,-1,-1
286,4,991.385,401.424,157.593,653.086,1,-1,-1,-1
286,17,1487.469,436.105,167.275,425.840,1,-1,-1,-1
286,19,386.613,465.395,44.687,111.674,1,-1,-1,-1
286,21,509.986,456.038,34.516,109.360,1,-1,-1,-1
286,28,720.472,446.963,89.713,202.489,1,-1,-1,-1
286,36,564.448,461.430,25.283,60.939,1,-1,-1,-1
286,42,449.167,459.527,31.817,105.024,1,-1,-1,-1
286,43,579.115,461.669,25.689,61.215,1,-1,-1,-1
286,46,841.425,426.524,163.530,502.342,1,-1,-1,-1
286,48,594.222,459.725,24.844,58.485,1,-1,-1,-1
286,54,1348.297,443.447,42.166,108.176,1,-1,-1,-1
286,55,659.818,461.179,26.175,75.287,1,-1,-1,-1
286,57,547.514,460.932,26.149,68.588,1,-1,-1,-1
286,58,424.876,467.204,28.749,106.492,1,-1,-1,-1
287,4,992.674,399.922,157.840,645.105,1,-1,-1,-1
287,17,1493.832,435.880,176.032,428.494,1,-1,-1,-1
287,19,384.259,462.935,44.257,111.720,1,-1,-1,-1
287,21,509.700,455.853,34.372,109.336,1,-1,-1,-1
287,28,724.934,445.781,87.371,204.158,1,-1,-1,-1
287,36,562.454,461.086,25.253,61.035,1,-1,-1,-1
287,42,450.221,458.709,31.421,104.162,1,-1,-1,-1
287,43,578.249,461.253,25.802,61.216,1,-1,-1,-1
287,46,842.006,425.796,164.235,500.228,1,-1,-1,-1
287,54,1349.846,443.674,42.210,107.984,1,-1,-1,-1
287,55,658.933,460.518,26.265,75.148,1,-1,-1,-1
287,56,601.714,459.018,24.705,57.717,1,-1,-1,-1
287,57,544.427,460.497,26.395,69.855,1,-1,-1,-1
287,58,410.575,465.023,39.498,116.725,1,-1,-1,-1
288,4,996.085,405.914,157.371,640.910,1,-1,-1,-1
288,17,1504.140,437.195,188.359,433.375,1,-1,-1,-1
288,19,383.143,461.718,43.861,111.724,1,-1,-1,-1
288,21,509.658,455.959,34.321,108.907,1,-1,-1,-1
288,28,727.065,444.932,85.902,205.453,1,-1,-1,-1
288,36,560.974,461.215,25.320,61.016,1,-1,-1,-1
288,42,449.563,458.768,31.271,103.757,1,-1,-1,-1
288,43,578.200,461.282,25.826,60.903,1,-1,-1,-1
288,46,843.517,431.420,167.789,501.584,1,-1,-1,-1
288,54,1352.149,443.110,43.668,108.228,1,-1,-1,-1
288,55,659.206,460.200,26.372,74.446,1,-1,-1,-1
288,56,597.780,458.987,24.652,57.814,1,-1,-1,-1
288,57,545.421,460.695,26.389,69.262,1,-1,-1,-1
288,58,408.404,464.956,43.732,117.345,1,-1,-1,-1
289,4,997.722,407.037,156.369,640.264,1,-1,-1,-1
289,17,1504.697,438.052,201.527,438.828,1,-1,-1,-1
289,19,383.002,461.714,43.845,111.543,1,-1,-1,-1
289,21,509.655,455.856,34.284,109.032,1,-1,-1,-1
289,28,729.172,444.592,83.890,206.300,1,-1,-1,-1
289,36,561.227,461.295,25.339,61.142,1,-1,-1,-1
289,42,449.946,458.634,30.965,102.815,1,-1,-1,-1
289,43,577.158,461.355,25.874,60.986,1,-1,-1,-1
289,46,846.517,432.763,169.957,503.268,1,-1,-1,-1
289,54,1354.154,442.623,45.586,108.404,1,-1,-1,-1
289,55,659.233,459.825,26.617,74.892,1,-1,-1,-1
289,56,596.531,458.958,24.099,57.743,1,-1,-1,-1
289,57,544.124,460.552,26.519,69.673,1,-1,-1,-1
289,58,408.479,466.264,45.832,115.436,1,-1,-1,-1
290,4,999.096,405.239,156.762,640.548,1,-1,-1,-1
290,17,1509.920,437.656,213.211,441.088,1,-1,-1,-1
290,19,382.742,461.339,43.779,111.654,1,-1,-1,-1
290,21,509.367,455.529,34.393,108.935,1,-1,-1,-1
290,28,732.771,444.330,80.963,206.949,1,-1,-1,-1
290,36,560.506,461.825,25.409,61.236,1,-1,-1,-1
290,42,449.910,459.089,30.854,102.436,1,-1,-1,-1
290,43,576.961,462.039,25.907,60.879,1,-1,-1,-1
290,46,848.254,428.200,169.827,501.988,1,-1,-1,-1
290,54,1355.204,441.323,47.531,109.851,1,-1,-1,-1
290,55,659.446,459.550,26.682,75.463,1,-1,-1,-1
290,56,595.704,459.445,24.172,57.460,1,-1,-1,-1
290,57,544.532,460.958,26.612,69.573,1,-1,-1,-1
290,58,407.917,466.137,47.156,114.371,1,-1,-1,-1
290,59,1152.100,448.400,48.800,106.400,1,-1,-1,-1
291,4,1001.680,401.691,155.785,638.877,1,-1,-1,-1
291,17,1510.663,435.723,223.318,442.687,1,-1,-1,-1
291,19,382.631,461.372,43.757,111.626,1,-1,-1,-1
291,21,509.466,455.081,34.419,109.027,1,-1,-1,-1
291,28,736.910,444.369,78.139,207.567,1,-1,-1,-1
291,36,561.143,461.825,25.373,61.020,1,-1,-1,-1
291,42,450.745,459.049,30.910,101.749,1,-1,-1,-1
291,43,577.293,462.439,25.847,60.685,1,-1,-1,-1
291,46,850.096,428.194,169.807,500.953,1,-1,-1,-1
291,54,1356.304,440.515,48.856,111.162,1,-1,-1,-1
291,55,659.333,458.876,26.752,75.847,1,-1,-1,-1
291,56,596.498,459.713,24.181,57.070,1,-1,-1,-1
291,57,545.040,460.948,26.694,69.188,1,-1,-1,-1
291,58,406.434,466.651,48.164,113.382,1,-1,-1,-1
291,59,1153.849,446.766,49.201,109.668,1,-1,-1,-1
291,60,469.500,458.600,35.600,95.500,1,-1,-1,-1
292,4,1000.089,403.639,155.919,637.090,1,-1,-1,-1
292,17,1515.215,436.711,231.082,445.128,1,-1,-1,-1
292,19,382.790,461.932,43.714,111.714,1,-1,-1,-1
292,21,509.123,455.049,34.739,109.246,1,-1,-1,-1
292,28,741.821,444.413,75.002,207.607,1,-1,-1,-1
292,36,559.142,461.645,25.402,60.837,1,-1,-1,-1
292,42,448.807,459.749,30.700,101.047,1,-1,-1,-1
292,43,577.030,462.249,25.773,60.179,1,-1,-1,-1
292,46,851.199,429.297,170.672,499.378,1,-1,-1,-1
292,54,1357.007,440.198,49.411,112.144,1,-1,-1,-1
292,55,658.678,459.246,26.877,75.665,1,-1,-1,-1
292,56,598.155,459.592,24.244,56.662,1,-1,-1,-1
292,57,543.247,460.851,26.934,69.358,1,-1,-1,-1
292,58,406.558,467.387,48.212,111.869,1,-1,-1,-1
292,59,1154.538,445.445,48.900,111.087,1,-1,-1,-1
292,61,822.700,479.300,50.000,70.500,1,-1,-1,-1
293,4,999.695,404.636,155.685,633.771,1,-1,-1,-1
293,17,1520.257,435.102,234.135,448.909,1,-1,-1,-1
293,19,382.031,462.301,43.874,111.645,1,-1,-1,-1
293,21,508.532,455.222,35.137,109.550,1,-1,-1,-1
293,28,745.363,443.216,72.847,207.105,1,-1,-1,-1
293,36,559.580,461.263,25.368,60.676,1,-1,-1,-1
293,42,446.235,460.485,30.467,98.872,1,-1,-1,-1
293,43,576.383,461.982,25.747,59.980,1,-1,-1,-1
293,46,851.231,429.984,171.628,498.035,1,-1,-1,-1
293,49,1418.329,420.130,130.920,304.676,1,-1,-1,-1
293,54,1358.838,439.767,49.931,112.095,1,-1,-1,-1
293,55,658.735,459.756,26.956,74.995,1,-1,-1,-1
293,56,599.495,459.324,24.085,56.374,1,-1,-1,-1
293,57,543.789,460.523,27.054,69.078,1,-1,-1,-1
293,58,408.394,468.304,48.404,110.185,1,-1,-1,-1
293,59,1156.630,444.564,48.879,112.886,1,-1,-1,-1
294,4,1002.672,402.709,155.899,628.196,1,-1,-1,-1
294,17,1522.590,434.097,236.561,453.279,1,-1,-1,-1
294,19,382.174,462.811,44.155,111.738,1,-1,-1,-1
294,21,508.520,455.352,35.262,109.539,1,-1,-1,-1
294,28,749.397,442.403,70.864,205.084,1,-1,-1,-1
294,36,558.028,462.140,25.599,61.183,1,-1,-1,-1
294,42,443.199,461.641,31.008,98.194,1,-1,-1,-1
294,43,575.341,462.543,25.978,59.818,1,-1,-1,-1
294,46,854.381,431.022,171.127,498.309,1,-1,-1,-1
294,49,1405.085,421.699,139.517,298.935,1,-1,-1,-1
294,54,1360.044,440.489,50.525,111.682,1,-1,-1,-1
294,55,659.306,460.004,26.666,74.442,1,-1,-1,-1
294,56,597.185,459.700,23.616,55.914,1,-1,-1,-1
294,58,409.222,468.103,49.126,109.727,1,-1,-1,-1
294,59,1159.141,444.390,47.979,111.247,1,-1,-1,-1
295,4,1004.292,401.616,156.594,623.903,1,-1,-1,-1
295,17,1526.125,425.662,238.487,454.587,1,-1,-1,-1
295,19,382.438,462.956,44.332,111.748,1,-1,-1,-1
295,21,508.544,455.340,35.326,109.529,1,-1,-1,-1
295,28,753.610,441.918,69.879,205.264,1,-1,-1,-1
295,36,554.791,462.115,25.767,61.633,1,-1,-1,-1
295,42,444.652,460.654,31.017,97.924,1,-1,-1,-1
295,43,576.062,462.487,26.006,59.640,1,-1,-1,-1
295,46,858.086,430.278,169.506,498.911,1,-1,-1,-1
295,49,1398.961,422.422,144.522,293.456,1,-1,-1,-1
295,54,1361.958,439.841,51.675,112.002,1,-1,-1,-1
295,55,659.452,460.008,26.491,74.548,1,-1,-1,-1
295,56,596.085,460.001,23.461,55.762,1,-1,-1,-1
295,58,409.327,468.406,49.569,109.048,1,-1,-1,-1
295,59,1160.663,443.960,47.611,111.453,1,-1,-1,-1
295,61,827.109,479.481,50.583,64.539,1,-1,-1,-1
296,4,1005.332,406.101,157.530,627.612,1,-1,-1,-1
296,17,1525.924,431.397,238.841,457.861,1,-1,-1,-1
296,19,381.782,462.702,44.243,112.047,1,-1,-1,-1
296,21,508.593,455.393,35.344,109.410,1,-1,-1,-1
296,28,757.273,442.128,68.802,205.407,1,-1,-1,-1
296,36,553.673,461.775,25.890,62.069,1,-1,-1,-1
296,43,577.191,462.271,26.028,59.566,1,-1,-1,-1
296,46,864.999,431.255,166.486,500.065,1,-1,-1,-1
296,49,1390.780,423.088,145.446,292.960,1,-1,-1,-1
296,55,658.920,460.375,26.414,74.318,1,-1,-1,-1
296,56,595.177,460.220,23.503,55.833,1,-1,-1,-1
296,58,410.183,468.479,49.598,108.590,1,-1,-1,-1
296,59,1162.501,443.538,47.955,112.269,1,-1,-1,-1
296,61,829.812,480.949,54.351,65.130,1,-1,-1,-1
297,4,1006.336,404.951,157.016,625.367,1,-1,-1,-1
297,17,1535.117,430.540,232.807,458.997,1,-1,-1,-1
297,19,381.589,462.383,44.125,112.479,1,-1,-1,-1
297,21,508.314,455.228,35.495,109.409,1,-1,-1,-1
297,28,759.894,443.001,67.850,205.716,1,-1,-1,-1
297,36,553.328,461.099,26.005,62.278,1,-1,-1,-1
297,43,577.659,461.621,26.101,59.628,1,-1,-1,-1
297,46,863.398,429.034,169.003,503.056,1,-1,-1,-1
297,49,1384.771,425.677,143.080,290.191,1,-1,-1,-1
297,55,659.176,460.424,26.244,74.219,1,-1,-1,-1
297,56,594.055,460.171,23.601,56.133,1,-1,-1,-1
297,58,410.843,467.819,49.345,108.315,1,-1,-1,-1
297,59,1163.194,442.682,48.939,112.965,1,-1,-1,-1
297,61,832.141,479.468,56.064,66.338,1,-1,-1,-1
298,4,1008.582,403.306,156.639,623.367,1,-1,-1,-1
298,17,1546.609,433.004,225.673,461.303,1,-1,-1,-1
298,19,381.810,462.311,43.846,112.680,1,-1,-1,-1
298,21,508.120,455.436,35.604,109.131,1,-1,-1,-1
298,28,762.073,443.129,67.235,205.465,1,-1,-1,-1
298,36,552.539,460.584,26.092,62.676,1,-1,-1,-1
298,42,440.822,461.740,30.486,97.409,1,-1,-1,-1
298,46,868.623,431.910,165.649,500.915,1,-1,-1,-1
298,48,579.222,460.392,25.878,59.834,1,-1,-1,-1
298,49,1382.516,427.930,137.583,287.376,1,-1,-1,-1
298,55,659.669,461.312,25.973,73.817,1,-1,-1,-1
298,56,595.858,459.223,24.177,56.807,1,-1,-1,-1
298,58,410.020,468.101,49.013,108.006,1,-1,-1,-1
298,59,1163.868,442.205,48.979,112.763,1,-1,-1,-1
298,61,833.537,479.022,55.461,67.100,1,-1,-1,-1
299,4,1013.400,406.348,157.278,625.435,1,-1,-1,-1
299,17,1561.460,430.694,218.174,460.841,1,-1,-1,-1
299,19,381.676,462.204,43.615,112.854,1,-1,-1,-1
299,21,507.481,455.162,35.737,109.013,1,-1,-1,-1
299,28,764.242,444.222,67.090,205.964,1,-1,-1,-1
299,36,557.493,460.305,25.903,62.079,1,-1,-1,-1
299,46,871.219,429.160,162.348,503.783,1,-1,-1,-1
299,48,578.773,460.358,25.944,59.730,1,-1,-1,-1
299,49,1376.649,425.176,131.081,285.922,1,-1,-1,-1
299,55,659.323,461.857,25.885,73.247,1,-1,-1,-1
299,56,598.226,458.709,24.444,57.050,1,-1,-1,-1
299,58,409.529,469.355,48.532,107.574,1,-1,-1,-1
299,59,1165.414,442.274,48.703,112.171,1,-1,-1,-1
299,61,833.311,477.807,55.126,68.498,1,-1,-1,-1
300,4,1013.628,405.389,155.578,626.300,1,-1,-1,-1
300,17,1575.240,430.067,210.648,461.540,1,-1,-1,-1
300,19,382.315,462.679,43.609,112.741,1,-1,-1,-1
300,21,507.592,455.146,35.808,108.925,1,-1,-1,-1
300,28,767.445,444.639,67.789,207.781,1,-1,-1,-1
300,36,558.838,460.206,25.681,61.778,1,-1,-1,-1
300,46,875.534,427.609,158.531,507.171,1,-1,-1,-1
300,48,578.650,460.131,25.942,59.476,1,-1,-1,-1
300,49,1371.823,422.829,124.653,287.627,1,-1,-1,-1
300,55,659.174,462.941,26.077,72.972,1,-1,-1,-1
300,56,598.359,458.412,24.506,57.488,1,-1,-1,-1
300,57,545.719,459.224,26.447,68.443,1,-1,-1,-1
300,58,409.617,469.743,48.015,107.111,1,-1,-1,-1
300,59,1167.943,442.666,48.733,112.060,1,-1,-1,-1
300,61,834.112,476.944,54.219,69.947,1,-1,-1,-1
301,4,1014.484,401.141,155.951,626.907,1,-1,-1,-1
301,17,1590.774,430.245,202.165,461.322,1,-1,-1,-1
301,19,382.392,462.937,43.632,112.742,1,-1,-1,-1
301,21,506.986,454.835,36.160,108.982,1,-1,-1,-1
301,28,770.050,444.311,68.899,209.109,1,-1,-1,-1
301,36,555.327,460.337,25.802,62.310,1,-1,-1,-1
301,46,880.390,425.783,154.943,507.979,1,-1,-1,-1
301,48,578.096,460.391,26.037,59.210,1,-1,-1,-1
301,49,1365.061,420.057,117.756,288.499,1,-1,-1,-1
301,55,659.086,462.735,26.142,73.444,1,-1,-1,-1
301,56,597.964,458.198,24.552,57.867,1,-1,-1,-1
301,58,410.126,469.719,47.936,106.872,1,-1,-1,-1
301,59,1170.765,444.134,47.870,110.673,1,-1,-1,-1
301,61,833.964,475.711,54.055,71.990,1,-1,-1,-1
302,4,1017.963,405.557,158.489,623.856,1,-1,-1,-1
302,17,1604.610,430.179,192.739,460.876,1,-1,-1,-1
302,19,382.437,463.228,43.757,112.551,1,-1,-1,-1
302,21,506.233,454.811,36.499,108.885,1,-1,-1,-1
302,28,772.063,444.667,70.171,209.881,1,-1,-1,-1
302,36,554.378,460.409,25.803,62.473,1,-1,-1,-1
302,46,885.071,428.819,153.176,507.673,1,-1,-1,-1
302,48,577.222,460.718,26.160,59.044,1,-1,-1,-1
302,49,1358.447,418.859,110.938,285.789,1,-1,-1,-1
302,55,658.716,462.745,25.989,73.700,1,-1,-1,-1
302,56,605.373,458.442,24.521,57.826,1,-1,-1,-1
302,58,409.882,468.966,48.003,107.144,1,-1,-1,-1
302,59,1172.272,444.454,47.514,110.033,1,-1,-1,-1
302,61,834.685,474.603,53.883,73.457,1,-1,-1,-1
303,4,1019.061,407.906,161.871,621.451,1,-1,-1,-1
303,17,1623.291,429.291,183.130,464.878,1,-1,-1,-1
303,19,382.692,463.603,43.930,112.274,1,-1,-1,-1
303,21,505.587,454.732,36.967,109.187,1,-1,-1,-1
303,28,774.000,445.580,70.878,210.498,1,-1,-1,-1
303,36,554.511,460.642,25.748,62.452,1,-1,-1,-1
303,46,889.310,432.231,150.823,506.291,1,-1,-1,-1
303,48,576.002,461.265,26.285,59.570,1,-1,-1,-1
303,49,1351.669,421.463,106.300,284.269,1,-1,-1,-1
303,55,658.563,462.400,26.018,73.964,1,-1,-1,-1
303,56,608.705,458.911,24.469,57.655,1,-1,-1,-1
303,58,410.091,468.117,48.422,107.317,1,-1,-1,-1
303,59,1173.967,444.991,46.917,109.367,1,-1,-1,-1
303,61,835.022,474.805,53.982,74.681,1,-1,-1,-1
304,4,1019.168,407.201,166.061,619.436,1,-1,-1,-1
304,17,1637.246,432.824,177.615,465.218,1,-1,-1,-1
304,19,382.411,463.373,44.111,112.324,1,-1,-1,-1
304,21,505.100,455.490,37.445,109.493,1,-1,-1,-1
304,28,776.388,446.189,70.870,210.778,1,-1,-1,-1
304,36,554.440,460.867,25.597,62.433,1,-1,-1,-1
304,46,890.088,431.852,150.320,508.369,1,-1,-1,-1
304,48,575.216,461.456,26.258,59.930,1,-1,-1,-1
304,49,1343.104,424.394,105.355,279.288,1,-1,-1,-1
304,55,658.354,462.195,26.006,73.812,1,-1,-1,-1
304,56,609.870,459.170,24.375,57.498,1,-1,-1,-1
304,58,410.400,468.023,48.652,107.453,1,-1,-1,-1
304,59,1176.331,445.832,45.563,107.913,1,-1,-1,-1
304,61,835.441,475.184,54.277,75.213,1,-1,-1,-1
305,4,1019.560,405.704,170.214,618.403,1,-1,-1,-1
305,17,1650.293,428.212,174.078,470.744,1,-1,-1,-1
305,19,381.987,463.045,44.106,112.300,1,-1,-1,-1
305,21,504.384,455.933,37.983,109.236,1,-1,-1,-1
305,28,778.235,446.215,71.688,211.401,1,-1,-1,-1
305,36,555.128,460.607,25.431,62.007,1,-1,-1,-1
305,46,890.927,430.578,148.101,513.015,1,-1,-1,-1
305,48,575.043,461.326,26.065,59.872,1,-1,-1,-1
305,49,1333.758,426.659,108.434,277.499,1,-1,-1,-1
305,55,658.063,461.901,25.968,73.725,1,-1,-1,-1
305,56,609.626,459.132,24.246,57.128,1,-1,-1,-1
305,58,410.180,467.653,48.962,107.781,1,-1,-1,-1
305,59,1179.910,446.497,43.778,105.886,1,-1,-1,-1
305,61,834.980,473.247,54.212,76.642,1,-1,-1,-1
306,4,1020.786,407.252,175.380,618.505,1,-1,-1,-1
306,17,1662.402,425.782,176.121,474.087,1,-1,-1,-1
306,19,381.787,463.332,44.129,112.118,1,-1,-1,-1
306,21,503.349,455.957,38.815,109.291,1,-1,-1,-1
306,28,781.031,445.061,71.298,212.311,1,-1,-1,-1
306,36,556.983,460.497,25.199,61.474,1,-1,-1,-1
306,43,578.439,461.378,25.225,58.768,1,-1,-1,-1
306,46,891.835,428.015,146.001,516.550,1,-1,-1,-1
306,49,1325.508,427.689,111.820,275.676,1,-1,-1,-1
306,55,657.748,461.918,25.910,73.431,1,-1,-1,-1
306,56,609.915,459.352,24.127,56.915,1,-1,-1,-1
306,57,542.503,460.218,25.954,67.184,1,-1,-1,-1
306,58,410.096,467.810,49.016,107.641,1,-1,-1,-1
306,59,1184.736,447.496,41.564,103.104,1,-1,-1,-1
306,61,835.585,472.192,54.553,77.110,1,-1,-1,-1
307,4,1022.799,402.776,180.897,615.897,1,-1,-1,-1
307,17,1671.242,425.436,181.061,479.782,1,-1,-1,-1
307,19,381.106,463.715,44.118,111.765,1,-1,-1,-1
307,21,502.412,455.886,39.778,109.340,1,-1,-1,-1
307,28,783.994,443.719,70.772,213.919,1,-1,-1,-1
307,36,557.508,461.093,25.084,61.111,1,-1,-1,-1
307,43,578.530,461.740,24.965,58.743,1,-1,-1,-1
307,46,894.584,426.014,142.549,518.998,1,-1,-1,-1
307,49,1313.978,426.628,118.394,275.181,1,-1,-1,-1
307,55,657.910,462.342,25.981,73.397,1,-1,-1,-1
307,56,610.995,459.754,24.010,56.591,1,-1,-1,-1
307,57,542.242,460.672,25.729,66.713,1,-1,-1,-1
307,58,410.199,468.726,48.837,107.317,1,-1,-1,-1
307,59,1188.573,448.357,39.268,100.043,1,-1,-1,-1
307,61,835.652,471.585,54.612,77.322,1,-1,-1,-1
307,62,14.100,388.500,78.800,502.900,1,-1,-1,-1
308,4,1025.941,401.400,188.075,616.904,1,-1,-1,-1
308,17,1682.102,428.284,189.051,483.588,1,-1,-1,-1
308,19,381.055,464.042,44.302,111.786,1,-1,-1,-1
308,21,500.161,455.244,41.275,109.604,1,-1,-1,-1
308,28,786.665,443.043,69.857,214.260,1,-1,-1,-1
308,36,558.659,461.372,24.834,60.542,1,-1,-1,-1
308,43,578.651,461.780,24.830,58.562,1,-1,-1,-1
308,46,894.479,426.159,141.652,519.854,1,-1,-1,-1
308,49,1302.640,427.568,124.405,273.845,1,-1,-1,-1
308,55,657.896,462.797,26.230,73.447,1,-1,-1,-1
308,56,615.294,460.255,23.673,56.362,1,-1,-1,-1
308,58,410.389,468.472,48.797,107.480,1,-1,-1,-1
308,59,1191.885,447.711,37.363,97.951,1,-1,-1,-1
308,61,835.938,471.989,55.114,77.341,1,-1,-1,-1
308,62,17.480,391.821,88.138,487.959,1,-1,-1,-1
309,4,1028.862,406.453,194.812,613.828,1,-1,-1,-1
309,17,1690.782,433.799,201.589,487.409,1,-1,-1,-1
309,19,381.392,464.490,44.326,111.798,1,-1,-1,-1
309,21,498.731,454.986,42.558,109.731,1,-1,-1,-1
309,28,790.486,443.491,68.692,213.492,1,-1,-1,-1
309,36,559.948,461.532,24.596,59.960,1,-1,-1,-1
309,43,578.486,461.909,24.807,58.268,1,-1,-1,-1
309,46,894.504,425.972,141.071,522.793,1,-1,-1,-1
309,49,1296.683,429.201,127.748,271.084,1,-1,-1,-1
309,55,657.784,462.801,26.411,73.538,1,-1,-1,-1
309,56,617.898,460.687,23.456,56.116,1,-1,-1,-1
309,57,545.011,460.794,25.498,64.553,1,-1,-1,-1
309,58,410.354,467.932,48.670,107.512,1,-1,-1,-1
309,59,1194.168,449.259,36.281,95.822,1,-1,-1,-1
309,61,840.309,471.573,54.426,76.657,1,-1,-1,-1
309,62,7.984,367.222,107.420,518.692,1,-1,-1,-1
310,4,1028.650,404.125,200.338,615.837,1,-1,-1,-1
310,17,1695.239,433.427,212.430,492.922,1,-1,-1,-1
310,19,381.342,464.751,44.179,111.747,1,-1,-1,-1
310,21,498.263,455.618,43.249,109.954,1,-1,-1,-1
310,28,792.844,442.818,68.225,213.376,1,-1,-1,-1
310,36,557.107,461.463,24.366,59.477,1,-1,-1,-1
310,43,578.099,461.646,24.468,57.801,1,-1,-1,-1
310,46,894.230,425.279,140.337,524.865,1,-1,-1,-1
310,49,1287.988,430.958,130.614,270.276,1,-1,-1,-1
310,55,657.301,462.452,26.513,73.484,1,-1,-1,-1
310,56,620.510,460.838,23.273,56.048,1,-1,-1,-1
310,57,540.838,461.516,25.214,64.285,1,-1,-1,-1
310,58,409.967,467.614,48.458,107.620,1,-1,-1,-1
310,59,1195.536,450.735,35.578,93.387,1,-1,-1,-1
310,61,841.529,471.940,53.196,76.415,1,-1,-1,-1
310,62,5.350,368.235,115.567,518.170,1,-1,-1,-1
311,4,1027.854,403.377,204.121,616.878,1,-1,-1,-1
311,17,1695.439,431.383,219.889,497.016,1,-1,-1,-1
311,19,381.274,465.178,44.428,111.913,1,-1,-1,-1
311,21,497.513,455.756,43.833,109.915,1,-1,-1,-1
311,28,795.938,441.863,67.857,213.745,1,-1,-1,-1
311,36,555.366,461.309,24.225,59.094,1,-1,-1,-1
311,43,577.203,461.518,24.403,57.619,1,-1,-1,-1
311,46,895.153,424.573,139.290,528.206,1,-1,-1,-1
311,49,1281.907,431.158,130.092,269.032,1,-1,-1,-1
311,54,1399.458,436.355,54.571,119.638,1,-1,-1,-1
311,55,657.084,462.356,26.363,73.452,1,-1,-1,-1
311,56,619.550,460.674,23.255,56.070,1,-1,-1,-1
311,58,410.365,467.671,47.944,107.309,1,-1,-1,-1
311,59,1196.408,451.082,35.390,92.184,1,-1,-1,-1
311,62,5.473,369.046,124.138,521.552,1,-1,-1,-1
312,4,1027.606,403.426,206.819,616.247,1,-1,-1,-1
312,17,1693.039,431.703,225.830,501.563,1,-1,-1,-1
312,19,381.311,465.326,44.472,111.670,1,-1,-1,-1
312,21,497.043,455.732,43.930,109.657,1,-1,-1,-1
312,28,799.041,441.350,67.284,213.141,1,-1,-1,-1
312,36,550.852,461.440,23.986,59.161,1,-1,-1,-1
312,43,580.239,460.697,23.907,57.335,1,-1,-1,-1
312,46,894.991,423.592,138.792,530.151,1,-1,-1,-1
312,49,1275.135,432.300,127.201,265.991,1,-1,-1,-1
312,54,1402.550,435.773,54.775,119.810,1,-1,-1,-1
312,55,657.255,462.075,26.196,73.340,1,-1,-1,-1
312,56,618.304,459.869,23.251,56.451,1,-1,-1,-1
312,58,410.545,467.699,47.564,106.986,1,-1,-1,-1
312,59,1197.061,451.106,35.463,91.828,1,-1,-1,-1
312,62,7.296,372.787,131.828,517.061,1,-1,-1,-1
313,4,1027.287,404.754,208.629,617.465,1,-1,-1,-1
313,17,1691.723,429.125,229.581,500.226,1,-1,-1,-1
313,19,381.106,465.044,44.478,111.985,1,-1,-1,-1
313,21,495.919,455.881,44.904,109.567,1,-1,-1,-1
313,28,802.019,441.877,67.083,212.255,1,-1,-1,-1
313,36,552.364,461.305,23.673,58.777,1,-1,-1,-1
313,43,579.694,460.633,23.717,57.132,1,-1,-1,-1
313,46,897.300,424.006,137.773,528.633,1,-1,-1,-1
313,49,1267.841,432.369,122.486,264.147,1,-1,-1,-1
313,54,1406.355,436.360,55.107,119.100,1,-1,-1,-1
313,55,657.528,462.401,26.049,73.474,1,-1,-1,-1
313,56,620.407,459.848,23.529,56.744,1,-1,-1,-1
313,57,540.379,460.873,24.605,62.675,1,-1,-1,-1
313,58,410.266,467.238,47.661,107.091,1,-1,-1,-1
313,59,1198.040,450.389,35.546,92.569,1,-1,-1,-1
313,62,9.668,377.358,143.521,514.602,1,-1,-1,-1
314,4,1030.906,402.835,210.935,618.879,1,-1,-1,-1
314,17,1695.215,425.044,229.440,505.765,1,-1,-1,-1
314,19,381.750,465.685,44.480,111.776,1,-1,-1,-1
314,21,495.102,455.828,45.561,109.814,1,-1,-1,-1
314,28,805.805,443.049,67.466,213.768,1,-1,-1,-1
314,36,552.516,461.150,23.389,58.518,1,-1,-1,-1
314,43,579.516,460.614,23.581,57.121,1,-1,-1,-1
314,46,897.897,424.615,137.747,527.388,1,-1,-1,-1
314,49,1262.595,429.043,116.251,264.295,1,-1,-1,-1
314,54,1408.970,436.764,54.930,117.945,1,-1,-1,-1
314,55,658.285,462.638,25.996,73.495,1,-1,-1,-1
314,56,623.256,460.304,23.601,57.299,1,-1,-1,-1
314,58,410.525,467.477,47.495,106.961,1,-1,-1,-1
314,59,1198.283,450.541,36.049,93.128,1,-1,-1,-1
314,62,14.549,373.505,154.285,511.288,1,-1,-1,-1
315,4,1031.968,403.933,211.543,618.523,1,-1,-1,-1
315,17,1697.543,423.242,228.617,512.482,1,-1,-1,-1
315,19,381.456,464.855,44.456,112.005,1,-1,-1,-1
315,21,493.960,455.105,46.588,110.005,1,-1,-1,-1
315,28,809.010,441.683,68.538,214.894,1,-1,-1,-1
315,36,550.111,460.979,23.401,58.388,1,-1,-1,-1
315,43,579.415,460.241,23.398,56.946,1,-1,-1,-1
315,46,898.779,424.328,138.251,526.424,1,-1,-1,-1
315,49,1260.651,428.836,107.724,262.859,1,-1,-1,-1
315,54,1412.569,437.827,53.598,116.212,1,-1,-1,-1
315,55,657.948,462.246,25.985,73.484,1,-1,-1,-1
315,56,625.799,460.293,23.647,57.486,1,-1,-1,-1
315,58,409.567,467.540,47.718,107.234,1,-1,-1,-1
315,59,1198.440,450.359,36.463,93.768,1,-1,-1,-1
315,62,18.036,376.521,169.547,508.236,1,-1,-1,-1
316,4,1034.454,405.904,211.024,615.165,1,-1,-1,-1
316,17,1705.073,421.647,223.984,514.243,1,-1,-1,-1
316,19,381.471,464.496,44.328,111.978,1,-1,-1,-1
316,21,493.425,454.812,47.144,110.048,1,-1,-1,-1
316,28,811.255,441.120,69.709,216.648,1,-1,-1,-1
316,36,549.062,460.772,23.383,58.238,1,-1,-1,-1
316,43,579.398,460.164,23.154,56.759,1,-1,-1,-1
316,46,897.672,419.427,138.905,527.723,1,-1,-1,-1
316,49,1257.662,428.441,101.681,261.811,1,-1,-1,-1
316,54,1417.416,438.295,52.107,114.705,1,-1,-1,-1
316,55,658.075,462.394,26.059,73.341,1,-1,-1,-1
316,56,627.439,460.347,23.685,57.762,1,-1,-1,-1
316,58,409.103,467.421,47.878,107.562,1,-1,-1,-1
316,59,1198.699,449.858,36.646,93.903,1,-1,-1,-1
316,62,22.747,380.534,188.152,509.361,1,-1,-1,-1
317,4,1035.557,405.544,210.011,612.985,1,-1,-1,-1
317,17,1722.368,419.985,212.406,514.287,1,-1,-1,-1
317,19,381.474,464.346,44.289,112.123,1,-1,-1,-1
317,21,492.790,454.589,47.333,110.485,1,-1,-1,-1
317,28,814.223,441.396,71.679,216.985,1,-1,-1,-1
317,36,549.955,460.631,23.315,58.182,1,-1,-1,-1
317,43,578.772,460.360,23.060,56.707,1,-1,-1,-1
317,46,898.192,420.995,139.429,527.688,1,-1,-1,-1
317,49,1254.305,427.039,97.555,260.761,1,-1,-1,-1
317,54,1420.500,437.739,51.224,114.162,1,-1,-1,-1
317,55,658.335,462.795,26.055,73.120,1,-1,-1,-1
317,56,628.087,460.240,24.027,58.316,1,-1,-1,-1
317,58,409.629,467.588,47.588,107.526,1,-1,-1,-1
317,59,1201.294,449.711,36.205,93.617,1,-1,-1,-1
317,62,25.605,380.112,208.485,505.734,1,-1,-1,-1
317,63,598.700,457.700,37.500,59.500,1,-1,-1,-1
318,4,1039.927,407.429,208.611,609.499,1,-1,-1,-1
318,17,1733.132,421.031,202.532,514.948,1,-1,-1,-1
318,19,381.421,464.483,44.452,112.180,1,-1,-1,-1
318,21,492.308,454.512,47.523,110.638,1,-1,-1,-1
318,28,816.323,440.667,72.707,217.993,1,-1,-1,-1
318,36,550.911,460.480,23.266,58.169,1,-1,-1,-1
318,43,577.833,460.179,22.992,56.752,1,-1,-1,-1
318,46,897.992,420.887,139.975,527.390,1,-1,-1,-1
318,49,1248.830,427.618,95.949,258.383,1,-1,-1,-1
318,54,1424.831,438.030,50.139,113.481,1,-1,-1,-1
318,55,658.743,462.865,26.023,72.676,1,-1,-1,-1
318,56,630.180,460.375,24.370,59.148,1,-1,-1,-1
318,58,409.345,467.993,47.538,107.223,1,-1,-1,-1
318,59,1203.979,450.308,35.749,93.324,1,-1,-1,-1
318,62,30.441,380.084,229.455,503.377,1,-1,-1,-1
318,63,601.055,456.262,39.490,61.575,1,-1,-1,-1
319,4,1039.599,409.670,208.434,608.799,1,-1,-1,-1
319,17,1753.397,418.480,186.641,514.260,1,-1,-1,-1
319,19,381.421,464.571,44.543,112.192,1,-1,-1,-1
319,21,491.968,454.672,47.744,110.778,1,-1,-1,-1
319,28,818.521,440.105,73.891,217.962,1,-1,-1,-1
319,36,551.333,460.114,23.093,58.072,1,-1,-1,-1
319,43,579.459,459.879,22.862,56.916,1,-1,-1,-1
319,46,897.932,418.239,140.813,530.925,1,-1,-1,-1
319,49,1240.654,429.969,97.708,255.619,1,-1,-1,-1
319,54,1428.660,438.183,49.551,113.143,1,-1,-1,-1
319,55,658.790,462.864,26.027,72.494,1,-1,-1,-1
319,56,629.879,459.771,24.588,59.659,1,-1,-1,-1
319,58,409.222,468.015,47.557,107.112,1,-1,-1,-1
319,59,1206.946,450.299,35.111,93.825,1,-1,-1,-1
319,62,29.938,379.039,247.763,499.255,1,-1,-1,-1
319,63,601.338,456.042,39.507,61.593,1,-1,-1,-1
320,4,1042.941,409.880,207.153,608.257,1,-1,-1,-1
320,17,1718.770,399.687,181.827,498.354,1,-1,-1,-1
320,19,381.557,464.462,44.638,112.284,1,-1,-1,-1
320,21,491.940,454.223,47.521,111.003,1,-1,-1,-1
320,28,820.167,439.830,75.336,219.182,1,-1,-1,-1
320,36,552.141,460.015,22.994,58.030,1,-1,-1,-1
320,43,579.749,459.885,22.821,56.878,1,-1,-1,-1
320,46,897.825,419.595,141.312,529.247,1,-1,-1,-1
320,49,1231.565,432.069,100.580,254.616,1,-1,-1,-1
320,54,1431.736,438.798,49.291,112.955,1,-1,-1,-1
320,55,658.722,462.980,26.003,72.388,1,-1,-1,-1
320,56,629.139,459.270,24.798,59.867,1,-1,-1,-1
320,58,409.391,467.727,47.598,107.139,1,-1,-1,-1
320,59,1210.604,451.104,34.994,94.951,1,-1,-1,-1
320,62,30.472,382.503,260.180,493.532,1,-1,-1,-1
320,63,602.357,455.799,39.865,61.853,1,-1,-1,-1
321,4,1045.206,410.666,205.177,608.014,1,-1,-1,-1
321,17,1713.516,391.686,179.364,483.386,1,-1,-1,-1
321,19,381.098,464.070,44.652,112.430,1,-1,-1,-1
321,21,491.542,453.905,47.194,111.188,1,-1,-1,-1
321,28,824.251,439.662,76.027,218.139,1,-1,-1,-1
321,36,553.069,459.761,22.841,58.130,1,-1,-1,-1
321,43,581.264,459.761,22.737,56.929,1,-1,-1,-1
321,46,898.598,420.695,141.589,527.576,1,-1,-1,-1
321,49,1223.785,431.814,104.940,256.504,1,-1,-1,-1
321,54,1435.325,439.246,49.188,113.178,1,-1,-1,-1
321,55,658.306,462.913,26.183,72.633,1,-1,-1,-1
321,56,625.403,458.241,24.668,59.660,1,-1,-1,-1
321,58,409.538,467.897,47.649,106.984,1,-1,-1,-1
321,62,31.878,382.478,268.647,491.956,1,-1,-1,-1
322,4,1047.329,411.326,202.994,608.047,1,-1,-1,-1
322,17,1716.219,391.350,174.562,475.474,1,-1,-1,-1
322,19,380.877,464.025,44.689,112.537,1,-1,-1,-1
322,21,491.070,453.992,46.954,111.109,1,-1,-1,-1
322,28,826.309,440.960,77.957,218.676,1,-1,-1,-1
322,36,553.546,459.588,22.674,58.202,1,-1,-1,-1
322,43,582.829,459.451,22.678,57.159,1,-1,-1,-1
322,46,897.569,418.511,142.203,530.710,1,-1,-1,-1
322,49,1216.278,432.435,109.133,254.960,1,-1,-1,-1
322,54,1437.785,439.127,49.113,113.449,1,-1,-1,-1
322,55,658.105,463.000,26.399,72.958,1,-1,-1,-1
322,56,624.614,458.244,24.744,59.774,1,-1,-1,-1
322,58,409.552,468.051,47.626,106.747,1,-1,-1,-1
322,62,34.219,383.069,274.377,489.599,1,-1,-1,-1
322,64,800.600,471.200,41.800,70.800,1,-1,-1,-1
323,4,1047.822,411.184,200.496,607.667,1,-1,-1,-1
323,17,1724.887,391.740,170.596,468.518,1,-1,-1,-1
323,19,380.652,464.648,44.990,112.540,1,-1,-1,-1
323,21,490.601,453.876,46.751,111.183,1,-1,-1,-1
323,28,828.990,441.596,79.527,218.592,1,-1,-1,-1
323,36,555.568,460.121,22.526,58.280,1,-1,-1,-1
323,43,583.576,459.350,22.662,57.221,1,-1,-1,-1
323,46,896.857,416.258,142.774,534.946,1,-1,-1,-1
323,49,1212.750,436.332,112.487,251.839,1,-1,-1,-1
323,54,1440.588,438.845,49.921,113.957,1,-1,-1,-1
323,55,658.141,463.115,26.388,73.176,1,-1,-1,-1
323,56,623.708,458.231,24.714,59.655,1,-1,-1,-1
323,58,409.718,469.021,47.431,105.879,1,-1,-1,-1
323,62,33.514,386.883,281.955,485.049,1,-1,-1,-1
323,64,800.193,471.725,42.314,67.950,1,-1,-1,-1
324,4,1050.637,409.771,199.190,607.233,1,-1,-1,-1
324,17,1735.155,394.080,171.281,464.650,1,-1,-1,-1
324,19,380.523,464.541,44.935,112.507,1,-1,-1,-1
324,21,490.621,453.999,46.438,111.206,1,-1,-1,-1
324,28,829.833,442.862,81.058,219.311,1,-1,-1,-1
324,36,556.073,460.154,22.473,58.397,1,-1,-1,-1
324,43,586.174,459.490,22.514,57.420,1,-1,-1,-1
324,46,896.252,416.323,143.495,535.241,1,-1,-1,-1
324,49,1210.496,437.784,112.123,250.852,1,-1,-1,-1
324,54,1443.165,438.516,51.059,113.940,1,-1,-1,-1
324,55,658.361,463.012,26.493,73.483,1,-1,-1,-1
324,56,624.858,458.267,24.695,59.791,1,-1,-1,-1
324,58,409.892,469.105,47.205,105.660,1,-1,-1,-1
324,62,39.073,390.351,284.241,479.762,1,-1,-1,-1
324,64,798.984,472.383,44.338,68.316,1,-1,-1,-1
325,4,1051.759,411.303,197.878,606.198,1,-1,-1,-1
325,17,1746.451,393.709,171.090,461.012,1,-1,-1,-1
325,19,380.242,464.008,44.731,112.693,1,-1,-1,-1
325,21,490.429,453.614,46.483,111.364,1,-1,-1,-1
325,28,833.025,443.254,82.883,218.766,1,-1,-1,-1
325,36,555.793,459.907,22.407,58.509,1,-1,-1,-1
325,43,587.059,459.184,22.242,57.634,1,-1,-1,-1
325,46,898.654,417.956,142.521,533.056,1,-1,-1,-1
325,49,1209.752,436.395,110.160,247.828,1,-1,-1,-1
325,54,1445.127,438.548,51.941,113.752,1,-1,-1,-1
325,55,658.361,463.040,26.568,73.594,1,-1,-1,-1
325,56,626.135,458.305,24.681,59.864,1,-1,-1,-1
325,58,410.013,468.385,47.272,106.099,1,-1,-1,-1
325,62,45.453,393.500,282.130,474.431,1,-1,-1,-1
325,64,798.210,474.355,45.907,65.985,1,-1,-1,-1
326,4,1054.661,410.283,195.248,604.703,1,-1,-1,-1
326,17,1750.209,397.012,171.234,465.802,1,-1,-1,-1
326,19,380.454,463.603,44.609,112.777,1,-1,-1,-1
326,21,490.067,453.913,45.995,111.384,1,-1,-1,-1
326,28,834.362,444.652,85.876,221.007,1,-1,-1,-1
326,36,557.203,459.856,22.278,58.667,1,-1,-1,-1
326,43,587.536,459.593,22.017,57.847,1,-1,-1,-1
326,46,897.713,417.053,143.278,533.575,1,-1,-1,-1
326,49,1204.792,440.482,107.805,241.244,1,-1,-1,-1
326,54,1446.544,439.454,51.915,113.003,1,-1,-1,-1
326,55,658.497,463.061,26.453,73.413,1,-1,-1,-1
326,56,627.968,459.324,24.565,60.236,1,-1,-1,-1
326,58,409.874,468.454,47.146,106.233,1,-1,-1,-1
326,62,56.210,395.967,276.660,468.889,1,-1,-1,-1
326,64,798.519,475.714,47.418,63.718,1,-1,-1,-1
327,4,1053.853,406.782,196.322,606.581,1,-1,-1,-1
327,17,1754.127,397.693,169.745,466.975,1,-1,-1,-1
327,19,380.542,463.341,44.686,113.090,1,-1,-1,-1
327,21,489.773,454.015,45.365,111.549,1,-1,-1,-1
327,28,836.740,444.136,86.273,222.687,1,-1,-1,-1
327,36,559.109,459.746,22.156,58.783,1,-1,-1,-1
327,43,586.088,459.506,21.824,57.897,1,-1,-1,-1
327,46,897.375,416.639,143.689,533.656,1,-1,-1,-1
327,49,1198.111,438.563,101.547,242.368,1,-1,-1,-1
327,54,1447.725,439.296,52.587,112.613,1,-1,-1,-1
327,55,658.362,462.943,26.258,73.137,1,-1,-1,-1
327,56,626.056,459.624,24.480,60.484,1,-1,-1,-1
327,58,410.161,467.999,47.140,106.528,1,-1,-1,-1
327,62,69.802,395.202,268.221,463.446,1,-1,-1,-1
327,64,798.407,475.797,49.473,63.042,1,-1,-1,-1
328,4,1055.479,404.745,194.587,608.073,1,-1,-1,-1
328,17,1754.904,396.956,169.148,462.883,1,-1,-1,-1
328,19,380.676,463.116,44.715,113.398,1,-1,-1,-1
328,21,489.622,453.968,44.385,111.654,1,-1,-1,-1
328,28,840.059,445.641,85.185,220.415,1,-1,-1,-1
328,36,559.816,460.079,22.125,59.062,1,-1,-1,-1
328,43,583.870,459.611,21.794,57.969,1,-1,-1,-1
328,46,899.157,418.303,143.456,531.550,1,-1,-1,-1
328,54,1449.540,440.096,52.216,112.116,1,-1,-1,-1
328,55,658.467,463.215,26.197,72.854,1,-1,-1,-1
328,56,625.943,459.873,24.365,60.825,1,-1,-1,-1
328,58,410.107,468.309,46.877,106.525,1,-1,-1,-1
328,62,91.492,393.246,254.160,461.328,1,-1,-1,-1
328,64,799.913,476.333,51.392,62.472,1,-1,-1,-1
329,4,1057.731,407.352,194.736,608.046,1,-1,-1,-1
329,17,1758.881,397.505,166.516,463.321,1,-1,-1,-1
329,19,380.408,462.883,44.845,113.682,1,-1,-1,-1
329,21,488.874,453.538,43.723,111.734,1,-1,-1,-1
329,36,562.241,460.299,22.018,59.181,1,-1,-1,-1
329,43,583.109,460.002,21.801,58.080,1,-1,-1,-1
329,46,899.938,419.973,143.585,529.072,1,-1,-1,-1
329,54,1451.729,440.746,51.582,111.168,1,-1,-1,-1
329,55,658.340,463.488,26.181,72.732,1,-1,-1,-1
329,56,626.451,460.069,24.310,61.135,1,-1,-1,-1
329,58,409.966,468.551,46.627,106.406,1,-1,-1,-1
329,62,110.052,394.957,238.031,455.789,1,-1,-1,-1
329,64,799.861,476.925,52.185,62.132,1,-1,-1,-1
330,4,1056.929,403.169,193.700,609.195,1,-1,-1,-1
330,17,1763.367,400.300,163.037,464.310,1,-1,-1,-1
330,19,380.359,462.872,44.859,113.966,1,-1,-1,-1
330,21,488.669,453.114,43.541,111.829,1,-1,-1,-1
330,28,834.306,436.390,78.930,178.451,1,-1,-1,-1
330,36,562.079,460.373,21.500,58.984,1,-1,-1,-1
330,43,582.975,459.753,21.752,58.267,1,-1,-1,-1
330,46,899.526,420.669,144.038,528.398,1,-1,-1,-1
330,54,1454.294,440.438,50.647,110.543,1,-1,-1,-1
330,55,658.294,463.465,26.365,72.935,1,-1,-1,-1
330,56,630.063,460.505,24.613,61.956,1,-1,-1,-1
330,58,410.379,468.667,46.384,106.117,1,-1,-1,-1
330,62,128.937,394.497,223.231,449.999,1,-1,-1,-1
330,64,799.147,476.938,53.230,62.109,1,-1,-1,-1
331,4,1057.915,401.145,192.067,610.264,1,-1,-1,-1
331,17,1767.179,399.812,159.543,465.857,1,-1,-1,-1
331,19,380.174,462.789,45.005,114.234,1,-1,-1,-1
331,21,488.551,452.959,42.997,111.727,1,-1,-1,-1
331,28,831.908,442.597,74.843,148.080,1,-1,-1,-1
331,36,562.643,460.288,21.454,59.201,1,-1,-1,-1
331,43,583.817,459.606,21.773,58.573,1,-1,-1,-1
331,46,899.182,420.937,144.810,528.459,1,-1,-1,-1
331,54,1456.413,440.853,49.796,109.828,1,-1,-1,-1
331,55,658.523,463.541,26.528,73.167,1,-1,-1,-1
331,56,633.779,461.618,24.840,62.907,1,-1,-1,-1
331,58,410.497,468.899,46.373,105.826,1,-1,-1,-1
331,62,149.823,395.482,207.847,446.390,1,-1,-1,-1
331,63,608.877,457.648,41.112,64.723,1,-1,-1,-1
331,64,799.221,476.162,55.385,62.687,1,-1,-1,-1
332,4,1059.488,397.253,193.866,612.642,1,-1,-1,-1
332,17,1768.523,398.787,157.338,463.695,1,-1,-1,-1
332,19,379.673,461.819,45.468,114.582,1,-1,-1,-1
332,21,488.689,452.932,42.325,111.565,1,-1,-1,-1
332,28,829.515,448.642,71.132,128.603,1,-1,-1,-1
332,36,558.689,461.443,21.253,58.866,1,-1,-1,-1
332,43,584.803,460.138,21.620,58.297,1,-1,-1,-1
332,46,901.228,421.492,144.377,527.834,1,-1,-1,-1
332,54,1459.964,441.755,48.981,109.504,1,-1,-1,-1
332,55,659.188,463.136,26.674,73.336,1,-1,-1,-1
332,56,632.631,460.737,25.162,63.313,1,-1,-1,-1
332,58,410.244,468.838,46.507,106.012,1,-1,-1,-1
332,62,169.735,392.742,192.869,441.503,1,-1,-1,-1
332,64,798.304,475.528,57.139,63.105,1,-1,-1,-1
333,4,1059.429,397.678,194.344,611.221,1,-1,-1,-1
333,17,1771.906,399.914,154.193,461.157,1,-1,-1,-1
333,19,381.464,462.970,45.475,113.964,1,-1,-1,-1
333,21,488.974,453.428,41.506,111.540,1,-1,-1,-1
333,28,829.613,454.044,67.487,114.472,1,-1,-1,-1
333,36,558.388,462.221,21.106,58.646,1,-1,-1,-1
333,43,583.942,460.089,21.676,58.433,1,-1,-1,-1
333,46,902.428,421.953,144.117,527.677,1,-1,-1,-1
333,54,1464.415,441.746,48.249,109.495,1,-1,-1,-1
333,55,659.580,462.613,26.644,73.612,1,-1,-1,-1
333,56,630.572,460.559,25.146,63.525,1,-1,-1,-1
333,58,409.940,469.057,46.516,105.858,1,-1,-1,-1
333,62,189.596,396.195,181.242,437.733,1,-1,-1,-1
333,64,797.912,475.427,58.038,62.848,1,-1,-1,-1
334,4,1059.583,401.762,194.285,611.766,1,-1,-1,-1
334,17,1774.607,403.402,151.327,456.301,1,-1,-1,-1
334,19,382.484,463.404,45.123,113.542,1,-1,-1,-1
334,21,489.406,453.815,40.771,111.333,1,-1,-1,-1
334,28,829.532,458.221,65.065,103.668,1,-1,-1,-1
334,36,559.418,462.437,21.109,58.517,1,-1,-1,-1
334,43,585.988,459.802,21.774,58.757,1,-1,-1,-1
334,46,903.099,421.214,144.005,526.763,1,-1,-1,-1
334,54,1467.527,440.512,47.640,110.119,1,-1,-1,-1
334,55,659.577,461.787,26.797,74.515,1,-1,-1,-1
334,56,631.422,460.577,25.165,63.876,1,-1,-1,-1
334,58,410.357,469.310,46.437,105.655,1,-1,-1,-1
334,62,204.681,398.819,174.037,435.062,1,-1,-1,-1
334,63,607.288,456.952,39.916,64.871,1,-1,-1,-1
334,64,797.639,475.648,58.713,62.628,1,-1,-1,-1
334,65,1.100,430.500,127.700,339.300,1,-1,-1,-1
335,4,1059.396,404.512,193.634,610.588,1,-1,-1,-1
335,19,382.918,464.588,44.564,113.174,1,-1,-1,-1
335,21,488.975,453.824,40.402,111.924,1,-1,-1,-1
335,28,831.177,461.562,62.337,96.565,1,-1,-1,-1
335,36,561.466,462.351,21.056,58.339,1,-1,-1,-1
335,43,585.941,459.730,21.817,58.937,1,-1,-1,-1
335,46,902.814,421.181,144.283,526.830,1,-1,-1,-1
335,54,1469.937,439.712,47.261,111.280,1,-1,-1,-1
335,55,659.930,462.103,26.793,74.970,1,-1,-1,-1
335,56,630.943,460.467,25.176,63.967,1,-1,-1,-1
335,58,410.308,470.442,46.237,105.330,1,-1,-1,-1
335,62,214.639,399.899,173.094,432.572,1,-1,-1,-1
335,64,796.761,475.575,58.624,62.524,1,-1,-1,-1
335,65,1.629,435.990,134.541,350.117,1,-1,-1,-1
336,4,1063.527,399.010,192.489,616.125,1,-1,-1,-1
336,19,381.682,465.305,43.420,113.474,1,-1,-1,-1
336,21,487.820,453.488,39.529,112.173,1,-1,-1,-1
336,28,832.618,463.926,59.783,91.777,1,-1,-1,-1
336,36,560.650,461.825,20.880,58.204,1,-1,-1,-1
336,43,583.157,459.695,21.929,58.627,1,-1,-1,-1
336,46,903.517,420.103,145.014,528.075,1,-1,-1,-1
336,54,1472.646,439.435,46.950,111.930,1,-1,-1,-1
336,55,659.297,462.573,26.618,74.772,1,-1,-1,-1
336,56,631.760,459.912,25.045,63.969,1,-1,-1,-1
336,58,411.081,471.549,45.753,104.828,1,-1,-1,-1
336,62,225.122,401.028,175.853,431.744,1,-1,-1,-1
336,64,795.633,475.265,58.171,62.386,1,-1,-1,-1
336,65,2.272,442.086,139.743,354.362,1,-1,-1,-1
337,4,1064.159,394.889,191.637,619.626,1,-1,-1,-1
337,19,377.206,465.806,43.225,114.690,1,-1,-1,-1
337,21,486.947,453.209,38.592,112.701,1,-1,-1,-1
337,28,833.924,466.115,57.733,88.315,1,-1,-1,-1
337,36,560.034,461.715,20.560,58.097,1,-1,-1,-1
337,43,584.474,459.380,21.983,58.459,1,-1,-1,-1
337,46,901.522,421.022,145.404,528.242,1,-1,-1,-1
337,54,1474.211,438.866,47.549,112.388,1,-1,-1,-1
337,55,658.889,462.887,26.489,74.489,1,-1,-1,-1
337,56,633.271,459.997,24.980,64.219,1,-1,-1,-1
337,58,411.381,471.613,45.490,105.144,1,-1,-1,-1
337,62,233.164,402.603,181.375,429.251,1,-1,-1,-1
337,64,795.077,475.088,57.583,62.190,1,-1,-1,-1
337,65,2.347,439.977,142.416,353.001,1,-1,-1,-1
338,4,1065.971,395.793,191.031,621.136,1,-1,-1,-1
338,21,486.564,453.120,37.853,112.998,1,-1,-1,-1
338,28,834.962,468.083,56.443,85.451,1,-1,-1,-1
338,36,559.842,461.432,20.410,58.210,1,-1,-1,-1
338,43,584.115,459.271,22.023,58.310,1,-1,-1,-1
338,46,901.944,420.883,146.685,529.737,1,-1,-1,-1
338,54,1476.998,438.547,48.317,112.707,1,-1,-1,-1
338,55,658.802,463.091,26.367,73.947,1,-1,-1,-1
338,56,633.950,460.441,24.907,64.590,1,-1,-1,-1
338,58,412.656,472.462,44.635,105.691,1,-1,-1,-1
338,62,237.876,403.167,190.395,427.237,1,-1,-1,-1
338,64,795.314,475.089,57.513,62.049,1,-1,-1,-1
338,65,2.671,440.061,146.546,355.749,1,-1,-1,-1
339,4,1064.654,404.594,192.518,612.525,1,-1,-1,-1
339,21,486.052,453.122,37.039,113.234,1,-1,-1,-1
339,28,835.043,469.018,55.711,83.329,1,-1,-1,-1
339,36,559.381,461.258,20.274,58.319,1,-1,-1,-1
339,43,576.911,459.941,22.327,58.271,1,-1,-1,-1
339,46,903.456,421.658,146.205,528.711,1,-1,-1,-1
339,54,1480.241,438.907,49.231,112.457,1,-1,-1,-1
339,55,659.145,463.179,26.221,73.522,1,-1,-1,-1
339,56,633.111,460.491,24.881,64.893,1,-1,-1,-1
339,58,413.800,473.125,43.703,106.051,1,-1,-1,-1
339,62,242.130,406.953,196.190,425.504,1,-1,-1,-1
339,64,795.555,474.808,57.311,62.363,1,-1,-1,-1
339,65,2.742,449.333,145.505,345.544,1,-1,-1,-1
340,4,1065.456,402.575,191.911,606.140,1,-1,-1,-1
340,21,485.609,453.073,36.417,113.488,1,-1,-1,-1
340,28,835.186,469.751,55.128,82.008,1,-1,-1,-1
340,36,559.413,461.188,20.066,58.500,1,-1,-1,-1
340,43,575.155,460.212,22.522,58.355,1,-1,-1,-1
340,46,904.487,422.750,145.469,528.155,1,-1,-1,-1
340,54,1482.976,438.281,50.643,112.391,1,-1,-1,-1
340,55,659.078,463.369,26.169,73.239,1,-1,-1,-1
340,56,633.545,461.004,24.836,65.250,1,-1,-1,-1
340,58,414.213,473.436,42.859,106.571,1,-1,-1,-1
340,62,243.223,406.815,203.481,422.474,1,-1,-1,-1
340,64,795.568,474.725,57.322,62.834,1,-1,-1,-1
340,65,3.771,450.355,147.583,342.332,1,-1,-1,-1
341,4,1064.897,402.393,192.168,600.658,1,-1,-1,-1
341,21,485.625,452.931,35.854,113.569,1,-1,-1,-1
341,28,834.886,470.522,54.425,80.492,1,-1,-1,-1
341,36,558.398,460.967,19.886,58.499,1,-1,-1,-1
341,43,577.515,459.893,22.528,58.380,1,-1,-1,-1
341,46,904.740,423.057,145.890,526.258,1,-1,-1,-1
341,54,1484.670,437.235,52.172,112.745,1,-1,-1,-1
341,55,659.303,463.621,26.103,73.032,1,-1,-1,-1
341,56,633.752,460.528,24.771,65.015,1,-1,-1,-1
341,58,413.196,472.320,42.918,107.518,1,-1,-1,-1
341,62,248.272,407.488,205.756,419.956,1,-1,-1,-1
341,63,609.305,456.787,39.630,64.292,1,-1,-1,-1
341,64,795.635,474.972,57.326,63.310,1,-1,-1,-1
341,65,4.029,447.429,146.757,344.324,1,-1,-1,-1
342,4,1065.994,403.527,191.222,597.376,1,-1,-1,-1
342,21,485.686,452.748,35.441,113.204,1,-1,-1,-1
342,28,834.998,471.110,53.958,79.742,1,-1,-1,-1
342,36,559.063,460.790,19.810,58.557,1,-1,-1,-1
342,43,580.126,459.869,22.532,58.454,1,-1,-1,-1
342,46,905.377,423.747,145.782,525.033,1,-1,-1,-1
342,54,1486.459,437.510,53.090,112.459,1,-1,-1,-1
342,55,659.108,463.541,26.115,73.433,1,-1,-1,-1
342,56,633.651,460.261,24.751,64.956,1,-1,-1,-1
342,58,411.599,473.354,43.852,109.772,1,-1,-1,-1
342,62,254.168,409.496,207.589,420.613,1,-1,-1,-1
342,63,608.068,456.764,39.374,63.967,1,-1,-1,-1
342,64,795.674,474.984,57.166,63.197,1,-1,-1,-1
342,65,2.328,444.835,146.883,341.028,1,-1,-1,-1
342,66,537.100,458.700,34.700,63.000,1,-1,-1,-1
343,4,1065.413,408.444,192.608,601.231,1,-1,-1,-1
343,21,485.874,452.993,35.058,113.090,1,-1,-1,-1
343,28,834.850,471.849,53.698,78.640,1,-1,-1,-1
343,36,559.062,460.815,20.029,58.590,1,-1,-1,-1
343,43,579.064,459.969,22.480,58.396,1,-1,-1,-1
343,46,905.768,424.399,146.583,524.564,1,-1,-1,-1
343,54,1487.803,437.217,53.760,112.568,1,-1,-1,-1
343,55,658.781,463.536,26.232,73.597,1,-1,-1,-1
343,56,634.620,460.389,24.597,64.466,1,-1,-1,-1
343,62,253.687,408.299,211.307,419.707,1,-1,-1,-1
343,63,607.800,456.953,38.890,63.270,1,-1,-1,-1
343,64,796.015,475.210,56.908,63.298,1,-1,-1,-1
343,65,4.689,445.220,148.254,349.752,1,-1,-1,-1
343,66,537.450,458.592,34.600,63.217,1,-1,-1,-1
344,4,1067.788,411.945,194.032,598.923,1,-1,-1,-1
344,21,486.142,453.188,34.750,112.844,1,-1,-1,-1
344,28,835.089,472.459,53.395,77.898,1,-1,-1,-1
344,36,559.218,460.641,19.998,58.712,1,-1,-1,-1
344,43,579.301,459.810,22.497,58.440,1,-1,-1,-1
344,46,906.782,423.062,147.995,524.938,1,-1,-1,-1
344,54,1489.056,436.791,53.532,112.726,1,-1,-1,-1
344,55,658.524,463.206,26.347,73.856,1,-1,-1,-1
344,56,634.472,460.240,24.567,64.275,1,-1,-1,-1
344,62,259.314,408.511,209.616,418.304,1,-1,-1,-1
344,63,607.552,456.862,39.129,63.137,1,-1,-1,-1
344,64,796.016,475.460,56.866,63.465,1,-1,-1,-1
344,65,8.987,444.263,149.894,349.671,1,-1,-1,-1
344,66,536.001,458.170,34.710,63.495,1,-1,-1,-1
345,4,1067.656,412.674,193.253,601.454,1,-1,-1,-1
345,21,485.343,453.080,34.637,113.179,1,-1,-1,-1
345,28,835.612,472.339,53.063,77.275,1,-1,-1,-1
345,36,557.938,460.445,19.728,58.627,1,-1,-1,-1
345,43,580.764,459.447,22.318,58.407,1,-1,-1,-1
345,46,906.092,422.319,148.031,524.565,1,-1,-1,-1
345,54,1491.891,436.609,52.674,112.707,1,-1,-1,-1
345,55,658.583,463.496,26.601,74.557,1,-1,-1,-1
345,56,635.237,460.600,24.520,64.410,1,-1,-1,-1
345,62,263.769,405.718,208.185,418.639,1,-1,-1,-1
345,63,608.710,457.305,39.850,63.506,1,-1,-1,-1
345,64,796.140,475.166,56.794,63.518,1,-1,-1,-1
345,65,17.912,440.554,149.038,353.398,1,-1,-1,-1
346,4,1067.240,403.366,194.350,603.146,1,-1,-1,-1
346,21,485.134,452.962,34.829,113.525,1,-1,-1,-1
346,28,836.108,472.236,52.794,76.822,1,-1,-1,-1
346,36,559.002,460.361,19.531,58.617,1,-1,-1,-1
346,43,582.568,459.214,22.243,58.523,1,-1,-1,-1
346,46,906.194,421.811,147.210,525.464,1,-1,-1,-1
346,54,1497.610,436.780,51.001,112.753,1,-1,-1,-1
346,55,658.685,463.048,26.671,74.695,1,-1,-1,-1
346,56,637.995,461.819,24.571,64.708,1,-1,-1,-1
346,62,268.628,403.555,204.327,419.691,1,-1,-1,-1
346,63,609.680,457.809,40.556,63.888,1,-1,-1,-1
346,64,796.009,475.032,56.857,63.645,1,-1,-1,-1
346,65,28.049,438.158,146.399,350.906,1,-1,-1,-1
347,4,1070.564,408.632,193.890,604.467,1,-1,-1,-1
347,21,484.823,452.922,34.940,113.581,1,-1,-1,-1
347,28,836.387,472.218,52.767,76.665,1,-1,-1,-1
347,36,558.428,459.936,19.525,58.619,1,-1,-1,-1
347,43,584.150,458.454,22.245,58.802,1,-1,-1,-1
347,46,906.196,420.849,146.941,526.500,1,-1,-1,-1
347,54,1499.720,437.059,49.669,112.808,1,-1,-1,-1
347,55,659.188,462.908,26.750,74.879,1,-1,-1,-1
347,56,639.044,462.315,24.750,65.268,1,-1,-1,-1
347,62,275.336,400.604,200.100,420.729,1,-1,-1,-1
347,64,796.054,475.101,56.949,63.648,1,-1,-1,-1
347,65,43.464,435.705,141.979,343.653,1,-1,-1,-1
348,4,1070.396,400.835,193.516,608.045,1,-1,-1,-1
348,21,484.762,452.935,34.831,113.937,1,-1,-1,-1
348,28,837.070,472.283,52.443,76.189,1,-1,-1,-1
348,36,556.161,459.581,19.577,58.817,1,-1,-1,-1
348,43,585.948,458.136,22.190,58.841,1,-1,-1,-1
348,46,906.427,421.095,146.544,525.742,1,-1,-1,-1
348,54,1502.277,436.077,48.287,113.186,1,-1,-1,-1
348,55,659.561,462.364,26.804,74.427,1,-1,-1,-1
348,56,633.677,461.577,25.990,66.143,1,-1,-1,-1
348,62,285.464,398.310,193.846,420.316,1,-1,-1,-1
348,64,796.311,474.858,57.284,63.336,1,-1,-1,-1
348,65,55.821,438.807,139.741,337.717,1,-1,-1,-1
349,4,1070.883,405.515,193.387,607.971,1,-1,-1,-1
349,21,484.966,452.993,34.559,114.160,1,-1,-1,-1
349,28,837.277,472.302,52.349,76.067,1,-1,-1,-1
349,36,555.987,459.486,19.670,58.884,1,-1,-1,-1
349,43,587.349,458.307,22.149,58.539,1,-1,-1,-1
349,46,907.278,421.418,145.756,524.153,1,-1,-1,-1
349,54,1504.450,435.909,46.695,112.863,1,-1,-1,-1
349,55,659.449,462.217,26.871,74.071,1,-1,-1,-1
349,56,630.962,461.058,27.003,66.805,1,-1,-1,-1
349,62,297.625,397.209,185.034,418.911,1,-1,-1,-1
349,64,796.466,474.844,57.488,62.929,1,-1,-1,-1
349,65,64.051,437.599,142.222,341.207,1,-1,-1,-1
350,4,1071.616,405.505,193.625,608.912,1,-1,-1,-1
350,21,484.748,452.966,34.224,114.212,1,-1,-1,-1
350,28,837.099,472.469,52.361,75.682,1,-1,-1,-1
350,36,556.828,459.254,19.737,58.849,1,-1,-1,-1
350,43,582.045,458.781,22.284,58.464,1,-1,-1,-1
350,46,908.311,419.785,145.840,523.282,1,-1,-1,-1
350,54,1507.720,436.187,45.283,112.197,1,-1,-1,-1
350,55,659.812,462.421,26.864,74.006,1,-1,-1,-1
350,56,633.879,461.148,26.410,66.209,1,-1,-1,-1
350,62,311.765,394.014,174.139,416.486,1,-1,-1,-1
350,63,608.072,457.514,41.434,63.784,1,-1,-1,-1
350,64,796.711,475.004,57.579,62.773,1,-1,-1,-1
350,65,75.504,439.642,145.432,341.646,1,-1,-1,-1
351,4,1071.950,405.306,194.268,610.632,1,-1,-1,-1
351,21,484.903,452.380,33.842,114.270,1,-1,-1,-1
351,28,836.666,472.658,52.235,75.457,1,-1,-1,-1
351,36,557.042,459.312,19.923,58.748,1,-1,-1,-1
351,43,580.169,459.198,22.437,58.357,1,-1,-1,-1
351,46,910.656,419.862,144.879,520.722,1,-1,-1,-1
351,54,1510.372,436.348,44.252,111.583,1,-1,-1,-1
351,55,659.708,462.740,27.081,74.024,1,-1,-1,-1
351,56,635.267,461.759,26.142,66.061,1,-1,-1,-1
351,62,325.490,397.244,162.298,414.002,1,-1,-1,-1
351,63,609.951,458.433,41.643,63.870,1,-1,-1,-1
351,64,796.646,475.158,57.727,62.660,1,-1,-1,-1
351,65,83.232,438.952,152.309,343.121,1,-1,-1,-1
352,4,1071.192,404.091,194.598,611.791,1,-1,-1,-1
352,21,484.351,452.897,33.699,114.184,1,-1,-1,-1
352,28,836.350,472.360,52.094,75.431,1,-1,-1,-1
352,36,557.831,459.475,20.086,58.761,1,-1,-1,-1
352,43,579.060,459.646,22.577,58.393,1,-1,-1,-1
352,46,912.026,418.972,144.371,520.239,1,-1,-1,-1
352,54,1513.074,436.964,43.251,111.166,1,-1,-1,-1
352,55,659.711,462.756,27.267,74.178,1,-1,-1,-1
352,56,635.628,461.415,26.029,66.036,1,-1,-1,-1
352,62,339.934,399.750,151.146,411.816,1,-1,-1,-1
352,63,606.776,457.655,42.442,63.975,1,-1,-1,-1
352,64,796.408,475.063,57.679,62.989,1,-1,-1,-1
352,65,88.002,436.919,161.331,343.430,1,-1,-1,-1
353,4,1070.521,396.829,195.243,611.521,1,-1,-1,-1
353,21,483.942,453.438,33.349,113.004,1,-1,-1,-1
353,28,836.216,472.036,51.867,75.813,1,-1,-1,-1
353,36,557.693,458.774,20.181,58.991,1,-1,-1,-1
353,43,583.844,459.086,22.487,58.301,1,-1,-1,-1
353,46,913.135,420.500,143.809,520.335,1,-1,-1,-1
353,54,1517.111,437.624,42.767,110.426,1,-1,-1,-1
353,55,659.992,462.988,27.490,74.766,1,-1,-1,-1
353,56,635.877,461.373,26.202,66.556,1,-1,-1,-1
353,62,353.237,401.138,142.488,410.435,1,-1,-1,-1
353,64,796.381,474.672,57.463,63.629,1,-1,-1,-1
353,65,93.486,432.329,168.979,346.419,1,-1,-1,-1
353,66,510.471,460.249,29.052,66.543,1,-1,-1,-1
353,67,884.100,454.600,26.900,68.800,1,-1,-1,-1
354,4,1071.416,395.549,195.108,609.848,1,-1,-1,-1
354,21,483.235,454.045,32.385,111.295,1,-1,-1,-1
354,28,836.816,471.957,51.653,76.230,1,-1,-1,-1
354,36,557.188,459.038,20.275,58.939,1,-1,-1,-1
354,43,585.371,458.990,22.448,58.097,1,-1,-1,-1
354,46,913.908,420.905,143.505,519.506,1,-1,-1,-1
354,54,1520.620,437.544,43.108,110.876,1,-1,-1,-1
354,55,660.226,462.589,27.706,75.112,1,-1,-1,-1
354,56,634.550,461.122,26.413,67.216,1,-1,-1,-1
354,62,365.482,398.732,138.302,409.622,1,-1,-1,-1
354,64,796.627,474.463,57.124,64.059,1,-1,-1,-1
354,65,97.709,435.902,175.878,345.477,1,-1,-1,-1
354,66,511.757,459.155,27.089,66.456,1,-1,-1,-1
354,67,869.688,455.745,29.526,73.408,1,-1,-1,-1
355,4,1070.059,394.068,196.517,610.136,1,-1,-1,-1
355,21,482.897,455.879,31.533,113.249,1,-1,-1,-1
355,28,837.249,471.634,51.747,76.612,1,-1,-1,-1
355,36,558.165,459.033,20.263,59.007,1,-1,-1,-1
355,43,586.761,459.010,22.365,57.975,1,-1,-1,-1
355,46,914.028,423.120,145.197,522.334,1,-1,-1,-1
355,54,1523.556,437.465,43.911,111.608,1,-1,-1,-1
355,55,659.527,462.323,27.722,75.077,1,-1,-1,-1
355,56,634.449,460.932,26.455,67.712,1,-1,-1,-1
355,62,375.940,400.501,137.137,407.653,1,-1,-1,-1
355,64,796.701,474.308,56.835,64.177,1,-1,-1,-1
355,65,103.164,435.630,180.176,345.327,1,-1,-1,-1
355,66,514.864,458.376,25.781,66.230,1,-1,-1,-1
355,67,874.348,454.041,31.370,76.282,1,-1,-1,-1
355,68,3.200,438.200,130.100,421.700,1,-1,-1,-1
356,4,1069.808,393.763,197.926,609.712,1,-1,-1,-1
356,28,837.054,471.627,51.976,76.685,1,-1,-1,-1
356,36,558.138,458.833,20.337,59.173,1,-1,-1,-1
356,43,586.760,458.703,22.387,57.972,1,-1,-1,-1
356,46,914.653,422.534,146.204,523.788,1,-1,-1,-1
356,54,1525.398,437.799,44.548,111.876,1,-1,-1,-1
356,55,660.159,461.992,27.626,75.264,1,-1,-1,-1
356,56,633.335,460.382,26.654,68.391,1,-1,-1,-1
356,62,385.255,401.734,138.881,406.422,1,-1,-1,-1
356,64,796.820,474.313,56.671,64.096,1,-1,-1,-1
356,65,106.962,431.493,182.761,348.512,1,-1,-1,-1
356,66,518.436,458.208,24.697,65.304,1,-1,-1,-1
356,67,879.962,453.164,31.142,75.233,1,-1,-1,-1
356,68,5.392,432.066,145.514,428.168,1,-1,-1,-1
357,4,1072.306,398.061,198.073,606.780,1,-1,-1,-1
357,28,836.793,471.463,52.235,76.994,1,-1,-1,-1
357,36,557.630,458.971,20.445,59.076,1,-1,-1,-1
357,43,585.028,458.729,22.375,57.886,1,-1,-1,-1
357,46,916.298,420.019,144.510,521.537,1,-1,-1,-1
357,54,1527.624,438.926,44.569,111.155,1,-1,-1,-1
357,55,660.030,462.397,27.473,75.450,1,-1,-1,-1
357,56,631.896,459.838,26.798,68.855,1,-1,-1,-1
357,62,392.521,402.612,143.316,403.545,1,-1,-1,-1
357,64,797.109,474.424,56.576,63.978,1,-1,-1,-1
357,65,116.372,432.370,181.448,346.881,1,-1,-1,-1
357,66,518.849,458.458,23.977,64.917,1,-1,-1,-1
357,67,880.106,454.348,30.919,72.985,1,-1,-1,-1
357,68,8.228,428.213,167.078,437.604,1,-1,-1,-1
358,4,1073.163,400.686,198.861,604.960,1,-1,-1,-1
358,28,836.627,471.758,52.396,77.138,1,-1,-1,-1
358,36,558.200,459.583,20.331,58.642,1,-1,-1,-1
358,43,577.984,459.367,22.588,57.973,1,-1,-1,-1
358,46,917.811,419.682,144.264,521.346,1,-1,-1,-1
358,54,1530.171,438.553,44.723,111.304,1,-1,-1,-1
358,55,660.174,463.248,27.413,75.039,1,-1,-1,-1
358,56,632.349,460.012,26.879,69.572,1,-1,-1,-1
358,62,400.029,404.909,148.156,400.524,1,-1,-1,-1
358,64,797.302,474.686,56.499,63.691,1,-1,-1,-1
358,65,118.680,435.770,182.274,345.063,1,-1,-1,-1
358,66,518.659,458.723,23.712,65.353,1,-1,-1,-1
358,67,877.350,453.905,30.809,72.100,1,-1,-1,-1
358,68,9.539,427.265,185.828,443.419,1,-1,-1,-1
358,69,648.300,460.400,23.100,71.900,1,-1,-1,-1
359,4,1072.259,406.420,200.529,603.631,1,-1,-1,-1
359,28,836.413,471.870,52.626,77.279,1,-1,-1,-1
359,36,557.649,460.064,19.864,58.374,1,-1,-1,-1
359,43,575.638,459.555,22.607,58.248,1,-1,-1,-1
359,46,919.662,419.181,143.723,520.011,1,-1,-1,-1
359,54,1532.078,437.666,44.952,111.997,1,-1,-1,-1
359,55,659.909,463.871,27.372,75.261,1,-1,-1,-1
359,56,631.997,459.262,26.853,70.034,1,-1,-1,-1
359,62,404.322,404.249,154.989,397.969,1,-1,-1,-1
359,64,797.390,474.967,56.632,63.284,1,-1,-1,-1
359,65,121.571,437.232,181.619,345.292,1,-1,-1,-1
359,67,878.336,452.955,30.981,71.943,1,-1,-1,-1
359,68,8.280,434.057,198.343,446.045,1,-1,-1,-1
360,4,1072.863,408.306,201.051,606.256,1,-1,-1,-1
360,28,836.477,471.682,53.073,77.483,1,-1,-1,-1
360,36,560.387,460.800,19.605,58.147,1,-1,-1,-1
360,43,584.985,458.891,22.482,57.731,1,-1,-1,-1
360,46,922.492,420.779,143.781,521.954,1,-1,-1,-1
360,54,1533.426,437.045,45.256,112.566,1,-1,-1,-1
360,55,659.307,463.221,26.985,74.107,1,-1,-1,-1
360,56,630.275,459.744,27.084,70.696,1,-1,-1,-1
360,62,406.095,405.338,163.215,395.007,1,-1,-1,-1
360,64,797.317,475.147,56.695,62.787,1,-1,-1,-1
360,67,883.585,454.111,30.831,71.679,1,-1,-1,-1
360,68,7.549,429.066,208.211,444.767,1,-1,-1,-1
361,4,1071.853,407.633,202.053,607.460,1,-1,-1,-1
361,28,836.123,471.900,53.344,77.519,1,-1,-1,-1
361,36,562.452,459.974,18.952,58.311,1,-1,-1,-1
361,43,591.716,458.273,22.224,57.353,1,-1,-1,-1
361,46,925.402,419.513,143.793,523.316,1,-1,-1,-1
361,54,1534.562,437.105,45.724,112.909,1,-1,-1,-1
361,55,658.234,462.369,26.697,73.502,1,-1,-1,-1
361,56,630.336,458.842,27.514,72.001,1,-1,-1,-1
361,62,408.229,404.967,170.324,393.924,1,-1,-1,-1
361,64,797.303,475.338,56.687,62.679,1,-1,-1,-1
361,67,882.859,455.618,31.425,71.366,1,-1,-1,-1
361,68,8.062,431.298,218.137,444.417,1,-1,-1,-1
362,4,1071.032,410.589,202.613,606.750,1,-1,-1,-1
362,28,835.688,472.308,53.458,77.352,1,-1,-1,-1
362,36,562.976,459.620,18.229,58.320,1,-1,-1,-1
362,43,597.474,458.458,22.477,57.421,1,-1,-1,-1
362,46,925.662,418.188,142.804,522.134,1,-1,-1,-1
362,54,1536.447,436.400,46.036,112.930,1,-1,-1,-1
362,55,657.513,460.094,26.240,72.543,1,-1,-1,-1
362,56,628.288,459.252,27.849,72.945,1,-1,-1,-1
362,62,407.737,410.533,177.714,389.906,1,-1,-1,-1
362,64,796.982,475.336,56.787,62.460,1,-1,-1,-1
362,65,141.911,435.956,169.498,344.451,1,-1,-1,-1
362,67,882.390,454.594,31.701,70.755,1,-1,-1,-1
362,68,5.422,433.279,223.518,440.739,1,-1,-1,-1
363,4,1071.208,408.425,204.755,608.578,1,-1,-1,-1
363,28,835.593,472.497,53.294,77.034,1,-1,-1,-1
363,36,564.740,460.772,18.003,58.430,1,-1,-1,-1
363,43,597.006,458.925,22.331,57.183,1,-1,-1,-1
363,46,927.354,418.277,142.300,520.969,1,-1,-1,-1
363,54,1538.869,435.488,46.571,113.576,1,-1,-1,-1
363,55,657.494,460.150,25.959,72.506,1,-1,-1,-1
363,56,627.874,459.267,28.112,73.185,1,-1,-1,-1
363,62,409.540,409.353,183.417,390.491,1,-1,-1,-1
363,64,796.927,475.467,56.885,62.244,1,-1,-1,-1
363,65,162.045,435.597,152.874,341.853,1,-1,-1,-1
363,67,884.010,453.525,31.600,69.834,1,-1,-1,-1
363,68,2.892,433.059,224.967,434.241,1,-1,-1,-1
364,4,1073.337,412.050,206.832,608.960,1,-1,-1,-1
364,28,836.171,472.407,53.181,77.050,1,-1,-1,-1
364,36,563.524,461.163,17.812,58.563,1,-1,-1,-1
364,43,595.831,459.290,21.839,56.657,1,-1,-1,-1
364,46,928.836,418.865,142.711,522.573,1,-1,-1,-1
364,54,1541.969,435.697,46.572,113.632,1,-1,-1,-1
364,56,627.550,458.911,28.305,73.467,1,-1,-1,-1
364,62,411.460,410.059,187.724,389.467,1,-1,-1,-1
364,64,796.635,475.519,56.874,62.223,1,-1,-1,-1
364,65,181.988,435.768,142.506,337.746,1,-1,-1,-1
364,67,886.380,451.992,30.202,68.243,1,-1,-1,-1
364,68,3.427,432.955,228.807,430.689,1,-1,-1,-1
365,4,1072.478,406.146,207.712,607.626,1,-1,-1,-1
365,28,836.287,472.175,53.214,77.262,1,-1,-1,-1
365,36,563.729,462.304,17.753,58.453,1,-1,-1,-1
365,43,591.657,460.214,21.206,56.390,1,-1,-1,-1
365,46,931.480,420.407,142.416,525.261,1,-1,-1,-1
365,54,1545.464,435.566,46.546,113.753,1,-1,-1,-1
365,56,628.588,458.399,28.167,73.275,1,-1,-1,-1
365,62,411.824,408.661,190.410,388.053,1,-1,-1,-1
365,64,796.501,475.514,56.917,62.067,1,-1,-1,-1
365,65,197.033,437.793,132.699,333.154,1,-1,-1,-1
365,67,888.561,451.432,29.188,66.928,1,-1,-1,-1
365,68,6.546,430.813,227.359,428.054,1,-1,-1,-1
365,70,380.900,463.500,41.900,103.600,1,-1,-1,-1
366,4,1071.813,406.286,209.460,609.639,1,-1,-1,-1
366,28,836.499,472.203,53.214,77.446,1,-1,-1,-1
366,36,563.448,462.991,18.039,57.957,1,-1,-1,-1
366,43,593.056,460.360,20.963,56.112,1,-1,-1,-1
366,46,933.608,421.549,142.850,526.280,1,-1,-1,-1
366,54,1545.633,435.219,46.471,113.811,1,-1,-1,-1
366,56,628.521,458.029,28.204,73.024,1,-1,-1,-1
366,62,412.202,408.207,192.862,386.992,1,-1,-1,-1
366,64,796.434,475.651,57.030,61.926,1,-1,-1,-1
366,65,209.407,440.379,125.810,328.195,1,-1,-1,-1
366,67,889.318,450.889,28.500,65.758,1,-1,-1,-1
366,68,18.260,434.228,219.400,422.403,1,-1,-1,-1
366,70,379.870,461.938,46.659,114.624,1,-1,-1,-1
367,4,1070.910,404.175,210.339,607.799,1,-1,-1,-1
367,28,836.849,472.376,53.325,77.589,1,-1,-1,-1
367,43,592.682,460.381,20.952,56.268,1,-1,-1,-1
367,46,936.531,422.089,142.420,525.853,1,-1,-1,-1
367,54,1546.940,435.467,46.607,113.472,1,-1,-1,-1
367,56,628.635,458.147,28.147,72.868,1,-1,-1,-1
367,62,411.466,408.804,195.730,386.776,1,-1,-1,-1
367,64,796.709,475.814,56.995,61.650,1,-1,-1,-1
367,65,221.028,441.379,122.633,327.019,1,-1,-1,-1
367,67,888.463,452.240,28.180,64.376,1,-1,-1,-1
367,68,28.815,433.713,211.983,416.326,1,-1,-1,-1
367,70,375.958,461.082,49.090,118.588,1,-1,-1,-1
368,4,1073.460,405.739,210.138,608.830,1,-1,-1,-1
368,28,836.930,472.459,53.273,77.745,1,-1,-1,-1
368,43,594.443,459.859,21.164,56.340,1,-1,-1,-1
368,46,937.978,423.020,142.927,524.549,1,-1,-1,-1
368,54,1548.310,435.717,46.787,112.580,1,-1,-1,-1
368,56,627.261,457.952,28.492,72.961,1,-1,-1,-1
368,62,411.379,409.199,196.317,386.386,1,-1,-1,-1
368,64,796.765,475.907,56.883,61.418,1,-1,-1,-1
368,65,231.571,439.457,123.479,327.409,1,-1,-1,-1
368,67,887.233,454.240,27.815,62.767,1,-1,-1,-1
368,68,47.616,435.621,197.718,409.746,1,-1,-1,-1
368,70,375.529,460.471,50.112,119.426,1,-1,-1,-1
368,71,579.400,460.300,22.600,58.900,1,-1,-1,-1
369,4,1074.399,406.748,209.819,607.801,1,-1,-1,-1
369,28,837.127,472.479,53.176,77.504,1,-1,-1,-1
369,43,592.304,459.712,21.408,56.982,1,-1,-1,-1
369,46,938.812,424.520,143.431,523.049,1,-1,-1,-1
369,54,1549.812,435.152,47.165,112.392,1,-1,-1,-1
369,56,626.853,458.364,28.799,73.199,1,-1,-1,-1
369,62,412.748,409.329,197.566,385.583,1,-1,-1,-1
369,64,797.099,475.941,56.672,61.658,1,-1,-1,-1
369,65,238.273,438.868,128.198,325.536,1,-1,-1,-1
369,67,887.099,455.011,27.283,61.441,1,-1,-1,-1
369,68,68.761,438.731,180.541,400.691,1,-1,-1,-1
369,70,376.117,461.126,50.437,119.155,1,-1,-1,-1
370,4,1074.486,407.782,210.386,608.909,1,-1,-1,-1
370,28,836.987,472.441,52.974,77.571,1,-1,-1,-1
370,43,594.187,459.121,21.501,57.383,1,-1,-1,-1
370,46,941.260,424.157,142.918,520.865,1,-1,-1,-1
370,54,1551.346,435.424,47.331,112.336,1,-1,-1,-1
370,56,626.225,458.412,29.160,73.374,1,-1,-1,-1
370,62,414.322,408.194,195.870,385.186,1,-1,-1,-1
370,64,796.979,475.910,56.692,62.034,1,-1,-1,-1
370,65,244.792,436.838,136.525,326.639,1,-1,-1,-1
370,67,888.522,454.987,26.715,60.087,1,-1,-1,-1
370,68,92.340,438.029,163.778,392.977,1,-1,-1,-1
370,70,376.067,461.763,50.842,118.875,1,-1,-1,-1
370,72,412.400,466.000,37.900,105.300,1,-1,-1,-1
371,4,1073.913,409.320,211.312,608.265,1,-1,-1,-1
371,28,836.706,472.488,52.827,77.543,1,-1,-1,-1
371,46,944.588,424.598,141.224,519.582,1,-1,-1,-1
371,54,1551.824,436.258,47.533,111.906,1,-1,-1,-1
371,56,626.314,457.908,29.312,73.243,1,-1,-1,-1
371,62,420.559,407.835,191.548,384.067,1,-1,-1,-1
371,64,796.654,476.027,56.668,62.113,1,-1,-1,-1
371,65,243.838,432.792,145.017,326.723,1,-1,-1,-1
371,68,109.714,439.888,153.120,387.404,1,-1,-1,-1
371,70,377.066,462.021,50.184,118.846,1,-1,-1,-1
371,72,414.267,466.519,39.366,108.561,1,-1,-1,-1
372,4,1073.991,406.564,210.507,604.559,1,-1,-1,-1
372,28,836.737,472.544,52.885,77.394,1,-1,-1,-1
372,46,946.272,424.810,140.811,518.603,1,-1,-1,-1
372,54,1554.067,437.836,47.404,111.314,1,-1,-1,-1
372,56,625.843,456.770,29.481,73.648,1,-1,-1,-1
372,62,432.128,408.244,186.236,383.689,1,-1,-1,-1
372,64,796.441,475.851,56.708,62.254,1,-1,-1,-1
372,65,248.092,433.998,151.662,323.019,1,-1,-1,-1
372,68,127.575,441.848,149.301,383.260,1,-1,-1,-1
372,70,377.228,462.149,49.156,118.426,1,-1,-1,-1
372,72,412.621,467.522,41.929,110.762,1,-1,-1,-1
373,4,1075.069,407.749,211.268,606.384,1,-1,-1,-1
373,28,836.381,472.435,52.792,77.338,1,-1,-1,-1
373,46,947.929,425.177,140.342,517.195,1,-1,-1,-1
373,54,1554.967,439.529,46.869,110.795,1,-1,-1,-1
373,56,625.772,456.581,29.607,74.297,1,-1,-1,-1
373,62,445.473,407.322,179.662,381.420,1,-1,-1,-1
373,64,796.094,475.678,56.540,62.322,1,-1,-1,-1
373,65,251.739,435.555,159.329,320.713,1,-1,-1,-1
373,68,142.238,443.576,147.889,378.160,1,-1,-1,-1
373,70,376.954,462.658,47.601,118.745,1,-1,-1,-1
373,72,411.561,469.049,43.284,110.466,1,-1,-1,-1
374,4,1077.760,406.785,212.311,607.096,1,-1,-1,-1
374,28,835.890,473.042,52.945,77.199,1,-1,-1,-1
374,46,950.692,425.567,139.644,516.612,1,-1,-1,-1
374,56,626.626,456.022,29.866,75.002,1,-1,-1,-1
374,62,460.226,404.112,170.853,380.234,1,-1,-1,-1
374,64,796.108,475.749,56.382,62.008,1,-1,-1,-1
374,65,247.235,436.962,165.792,317.607,1,-1,-1,-1
374,68,152.822,445.276,151.307,376.244,1,-1,-1,-1
374,70,378.718,461.472,46.229,119.129,1,-1,-1,-1
374,72,411.791,466.899,44.492,111.572,1,-1,-1,-1
375,4,1078.086,406.707,213.203,606.588,1,-1,-1,-1
375,28,835.883,473.396,53.168,77.160,1,-1,-1,-1
375,46,952.651,425.361,141.110,516.247,1,-1,-1,-1
375,56,626.196,455.626,30.047,74.335,1,-1,-1,-1
375,62,475.105,401.766,161.459,376.534,1,-1,-1,-1
375,64,796.313,476.102,56.124,61.692,1,-1,-1,-1
375,68,159.465,445.126,159.875,378.026,1,-1,-1,-1
375,70,378.059,462.393,45.599,119.210,1,-1,-1,-1
375,72,411.231,468.203,45.458,111.262,1,-1,-1,-1
375,73,464.000,459.900,26.400,84.300,1,-1,-1,-1
376,4,1078.888,407.211,213.305,606.175,1,-1,-1,-1
376,28,835.693,473.349,53.304,77.051,1,-1,-1,-1
376,46,955.078,425.854,141.780,518.425,1,-1,-1,-1
376,56,625.422,456.106,30.563,73.939,1,-1,-1,-1
376,62,488.015,402.419,153.823,372.497,1,-1,-1,-1
376,64,796.360,476.240,55.830,61.761,1,-1,-1,-1
376,68,167.020,444.732,169.367,380.348,1,-1,-1,-1
376,70,376.474,463.785,43.842,119.058,1,-1,-1,-1
376,72,410.588,467.494,46.459,111.820,1,-1,-1,-1
376,73,474.884,455.435,33.129,108.829,1,-1,-1,-1
377,4,1078.511,408.650,213.020,604.437,1,-1,-1,-1
377,28,835.989,473.077,53.407,77.057,1,-1,-1,-1
377,46,957.798,424.679,142.107,520.730,1,-1,-1,-1
377,62,500.368,400.123,146.974,370.512,1,-1,-1,-1
377,64,796.398,476.274,55.943,61.625,1,-1,-1,-1
377,68,170.215,443.335,178.852,380.103,1,-1,-1,-1
377,72,410.184,467.743,47.362,111.171,1,-1,-1,-1
377,73,472.896,451.818,36.807,118.864,1,-1,-1,-1
377,74,5.500,444.100,103.400,362.900,1,-1,-1,-1
378,4,1079.070,408.740,213.219,602.922,1,-1,-1,-1
378,28,836.177,473.055,53.427,76.898,1,-1,-1,-1
378,46,961.648,422.618,141.370,517.577,1,-1,-1,-1
378,62,511.325,399.544,141.668,368.014,1,-1,-1,-1
378,64,796.450,476.292,55.914,61.495,1,-1,-1,-1
378,68,171.873,443.916,187.253,382.935,1,-1,-1,-1
378,72,410.667,468.159,47.797,110.454,1,-1,-1,-1
378,73,471.343,449.798,38.491,123.022,1,-1,-1,-1
378,74,4.760,421.939,124.979,401.622,1,-1,-1,-1
379,4,1080.187,407.717,212.680,602.433,1,-1,-1,-1
379,28,836.265,472.977,53.467,76.453,1,-1,-1,-1
379,46,962.984,420.950,140.558,517.302,1,-1,-1,-1
379,62,520.285,401.660,137.191,366.532,1,-1,-1,-1
379,64,796.542,476.338,56.086,61.433,1,-1,-1,-1
379,68,171.954,444.993,195.221,382.725,1,-1,-1,-1
379,72,410.598,468.987,47.215,109.013,1,-1,-1,-1
379,73,470.036,449.672,39.479,123.126,1,-1,-1,-1
379,74,6.191,421.381,140.992,406.738,1,-1,-1,-1
380,4,1079.621,412.863,213.951,599.539,1,-1,-1,-1
380,28,836.542,472.856,53.580,76.274,1,-1,-1,-1
380,46,965.528,423.022,139.112,515.528,1,-1,-1,-1
380,62,528.503,404.864,135.210,366.933,1,-1,-1,-1
380,64,796.596,476.404,56.181,61.245,1,-1,-1,-1
380,68,173.180,443.837,198.521,380.504,1,-1,-1,-1
380,72,411.062,469.522,46.414,107.864,1,-1,-1,-1
380,73,469.645,449.429,40.067,120.945,1,-1,-1,-1
380,74,7.667,425.555,153.520,407.791,1,-1,-1,-1
381,4,1079.255,405.418,213.776,605.088,1,-1,-1,-1
381,28,836.570,472.775,53.580,75.951,1,-1,-1,-1
381,46,968.298,425.411,137.372,515.390,1,-1,-1,-1
381,62,534.834,405.141,134.907,363.672,1,-1,-1,-1
381,64,796.154,476.413,56.361,61.139,1,-1,-1,-1
381,68,174.158,444.450,202.170,377.518,1,-1,-1,-1
381,72,413.347,470.091,44.888,108.213,1,-1,-1,-1
381,73,470.629,449.965,40.298,118.995,1,-1,-1,-1
381,74,7.693,422.780,167.434,413.535,1,-1,-1,-1
382,4,1079.937,402.171,212.682,606.401,1,-1,-1,-1
382,28,836.128,472.851,53.308,75.684,1,-1,-1,-1
382,46,968.841,427.963,138.059,517.082,1,-1,-1,-1
382,62,538.782,406.430,135.373,361.750,1,-1,-1,-1
382,64,796.155,476.369,56.026,61.323,1,-1,-1,-1
382,65,306.948,437.188,144.068,312.260,1,-1,-1,-1
382,68,181.152,444.434,201.671,375.935,1,-1,-1,-1
382,72,419.340,468.221,41.543,104.241,1,-1,-1,-1
382,73,470.815,450.369,40.742,118.632,1,-1,-1,-1
382,74,6.946,431.747,176.571,407.921,1,-1,-1,-1
382,75,520.300,457.300,26.800,72.100,1,-1,-1,-1
383,4,1081.455,408.548,213.434,604.890,1,-1,-1,-1
383,28,836.321,472.998,53.004,75.678,1,-1,-1,-1
383,46,969.429,424.216,137.103,517.875,1,-1,-1,-1
383,62,542.414,409.073,135.553,361.004,1,-1,-1,-1
383,64,796.076,476.206,55.865,61.488,1,-1,-1,-1
383,65,325.535,444.506,129.081,303.123,1,-1,-1,-1
383,68,187.585,448.259,197.403,372.869,1,-1,-1,-1
383,73,470.469,450.745,40.459,116.179,1,-1,-1,-1
383,74,8.479,433.369,184.532,402.359,1,-1,-1,-1
383,75,516.499,461.337,25.503,67.426,1,-1,-1,-1
384,4,1082.580,406.022,211.409,610.889,1,-1,-1,-1
384,28,836.006,473.032,52.817,75.920,1,-1,-1,-1
384,46,969.508,423.221,136.978,517.570,1,-1,-1,-1
384,62,545.050,404.543,136.996,363.860,1,-1,-1,-1
384,64,796.414,476.376,55.659,61.415,1,-1,-1,-1
384,65,342.485,444.005,121.168,301.054,1,-1,-1,-1
384,68,194.795,441.202,191.370,373.986,1,-1,-1,-1
384,73,469.682,450.276,40.426,115.135,1,-1,-1,-1
384,74,7.596,426.057,193.213,404.544,1,-1,-1,-1
384,75,515.333,459.658,26.464,69.007,1,-1,-1,-1
385,4,1082.629,405.114,210.572,615.277,1,-1,-1,-1
385,28,835.624,472.995,52.815,75.917,1,-1,-1,-1
385,46,973.028,421.023,135.001,518.878,1,-1,-1,-1
385,62,548.483,408.848,138.481,362.659,1,-1,-1,-1
385,64,796.564,476.432,55.671,61.141,1,-1,-1,-1
385,65,353.389,442.113,121.293,302.007,1,-1,-1,-1
385,68,210.225,441.208,181.119,369.991,1,-1,-1,-1
385,73,469.046,450.703,40.080,112.752,1,-1,-1,-1
385,74,7.020,425.284,199.631,402.089,1,-1,-1,-1
385,75,514.717,459.815,26.228,66.772,1,-1,-1,-1
386,4,1082.759,401.078,212.802,612.232,1,-1,-1,-1
386,28,835.817,472.859,52.729,75.640,1,-1,-1,-1
386,46,973.952,426.885,134.124,515.788,1,-1,-1,-1
386,62,550.700,406.524,137.746,361.858,1,-1,-1,-1
386,64,796.724,476.358,55.929,61.029,1,-1,-1,-1
386,65,362.040,439.593,124.098,301.034,1,-1,-1,-1
386,68,224.897,445.915,169.119,365.134,1,-1,-1,-1
386,73,467.706,450.994,39.884,110.817,1,-1,-1,-1
386,74,6.954,421.612,202.878,400.475,1,-1,-1,-1
386,75,513.878,459.397,25.521,64.649,1,-1,-1,-1
387,4,1080.858,400.160,213.597,617.681,1,-1,-1,-1
387,28,835.762,472.537,52.565,75.818,1,-1,-1,-1
387,46,974.416,427.054,135.420,518.404,1,-1,-1,-1
387,62,552.192,409.461,140.235,359.359,1,-1,-1,-1
387,64,796.587,476.146,56.096,61.226,1,-1,-1,-1
387,65,367.764,439.247,131.395,302.224,1,-1,-1,-1
387,68,242.919,446.580,155.893,360.232,1,-1,-1,-1
387,73,468.958,452.131,39.704,109.323,1,-1,-1,-1
387,74,11.057,419.658,203.924,398.189,1,-1,-1,-1
387,75,514.820,459.907,24.707,63.609,1,-1,-1,-1
388,4,1080.535,402.832,215.941,616.594,1,-1,-1,-1
388,28,836.277,472.388,52.610,75.877,1,-1,-1,-1
388,46,974.277,422.777,134.026,518.989,1,-1,-1,-1
388,62,554.156,407.795,139.928,357.993,1,-1,-1,-1
388,64,796.640,476.152,56.210,61.062,1,-1,-1,-1
388,65,372.824,437.293,140.600,301.724,1,-1,-1,-1
388,68,256.543,445.532,145.102,358.470,1,-1,-1,-1
388,73,469.720,454.764,39.725,107.352,1,-1,-1,-1
388,74,18.310,418.262,200.623,395.657,1,-1,-1,-1
388,75,515.196,462.224,24.190,62.908,1,-1,-1,-1
388,76,939.300,437.100,63.100,195.700,1,-1,-1,-1
389,4,1081.195,404.281,217.135,616.943,1,-1,-1,-1
389,28,836.356,472.459,52.668,75.648,1,-1,-1,-1
389,46,974.081,421.107,133.365,519.557,1,-1,-1,-1
389,62,555.796,410.032,139.258,355.742,1,-1,-1,-1
389,64,796.640,476.230,56.292,60.915,1,-1,-1,-1
389,65,372.796,439.836,150.198,304.872,1,-1,-1,-1
389,68,267.779,444.641,136.266,356.426,1,-1,-1,-1
389,74,26.280,416.843,195.540,393.784,1,-1,-1,-1
389,75,517.843,462.955,23.638,62.105,1,-1,-1,-1
389,76,936.131,432.765,64.539,191.471,1,-1,-1,-1
390,4,1077.336,403.320,219.834,613.033,1,-1,-1,-1
390,28,836.592,472.470,52.669,76.055,1,-1,-1,-1
390,46,975.118,420.237,132.576,518.360,1,-1,-1,-1
390,62,559.377,407.700,137.607,352.462,1,-1,-1,-1
390,64,796.587,476.166,56.298,60.917,1,-1,-1,-1
390,65,376.806,437.699,156.766,307.735,1,-1,-1,-1
390,68,281.700,447.656,129.544,353.444,1,-1,-1,-1
390,74,35.944,421.640,189.917,389.334,1,-1,-1,-1
390,75,518.026,461.849,23.288,61.818,1,-1,-1,-1
390,76,933.133,433.854,63.659,186.652,1,-1,-1,-1
391,4,1078.254,408.674,222.728,611.335,1,-1,-1,-1
391,28,836.970,472.412,52.613,76.273,1,-1,-1,-1
391,46,977.080,418.884,131.483,518.532,1,-1,-1,-1
391,62,564.303,407.410,134.186,353.061,1,-1,-1,-1
391,64,796.573,476.023,56.221,61.026,1,-1,-1,-1
391,65,379.062,436.488,162.497,307.813,1,-1,-1,-1
391,68,295.638,449.349,127.131,347.679,1,-1,-1,-1
391,74,48.872,425.305,185.029,383.159,1,-1,-1,-1
391,75,522.841,461.117,23.153,61.833,1,-1,-1,-1
391,76,929.961,433.161,64.328,183.985,1,-1,-1,-1
391,77,544.400,459.100,22.800,62.900,1,-1,-1,-1
392,4,1077.050,410.289,224.298,605.442,1,-1,-1,-1
392,28,836.627,472.138,52.519,76.405,1,-1,-1,-1
392,46,977.316,420.110,130.578,519.191,1,-1,-1,-1
392,62,569.257,406.380,132.770,353.799,1,-1,-1,-1
392,64,796.386,475.931,56.164,61.078,1,-1,-1,-1
392,65,378.895,438.577,168.238,306.492,1,-1,-1,-1
392,68,303.271,446.673,126.871,347.999,1,-1,-1,-1
392,74,58.767,421.300,181.715,381.180,1,-1,-1,-1
392,75,521.589,461.139,22.282,61.545,1,-1,-1,-1
392,76,927.440,436.240,62.923,178.130,1,-1,-1,-1
392,77,554.154,460.426,22.691,63.147,1,-1,-1,-1
393,4,1073.442,413.844,226.468,602.001,1,-1,-1,-1
393,28,836.677,471.901,52.512,76.724,1,-1,-1,-1
393,46,976.528,421.510,131.006,517.006,1,-1,-1,-1
393,62,575.936,406.088,130.646,351.832,1,-1,-1,-1
393,64,796.464,475.981,56.235,61.256,1,-1,-1,-1
393,65,383.082,436.783,172.532,309.227,1,-1,-1,-1
393,68,308.062,446.509,129.815,347.974,1,-1,-1,-1
393,74,69.659,422.784,179.221,376.935,1,-1,-1,-1
393,75,529.121,460.271,22.217,61.677,1,-1,-1,-1
393,76,926.233,437.468,62.905,178.455,1,-1,-1,-1
393,77,554.694,459.137,23.034,64.108,1,-1,-1,-1
394,4,1075.318,407.748,228.689,603.619,1,-1,-1,-1
394,28,836.555,471.756,52.595,77.155,1,-1,-1,-1
394,46,977.318,422.324,132.197,516.015,1,-1,-1,-1
394,62,582.701,408.641,127.690,349.847,1,-1,-1,-1
394,64,796.323,476.000,56.147,61.327,1,-1,-1,-1
394,65,386.224,434.279,168.304,311.120,1,-1,-1,-1
394,68,314.105,447.053,136.832,346.223,1,-1,-1,-1
394,74,75.992,422.855,180.377,373.628,1,-1,-1,-1
394,75,532.125,460.331,22.024,61.247,1,-1,-1,-1
394,76,923.428,437.863,62.630,179.699,1,-1,-1,-1
394,77,557.125,459.455,22.275,62.268,1,-1,-1,-1
395,4,1074.199,406.750,230.305,604.529,1,-1,-1,-1
395,28,836.739,472.011,52.816,77.289,1,-1,-1,-1
395,46,977.075,422.264,131.130,517.761,1,-1,-1,-1
395,62,589.851,406.663,125.669,347.908,1,-1,-1,-1
395,64,796.825,476.239,56.114,61.543,1,-1,-1,-1
395,68,318.524,448.100,145.483,348.569,1,-1,-1,-1
395,74,82.380,424.457,181.707,372.844,1,-1,-1,-1
395,75,531.074,460.875,21.699,60.598,1,-1,-1,-1
395,76,920.319,437.798,62.014,178.979,1,-1,-1,-1
395,77,558.562,460.142,21.370,60.147,1,-1,-1,-1
396,4,1071.957,409.826,229.178,600.392,1,-1,-1,-1
396,28,836.557,472.473,53.143,77.395,1,-1,-1,-1
396,46,977.821,421.471,130.756,518.011,1,-1,-1,-1
396,62,596.085,403.646,124.744,346.192,1,-1,-1,-1
396,64,796.706,476.467,56.198,61.677,1,-1,-1,-1
396,65,408.434,437.544,152.509,306.337,1,-1,-1,-1
396,68,322.488,448.570,151.552,347.923,1,-1,-1,-1
396,74,91.203,429.418,183.773,371.121,1,-1,-1,-1
396,75,531.148,462.952,21.858,58.944,1,-1,-1,-1
396,76,917.487,439.206,61.284,177.183,1,-1,-1,-1
396,77,561.765,461.664,19.738,56.327,1,-1,-1,-1
397,4,1073.811,406.998,225.942,599.767,1,-1,-1,-1
397,28,835.925,472.667,53.214,77.137,1,-1,-1,-1
397,46,978.108,422.219,131.082,516.209,1,-1,-1,-1
397,62,603.770,405.902,123.441,345.450,1,-1,-1,-1
397,64,796.579,476.271,56.066,61.769,1,-1,-1,-1
397,65,416.890,440.903,142.499,304.058,1,-1,-1,-1
397,68,322.990,449.054,156.171,349.648,1,-1,-1,-1
397,74,103.315,430.494,184.255,370.483,1,-1,-1,-1
397,75,532.567,463.954,22.088,57.303,1,-1,-1,-1
397,76,915.008,440.210,60.422,176.245,1,-1,-1,-1
397,77,559.371,462.566,19.233,54.736,1,-1,-1,-1
398,4,1073.030,417.056,223.632,595.695,1,-1,-1,-1
398,28,835.902,472.757,52.937,76.807,1,-1,-1,-1
398,46,977.624,422.810,131.430,515.767,1,-1,-1,-1
398,62,609.319,406.008,123.179,344.703,1,-1,-1,-1
398,64,796.554,476.290,55.968,61.808,1,-1,-1,-1
398,65,424.691,440.799,134.715,302.312,1,-1,-1,-1
398,68,324.159,446.999,160.276,351.085,1,-1,-1,-1
398,74,112.415,429.435,187.904,370.057,1,-1,-1,-1
398,76,911.408,439.466,60.400,176.521,1,-1,-1,-1
398,77,562.328,463.141,18.777,52.930,1,-1,-1,-1
399,4,1074.060,411.449,221.020,597.132,1,-1,-1,-1
399,28,835.598,473.042,52.707,76.375,1,-1,-1,-1
399,46,978.182,422.618,131.080,514.870,1,-1,-1,-1
399,62,618.353,406.685,122.873,342.668,1,-1,-1,-1
399,64,796.508,476.279,56.005,61.729,1,-1,-1,-1
399,65,439.102,436.015,127.929,302.657,1,-1,-1,-1
399,68,323.503,450.850,161.778,347.484,1,-1,-1,-1
399,74,124.189,429.858,191.572,369.118,1,-1,-1,-1
399,76,909.208,438.633,60.342,176.808,1,-1,-1,-1
399,77,563.257,463.133,19.404,53.699,1,-1,-1,-1
399,78,579.600,460.500,22.400,60.100,1,-1,-1,-1
400,4,1076.361,417.238,218.046,601.355,1,-1,-1,-1
400,28,835.715,472.997,52.813,75.927,1,-1,-1,-1
400,46,978.866,424.854,133.620,514.424,1,-1,-1,-1
400,62,623.076,406.373,123.296,342.947,1,-1,-1,-1
400,64,796.610,476.275,56.499,61.565,1,-1,-1,-1
400,65,449.556,436.954,123.457,300.237,1,-1,-1,-1
400,68,327.897,447.513,160.048,346.726,1,-1,-1,-1
400,74,130.440,435.596,194.880,367.904,1,-1,-1,-1
400,76,907.157,437.438,60.214,176.365,1,-1,-1,-1
400,77,560.396,464.207,20.432,55.308,1,-1,-1,-1
400,78,579.792,460.193,20.717,58.015,1,-1,-1,-1
401,4,1078.048,416.071,215.820,605.361,1,-1,-1,-1
401,28,836.019,473.105,52.728,75.767,1,-1,-1,-1
401,46,979.192,426.063,135.390,513.536,1,-1,-1,-1
401,62,629.718,407.054,126.664,343.520,1,-1,-1,-1
401,64,796.778,476.300,56.428,61.906,1,-1,-1,-1
401,65,462.525,436.725,117.953,299.281,1,-1,-1,-1
401,68,332.206,451.028,155.903,342.576,1,-1,-1,-1
401,74,134.403,431.865,199.400,370.372,1,-1,-1,-1
401,76,906.029,436.466,59.442,175.011,1,-1,-1,-1
401,77,559.784,464.650,20.707,55.484,1,-1,-1,-1
401,78,581.939,460.789,19.357,55.157,1,-1,-1,-1
402,4,1078.652,416.661,214.203,606.600,1,-1,-1,-1
402,28,836.459,473.394,52.637,75.405,1,-1,-1,-1
402,46,978.187,423.619,134.876,513.644,1,-1,-1,-1
402,62,635.512,406.668,130.055,343.429,1,-1,-1,-1
402,64,796.661,476.347,56.563,62.024,1,-1,-1,-1
402,65,472.190,435.068,114.093,296.867,1,-1,-1,-1
402,68,342.303,448.007,150.517,343.340,1,-1,-1,-1
402,74,139.551,432.607,204.400,369.280,1,-1,-1,-1
402,76,902.718,436.294,58.716,174.408,1,-1,-1,-1
403,4,1078.495,416.095,212.533,608.345,1,-1,-1,-1
403,28,836.297,473.827,52.544,75.142,1,-1,-1,-1
403,46,979.226,422.294,134.275,511.670,1,-1,-1,-1
403,62,641.022,410.780,133.623,342.155,1,-1,-1,-1
403,64,796.313,476.241,56.633,62.054,1,-1,-1,-1
403,65,482.325,433.250,112.947,294.645,1,-1,-1,-1
403,68,352.694,445.095,143.907,344.313,1,-1,-1,-1
403,74,145.588,431.665,205.642,367.135,1,-1,-1,-1
403,76,898.958,437.399,58.653,174.315,1,-1,-1,-1
404,4,1078.018,416.590,210.846,609.241,1,-1,-1,-1
404,28,836.082,474.092,52.619,75.232,1,-1,-1,-1
404,46,980.298,423.952,135.855,514.250,1,-1,-1,-1
404,62,641.403,409.217,138.740,342.455,1,-1,-1,-1
404,64,795.578,475.908,56.689,62.322,1,-1,-1,-1
404,65,488.849,432.891,116.354,296.198,1,-1,-1,-1
404,68,364.810,443.125,137.517,342.404,1,-1,-1,-1
404,74,152.194,431.743,205.062,364.610,1,-1,-1,-1
404,76,895.321,439.260,58.261,174.250,1,-1,-1,-1
405,4,1075.811,415.909,210.480,606.049,1,-1,-1,-1
405,28,835.926,474.080,52.993,75.944,1,-1,-1,-1
405,46,980.444,422.507,134.583,513.839,1,-1,-1,-1
405,62,642.031,409.384,143.321,341.777,1,-1,-1,-1
405,64,795.311,475.808,56.558,62.239,1,-1,-1,-1
405,65,494.694,436.637,122.183,294.367,1,-1,-1,-1
405,68,374.143,442.804,130.695,340.879,1,-1,-1,-1
405,74,159.247,431.506,202.553,362.700,1,-1,-1,-1
405,76,892.770,438.401,58.305,174.605,1,-1,-1,-1
406,4,1072.540,410.997,211.115,605.225,1,-1,-1,-1
406,28,835.580,473.407,53.252,76.895,1,-1,-1,-1
406,46,981.873,424.785,134.903,516.393,1,-1,-1,-1
406,62,645.942,411.035,145.256,338.163,1,-1,-1,-1
406,64,795.376,475.607,56.573,62.208,1,-1,-1,-1
406,65,498.831,436.590,128.038,293.519,1,-1,-1,-1
406,68,386.560,441.946,122.213,338.696,1,-1,-1,-1
406,74,168.444,430.504,195.441,361.864,1,-1,-1,-1
406,76,889.366,439.112,58.087,175.040,1,-1,-1,-1
407,4,1071.933,413.673,209.989,604.503,1,-1,-1,-1
407,28,835.454,473.054,53.407,77.510,1,-1,-1,-1
407,46,983.685,425.379,134.531,518.229,1,-1,-1,-1
407,62,644.335,412.124,148.037,336.990,1,-1,-1,-1
407,64,795.162,475.328,56.995,62.079,1,-1,-1,-1
407,65,501.647,435.112,133.549,294.841,1,-1,-1,-1
407,68,397.968,442.343,115.760,336.748,1,-1,-1,-1
407,74,177.377,428.703,188.356,361.609,1,-1,-1,-1
407,76,885.887,440.282,58.654,173.803,1,-1,-1,-1
408,4,1071.538,407.639,206.539,604.027,1,-1,-1,-1
408,28,835.905,472.761,53.320,77.599,1,-1,-1,-1
408,46,983.608,422.728,134.111,514.870,1,-1,-1,-1
408,62,643.260,411.394,151.125,337.734,1,-1,-1,-1
408,64,794.796,475.097,57.273,61.761,1,-1,-1,-1
408,65,504.287,436.333,138.153,297.558,1,-1,-1,-1
408,68,409.987,442.920,112.650,332.541,1,-1,-1,-1
408,74,188.693,428.274,180.900,358.884,1,-1,-1,-1
408,76,882.592,439.231,60.207,174.556,1,-1,-1,-1
408,79,378.100,464.700,52.600,119.100,1,-1,-1,-1
409,4,1071.083,405.851,202.949,601.086,1,-1,-1,-1
409,28,835.043,472.522,54.112,77.952,1,-1,-1,-1
409,46,984.009,425.175,134.545,514.843,1,-1,-1,-1
409,62,645.351,411.066,152.218,337.671,1,-1,-1,-1
409,64,794.889,475.281,58.357,61.036,1,-1,-1,-1
409,65,506.560,431.893,139.762,297.124,1,-1,-1,-1
409,68,419.611,441.980,113.043,327.322,1,-1,-1,-1
409,74,202.380,427.779,172.466,355.357,1,-1,-1,-1
409,76,880.208,440.411,60.584,174.370,1,-1,-1,-1
409,79,378.015,463.708,52.771,113.284,1,-1,-1,-1
410,4,1071.538,413.351,201.238,601.867,1,-1,-1,-1
410,28,835.526,472.602,53.970,77.548,1,-1,-1,-1
410,46,984.254,422.698,133.565,517.924,1,-1,-1,-1
410,62,646.836,409.055,151.358,335.621,1,-1,-1,-1
410,64,795.091,475.582,58.896,60.501,1,-1,-1,-1
410,65,507.104,432.322,141.994,297.523,1,-1,-1,-1
410,68,427.763,444.244,114.372,325.396,1,-1,-1,-1
410,74,215.472,427.801,163.442,353.390,1,-1,-1,-1
410,76,879.051,439.828,61.430,173.678,1,-1,-1,-1
410,79,378.411,464.310,53.390,111.716,1,-1,-1,-1
411,4,1069.551,410.934,199.026,601.418,1,-1,-1,-1
411,28,836.641,472.869,54.469,78.486,1,-1,-1,-1
411,46,984.196,421.021,132.148,521.866,1,-1,-1,-1
411,62,646.084,408.978,151.759,336.165,1,-1,-1,-1
411,64,795.039,476.039,59.423,60.205,1,-1,-1,-1
411,65,509.354,432.707,143.878,298.247,1,-1,-1,-1
411,68,436.005,446.070,118.663,324.439,1,-1,-1,-1
411,74,230.720,426.825,154.970,351.405,1,-1,-1,-1
411,76,876.566,439.551,62.170,172.153,1,-1,-1,-1
411,79,379.635,465.926,52.717,111.234,1,-1,-1,-1
412,4,1068.537,415.902,198.248,603.780,1,-1,-1,-1
412,28,836.834,472.228,54.529,79.150,1,-1,-1,-1
412,46,984.416,420.341,132.595,519.726,1,-1,-1,-1
412,62,648.599,409.329,149.849,336.031,1,-1,-1,-1
412,64,794.792,476.074,60.468,60.113,1,-1,-1,-1
412,65,516.863,431.344,140.676,298.895,1,-1,-1,-1
412,68,438.943,447.516,127.364,324.525,1,-1,-1,-1
412,74,244.931,428.817,145.903,348.272,1,-1,-1,-1
412,76,875.321,439.770,62.512,171.259,1,-1,-1,-1
412,79,379.940,467.145,52.282,109.162,1,-1,-1,-1
413,4,1068.629,412.437,196.679,599.505,1,-1,-1,-1
413,28,836.566,472.114,54.834,79.073,1,-1,-1,-1
413,46,985.434,422.413,133.019,522.288,1,-1,-1,-1
413,62,652.250,407.738,148.272,336.644,1,-1,-1,-1
413,64,793.858,476.817,62.084,60.058,1,-1,-1,-1
413,65,527.145,430.672,135.373,294.774,1,-1,-1,-1
413,68,441.709,446.821,137.767,326.113,1,-1,-1,-1
413,74,257.756,431.275,138.182,346.352,1,-1,-1,-1
413,76,874.718,440.145,62.942,170.803,1,-1,-1,-1
413,79,379.525,468.033,52.736,108.804,1,-1,-1,-1
414,4,1068.317,416.471,194.434,602.910,1,-1,-1,-1
414,28,835.521,472.866,54.999,78.432,1,-1,-1,-1
414,46,984.729,421.872,132.327,518.469,1,-1,-1,-1
414,62,659.378,406.701,146.479,335.872,1,-1,-1,-1
414,64,791.738,477.023,63.873,60.321,1,-1,-1,-1
414,65,538.793,432.685,128.576,294.195,1,-1,-1,-1
414,68,443.718,447.018,143.869,327.463,1,-1,-1,-1
414,74,269.314,432.899,131.209,345.988,1,-1,-1,-1
414,76,873.264,440.380,62.512,171.565,1,-1,-1,-1
414,79,378.252,469.100,53.542,107.403,1,-1,-1,-1
415,4,1062.965,413.769,195.241,603.391,1,-1,-1,-1
415,28,834.393,472.806,55.803,77.571,1,-1,-1,-1
415,46,989.939,422.754,128.913,515.883,1,-1,-1,-1
415,62,663.268,405.765,144.709,335.845,1,-1,-1,-1
415,64,791.562,476.784,61.794,60.531,1,-1,-1,-1
415,65,542.952,431.103,121.151,294.656,1,-1,-1,-1
415,68,445.618,446.391,149.032,327.517,1,-1,-1,-1
415,74,278.830,432.700,127.766,343.729,1,-1,-1,-1
415,76,871.617,439.724,62.073,171.584,1,-1,-1,-1
415,79,376.481,470.588,51.015,107.925,1,-1,-1,-1
416,4,1061.694,409.441,195.741,601.411,1,-1,-1,-1
416,28,829.022,471.935,57.700,75.413,1,-1,-1,-1
416,62,669.896,403.225,140.748,334.884,1,-1,-1,-1
416,64,793.313,476.403,59.531,60.601,1,-1,-1,-1
416,65,552.225,430.447,115.346,294.581,1,-1,-1,-1
416,68,447.772,448.344,151.172,325.533,1,-1,-1,-1
416,74,287.372,432.993,130.830,342.234,1,-1,-1,-1
416,76,866.867,439.310,61.287,170.947,1,-1,-1,-1
416,80,908.700,480.400,101.800,115.700,1,-1,-1,-1
417,4,1057.542,407.635,196.767,605.561,1,-1,-1,-1
417,62,676.239,403.973,137.167,333.356,1,-1,-1,-1
417,64,794.787,476.939,61.700,60.310,1,-1,-1,-1
417,65,563.371,429.831,111.485,292.775,1,-1,-1,-1
417,68,446.405,449.170,154.657,324.767,1,-1,-1,-1
417,74,293.821,435.966,136.215,338.587,1,-1,-1,-1
417,76,863.193,438.596,60.702,172.090,1,-1,-1,-1
417,80,912.601,483.060,95.998,111.081,1,-1,-1,-1
418,4,1053.246,405.679,197.147,607.544,1,-1,-1,-1
418,62,684.644,403.850,132.387,332.659,1,-1,-1,-1
418,64,789.876,477.613,63.474,60.170,1,-1,-1,-1
418,65,574.158,428.191,106.768,291.480,1,-1,-1,-1
418,68,449.322,442.534,154.619,326.704,1,-1,-1,-1
418,74,300.158,435.904,141.629,336.806,1,-1,-1,-1
418,76,858.281,437.103,60.364,171.775,1,-1,-1,-1
418,80,910.422,483.558,98.310,111.160,1,-1,-1,-1
419,4,1050.340,403.489,195.578,606.905,1,-1,-1,-1
419,62,689.892,403.828,129.344,332.585,1,-1,-1,-1
419,65,584.313,428.982,103.944,291.340,1,-1,-1,-1
419,68,451.634,441.482,155.258,326.559,1,-1,-1,-1
419,74,304.133,434.556,150.188,339.655,1,-1,-1,-1
419,76,855.412,436.981,59.158,171.567,1,-1,-1,-1
419,80,910.704,483.208,100.722,111.866,1,-1,-1,-1
420,4,1051.596,408.341,195.874,609.623,1,-1,-1,-1
420,62,696.250,403.196,126.319,330.649,1,-1,-1,-1
420,65,594.887,432.586,100.962,288.122,1,-1,-1,-1
420,68,455.431,440.719,153.070,326.235,1,-1,-1,-1
420,74,307.072,431.613,156.298,341.119,1,-1,-1,-1
420,76,853.336,437.096,58.378,170.203,1,-1,-1,-1
420,80,911.849,483.243,100.634,110.668,1,-1,-1,-1
421,4,1051.708,407.290,194.684,610.258,1,-1,-1,-1
421,62,698.668,404.824,124.773,329.746,1,-1,-1,-1
421,65,603.812,432.931,103.219,286.304,1,-1,-1,-1
421,68,458.880,439.592,150.084,324.964,1,-1,-1,-1
421,74,309.148,432.610,163.926,339.370,1,-1,-1,-1
421,76,851.107,435.543,58.278,169.895,1,-1,-1,-1
421,80,912.653,484.006,99.653,109.301,1,-1,-1,-1
422,4,1052.859,411.832,196.367,612.041,1,-1,-1,-1
422,62,704.917,405.319,121.693,328.189,1,-1,-1,-1
422,65,609.350,432.499,106.901,283.699,1,-1,-1,-1
422,68,464.797,443.324,146.576,323.266,1,-1,-1,-1
422,74,311.865,438.146,166.029,336.261,1,-1,-1,-1
422,76,848.687,435.503,58.242,169.943,1,-1,-1,-1
422,80,912.887,484.553,98.261,108.835,1,-1,-1,-1
423,4,1053.169,414.731,194.613,616.821,1,-1,-1,-1
423,62,711.026,403.998,119.917,327.777,1,-1,-1,-1
423,65,613.332,435.836,113.803,282.856,1,-1,-1,-1
423,68,472.832,442.647,141.304,321.242,1,-1,-1,-1
423,74,312.477,437.010,169.704,334.001,1,-1,-1,-1
423,76,846.341,436.003,57.673,169.351,1,-1,-1,-1
423,80,912.999,484.584,99.341,109.478,1,-1,-1,-1
424,4,1055.052,413.408,195.003,621.349,1,-1,-1,-1
424,62,712.660,404.817,119.247,325.931,1,-1,-1,-1
424,65,615.488,437.281,121.789,282.532,1,-1,-1,-1
424,68,486.744,442.042,132.859,320.618,1,-1,-1,-1
424,74,315.896,436.703,170.644,332.122,1,-1,-1,-1
424,76,844.859,436.613,57.384,169.420,1,-1,-1,-1
424,80,913.215,485.192,97.971,108.646,1,-1,-1,-1
425,4,1056.901,411.154,196.348,627.428,1,-1,-1,-1
425,62,717.591,405.823,118.019,324.856,1,-1,-1,-1
425,65,617.204,436.239,127.328,283.446,1,-1,-1,-1
425,68,497.004,440.290,126.342,319.747,1,-1,-1,-1
425,74,321.031,434.462,171.099,330.389,1,-1,-1,-1
425,76,842.708,437.611,56.515,168.456,1,-1,-1,-1
425,80,913.540,484.778,97.490,108.519,1,-1,-1,-1
426,4,1058.596,411.068,196.163,633.946,1,-1,-1,-1
426,62,721.203,406.174,116.960,324.088,1,-1,-1,-1
426,65,618.131,432.512,130.907,286.023,1,-1,-1,-1
426,68,506.562,440.533,120.542,318.690,1,-1,-1,-1
426,74,326.533,433.900,169.079,328.466,1,-1,-1,-1
426,76,841.913,437.637,55.986,168.812,1,-1,-1,-1
426,80,913.399,483.951,97.612,108.535,1,-1,-1,-1
427,4,1058.590,406.661,194.685,641.842,1,-1,-1,-1
427,62,724.571,406.387,116.823,323.862,1,-1,-1,-1
427,65,620.824,433.052,132.308,286.306,1,-1,-1,-1
427,68,515.702,442.918,113.217,317.086,1,-1,-1,-1
427,74,334.386,434.205,163.339,326.873,1,-1,-1,-1
427,76,840.676,437.434,55.802,169.122,1,-1,-1,-1
427,80,913.047,483.462,97.102,108.503,1,-1,-1,-1
428,4,1060.087,405.386,195.590,645.738,1,-1,-1,-1
428,62,726.065,406.757,117.471,324.140,1,-1,-1,-1
428,65,622.184,433.420,132.470,285.389,1,-1,-1,-1
428,68,525.777,444.416,107.825,315.790,1,-1,-1,-1
428,74,346.876,433.351,154.913,324.792,1,-1,-1,-1
428,76,839.635,436.513,55.597,168.064,1,-1,-1,-1
428,80,913.266,484.304,96.130,108.244,1,-1,-1,-1
429,4,1058.637,406.614,196.338,652.480,1,-1,-1,-1
429,62,728.388,408.053,117.690,323.001,1,-1,-1,-1
429,65,623.273,432.442,132.887,283.897,1,-1,-1,-1
429,68,532.505,443.467,108.674,314.710,1,-1,-1,-1
429,74,360.419,433.879,143.747,320.973,1,-1,-1,-1
429,76,837.248,437.005,55.412,164.097,1,-1,-1,-1
429,80,913.460,484.668,95.405,108.123,1,-1,-1,-1
430,4,1059.780,402.836,199.259,655.165,1,-1,-1,-1
430,62,731.363,410.259,117.407,320.921,1,-1,-1,-1
430,65,627.092,432.414,129.856,286.319,1,-1,-1,-1
430,68,539.201,442.268,110.713,314.243,1,-1,-1,-1
430,74,373.745,434.542,134.331,319.305,1,-1,-1,-1
430,76,834.480,437.603,55.558,163.554,1,-1,-1,-1
430,80,913.744,484.754,94.707,107.918,1,-1,-1,-1
431,4,1064.612,401.316,200.592,664.836,1,-1,-1,-1
431,62,734.916,412.053,117.391,318.162,1,-1,-1,-1
431,65,634.206,431.082,124.283,285.985,1,-1,-1,-1
431,68,543.435,441.624,113.980,314.348,1,-1,-1,-1
431,74,386.379,433.255,126.203,316.251,1,-1,-1,-1
431,76,831.423,437.488,55.533,163.465,1,-1,-1,-1
431,80,914.541,485.071,94.446,107.863,1,-1,-1,-1
431,81,1534.500,267.200,386.500,813.800,1,-1,-1,-1
431,82,523.200,467.000,24.300,67.100,1,-1,-1,-1
431,83,499.700,470.700,26.100,66.600,1,-1,-1,-1
432,4,1063.553,396.542,201.454,660.380,1,-1,-1,-1
432,62,740.722,411.136,116.344,312.612,1,-1,-1,-1
432,65,645.825,432.105,117.649,283.668,1,-1,-1,-1
432,68,546.417,440.936,120.300,315.315,1,-1,-1,-1
432,74,394.066,433.777,119.693,313.714,1,-1,-1,-1
432,76,828.832,437.008,54.621,163.213,1,-1,-1,-1
432,80,914.347,485.229,94.743,108.027,1,-1,-1,-1
432,81,1487.631,310.627,422.744,789.240,1,-1,-1,-1
432,82,522.338,469.775,24.225,67.649,1,-1,-1,-1
432,83,502.195,468.765,27.409,68.871,1,-1,-1,-1
433,4,1066.976,397.777,206.249,652.932,1,-1,-1,-1
433,62,744.496,412.045,115.065,310.416,1,-1,-1,-1
433,65,656.644,434.729,109.097,279.839,1,-1,-1,-1
433,68,547.145,441.139,126.506,315.183,1,-1,-1,-1
433,74,402.755,433.925,114.895,311.804,1,-1,-1,-1
433,76,828.053,436.402,53.240,163.464,1,-1,-1,-1
433,80,914.309,485.119,94.580,108.164,1,-1,-1,-1
433,81,1434.268,279.425,469.522,820.771,1,-1,-1,-1
433,82,519.505,466.716,23.197,66.691,1,-1,-1,-1
434,4,1070.932,399.803,209.510,651.606,1,-1,-1,-1
434,62,746.510,413.397,114.882,312.688,1,-1,-1,-1
434,65,667.204,434.574,101.410,280.187,1,-1,-1,-1
434,68,549.658,440.665,129.941,311.763,1,-1,-1,-1
434,74,412.550,431.963,113.941,311.389,1,-1,-1,-1
434,80,914.651,485.647,94.393,108.385,1,-1,-1,-1
434,81,1380.654,249.787,497.299,845.365,1,-1,-1,-1
434,82,519.604,464.245,24.481,69.470,1,-1,-1,-1
435,4,1075.652,404.273,210.774,656.486,1,-1,-1,-1
435,62,749.354,413.380,112.453,312.796,1,-1,-1,-1
435,65,679.063,433.814,96.213,280.231,1,-1,-1,-1
435,68,551.375,446.549,131.494,311.172,1,-1,-1,-1
435,74,418.586,432.096,115.485,309.866,1,-1,-1,-1
435,80,914.197,487.478,93.583,108.479,1,-1,-1,-1
435,81,1320.307,266.253,500.494,831.602,1,-1,-1,-1
435,82,524.379,465.157,23.702,69.129,1,-1,-1,-1
436,4,1084.183,408.689,208.192,651.038,1,-1,-1,-1
436,62,753.373,414.959,109.940,312.678,1,-1,-1,-1
436,65,688.011,432.714,89.484,280.124,1,-1,-1,-1
436,68,550.724,443.310,134.847,311.408,1,-1,-1,-1
436,74,424.892,435.003,117.710,309.650,1,-1,-1,-1
436,80,915.569,485.788,93.004,108.881,1,-1,-1,-1
436,81,1279.139,279.068,494.366,816.445,1,-1,-1,-1
437,4,1092.547,405.541,210.618,659.540,1,-1,-1,-1
437,62,757.764,414.929,107.226,311.738,1,-1,-1,-1
437,65,696.998,432.721,85.292,279.972,1,-1,-1,-1
437,68,550.922,442.300,138.216,312.115,1,-1,-1,-1
437,74,428.925,435.910,121.025,309.037,1,-1,-1,-1
437,80,915.863,485.233,92.906,109.110,1,-1,-1,-1
437,81,1213.886,293.110,487.972,801.187,1,-1,-1,-1
438,4,1093.671,407.314,205.230,658.926,1,-1,-1,-1
438,62,761.073,415.434,105.382,310.541,1,-1,-1,-1
438,65,704.741,432.152,83.925,277.488,1,-1,-1,-1
438,68,550.481,439.918,140.662,313.336,1,-1,-1,-1
438,74,431.650,438.514,123.167,310.136,1,-1,-1,-1
438,80,915.712,484.662,93.128,109.978,1,-1,-1,-1
438,81,1154.605,307.642,488.177,787.455,1,-1,-1,-1
439,62,765.168,417.016,103.568,308.807,1,-1,-1,-1
439,65,711.480,434.235,84.299,274.386,1,-1,-1,-1
439,68,551.866,441.505,141.910,312.961,1,-1,-1,-1
439,74,435.086,435.860,124.809,310.421,1,-1,-1,-1
439,80,915.396,484.852,93.459,110.604,1,-1,-1,-1
439,81,1104.567,328.733,480.539,767.264,1,-1,-1,-1
440,62,771.383,415.399,101.125,308.143,1,-1,-1,-1
440,65,715.441,436.061,81.957,271.035,1,-1,-1,-1
440,68,555.466,437.828,141.895,314.809,1,-1,-1,-1
440,74,439.294,436.146,124.752,309.529,1,-1,-1,-1
440,80,915.413,484.485,93.502,111.127,1,-1,-1,-1
440,81,1060.620,339.678,455.073,749.568,1,-1,-1,-1
441,62,775.047,413.835,99.144,304.567,1,-1,-1,-1
441,65,720.299,434.661,83.112,270.248,1,-1,-1,-1
441,68,558.654,436.960,140.327,315.136,1,-1,-1,-1
441,74,441.665,435.030,125.385,309.251,1,-1,-1,-1
441,80,915.209,484.120,93.806,111.250,1,-1,-1,-1
441,81,1019.755,348.291,437.262,736.665,1,-1,-1,-1
442,62,779.384,410.082,96.795,303.668,1,-1,-1,-1
442,65,723.627,434.656,86.014,269.117,1,-1,-1,-1
442,68,564.413,438.883,138.922,313.731,1,-1,-1,-1
442,74,443.407,435.811,125.179,310.355,1,-1,-1,-1
442,80,914.330,486.232,93.232,110.909,1,-1,-1,-1
442,81,975.126,358.461,420.314,724.115,1,-1,-1,-1
443,62,784.190,410.400,94.011,302.360,1,-1,-1,-1
443,65,735.072,434.569,88.776,269.410,1,-1,-1,-1
443,68,570.663,443.206,134.899,312.639,1,-1,-1,-1
443,74,449.337,433.750,122.813,313.427,1,-1,-1,-1
443,80,914.464,486.545,92.341,110.182,1,-1,-1,-1
443,81,929.606,365.879,412.579,715.428,1,-1,-1,-1
443,84,380.600,467.600,56.200,113.500,1,-1,-1,-1
444,62,787.644,409.182,92.029,303.542,1,-1,-1,-1
444,65,728.857,435.968,92.466,269.038,1,-1,-1,-1
444,68,576.816,442.366,129.787,311.195,1,-1,-1,-1
444,74,458.782,435.830,119.773,308.953,1,-1,-1,-1
444,80,917.189,484.996,93.193,109.895,1,-1,-1,-1
444,81,882.497,371.815,399.917,707.162,1,-1,-1,-1
444,84,376.448,465.925,56.604,116.549,1,-1,-1,-1
444,85,421.000,465.600,33.200,103.700,1,-1,-1,-1
445,62,791.238,409.755,91.206,305.821,1,-1,-1,-1
445,65,728.536,438.203,94.304,267.862,1,-1,-1,-1
445,68,586.557,440.184,124.134,310.004,1,-1,-1,-1
445,74,467.689,436.133,115.843,307.662,1,-1,-1,-1
445,81,844.933,365.833,389.968,707.187,1,-1,-1,-1
445,84,378.716,466.504,54.428,113.585,1,-1,-1,-1
445,85,417.534,464.906,39.232,107.987,1,-1,-1,-1
446,4,1138.627,402.277,223.417,641.925,1,-1,-1,-1
446,62,795.035,413.078,91.110,306.064,1,-1,-1,-1
446,68,597.551,440.059,118.356,308.293,1,-1,-1,-1
446,74,475.687,434.686,112.386,302.808,1,-1,-1,-1
446,81,816.687,357.857,376.846,709.695,1,-1,-1,-1
446,84,376.331,464.974,55.232,115.572,1,-1,-1,-1
446,85,415.645,466.165,41.922,109.498,1,-1,-1,-1
447,4,1139.355,404.234,232.595,648.992,1,-1,-1,-1
447,68,607.493,438.074,113.019,307.303,1,-1,-1,-1
447,74,483.448,433.318,107.255,298.061,1,-1,-1,-1
447,81,760.463,349.904,385.319,718.380,1,-1,-1,-1
447,84,375.281,463.620,54.283,115.560,1,-1,-1,-1
447,85,415.142,466.571,43.857,109.839,1,-1,-1,-1
447,86,718.200,456.200,32.800,86.800,1,-1,-1,-1
448,4,1139.313,407.081,241.567,653.706,1,-1,-1,-1
448,68,615.256,440.144,106.103,306.343,1,-1,-1,-1
448,74,490.817,433.895,104.443,295.031,1,-1,-1,-1
448,81,731.045,339.110,385.773,727.394,1,-1,-1,-1
448,84,375.608,463.053,54.267,115.262,1,-1,-1,-1
448,85,414.078,467.360,45.320,109.203,1,-1,-1,-1
448,86,718.962,455.838,33.575,88.124,1,-1,-1,-1
448,87,471.100,461.800,27.300,72.400,1,-1,-1,-1
449,4,1142.609,404.713,246.137,661.340,1,-1,-1,-1
449,68,623.978,440.410,100.621,305.422,1,-1,-1,-1
449,74,497.482,433.095,102.643,292.910,1,-1,-1,-1
449,81,691.986,338.189,391.683,732.075,1,-1,-1,-1
449,84,377.430,463.360,53.430,113.898,1,-1,-1,-1
449,85,413.298,466.515,46.385,108.709,1,-1,-1,-1
449,87,471.373,459.775,28.254,75.251,1,-1,-1,-1
450,4,1145.719,406.986,246.057,665.242,1,-1,-1,-1
450,68,633.064,444.497,94.638,309.665,1,-1,-1,-1
450,74,503.493,432.896,103.046,293.654,1,-1,-1,-1
450,81,665.223,339.814,388.437,732.660,1,-1,-1,-1
450,84,378.022,463.990,52.655,113.359,1,-1,-1,-1
450,85,412.685,465.723,46.959,108.062,1,-1,-1,-1
450,87,473.332,459.096,28.847,77.854,1,-1,-1,-1
450,88,1039.700,435.900,170.400,517.900,1,-1,-1,-1
450,89,1000.900,449.000,30.100,98.500,1,-1,-1,-1
451,4,1147.568,403.664,248.622,668.252,1,-1,-1,-1
451,74,508.462,435.145,105.152,292.941,1,-1,-1,-1
451,81,639.626,353.457,382.438,724.771,1,-1,-1,-1
451,84,378.701,464.314,52.081,113.237,1,-1,-1,-1
451,85,412.138,465.645,47.146,107.341,1,-1,-1,-1
451,87,475.454,461.682,29.432,79.541,1,-1,-1,-1
451,88,1042.284,432.104,180.131,536.991,1,-1,-1,-1
451,89,997.234,445.330,34.631,105.540,1,-1,-1,-1
451,90,1029.600,439.200,25.300,87.500,1,-1,-1,-1
452,4,1150.854,401.433,251.506,673.831,1,-1,-1,-1
452,74,513.018,435.280,108.264,292.137,1,-1,-1,-1
452,80,914.185,485.398,94.572,109.776,1,-1,-1,-1
452,81,601.543,357.680,380.314,720.820,1,-1,-1,-1
452,84,378.801,464.292,51.638,113.178,1,-1,-1,-1
452,85,411.803,466.417,47.097,107.331,1,-1,-1,-1
452,87,474.150,460.638,28.990,79.198,1,-1,-1,-1
452,88,1047.888,436.792,173.753,521.516,1,-1,-1,-1
452,89,995.086,443.747,36.505,106.523,1,-1,-1,-1
452,90,1028.215,437.100,24.870,87.301,1,-1,-1,-1
452,91,1344.700,439.900,122.100,333.400,1,-1,-1,-1
452,92,456.300,463.200,24.300,80.500,1,-1,-1,-1
453,4,1152.608,401.213,254.945,676.872,1,-1,-1,-1
453,74,518.951,434.559,114.109,296.878,1,-1,-1,-1
453,80,915.433,484.128,95.716,110.088,1,-1,-1,-1
453,81,570.575,362.614,373.959,715.918,1,-1,-1,-1
453,84,379.153,464.342,51.592,113.409,1,-1,-1,-1
453,85,411.898,466.559,46.801,106.862,1,-1,-1,-1
453,87,475.683,461.913,28.818,79.232,1,-1,-1,-1
453,88,1057.868,441.421,167.078,516.065,1,-1,-1,-1
453,89,995.667,444.172,37.352,106.057,1,-1,-1,-1
453,91,1363.149,437.542,115.100,329.117,1,-1,-1,-1
453,92,459.697,464.480,25.005,79.940,1,-1,-1,-1
454,4,1155.033,400.019,259.359,679.487,1,-1,-1,-1
454,80,915.605,483.577,96.562,110.394,1,-1,-1,-1
454,81,540.395,365.651,374.093,712.755,1,-1,-1,-1
454,84,378.611,464.240,51.587,113.829,1,-1,-1,-1
454,85,412.536,467.220,45.980,105.800,1,-1,-1,-1
454,87,477.657,460.626,28.963,81.374,1,-1,-1,-1
454,89,995.379,443.409,37.584,105.476,1,-1,-1,-1
454,90,1037.655,438.952,25.420,85.404,1,-1,-1,-1
454,91,1371.214,435.908,115.787,337.878,1,-1,-1,-1
454,92,462.704,463.961,25.362,80.531,1,-1,-1,-1
455,4,1157.963,399.537,262.536,681.079,1,-1,-1,-1
455,62,813.257,408.378,87.157,311.708,1,-1,-1,-1
455,80,915.499,483.876,96.690,110.419,1,-1,-1,-1
455,81,502.679,371.334,377.973,708.421,1,-1,-1,-1
455,84,378.223,463.841,51.364,114.063,1,-1,-1,-1
455,85,413.128,467.324,44.713,105.215,1,-1,-1,-1
455,89,994.794,443.408,37.772,105.021,1,-1,-1,-1
455,90,1040.629,440.435,26.302,84.886,1,-1,-1,-1
455,91,1378.364,432.312,116.535,342.705,1,-1,-1,-1
455,92,455.710,464.130,26.743,84.470,1,-1,-1,-1
456,4,1164.658,402.660,265.607,680.060,1,-1,-1,-1
456,62,817.274,407.133,87.919,309.097,1,-1,-1,-1
456,80,914.913,483.379,96.581,110.806,1,-1,-1,-1
456,81,461.516,377.415,383.677,703.604,1,-1,-1,-1
456,84,378.751,463.648,51.133,113.991,1,-1,-1,-1
456,85,414.722,468.398,43.237,104.518,1,-1,-1,-1
456,89,994.536,443.632,38.118,104.975,1,-1,-1,-1
456,90,1047.426,443.928,28.049,88.880,1,-1,-1,-1
456,91,1383.444,424.427,119.678,353.720,1,-1,-1,-1
457,4,1167.269,403.989,268.747,679.340,1,-1,-1,-1
457,62,820.750,406.077,87.270,305.929,1,-1,-1,-1
457,80,914.272,483.552,96.718,110.623,1,-1,-1,-1
457,81,420.291,382.998,383.113,698.322,1,-1,-1,-1
457,84,379.439,463.265,51.001,114.337,1,-1,-1,-1
457,85,413.636,467.552,42.879,105.224,1,-1,-1,-1
457,89,994.382,443.959,38.037,103.597,1,-1,-1,-1
457,90,1053.929,442.913,32.466,96.052,1,-1,-1,-1
457,91,1386.283,422.193,122.337,357.415,1,-1,-1,-1
458,4,1170.452,406.413,271.251,677.722,1,-1,-1,-1
458,62,823.145,407.121,86.656,304.112,1,-1,-1,-1
458,80,914.335,483.196,96.219,110.554,1,-1,-1,-1
458,81,377.821,390.944,380.980,691.406,1,-1,-1,-1
458,84,380.216,463.204,50.514,114.517,1,-1,-1,-1
458,89,994.132,444.687,37.729,102.805,1,-1,-1,-1
458,90,1055.194,442.730,36.016,105.636,1,-1,-1,-1
458,91,1387.233,420.078,129.210,362.392,1,-1,-1,-1
459,4,1172.357,406.728,274.936,677.087,1,-1,-1,-1
459,62,825.715,409.778,85.413,302.138,1,-1,-1,-1
459,68,672.819,444.012,107.198,307.472,1,-1,-1,-1
459,80,914.128,483.175,95.971,110.370,1,-1,-1,-1
459,81,340.618,390.430,378.611,689.243,1,-1,-1,-1
459,84,383.197,465.605,52.058,118.766,1,-1,-1,-1
459,89,994.129,444.890,37.796,102.940,1,-1,-1,-1
459,90,1055.080,441.593,38.187,111.362,1,-1,-1,-1
459,91,1392.129,418.391,136.360,365.386,1,-1,-1,-1
460,4,1175.105,396.378,276.028,682.842,1,-1,-1,-1
460,62,829.068,410.980,83.614,301.685,1,-1,-1,-1
460,68,666.369,439.678,118.380,304.998,1,-1,-1,-1
460,80,913.327,483.392,96.605,110.184,1,-1,-1,-1
460,81,308.576,388.225,375.779,689.048,1,-1,-1,-1
460,89,995.604,445.041,37.847,103.258,1,-1,-1,-1
460,90,1053.099,440.307,39.088,113.549,1,-1,-1,-1
460,91,1399.379,417.675,144.654,370.084,1,-1,-1,-1
461,4,1178.781,392.645,281.456,686.495,1,-1,-1,-1
461,62,829.223,409.724,85.196,300.902,1,-1,-1,-1
461,68,669.683,436.686,123.048,305.045,1,-1,-1,-1
461,80,912.619,484.002,97.202,109.912,1,-1,-1,-1
461,81,281.706,382.510,380.229,692.552,1,-1,-1,-1
461,89,995.601,445.450,37.572,103.282,1,-1,-1,-1
461,90,1052.933,439.284,39.346,115.262,1,-1,-1,-1
461,91,1402.881,421.739,153.169,374.975,1,-1,-1,-1
462,4,1178.119,398.595,289.552,684.251,1,-1,-1,-1
462,62,829.919,408.749,86.258,301.094,1,-1,-1,-1
462,68,676.094,435.698,121.838,304.115,1,-1,-1,-1
462,80,913.155,483.988,97.328,109.650,1,-1,-1,-1
462,81,250.636,379.221,380.502,695.132,1,-1,-1,-1
462,89,995.467,445.158,37.535,103.457,1,-1,-1,-1
462,90,1052.234,439.036,39.434,115.280,1,-1,-1,-1
462,91,1404.696,422.923,160.496,376.517,1,-1,-1,-1
462,93,1085.800,479.600,35.700,104.700,1,-1,-1,-1
463,4,1188.795,401.146,283.986,682.679,1,-1,-1,-1
463,62,831.832,406.544,86.478,301.266,1,-1,-1,-1
463,68,681.087,437.326,120.128,300.391,1,-1,-1,-1
463,74,570.198,427.280,98.775,284.758,1,-1,-1,-1
463,80,912.611,483.905,98.092,109.511,1,-1,-1,-1
463,81,227.893,364.784,376.848,704.147,1,-1,-1,-1
463,89,995.387,445.545,37.249,102.797,1,-1,-1,-1
463,90,1052.394,439.192,39.653,114.728,1,-1,-1,-1
463,91,1407.660,422.814,163.728,378.582,1,-1,-1,-1
463,93,1083.093,480.824,44.113,117.650,1,-1,-1,-1
464,4,1201.156,399.992,274.613,682.776,1,-1,-1,-1
464,62,832.960,405.833,86.721,301.240,1,-1,-1,-1
464,68,687.140,437.931,117.319,299.641,1,-1,-1,-1
464,74,564.255,428.132,107.429,286.957,1,-1,-1,-1
464,80,911.948,484.155,98.451,109.292,1,-1,-1,-1
464,81,199.323,362.828,375.186,708.020,1,-1,-1,-1
464,88,1128.208,433.445,150.580,525.709,1,-1,-1,-1
464,89,995.791,444.991,37.001,102.036,1,-1,-1,-1
464,90,1051.215,437.760,39.831,115.076,1,-1,-1,-1
464,91,1411.040,419.260,166.156,384.372,1,-1,-1,-1
464,93,1081.879,481.721,46.813,120.810,1,-1,-1,-1
465,4,1209.685,398.030,267.692,683.681,1,-1,-1,-1
465,62,833.177,407.731,87.223,299.999,1,-1,-1,-1
465,68,696.046,440.569,111.740,298.503,1,-1,-1,-1
465,74,561.253,428.933,110.851,285.280,1,-1,-1,-1
465,80,911.506,484.431,98.515,109.043,1,-1,-1,-1
465,81,169.575,362.324,377.895,710.731,1,-1,-1,-1
465,88,1132.032,426.948,153.007,543.021,1,-1,-1,-1
465,89,996.073,445.117,37.240,102.074,1,-1,-1,-1
465,90,1050.021,436.549,40.373,115.011,1,-1,-1,-1
465,91,1416.555,417.428,166.208,387.867,1,-1,-1,-1
465,93,1081.472,482.301,45.992,118.206,1,-1,-1,-1
465,94,680.600,473.100,25.300,75.800,1,-1,-1,-1
466,4,1223.468,395.058,258.922,685.328,1,-1,-1,-1
466,62,833.037,406.349,87.722,301.675,1,-1,-1,-1
466,68,706.833,439.130,105.144,297.042,1,-1,-1,-1
466,74,563.595,429.227,110.590,284.182,1,-1,-1,-1
466,80,910.860,483.746,99.241,109.224,1,-1,-1,-1
466,81,140.443,365.240,382.119,710.721,1,-1,-1,-1
466,88,1132.084,426.428,152.099,548.944,1,-1,-1,-1
466,89,995.483,444.768,37.276,101.772,1,-1,-1,-1
466,90,1048.968,436.649,40.857,115.128,1,-1,-1,-1
466,91,1420.479,417.257,166.272,387.163,1,-1,-1,-1
466,93,1083.089,482.941,46.224,117.576,1,-1,-1,-1
466,94,685.331,472.018,24.937,72.965,1,-1,-1,-1
467,4,1235.617,396.008,249.117,685.254,1,-1,-1,-1
467,62,833.987,407.666,87.216,303.485,1,-1,-1,-1
467,68,717.185,439.310,100.447,295.520,1,-1,-1,-1
467,74,571.598,427.934,106.853,285.048,1,-1,-1,-1
467,80,911.175,483.760,99.516,109.205,1,-1,-1,-1
467,81,102.607,372.228,392.926,707.515,1,-1,-1,-1
467,88,1132.177,427.758,151.308,554.800,1,-1,-1,-1
467,89,995.060,445.194,37.492,101.011,1,-1,-1,-1
467,90,1048.332,436.492,40.944,114.324,1,-1,-1,-1
467,91,1426.318,416.061,163.969,389.115,1,-1,-1,-1
467,93,1083.784,482.740,46.118,118.212,1,-1,-1,-1
467,94,674.183,471.875,25.181,72.673,1,-1,-1,-1
468,4,1243.130,395.869,243.083,685.507,1,-1,-1,-1
468,62,834.644,408.365,87.493,303.271,1,-1,-1,-1
468,68,723.370,437.837,98.383,296.624,1,-1,-1,-1
468,74,579.275,428.363,102.106,284.236,1,-1,-1,-1
468,80,911.952,483.489,99.425,109.624,1,-1,-1,-1
468,81,67.532,380.512,397.206,701.938,1,-1,-1,-1
468,88,1134.396,427.704,152.291,560.592,1,-1,-1,-1
468,89,994.754,445.398,37.341,100.186,1,-1,-1,-1
468,90,1047.984,437.847,41.098,113.511,1,-1,-1,-1
468,91,1438.247,415.025,155.781,386.045,1,-1,-1,-1
468,93,1084.054,480.009,45.745,119.884,1,-1,-1,-1
468,94,674.700,469.974,26.456,74.461,1,-1,-1,-1
468,95,569.100,463.900,26.700,73.200,1,-1,-1,-1
469,4,1260.186,394.010,232.195,686.471,1,-1,-1,-1
469,62,835.473,407.827,86.980,302.389,1,-1,-1,-1
469,68,729.521,437.916,95.782,297.306,1,-1,-1,-1
469,74,588.064,429.991,97.041,282.021,1,-1,-1,-1
469,80,912.410,483.143,99.198,110.143,1,-1,-1,-1
469,81,34.850,385.626,405.255,697.531,1,-1,-1,-1
469,84,378.471,464.296,45.849,115.814,1,-1,-1,-1
469,88,1136.216,425.172,151.517,564.870,1,-1,-1,-1
469,89,994.490,445.589,37.389,99.919,1,-1,-1,-1
469,90,1047.713,438.286,41.419,113.901,1,-1,-1,-1
469,91,1452.161,414.624,146.386,382.580,1,-1,-1,-1
469,93,1083.681,476.764,45.806,121.369,1,-1,-1,-1
469,95,563.866,455.267,28.768,76.868,1,-1,-1,-1
469,96,709.400,473.700,25.900,70.700,1,-1,-1,-1
470,4,1277.675,393.205,222.112,687.104,1,-1,-1,-1
470,62,837.144,406.134,86.060,301.578,1,-1,-1,-1
470,68,735.307,438.333,95.447,296.957,1,-1,-1,-1
470,74,595.768,430.655,92.309,279.621,1,-1,-1,-1
470,80,913.280,483.591,98.438,110.229,1,-1,-1,-1
470,81,16.369,387.284,402.235,694.655,1,-1,-1,-1
470,84,379.783,462.814,45.695,115.765,1,-1,-1,-1
470,88,1138.910,427.086,150.339,566.853,1,-1,-1,-1
470,89,994.889,445.842,37.398,99.923,1,-1,-1,-1
470,90,1047.665,438.218,41.295,113.820,1,-1,-1,-1
470,91,1463.751,418.577,136.761,381.386,1,-1,-1,-1
470,93,1082.912,473.980,46.033,123.222,1,-1,-1,-1
470,95,563.209,453.330,29.589,79.564,1,-1,-1,-1
470,96,709.003,473.464,24.994,70.572,1,-1,-1,-1
471,4,1290.896,393.445,216.523,684.824,1,-1,-1,-1
471,62,837.252,407.118,85.880,300.253,1,-1,-1,-1
471,68,741.373,439.883,95.397,296.488,1,-1,-1,-1
471,74,601.116,430.880,88.970,278.341,1,-1,-1,-1
471,80,914.262,483.999,97.299,110.246,1,-1,-1,-1
471,81,-2.765,379.819,396.468,697.402,1,-1,-1,-1
471,84,380.550,461.280,44.425,114.696,1,-1,-1,-1
471,88,1143.415,424.889,149.997,566.906,1,-1,-1,-1
471,89,994.346,446.225,37.420,99.424,1,-1,-1,-1
471,90,1047.387,438.867,41.315,114.170,1,-1,-1,-1
471,91,1475.951,420.048,130.682,380.389,1,-1,-1,-1
471,93,1082.461,474.292,45.962,123.582,1,-1,-1,-1
471,95,562.746,454.094,31.477,80.868,1,-1,-1,-1
471,96,712.364,474.112,22.784,66.511,1,-1,-1,-1
472,4,1303.699,391.890,208.836,685.301,1,-1,-1,-1
472,62,836.404,407.087,86.581,300.581,1,-1,-1,-1
472,68,745.188,437.686,96.183,295.307,1,-1,-1,-1
472,74,606.337,430.869,85.996,277.494,1,-1,-1,-1
472,80,914.495,485.229,97.014,109.668,1,-1,-1,-1
472,81,-14.869,379.162,386.850,697.563,1,-1,-1,-1
472,84,379.963,462.169,44.011,111.061,1,-1,-1,-1
472,88,1145.653,426.058,149.597,572.491,1,-1,-1,-1
472,89,993.292,446.069,37.557,99.317,1,-1,-1,-1
472,90,1045.789,439.352,41.370,114.442,1,-1,-1,-1
472,91,1484.794,415.910,126.621,382.370,1,-1,-1,-1
472,93,1082.930,474.276,45.867,124.495,1,-1,-1,-1
472,95,563.417,455.180,31.775,79.845,1,-1,-1,-1
472,96,712.943,474.515,21.365,62.858,1,-1,-1,-1
472,97,1108.600,445.300,39.200,134.300,1,-1,-1,-1
473,4,1311.040,392.141,205.392,686.560,1,-1,-1,-1
473,62,837.330,407.273,86.290,299.086,1,-1,-1,-1
473,68,748.333,439.242,96.917,293.239,1,-1,-1,-1
473,74,611.391,430.792,83.404,277.546,1,-1,-1,-1
473,80,915.163,486.161,96.522,108.909,1,-1,-1,-1
473,81,-24.129,383.532,371.167,694.563,1,-1,-1,-1
473,84,378.226,461.394,44.020,107.616,1,-1,-1,-1
473,88,1147.158,425.400,152.068,576.169,1,-1,-1,-1
473,89,993.018,445.986,37.694,99.592,1,-1,-1,-1
473,90,1045.176,439.909,41.624,114.479,1,-1,-1,-1
473,91,1491.917,415.430,124.609,380.800,1,-1,-1,-1
473,93,1082.604,474.988,44.890,123.629,1,-1,-1,-1
473,95,562.647,454.497,33.012,82.012,1,-1,-1,-1
473,96,716.019,471.616,23.000,67.312,1,-1,-1,-1
473,97,1112.713,439.858,40.273,137.784,1,-1,-1,-1
473,98,543.600,459.900,25.600,68.300,1,-1,-1,-1
474,4,1321.786,388.566,202.068,689.431,1,-1,-1,-1
474,62,837.403,409.885,85.941,297.502,1,-1,-1,-1
474,68,748.920,439.067,97.285,290.748,1,-1,-1,-1
474,74,615.704,432.133,81.202,276.098,1,-1,-1,-1
474,80,913.331,488.473,97.693,108.612,1,-1,-1,-1
474,81,-29.657,402.586,350.996,682.569,1,-1,-1,-1
474,88,1150.829,422.559,153.431,582.029,1,-1,-1,-1
474,89,992.475,446.681,37.851,99.882,1,-1,-1,-1
474,90,1044.609,440.378,41.637,113.678,1,-1,-1,-1
474,91,1501.495,417.363,125.734,383.371,1,-1,-1,-1
474,93,1083.355,472.700,44.372,125.046,1,-1,-1,-1
474,95,562.530,454.272,32.992,81.430,1,-1,-1,-1
474,96,717.024,471.571,21.868,65.257,1,-1,-1,-1
474,97,1111.667,439.301,42.066,142.040,1,-1,-1,-1
474,98,542.153,458.064,26.794,70.872,1,-1,-1,-1
475,4,1332.574,388.595,201.549,690.575,1,-1,-1,-1
475,62,838.589,409.875,85.835,298.004,1,-1,-1,-1
475,68,750.621,442.664,97.672,290.015,1,-1,-1,-1
475,74,620.671,435.665,80.746,273.317,1,-1,-1,-1
475,81,-34.202,395.709,326.188,681.483,1,-1,-1,-1
475,88,1154.980,420.238,154.860,583.275,1,-1,-1,-1
475,89,991.602,447.404,37.950,99.531,1,-1,-1,-1
475,90,1044.277,438.861,41.458,112.934,1,-1,-1,-1
475,91,1508.429,414.157,131.133,388.557,1,-1,-1,-1
475,93,1084.171,471.061,43.308,125.638,1,-1,-1,-1
475,95,564.194,453.220,33.057,81.973,1,-1,-1,-1
475,96,715.638,471.016,21.552,64.895,1,-1,-1,-1
475,97,1110.054,437.835,43.912,146.809,1,-1,-1,-1
475,98,526.533,457.298,31.300,78.080,1,-1,-1,-1
476,4,1339.682,389.549,204.315,690.844,1,-1,-1,-1
476,62,840.499,411.637,85.550,299.302,1,-1,-1,-1
476,68,753.988,439.276,98.801,292.866,1,-1,-1,-1
476,74,623.576,436.314,81.788,271.050,1,-1,-1,-1
476,80,902.951,495.133,93.855,131.190,1,-1,-1,-1
476,88,1157.802,419.977,159.593,585.527,1,-1,-1,-1
476,89,992.005,447.961,37.843,98.962,1,-1,-1,-1
476,90,1041.256,437.423,41.340,111.604,1,-1,-1,-1
476,91,1515.643,414.192,140.603,393.112,1,-1,-1,-1
476,93,1084.466,468.936,42.795,127.588,1,-1,-1,-1
476,95,565.065,453.457,33.278,82.036,1,-1,-1,-1
476,96,714.289,469.289,21.585,65.843,1,-1,-1,-1
476,97,1110.631,435.796,44.232,148.970,1,-1,-1,-1
476,98,525.291,456.943,32.391,78.722,1,-1,-1,-1
477,4,1347.720,389.280,207.840,691.439,1,-1,-1,-1
477,62,840.117,414.218,85.300,297.536,1,-1,-1,-1
477,68,755.396,440.930,99.790,292.982,1,-1,-1,-1
477,74,625.686,438.050,82.768,268.786,1,-1,-1,-1
477,80,904.566,490.513,88.674,149.963,1,-1,-1,-1
477,88,1161.953,417.351,160.139,587.666,1,-1,-1,-1
477,89,991.306,447.725,37.626,98.785,1,-1,-1,-1
477,90,1039.725,436.179,41.533,111.044,1,-1,-1,-1
477,91,1519.638,411.437,153.408,404.676,1,-1,-1,-1
477,93,1084.585,469.658,42.318,128.479,1,-1,-1,-1
477,95,564.918,453.136,33.715,82.612,1,-1,-1,-1
477,96,715.464,466.209,21.851,67.419,1,-1,-1,-1
477,97,1111.051,435.151,43.464,149.473,1,-1,-1,-1
477,98,526.392,456.984,31.912,77.380,1,-1,-1,-1
478,4,1352.490,388.271,213.206,692.443,1,-1,-1,-1
478,62,840.388,411.829,84.499,298.102,1,-1,-1,-1
478,68,756.556,437.073,100.133,295.153,1,-1,-1,-1
478,74,629.187,440.690,83.286,266.128,1,-1,-1,-1
478,80,899.382,477.462,90.903,171.165,1,-1,-1,-1
478,88,1165.130,417.462,161.981,587.075,1,-1,-1,-1
478,89,990.443,448.263,36.860,98.243,1,-1,-1,-1
478,90,1038.805,437.160,41.377,110.735,1,-1,-1,-1
478,91,1520.469,406.704,163.626,411.311,1,-1,-1,-1
478,93,1084.978,470.124,41.701,128.465,1,-1,-1,-1
478,95,564.334,453.210,34.161,83.116,1,-1,-1,-1
478,97,1110.890,435.957,42.644,149.801,1,-1,-1,-1
478,98,525.440,457.115,32.071,78.056,1,-1,-1,-1
479,4,1358.417,391.273,221.192,691.028,1,-1,-1,-1
479,62,841.048,411.944,82.889,299.657,1,-1,-1,-1
479,68,760.819,439.327,100.188,293.651,1,-1,-1,-1
479,74,632.467,439.979,84.413,267.372,1,-1,-1,-1
479,80,896.412,464.365,95.092,191.679,1,-1,-1,-1
479,88,1170.817,416.834,162.276,587.834,1,-1,-1,-1
479,89,990.453,447.982,36.108,98.090,1,-1,-1,-1
479,90,1039.212,437.309,41.255,110.543,1,-1,-1,-1
479,91,1523.141,408.870,171.485,410.511,1,-1,-1,-1
479,93,1084.634,470.971,41.333,128.194,1,-1,-1,-1
479,95,564.164,453.550,34.538,83.348,1,-1,-1,-1
479,97,1111.991,436.686,42.121,148.739,1,-1,-1,-1
479,98,525.014,457.438,31.640,77.395,1,-1,-1,-1
480,4,1361.516,390.610,229.131,691.358,1,-1,-1,-1
480,62,842.715,412.217,81.872,300.106,1,-1,-1,-1
480,68,768.208,439.006,98.597,293.821,1,-1,-1,-1
480,74,634.480,436.345,84.352,267.584,1,-1,-1,-1
480,80,886.689,454.926,109.126,213.202,1,-1,-1,-1
480,88,1174.862,419.734,161.552,588.745,1,-1,-1,-1
480,89,990.344,449.798,34.962,97.841,1,-1,-1,-1
480,90,1038.275,438.491,40.728,110.178,1,-1,-1,-1
480,91,1526.438,412.761,180.958,409.725,1,-1,-1,-1
480,93,1085.052,468.011,40.883,129.617,1,-1,-1,-1
480,95,564.113,453.709,35.298,83.703,1,-1,-1,-1
480,97,1112.168,436.091,41.745,149.227,1,-1,-1,-1
480,98,528.982,458.744,30.398,75.365,1,-1,-1,-1
480,99,747.900,447.000,44.200,130.500,1,-1,-1,-1
481,4,1365.270,388.154,238.487,693.018,1,-1,-1,-1
481,68,774.444,438.223,97.917,291.563,1,-1,-1,-1
481,74,637.629,436.795,83.746,265.842,1,-1,-1,-1
481,80,879.616,449.044,118.235,227.193,1,-1,-1,-1
481,88,1179.905,417.779,161.767,587.921,1,-1,-1,-1
481,89,992.643,449.464,33.462,96.716,1,-1,-1,-1
481,90,1039.107,439.030,39.799,110.116,1,-1,-1,-1
481,91,1525.858,413.636,185.748,418.362,1,-1,-1,-1
481,93,1085.499,465.928,40.726,131.577,1,-1,-1,-1
481,95,564.214,454.088,35.655,83.788,1,-1,-1,-1
481,97,1111.443,437.346,41.544,149.702,1,-1,-1,-1
481,98,531.062,459.290,29.159,74.176,1,-1,-1,-1
481,99,746.716,446.363,44.568,130.074,1,-1,-1,-1
482,4,1369.181,386.377,246.738,694.557,1,-1,-1,-1
482,62,848.248,414.379,78.715,300.543,1,-1,-1,-1
482,68,781.680,437.267,96.654,290.019,1,-1,-1,-1
482,74,640.074,437.427,84.035,265.975,1,-1,-1,-1
482,80,878.753,443.912,123.173,236.848,1,-1,-1,-1
482,88,1184.023,418.525,163.177,588.059,1,-1,-1,-1
482,89,994.904,449.243,31.770,95.032,1,-1,-1,-1
482,90,1037.955,439.542,39.394,109.273,1,-1,-1,-1
482,91,1529.176,412.563,191.627,418.702,1,-1,-1,-1
482,93,1085.906,465.731,40.779,132.213,1,-1,-1,-1
482,95,564.511,453.646,35.647,83.793,1,-1,-1,-1
482,97,1112.962,439.179,40.981,148.265,1,-1,-1,-1
482,98,532.918,459.478,28.163,73.399,1,-1,-1,-1
482,99,747.407,446.163,44.951,130.373,1,-1,-1,-1
482,100,463.600,462.600,32.000,73.400,1,-1,-1,-1
483,4,1368.867,385.942,255.822,695.393,1,-1,-1,-1
483,68,789.954,437.967,97.041,290.663,1,-1,-1,-1
483,74,643.626,438.516,86.038,266.173,1,-1,-1,-1
483,80,880.307,440.904,125.424,242.487,1,-1,-1,-1
483,88,1188.023,419.429,163.333,589.067,1,-1,-1,-1
483,89,998.430,448.724,30.373,94.411,1,-1,-1,-1
483,90,1036.786,439.086,39.350,108.939,1,-1,-1,-1
483,91,1539.746,410.954,190.773,421.750,1,-1,-1,-1
483,93,1085.691,467.147,40.420,132.186,1,-1,-1,-1
483,95,564.689,453.785,35.625,83.702,1,-1,-1,-1
483,97,1113.030,440.671,40.689,146.551,1,-1,-1,-1
483,98,534.048,459.355,27.565,72.668,1,-1,-1,-1
483,99,744.513,446.598,44.916,130.714,1,-1,-1,-1
483,100,466.895,461.471,29.810,74.358,1,-1,-1,-1
484,4,1372.502,384.413,263.464,696.754,1,-1,-1,-1
484,68,796.148,438.830,97.893,289.937,1,-1,-1,-1
484,74,647.353,437.276,88.074,267.804,1,-1,-1,-1
484,80,880.806,436.824,126.727,247.236,1,-1,-1,-1
484,88,1192.746,420.640,164.084,593.173,1,-1,-1,-1
484,90,1035.802,439.731,39.459,109.062,1,-1,-1,-1
484,91,1544.459,409.036,195.890,426.569,1,-1,-1,-1
484,93,1085.611,468.400,39.950,131.946,1,-1,-1,-1
484,95,565.868,453.143,35.348,83.408,1,-1,-1,-1
484,97,1111.852,440.386,40.980,146.628,1,-1,-1,-1
484,98,533.649,458.492,27.742,72.881,1,-1,-1,-1
484,99,742.896,445.893,46.330,134.161,1,-1,-1,-1
484,100,463.196,461.201,29.844,76.892,1,-1,-1,-1
485,4,1373.912,389.665,269.661,693.979,1,-1,-1,-1
485,68,802.125,438.185,99.128,290.126,1,-1,-1,-1
485,74,650.052,435.605,91.324,266.781,1,-1,-1,-1
485,80,882.930,435.376,127.192,250.476,1,-1,-1,-1
485,88,1195.005,419.680,165.184,594.134,1,-1,-1,-1
485,90,1035.862,439.605,39.704,109.322,1,-1,-1,-1
485,91,1548.502,407.312,202.705,430.202,1,-1,-1,-1
485,93,1085.907,466.574,39.313,132.805,1,-1,-1,-1
485,95,566.269,453.049,35.445,83.326,1,-1,-1,-1
485,97,1111.643,440.293,40.617,146.400,1,-1,-1,-1
485,98,533.038,457.619,27.423,72.925,1,-1,-1,-1
485,99,741.955,445.133,46.801,135.464,1,-1,-1,-1
485,100,462.270,461.544,29.691,78.455,1,-1,-1,-1
486,4,1372.130,393.616,274.725,691.108,1,-1,-1,-1
486,68,806.090,438.280,101.421,288.753,1,-1,-1,-1
486,74,652.155,434.128,94.658,265.610,1,-1,-1,-1
486,80,887.024,433.640,126.643,252.268,1,-1,-1,-1
486,88,1198.089,423.781,167.400,595.712,1,-1,-1,-1
486,90,1034.501,439.409,39.916,110.232,1,-1,-1,-1
486,91,1558.892,408.016,197.678,430.050,1,-1,-1,-1
486,93,1086.085,463.295,39.334,134.457,1,-1,-1,-1
486,95,566.392,452.989,35.843,83.607,1,-1,-1,-1
486,97,1111.678,439.625,40.519,147.290,1,-1,-1,-1
486,98,532.303,457.427,27.409,73.402,1,-1,-1,-1
486,99,740.858,443.024,46.272,133.782,1,-1,-1,-1
486,100,462.827,461.177,29.260,78.697,1,-1,-1,-1
486,101,625.000,462.100,27.700,77.700,1,-1,-1,-1
487,4,1371.574,388.588,276.925,693.265,1,-1,-1,-1
487,68,810.205,439.712,104.698,289.050,1,-1,-1,-1
487,74,654.342,434.367,100.210,268.096,1,-1,-1,-1
487,80,894.244,432.194,124.326,253.695,1,-1,-1,-1
487,88,1201.366,420.636,170.223,590.510,1,-1,-1,-1
487,90,1033.275,439.369,40.398,110.630,1,-1,-1,-1
487,91,1568.615,409.504,193.526,428.870,1,-1,-1,-1
487,93,1087.045,460.489,39.450,136.530,1,-1,-1,-1
487,95,566.934,453.248,35.765,83.742,1,-1,-1,-1
487,97,1110.827,439.200,40.301,148.216,1,-1,-1,-1
487,98,532.357,457.372,27.629,74.082,1,-1,-1,-1
487,100,461.205,460.982,28.787,77.457,1,-1,-1,-1
487,101,630.426,461.454,27.546,75.693,1,-1,-1,-1
487,102,1184.400,455.300,33.500,90.300,1,-1,-1,-1
488,4,1373.335,388.429,280.053,693.580,1,-1,-1,-1
488,68,812.641,440.971,109.144,288.468,1,-1,-1,-1
488,74,653.702,434.435,105.789,269.111,1,-1,-1,-1
488,80,900.894,432.544,121.818,254.104,1,-1,-1,-1
488,88,1205.375,423.991,176.265,595.063,1,-1,-1,-1
488,90,1031.798,440.270,40.415,111.619,1,-1,-1,-1
488,91,1580.249,409.263,187.531,429.526,1,-1,-1,-1
488,93,1086.614,459.699,39.512,137.584,1,-1,-1,-1
488,95,567.652,454.018,35.539,83.301,1,-1,-1,-1
488,97,1110.764,438.623,40.037,148.527,1,-1,-1,-1
488,98,532.471,457.469,27.550,74.766,1,-1,-1,-1
488,100,460.022,461.482,28.730,77.305,1,-1,-1,-1
488,101,627.839,460.515,27.139,74.365,1,-1,-1,-1
488,102,1183.555,451.653,33.889,90.694,1,-1,-1,-1
489,4,1377.249,389.785,280.167,692.894,1,-1,-1,-1
489,68,814.897,442.068,113.315,286.364,1,-1,-1,-1
489,74,654.608,434.621,109.536,270.040,1,-1,-1,-1
489,80,911.219,431.374,117.693,251.677,1,-1,-1,-1
489,88,1207.715,425.812,182.844,596.114,1,-1,-1,-1
489,90,1031.781,439.993,40.938,112.958,1,-1,-1,-1
489,91,1588.371,409.946,179.705,430.069,1,-1,-1,-1
489,93,1085.722,457.334,40.203,139.342,1,-1,-1,-1
489,95,567.686,454.701,35.249,82.807,1,-1,-1,-1
489,97,1111.750,438.037,39.701,148.906,1,-1,-1,-1
489,98,533.169,457.513,27.613,74.683,1,-1,-1,-1
489,100,460.121,460.400,27.871,77.518,1,-1,-1,-1
489,101,629.237,460.035,26.907,72.040,1,-1,-1,-1
489,102,1183.634,449.799,33.845,90.514,1,-1,-1,-1
489,103,439.700,463.600,30.200,86.800,1,-1,-1,-1
490,4,1378.574,389.763,281.262,692.794,1,-1,-1,-1
490,68,816.042,443.382,118.945,286.253,1,-1,-1,-1
490,74,654.485,435.055,110.996,269.287,1,-1,-1,-1
490,80,922.968,431.370,112.597,250.962,1,-1,-1,-1
490,88,1208.867,422.178,187.260,593.283,1,-1,-1,-1
490,90,1031.078,440.074,41.261,114.319,1,-1,-1,-1
490,91,1597.714,410.421,172.415,432.670,1,-1,-1,-1
490,93,1085.611,457.940,40.204,140.175,1,-1,-1,-1
490,95,568.244,455.368,35.006,82.519,1,-1,-1,-1
490,97,1112.558,437.825,39.956,151.055,1,-1,-1,-1
490,98,534.022,457.705,27.657,74.561,1,-1,-1,-1
490,100,461.331,460.791,27.380,77.945,1,-1,-1,-1
490,101,631.360,460.650,27.845,74.229,1,-1,-1,-1
490,102,1183.213,448.908,34.399,90.674,1,-1,-1,-1
490,103,418.006,474.344,34.891,97.709,1,-1,-1,-1
491,4,1381.779,390.747,282.439,692.140,1,-1,-1,-1
491,68,816.686,442.328,123.337,286.769,1,-1,-1,-1
491,74,654.137,435.658,114.272,269.895,1,-1,-1,-1
491,80,931.027,430.605,109.608,247.439,1,-1,-1,-1
491,88,1208.600,424.945,193.054,592.224,1,-1,-1,-1
491,90,1030.065,440.591,40.886,114.432,1,-1,-1,-1
491,91,1606.470,409.091,167.838,434.601,1,-1,-1,-1
491,93,1085.453,454.916,40.892,142.592,1,-1,-1,-1
491,95,568.877,455.629,35.030,82.385,1,-1,-1,-1
491,97,1112.419,438.940,40.026,150.912,1,-1,-1,-1
491,98,535.433,458.581,27.739,74.155,1,-1,-1,-1
491,100,462.281,461.231,26.741,78.183,1,-1,-1,-1
491,101,632.608,460.412,28.760,76.683,1,-1,-1,-1
491,102,1182.590,447.935,34.873,90.565,1,-1,-1,-1
491,103,408.018,470.137,40.920,106.619,1,-1,-1,-1
492,4,1386.336,384.676,282.388,695.505,1,-1,-1,-1
492,68,816.924,440.387,127.898,287.889,1,-1,-1,-1
492,74,654.434,433.867,114.964,270.385,1,-1,-1,-1
492,80,938.949,432.212,107.077,244.784,1,-1,-1,-1
492,88,1212.463,426.721,198.205,597.388,1,-1,-1,-1
492,90,1031.458,443.726,39.183,116.348,1,-1,-1,-1
492,91,1615.192,408.467,164.769,436.370,1,-1,-1,-1
492,93,1087.924,452.120,41.057,145.079,1,-1,-1,-1
492,95,568.792,455.700,35.077,82.512,1,-1,-1,-1
492,97,1112.000,439.701,39.733,151.214,1,-1,-1,-1
492,98,537.003,459.385,27.796,73.774,1,-1,-1,-1
492,100,462.106,461.335,26.268,77.910,1,-1,-1,-1
492,101,633.385,458.097,30.601,81.928,1,-1,-1,-1
492,102,1181.737,447.450,35.248,90.299,1,-1,-1,-1
492,103,386.590,462.567,50.393,121.399,1,-1,-1,-1
493,4,1391.963,384.423,279.131,696.341,1,-1,-1,-1
493,68,817.757,440.728,129.793,287.927,1,-1,-1,-1
493,74,655.889,434.720,115.277,270.512,1,-1,-1,-1
493,80,946.523,432.795,104.501,244.880,1,-1,-1,-1
493,88,1214.237,427.684,203.308,598.786,1,-1,-1,-1
493,90,1034.845,447.143,37.426,117.814,1,-1,-1,-1
493,91,1626.030,407.661,161.279,443.357,1,-1,-1,-1
493,93,1085.842,451.317,41.664,146.331,1,-1,-1,-1
493,95,568.527,456.465,35.275,82.381,1,-1,-1,-1
493,97,1112.420,443.159,39.120,148.178,1,-1,-1,-1
493,98,538.968,460.306,27.621,73.045,1,-1,-1,-1
493,100,460.925,461.112,25.895,78.387,1,-1,-1,-1
493,101,633.358,456.764,32.497,85.300,1,-1,-1,-1
493,102,1181.220,448.310,35.289,88.216,1,-1,-1,-1
493,103,378.828,460.040,53.805,125.517,1,-1,-1,-1
494,4,1395.815,380.550,275.368,699.009,1,-1,-1,-1
494,68,819.274,441.645,131.736,288.723,1,-1,-1,-1
494,74,656.164,435.961,115.303,268.408,1,-1,-1,-1
494,80,951.983,433.790,102.590,247.420,1,-1,-1,-1
494,88,1217.051,428.828,206.025,592.471,1,-1,-1,-1
494,91,1631.006,404.835,160.574,445.841,1,-1,-1,-1
494,93,1085.300,450.747,42.955,147.576,1,-1,-1,-1
494,95,568.264,456.867,35.328,82.294,1,-1,-1,-1
494,97,1111.681,445.551,38.720,144.642,1,-1,-1,-1
494,98,538.937,460.598,27.582,72.479,1,-1,-1,-1
494,100,460.332,460.633,25.634,78.216,1,-1,-1,-1
494,101,634.365,455.609,33.775,88.614,1,-1,-1,-1
494,102,1181.212,448.592,35.131,86.719,1,-1,-1,-1
494,103,377.676,459.088,54.866,125.167,1,-1,-1,-1
495,4,1405.942,376.704,274.898,702.185,1,-1,-1,-1
495,68,821.204,441.702,133.077,289.544,1,-1,-1,-1
495,74,659.028,437.692,115.882,268.555,1,-1,-1,-1
495,80,957.054,432.899,101.980,249.087,1,-1,-1,-1
495,88,1220.325,430.327,211.823,590.563,1,-1,-1,-1
495,91,1639.192,407.524,159.783,441.429,1,-1,-1,-1
495,93,1084.714,449.335,44.659,148.911,1,-1,-1,-1
495,95,568.155,456.562,35.086,82.638,1,-1,-1,-1
495,97,1114.842,442.218,37.904,136.376,1,-1,-1,-1
495,98,538.165,460.467,27.623,72.410,1,-1,-1,-1
495,100,460.681,459.729,25.635,77.938,1,-1,-1,-1
495,101,634.886,455.167,34.302,91.414,1,-1,-1,-1
495,102,1179.905,448.672,35.450,86.031,1,-1,-1,-1
495,103,377.819,458.832,54.879,124.297,1,-1,-1,-1
496,4,1415.119,374.954,273.589,704.332,1,-1,-1,-1
496,68,825.074,440.432,134.356,291.847,1,-1,-1,-1
496,74,660.565,436.542,114.769,268.499,1,-1,-1,-1
496,80,962.380,432.824,102.490,250.094,1,-1,-1,-1
496,88,1220.561,428.831,214.697,589.676,1,-1,-1,-1
496,91,1645.572,410.745,161.686,440.863,1,-1,-1,-1
496,93,1084.555,448.500,46.937,149.859,1,-1,-1,-1
496,95,568.619,455.818,34.821,82.902,1,-1,-1,-1
496,98,538.457,460.454,27.561,72.171,1,-1,-1,-1
496,100,461.156,459.715,25.519,77.712,1,-1,-1,-1
496,101,636.253,454.794,34.463,92.580,1,-1,-1,-1
496,102,1178.328,448.377,35.762,85.751,1,-1,-1,-1
496,103,378.518,459.059,55.246,123.969,1,-1,-1,-1
496,104,795.700,476.800,52.800,56.300,1,-1,-1,-1
497,4,1423.854,376.265,270.597,704.504,1,-1,-1,-1
497,68,830.045,441.739,134.495,291.489,1,-1,-1,-1
497,74,665.782,437.424,111.505,266.817,1,-1,-1,-1
497,80,967.639,430.057,103.612,251.827,1,-1,-1,-1
497,88,1221.445,423.430,215.734,594.850,1,-1,-1,-1
497,91,1653.594,409.731,163.675,445.074,1,-1,-1,-1
497,93,1083.795,446.317,49.652,151.701,1,-1,-1,-1
497,95,568.722,455.793,34.657,83.263,1,-1,-1,-1
497,98,538.882,460.724,27.613,72.307,1,-1,-1,-1
497,100,460.228,459.451,25.287,77.424,1,-1,-1,-1
497,101,635.017,453.649,34.574,92.999,1,-1,-1,-1
497,102,1178.006,449.059,36.071,85.003,1,-1,-1,-1
497,103,378.548,459.361,55.644,124.847,1,-1,-1,-1
497,104,795.580,478.014,54.641,56.472,1,-1,-1,-1
498,4,1435.153,373.162,264.946,706.583,1,-1,-1,-1
498,68,835.854,440.888,134.075,290.776,1,-1,-1,-1
498,74,671.001,435.980,108.062,268.560,1,-1,-1,-1
498,80,969.819,429.667,106.294,252.788,1,-1,-1,-1
498,88,1222.448,425.124,219.808,595.898,1,-1,-1,-1
498,91,1662.862,407.663,170.062,453.704,1,-1,-1,-1
498,93,1083.362,447.844,51.219,152.758,1,-1,-1,-1
498,95,569.542,455.756,34.389,83.448,1,-1,-1,-1
498,98,537.889,460.569,27.963,73.192,1,-1,-1,-1
498,100,460.254,459.372,25.202,76.821,1,-1,-1,-1
498,101,634.959,453.158,34.450,92.934,1,-1,-1,-1
498,102,1177.987,448.685,36.432,85.496,1,-1,-1,-1
498,103,378.496,459.486,55.967,125.130,1,-1,-1,-1
498,104,798.085,478.026,56.501,58.201,1,-1,-1,-1
499,4,1445.977,374.890,261.630,706.294,1,-1,-1,-1
499,68,842.538,439.262,132.321,290.819,1,-1,-1,-1
499,74,676.930,435.507,103.974,269.072,1,-1,-1,-1
499,80,970.864,431.339,109.039,251.798,1,-1,-1,-1
499,88,1224.101,428.362,221.876,592.916,1,-1,-1,-1
499,91,1669.288,414.965,178.002,460.729,1,-1,-1,-1
499,93,1083.017,445.896,53.011,154.201,1,-1,-1,-1
499,95,570.018,455.751,34.076,83.428,1,-1,-1,-1
499,98,537.232,460.445,28.381,73.714,1,-1,-1,-1
499,100,460.322,459.461,25.086,76.300,1,-1,-1,-1
499,101,635.197,452.536,34.414,92.386,1,-1,-1,-1
499,102,1177.885,448.649,36.729,86.113,1,-1,-1,-1
499,103,378.604,460.043,55.875,124.468,1,-1,-1,-1
499,104,797.393,477.373,57.792,59.584,1,-1,-1,-1
500,4,1458.336,374.381,256.337,706.722,1,-1,-1,-1
500,68,848.661,437.266,131.775,292.290,1,-1,-1,-1
500,74,683.493,435.303,99.627,269.841,1,-1,-1,-1
500,80,970.557,432.541,111.369,251.654,1,-1,-1,-1
500,88,1226.938,430.373,222.229,591.303,1,-1,-1,-1
500,91,1681.655,410.389,187.683,470.034,1,-1,-1,-1
500,93,1082.903,444.622,54.230,155.777,1,-1,-1,-1
500,95,569.773,456.517,33.813,83.182,1,-1,-1,-1
500,98,537.217,460.539,28.977,74.341,1,-1,-1,-1
500,100,460.308,459.708,25.217,75.948,1,-1,-1,-1
500,101,635.579,452.902,34.484,92.499,1,-1,-1,-1
500,102,1177.940,449.311,36.487,85.826,1,-1,-1,-1
500,103,378.880,460.299,55.890,123.977,1,-1,-1,-1
500,104,796.883,476.815,58.355,60.735,1,-1,-1,-1
501,4,1469.908,373.216,252.037,707.546,1,-1,-1,-1
501,68,855.553,437.911,130.563,291.618,1,-1,-1,-1
501,74,690.037,435.109,95.693,270.695,1,-1,-1,-1
501,80,971.968,435.169,112.814,250.706,1,-1,-1,-1
501,88,1236.116,422.563,220.736,599.250,1,-1,-1,-1
501,91,1690.465,409.207,196.166,475.474,1,-1,-1,-1
501,93,1083.538,445.841,55.148,155.354,1,-1,-1,-1
501,95,569.899,457.000,33.392,82.895,1,-1,-1,-1
501,98,537.868,460.705,29.254,74.372,1,-1,-1,-1
501,100,460.245,459.699,25.472,75.965,1,-1,-1,-1
501,101,637.144,453.952,34.580,91.709,1,-1,-1,-1
501,102,1177.659,449.404,36.301,85.925,1,-1,-1,-1
501,103,379.543,460.729,55.654,123.310,1,-1,-1,-1
501,104,796.448,476.603,58.822,61.053,1,-1,-1,-1
502,4,1481.012,373.432,247.909,707.681,1,-1,-1,-1
502,68,862.677,437.925,129.601,291.447,1,-1,-1,-1
502,74,695.344,435.456,91.688,270.114,1,-1,-1,-1
502,80,974.893,433.897,112.734,250.098,1,-1,-1,-1
502,88,1248.012,421.737,213.663,602.012,1,-1,-1,-1
502,91,1696.672,409.570,203.590,480.571,1,-1,-1,-1
502,93,1084.554,445.040,55.951,155.070,1,-1,-1,-1
502,95,570.667,457.147,33.283,82.781,1,-1,-1,-1
502,98,537.614,460.948,29.569,74.406,1,-1,-1,-1
502,100,460.116,460.002,25.671,76.283,1,-1,-1,-1
502,101,636.719,454.359,34.425,91.126,1,-1,-1,-1
502,102,1178.083,449.589,36.054,85.551,1,-1,-1,-1
502,103,380.234,460.980,55.124,122.403,1,-1,-1,-1
502,104,795.310,476.757,58.752,60.898,1,-1,-1,-1
503,4,1494.231,373.519,241.336,707.682,1,-1,-1,-1
503,68,868.669,438.033,130.054,291.515,1,-1,-1,-1
503,74,700.204,434.187,87.474,269.106,1,-1,-1,-1
503,80,976.496,434.444,111.238,249.550,1,-1,-1,-1
503,88,1261.001,421.464,206.415,602.183,1,-1,-1,-1
503,91,1699.920,408.583,208.984,485.228,1,-1,-1,-1
503,93,1085.481,446.312,56.584,154.443,1,-1,-1,-1
503,95,570.479,457.186,33.142,82.436,1,-1,-1,-1
503,98,537.882,460.965,29.861,74.753,1,-1,-1,-1
503,100,459.352,460.025,25.625,75.940,1,-1,-1,-1
503,101,636.879,454.390,34.723,90.753,1,-1,-1,-1
503,102,1177.804,449.649,36.073,85.579,1,-1,-1,-1
503,103,380.606,461.143,54.585,121.453,1,-1,-1,-1
503,104,795.721,477.400,59.233,60.901,1,-1,-1,-1
503,105,678.900,464.900,31.900,82.900,1,-1,-1,-1
504,4,1505.951,376.589,241.296,706.007,1,-1,-1,-1
504,68,874.044,437.564,130.232,292.438,1,-1,-1,-1
504,74,705.144,434.326,84.837,267.747,1,-1,-1,-1
504,80,982.021,435.318,107.940,247.800,1,-1,-1,-1
504,88,1273.748,419.728,202.282,604.325,1,-1,-1,-1
504,91,1707.562,411.378,210.091,483.414,1,-1,-1,-1
504,93,1086.205,446.919,58.271,153.719,1,-1,-1,-1
504,95,571.438,456.506,33.301,82.770,1,-1,-1,-1
504,98,537.313,460.775,30.129,75.005,1,-1,-1,-1
504,100,459.600,459.558,25.470,75.326,1,-1,-1,-1
504,101,636.840,454.253,34.990,90.641,1,-1,-1,-1
504,102,1177.562,449.779,36.174,85.589,1,-1,-1,-1
504,103,380.963,461.109,54.273,120.949,1,-1,-1,-1
504,104,794.666,477.590,59.598,60.896,1,-1,-1,-1
504,105,667.922,460.863,28.258,76.575,1,-1,-1,-1
504,106,835.700,476.000,52.600,64.800,1,-1,-1,-1
505,4,1510.508,375.420,246.197,706.461,1,-1,-1,-1
505,68,882.408,436.909,128.818,291.989,1,-1,-1,-1
505,74,709.613,436.416,83.604,267.086,1,-1,-1,-1
505,80,989.196,440.519,103.577,245.480,1,-1,-1,-1
505,88,1286.212,417.012,200.402,602.845,1,-1,-1,-1
505,91,1713.620,410.728,210.209,489.231,1,-1,-1,-1
505,93,1089.828,445.244,57.531,152.699,1,-1,-1,-1
505,95,571.147,456.818,33.157,82.730,1,-1,-1,-1
505,98,536.977,460.626,30.328,75.440,1,-1,-1,-1
505,100,459.429,459.582,25.308,75.026,1,-1,-1,-1
505,101,637.237,454.589,35.404,90.412,1,-1,-1,-1
505,102,1177.256,449.942,36.269,86.100,1,-1,-1,-1
505,103,381.136,461.335,53.991,120.410,1,-1,-1,-1
505,104,793.893,477.613,59.743,60.964,1,-1,-1,-1
505,105,669.258,461.358,28.410,77.467,1,-1,-1,-1
505,106,834.091,474.599,54.119,71.002,1,-1,-1,-1
505,107,683.100,468.600,35.100,79.000,1,-1,-1,-1
506,4,1518.099,374.615,250.593,706.975,1,-1,-1,-1
506,68,888.761,434.311,129.097,293.522,1,-1,-1,-1
506,74,715.294,435.369,83.124,267.128,1,-1,-1,-1
506,80,996.996,440.585,99.391,244.736,1,-1,-1,-1
506,88,1296.757,418.356,194.148,606.090,1,-1,-1,-1
506,91,1722.672,414.335,205.712,489.949,1,-1,-1,-1
506,93,1091.463,445.527,57.014,151.932,1,-1,-1,-1
506,95,571.902,456.690,33.251,82.941,1,-1,-1,-1
506,98,536.926,460.728,30.439,75.605,1,-1,-1,-1
506,100,459.224,459.314,25.218,74.623,1,-1,-1,-1
506,101,637.850,455.076,35.514,90.128,1,-1,-1,-1
506,102,1177.218,449.709,36.496,86.826,1,-1,-1,-1
506,103,381.189,461.589,53.677,119.932,1,-1,-1,-1
506,104,794.284,477.798,60.391,60.751,1,-1,-1,-1
506,106,832.741,473.161,54.272,74.548,1,-1,-1,-1
506,107,676.610,462.189,30.881,75.225,1,-1,-1,-1
507,4,1522.892,378.202,257.078,704.945,1,-1,-1,-1
507,68,890.276,437.442,133.392,292.417,1,-1,-1,-1
507,74,719.353,434.906,83.755,265.777,1,-1,-1,-1
507,80,1004.016,439.040,95.730,244.687,1,-1,-1,-1
507,88,1304.986,417.224,189.846,607.674,1,-1,-1,-1
507,91,1729.996,409.797,198.608,494.664,1,-1,-1,-1
507,93,1091.056,445.785,57.443,151.494,1,-1,-1,-1
507,95,572.027,456.982,33.006,82.922,1,-1,-1,-1
507,98,537.616,461.498,30.429,75.371,1,-1,-1,-1
507,100,459.808,458.936,25.120,73.988,1,-1,-1,-1
507,101,638.597,455.226,35.731,89.888,1,-1,-1,-1
507,102,1176.962,449.406,36.623,87.275,1,-1,-1,-1
507,103,381.129,461.668,53.346,119.653,1,-1,-1,-1
507,104,798.331,478.115,58.912,60.691,1,-1,-1,-1
507,106,833.672,472.648,53.523,76.034,1,-1,-1,-1
507,107,670.135,458.714,29.454,74.609,1,-1,-1,-1
508,4,1528.958,381.678,265.229,702.435,1,-1,-1,-1
508,68,896.364,436.936,137.623,291.418,1,-1,-1,-1
508,74,722.273,435.017,87.477,263.658,1,-1,-1,-1
508,80,1013.685,436.371,90.412,244.303,1,-1,-1,-1
508,88,1313.363,423.568,191.081,615.165,1,-1,-1,-1
508,91,1738.282,410.209,192.456,501.402,1,-1,-1,-1
508,93,1091.428,447.897,57.608,149.871,1,-1,-1,-1
508,95,571.990,457.521,33.133,82.705,1,-1,-1,-1
508,98,538.286,461.889,30.451,75.400,1,-1,-1,-1
508,100,459.726,459.332,25.053,73.596,1,-1,-1,-1
508,101,638.253,455.334,35.915,90.019,1,-1,-1,-1
508,102,1176.911,449.391,36.924,87.842,1,-1,-1,-1
508,103,381.042,461.749,53.361,119.575,1,-1,-1,-1
508,105,675.508,457.839,28.158,77.550,1,-1,-1,-1
508,106,833.566,472.749,53.396,77.158,1,-1,-1,-1
509,4,1533.293,378.233,271.840,703.883,1,-1,-1,-1
509,68,900.480,438.930,141.146,289.023,1,-1,-1,-1
509,74,725.344,435.014,91.526,264.263,1,-1,-1,-1
509,80,1021.115,433.640,85.130,241.705,1,-1,-1,-1
509,88,1319.943,422.014,192.503,625.188,1,-1,-1,-1
509,91,1745.528,405.891,186.497,507.115,1,-1,-1,-1
509,93,1093.790,446.890,57.226,150.212,1,-1,-1,-1
509,95,572.114,457.525,33.282,82.691,1,-1,-1,-1
509,98,538.550,462.045,30.299,75.513,1,-1,-1,-1
509,100,460.142,459.456,25.063,73.187,1,-1,-1,-1
509,101,637.648,455.406,35.781,90.197,1,-1,-1,-1
509,102,1177.174,449.370,37.011,87.896,1,-1,-1,-1
509,103,381.290,461.792,53.530,119.387,1,-1,-1,-1
509,105,675.581,457.847,27.084,77.860,1,-1,-1,-1
509,106,834.064,472.414,52.619,77.527,1,-1,-1,-1
509,108,689.600,456.700,35.400,90.000,1,-1,-1,-1
510,4,1536.350,380.215,284.127,702.809,1,-1,-1,-1
510,68,904.227,440.012,142.261,287.866,1,-1,-1,-1
510,74,727.913,433.051,95.829,264.908,1,-1,-1,-1
510,80,1028.245,437.132,83.059,241.991,1,-1,-1,-1
510,88,1323.417,426.435,198.830,625.366,1,-1,-1,-1
510,91,1750.193,401.404,181.473,512.584,1,-1,-1,-1
510,93,1095.456,448.007,55.881,147.879,1,-1,-1,-1
510,95,572.462,457.109,33.507,83.054,1,-1,-1,-1
510,98,538.783,461.715,30.159,75.536,1,-1,-1,-1
510,100,461.368,460.074,24.900,72.814,1,-1,-1,-1
510,101,637.477,456.036,35.648,90.361,1,-1,-1,-1
510,102,1177.726,448.995,36.741,87.476,1,-1,-1,-1
510,103,381.275,461.958,53.548,119.147,1,-1,-1,-1
510,105,680.092,459.901,27.533,81.159,1,-1,-1,-1
510,106,834.582,471.813,52.676,79.301,1,-1,-1,-1
510,108,696.572,457.473,40.553,107.852,1,-1,-1,-1
511,4,1541.416,378.776,295.149,703.582,1,-1,-1,-1
511,68,906.382,441.407,143.929,287.681,1,-1,-1,-1
511,74,728.759,434.096,99.760,264.529,1,-1,-1,-1
511,80,1032.702,437.803,82.616,241.331,1,-1,-1,-1
511,88,1324.647,419.719,203.401,630.517,1,-1,-1,-1
511,91,1754.585,399.594,176.592,514.454,1,-1,-1,-1
511,93,1096.037,449.635,54.892,147.930,1,-1,-1,-1
511,95,572.383,457.073,33.216,82.943,1,-1,-1,-1
511,98,539.029,461.316,29.976,75.819,1,-1,-1,-1
511,100,461.171,460.250,24.928,72.605,1,-1,-1,-1
511,101,637.541,456.247,35.510,90.147,1,-1,-1,-1
511,102,1177.671,449.048,36.457,87.128,1,-1,-1,-1
511,103,381.320,461.673,53.377,119.097,1,-1,-1,-1
511,106,834.157,471.673,53.499,80.868,1,-1,-1,-1
511,108,696.349,453.871,43.536,118.458,1,-1,-1,-1
512,4,1543.929,376.346,301.471,705.156,1,-1,-1,-1
512,68,907.835,442.406,144.185,286.995,1,-1,-1,-1
512,74,728.858,435.276,102.820,263.751,1,-1,-1,-1
512,80,1037.323,437.696,85.323,242.129,1,-1,-1,-1
512,88,1325.234,418.710,209.506,633.097,1,-1,-1,-1
512,91,1757.125,399.921,172.879,515.544,1,-1,-1,-1
512,95,572.656,456.232,33.401,83.310,1,-1,-1,-1
512,98,538.496,461.202,29.840,75.972,1,-1,-1,-1
512,100,460.953,460.400,24.835,72.300,1,-1,-1,-1
512,101,638.285,455.657,35.497,90.415,1,-1,-1,-1
512,102,1177.550,448.792,36.360,87.686,1,-1,-1,-1
512,103,381.300,462.221,53.176,118.681,1,-1,-1,-1
512,106,834.034,471.070,53.805,80.584,1,-1,-1,-1
512,108,694.566,450.870,44.886,125.015,1,-1,-1,-1
513,4,1547.828,377.372,306.650,704.932,1,-1,-1,-1
513,68,908.991,443.363,143.659,286.289,1,-1,-1,-1
513,74,728.883,435.349,106.121,265.394,1,-1,-1,-1
513,80,1040.328,437.179,89.249,242.796,1,-1,-1,-1
513,88,1335.418,417.919,214.551,644.365,1,-1,-1,-1
513,95,572.490,456.020,33.476,83.428,1,-1,-1,-1
513,98,538.622,461.185,29.709,75.774,1,-1,-1,-1
513,100,460.841,460.535,24.797,72.033,1,-1,-1,-1
513,101,639.686,455.417,35.389,90.215,1,-1,-1,-1
513,102,1177.836,448.855,36.255,87.975,1,-1,-1,-1
513,103,381.176,462.435,53.050,118.446,1,-1,-1,-1
513,106,834.512,470.908,53.887,80.268,1,-1,-1,-1
513,108,692.699,449.294,45.056,128.714,1,-1,-1,-1
514,4,1549.340,377.529,309.988,704.926,1,-1,-1,-1
514,68,909.037,443.175,144.589,285.221,1,-1,-1,-1
514,74,729.904,436.967,109.173,265.065,1,-1,-1,-1
514,80,1045.001,438.939,91.612,242.071,1,-1,-1,-1
514,88,1340.015,424.549,221.779,648.100,1,-1,-1,-1
514,95,572.350,455.617,33.449,83.726,1,-1,-1,-1
514,98,538.941,460.982,29.502,75.758,1,-1,-1,-1
514,100,459.997,460.612,24.951,72.278,1,-1,-1,-1
514,101,640.810,455.316,35.313,90.481,1,-1,-1,-1
514,102,1178.163,448.588,36.178,88.214,1,-1,-1,-1
514,103,380.811,462.436,52.896,118.450,1,-1,-1,-1
514,106,835.919,470.135,53.269,80.691,1,-1,-1,-1
514,108,691.156,446.861,45.448,131.682,1,-1,-1,-1
514,109,413.700,470.700,48.200,96.900,1,-1,-1,-1
515,4,1552.704,376.316,313.985,705.708,1,-1,-1,-1
515,68,912.992,443.431,144.031,283.496,1,-1,-1,-1
515,74,730.217,436.047,110.720,265.266,1,-1,-1,-1
515,80,1046.994,440.513,94.846,241.611,1,-1,-1,-1
515,88,1338.898,423.758,228.439,649.504,1,-1,-1,-1
515,91,1775.517,385.462,159.729,529.132,1,-1,-1,-1
515,95,572.138,455.588,33.289,83.984,1,-1,-1,-1
515,98,538.975,461.284,29.459,75.446,1,-1,-1,-1
515,100,459.287,460.604,25.208,72.516,1,-1,-1,-1
515,101,641.369,455.113,35.183,91.432,1,-1,-1,-1
515,102,1178.357,448.384,36.210,88.515,1,-1,-1,-1
515,103,381.318,462.598,52.568,118.128,1,-1,-1,-1
515,106,836.368,471.010,53.712,80.520,1,-1,-1,-1
515,108,688.852,446.583,45.179,131.936,1,-1,-1,-1
515,109,413.024,471.352,48.252,96.795,1,-1,-1,-1
516,4,1555.281,376.874,314.377,705.539,1,-1,-1,-1
516,68,915.763,442.277,142.969,282.989,1,-1,-1,-1
516,74,732.903,436.263,111.186,264.404,1,-1,-1,-1
516,80,1048.725,438.497,97.683,243.124,1,-1,-1,-1
516,88,1339.637,423.495,233.176,650.496,1,-1,-1,-1
516,95,572.019,456.142,32.971,83.801,1,-1,-1,-1
516,98,539.441,461.417,29.315,75.156,1,-1,-1,-1
516,100,458.733,460.660,25.426,72.753,1,-1,-1,-1
516,101,642.597,454.694,35.159,92.930,1,-1,-1,-1
516,102,1178.542,448.177,36.198,88.500,1,-1,-1,-1
516,103,381.614,462.761,52.469,118.062,1,-1,-1,-1
516,106,837.100,471.466,53.796,80.063,1,-1,-1,-1
516,108,687.757,446.160,45.164,132.278,1,-1,-1,-1
517,4,1557.136,373.174,312.894,707.689,1,-1,-1,-1
517,68,917.276,442.553,142.686,282.414,1,-1,-1,-1
517,74,737.112,436.712,109.878,262.624,1,-1,-1,-1
517,80,1050.761,436.996,98.975,243.850,1,-1,-1,-1
517,88,1338.264,424.381,237.612,650.425,1,-1,-1,-1
517,95,572.289,456.941,32.932,83.340,1,-1,-1,-1
517,98,539.740,461.823,29.268,75.114,1,-1,-1,-1
517,100,459.200,460.649,25.473,72.908,1,-1,-1,-1
517,101,643.223,454.625,34.794,94.228,1,-1,-1,-1
517,102,1178.864,447.589,35.951,87.950,1,-1,-1,-1
517,103,381.887,462.773,52.273,117.873,1,-1,-1,-1
517,106,836.342,471.869,53.816,78.887,1,-1,-1,-1
517,108,687.565,446.273,43.740,130.393,1,-1,-1,-1
517,109,412.080,471.579,48.522,97.466,1,-1,-1,-1
518,4,1558.173,374.285,308.813,707.533,1,-1,-1,-1
518,68,919.084,442.174,142.146,283.822,1,-1,-1,-1
518,74,740.550,435.141,108.762,262.169,1,-1,-1,-1
518,80,1049.711,439.819,100.351,242.951,1,-1,-1,-1
518,88,1333.007,428.094,242.510,641.322,1,-1,-1,-1
518,95,572.564,457.444,32.958,83.089,1,-1,-1,-1
518,98,540.250,462.113,29.233,75.083,1,-1,-1,-1
518,100,457.626,460.922,25.740,73.263,1,-1,-1,-1
518,101,644.466,454.167,34.502,95.643,1,-1,-1,-1
518,102,1179.044,447.769,36.004,87.858,1,-1,-1,-1
518,103,382.106,462.883,52.123,117.720,1,-1,-1,-1
518,106,835.595,472.220,53.670,79.160,1,-1,-1,-1
518,108,687.002,447.872,42.728,127.992,1,-1,-1,-1
518,109,411.827,472.674,45.708,96.650,1,-1,-1,-1
519,4,1561.707,373.004,308.683,708.477,1,-1,-1,-1
519,68,923.531,441.415,140.516,284.610,1,-1,-1,-1
519,74,745.296,435.231,105.236,261.808,1,-1,-1,-1
519,80,1052.107,439.838,100.636,241.769,1,-1,-1,-1
519,88,1331.651,425.045,248.364,635.852,1,-1,-1,-1
519,95,572.317,458.228,32.947,82.650,1,-1,-1,-1
519,98,540.343,462.367,29.148,74.776,1,-1,-1,-1
519,100,456.825,460.817,25.997,73.815,1,-1,-1,-1
519,101,645.793,453.801,33.819,96.294,1,-1,-1,-1
519,102,1178.913,447.886,36.160,88.061,1,-1,-1,-1
519,103,382.158,462.972,51.893,117.501,1,-1,-1,-1
519,106,835.451,471.997,53.525,79.371,1,-1,-1,-1
519,108,686.800,449.762,41.948,126.714,1,-1,-1,-1
519,109,412.877,472.004,46.371,97.185,1,-1,-1,-1
520,4,1565.376,373.718,307.268,708.340,1,-1,-1,-1
520,68,927.258,442.770,140.031,284.369,1,-1,-1,-1
520,74,748.927,434.878,102.388,261.087,1,-1,-1,-1
520,80,1052.299,439.853,101.281,240.315,1,-1,-1,-1
520,88,1334.414,427.157,251.952,634.024,1,-1,-1,-1
520,95,572.410,458.499,33.216,82.399,1,-1,-1,-1
520,98,540.621,462.645,29.339,74.681,1,-1,-1,-1
520,100,452.191,462.974,26.936,75.114,1,-1,-1,-1
520,101,646.170,453.554,32.791,97.336,1,-1,-1,-1
520,102,1179.180,448.394,35.781,87.480,1,-1,-1,-1
520,103,381.866,462.445,51.666,117.493,1,-1,-1,-1
520,106,835.469,471.654,53.582,78.380,1,-1,-1,-1
520,108,685.043,449.865,41.691,125.952,1,-1,-1,-1
520,109,414.876,471.536,46.147,97.030,1,-1,-1,-1
520,110,725.100,449.600,30.000,91.200,1,-1,-1,-1
520,111,886.200,417.600,82.800,283.100,1,-1,-1,-1
520,112,465.100,461.500,26.300,67.900,1,-1,-1,-1
521,4,1567.961,374.016,306.998,708.249,1,-1,-1,-1
521,68,934.651,443.201,135.235,283.468,1,-1,-1,-1
521,74,755.078,434.363,99.464,260.806,1,-1,-1,-1
521,80,1052.602,440.345,101.747,239.434,1,-1,-1,-1
521,88,1336.948,423.820,253.834,638.755,1,-1,-1,-1
521,95,572.088,458.579,33.245,82.208,1,-1,-1,-1
521,98,541.527,463.001,29.364,74.464,1,-1,-1,-1
521,100,449.413,463.561,27.989,76.323,1,-1,-1,-1
521,101,647.230,453.082,32.879,97.957,1,-1,-1,-1
521,102,1179.571,448.648,35.447,87.076,1,-1,-1,-1
521,103,381.696,461.980,51.328,117.629,1,-1,-1,-1
521,106,835.743,472.143,54.379,78.407,1,-1,-1,-1
521,108,683.198,450.204,41.515,125.709,1,-1,-1,-1
521,109,416.848,471.122,45.625,96.624,1,-1,-1,-1
521,110,722.915,448.354,29.471,89.392,1,-1,-1,-1
521,111,884.608,415.023,86.585,286.854,1,-1,-1,-1
522,4,1573.432,374.979,307.699,707.697,1,-1,-1,-1
522,68,943.068,445.770,128.883,281.968,1,-1,-1,-1
522,74,761.906,433.590,95.304,260.565,1,-1,-1,-1
522,80,1053.489,439.789,102.908,238.427,1,-1,-1,-1
522,88,1341.184,425.351,254.826,641.966,1,-1,-1,-1
522,95,571.949,458.689,33.153,82.034,1,-1,-1,-1
522,98,542.028,463.249,29.242,74.213,1,-1,-1,-1
522,100,448.500,463.264,28.607,77.016,1,-1,-1,-1
522,101,647.489,453.126,32.181,98.586,1,-1,-1,-1
522,102,1179.634,448.617,35.489,86.920,1,-1,-1,-1
522,103,381.480,461.867,51.131,117.556,1,-1,-1,-1
522,106,837.070,475.192,56.099,81.743,1,-1,-1,-1
522,108,681.839,450.473,41.474,125.516,1,-1,-1,-1
522,109,416.889,471.255,45.507,96.465,1,-1,-1,-1
522,110,720.845,449.826,29.558,89.584,1,-1,-1,-1
522,111,882.036,408.525,91.669,299.391,1,-1,-1,-1
522,112,463.861,460.744,26.677,68.112,1,-1,-1,-1
523,4,1575.786,376.466,308.452,706.685,1,-1,-1,-1
523,68,951.402,446.877,123.263,281.325,1,-1,-1,-1
523,74,770.499,434.389,90.981,260.074,1,-1,-1,-1
523,80,1056.640,440.303,103.918,238.355,1,-1,-1,-1
523,88,1351.136,424.578,251.479,644.673,1,-1,-1,-1
523,95,572.470,458.732,33.340,82.284,1,-1,-1,-1
523,98,543.014,463.176,28.960,74.181,1,-1,-1,-1
523,100,442.602,465.858,30.005,80.069,1,-1,-1,-1
523,101,648.826,452.768,31.292,97.935,1,-1,-1,-1
523,102,1179.838,448.465,35.534,87.538,1,-1,-1,-1
523,103,381.260,461.678,50.701,117.498,1,-1,-1,-1
523,108,680.018,450.250,42.312,125.875,1,-1,-1,-1
523,109,415.251,471.506,45.266,98.113,1,-1,-1,-1
523,110,723.345,448.753,30.819,91.204,1,-1,-1,-1
523,111,881.863,404.392,95.802,304.307,1,-1,-1,-1
523,112,463.359,460.847,26.848,68.851,1,-1,-1,-1
524,4,1579.458,377.662,310.886,705.691,1,-1,-1,-1
524,68,960.847,445.368,117.654,280.157,1,-1,-1,-1
524,74,777.401,434.009,87.258,260.163,1,-1,-1,-1
524,80,1060.016,439.027,104.054,239.246,1,-1,-1,-1
524,88,1359.026,425.324,248.148,642.985,1,-1,-1,-1
524,95,572.564,458.378,33.484,83.045,1,-1,-1,-1
524,98,543.622,462.838,28.758,74.456,1,-1,-1,-1
524,101,648.388,452.752,31.568,97.113,1,-1,-1,-1
524,102,1180.349,447.790,35.528,87.509,1,-1,-1,-1
524,103,381.149,461.324,50.614,117.719,1,-1,-1,-1
524,108,678.127,449.126,43.473,126.098,1,-1,-1,-1
524,109,415.838,470.747,45.056,99.146,1,-1,-1,-1
524,110,720.877,447.351,31.938,93.659,1,-1,-1,-1
524,111,887.461,404.640,95.715,305.951,1,-1,-1,-1
524,112,461.903,461.103,27.267,69.654,1,-1,-1,-1
525,4,1583.914,375.421,311.243,706.650,1,-1,-1,-1
525,68,968.197,444.441,113.998,279.106,1,-1,-1,-1
525,74,783.884,434.788,86.042,259.086,1,-1,-1,-1
525,80,1064.366,438.539,102.341,240.310,1,-1,-1,-1
525,88,1375.674,424.272,240.024,642.484,1,-1,-1,-1
525,95,572.686,458.304,33.556,83.402,1,-1,-1,-1
525,98,542.971,462.530,28.920,74.913,1,-1,-1,-1
525,101,648.559,453.379,31.484,96.251,1,-1,-1,-1
525,102,1181.281,446.930,35.743,87.077,1,-1,-1,-1
525,103,381.324,461.238,50.429,117.582,1,-1,-1,-1
525,108,676.907,448.984,44.220,125.805,1,-1,-1,-1
525,109,416.447,469.727,45.255,100.397,1,-1,-1,-1
525,110,718.978,447.681,32.098,93.536,1,-1,-1,-1
525,111,892.027,408.358,93.843,302.721,1,-1,-1,-1
525,112,460.219,461.143,27.911,70.773,1,-1,-1,-1
525,113,666.600,454.000,27.000,106.300,1,-1,-1,-1
526,4,1588.424,371.804,319.202,709.084,1,-1,-1,-1
526,68,975.936,443.665,111.448,279.034,1,-1,-1,-1
526,74,790.130,435.113,85.990,259.549,1,-1,-1,-1
526,80,1067.129,438.266,102.594,240.437,1,-1,-1,-1
526,88,1384.982,421.513,234.149,642.728,1,-1,-1,-1
526,95,572.956,457.340,33.586,84.097,1,-1,-1,-1
526,98,542.751,461.941,29.040,75.438,1,-1,-1,-1
526,101,649.744,453.243,31.531,95.104,1,-1,-1,-1
526,102,1179.834,447.619,36.152,88.156,1,-1,-1,-1
526,103,381.368,461.134,50.293,117.614,1,-1,-1,-1
526,108,675.746,449.488,44.671,124.969,1,-1,-1,-1
526,109,416.584,469.075,45.430,101.535,1,-1,-1,-1
526,110,719.179,447.922,32.309,93.578,1,-1,-1,-1
526,111,894.307,407.666,92.732,303.944,1,-1,-1,-1
526,112,460.022,460.582,28.247,71.218,1,-1,-1,-1
527,4,1595.730,374.392,321.352,708.104,1,-1,-1,-1
527,68,981.925,444.001,108.268,278.146,1,-1,-1,-1
527,74,795.575,435.712,87.918,258.589,1,-1,-1,-1
527,80,1071.390,437.248,103.572,240.488,1,-1,-1,-1
527,88,1397.316,421.378,227.008,645.605,1,-1,-1,-1
527,95,573.238,456.798,33.689,84.641,1,-1,-1,-1
527,98,543.115,461.650,29.154,75.767,1,-1,-1,-1
527,101,651.520,452.869,31.737,95.312,1,-1,-1,-1
527,102,1179.246,446.887,36.181,88.341,1,-1,-1,-1
527,103,381.419,461.077,50.190,117.602,1,-1,-1,-1
527,108,673.811,450.256,45.353,123.430,1,-1,-1,-1
527,109,416.611,468.522,45.661,102.314,1,-1,-1,-1
527,110,717.936,447.969,33.328,94.696,1,-1,-1,-1
527,111,898.122,408.640,90.436,305.463,1,-1,-1,-1
527,112,459.692,460.587,28.480,71.508,1,-1,-1,-1
528,4,1597.022,371.032,323.478,710.093,1,-1,-1,-1
528,68,987.904,440.838,106.148,280.285,1,-1,-1,-1
528,74,799.794,435.736,91.713,257.987,1,-1,-1,-1
528,80,1073.665,435.533,104.512,241.670,1,-1,-1,-1
528,88,1411.072,418.627,221.899,650.447,1,-1,-1,-1
528,95,573.652,456.275,33.957,85.024,1,-1,-1,-1
528,98,545.008,461.810,28.677,75.743,1,-1,-1,-1
528,101,648.972,453.560,31.430,94.446,1,-1,-1,-1
528,102,1178.728,446.690,36.257,88.452,1,-1,-1,-1
528,103,381.616,461.805,50.333,117.347,1,-1,-1,-1
528,108,672.619,450.976,45.102,122.510,1,-1,-1,-1
528,109,416.743,468.057,45.818,102.396,1,-1,-1,-1
528,110,717.857,448.305,33.624,94.715,1,-1,-1,-1
528,111,901.470,407.687,87.132,302.886,1,-1,-1,-1
528,112,457.074,462.327,29.473,72.824,1,-1,-1,-1
529,4,1606.326,368.503,319.500,711.928,1,-1,-1,-1
529,68,994.536,441.781,104.813,281.526,1,-1,-1,-1
529,74,802.492,434.482,96.616,259.706,1,-1,-1,-1
529,80,1081.015,435.717,101.544,238.763,1,-1,-1,-1
529,88,1423.936,417.856,214.589,647.540,1,-1,-1,-1
529,95,574.130,456.003,34.124,85.379,1,-1,-1,-1
529,98,544.821,461.821,28.524,75.766,1,-1,-1,-1
529,102,1178.563,447.683,36.288,88.780,1,-1,-1,-1
529,103,381.919,462.297,50.208,116.887,1,-1,-1,-1
529,108,671.365,452.301,44.727,121.300,1,-1,-1,-1
529,109,416.365,468.015,45.729,102.691,1,-1,-1,-1
529,110,717.271,450.131,33.264,93.395,1,-1,-1,-1
529,111,906.110,407.534,85.374,302.672,1,-1,-1,-1
529,112,457.593,461.931,29.422,72.586,1,-1,-1,-1
530,4,1615.774,357.194,313.453,718.848,1,-1,-1,-1
530,68,998.807,440.292,105.528,283.684,1,-1,-1,-1
530,74,805.135,434.975,102.192,260.651,1,-1,-1,-1
530,80,1085.885,432.388,100.744,239.643,1,-1,-1,-1
530,88,1431.539,421.066,209.997,650.716,1,-1,-1,-1
530,95,573.986,455.383,34.305,86.027,1,-1,-1,-1
530,98,544.877,461.637,28.582,76.018,1,-1,-1,-1
530,102,1179.023,448.386,36.107,88.584,1,-1,-1,-1
530,103,381.642,462.488,49.974,116.706,1,-1,-1,-1
530,108,668.977,452.456,44.040,120.351,1,-1,-1,-1
530,109,415.774,468.029,45.657,102.812,1,-1,-1,-1
530,110,715.748,450.556,33.361,93.849,1,-1,-1,-1
530,111,909.688,405.022,84.684,304.000,1,-1,-1,-1
530,112,459.335,461.190,28.874,71.208,1,-1,-1,-1
531,4,1627.966,359.888,304.432,719.297,1,-1,-1,-1
531,68,1002.816,441.548,107.510,283.745,1,-1,-1,-1
531,74,805.769,432.935,108.667,260.444,1,-1,-1,-1
531,80,1088.095,434.900,100.535,238.723,1,-1,-1,-1
531,88,1440.049,421.101,205.910,654.732,1,-1,-1,-1
531,95,573.475,455.573,34.096,85.816,1,-1,-1,-1
531,98,544.105,461.593,28.734,76.126,1,-1,-1,-1
531,102,1180.193,447.159,36.074,89.277,1,-1,-1,-1
531,103,381.641,462.709,50.081,116.472,1,-1,-1,-1
531,108,667.537,452.322,43.364,119.650,1,-1,-1,-1
531,109,414.878,468.191,45.785,102.942,1,-1,-1,-1
531,110,715.406,450.923,33.392,93.767,1,-1,-1,-1
531,111,912.294,407.526,85.669,304.170,1,-1,-1,-1
531,112,461.636,461.161,27.890,69.105,1,-1,-1,-1
532,4,1640.854,368.129,293.789,715.538,1,-1,-1,-1
532,68,1005.663,442.301,111.119,283.288,1,-1,-1,-1
532,74,807.456,432.944,112.373,262.138,1,-1,-1,-1
532,80,1089.723,435.012,98.520,239.433,1,-1,-1,-1
532,88,1446.401,420.531,205.785,657.845,1,-1,-1,-1
532,95,573.612,455.476,34.195,85.948,1,-1,-1,-1
532,98,543.722,461.776,28.957,76.353,1,-1,-1,-1
532,102,1179.841,447.121,36.018,89.727,1,-1,-1,-1
532,103,381.507,462.661,50.073,116.320,1,-1,-1,-1
532,108,665.954,451.643,43.180,119.983,1,-1,-1,-1
532,109,414.595,468.226,45.783,102.979,1,-1,-1,-1
532,110,715.150,451.527,33.575,93.302,1,-1,-1,-1
532,111,915.772,409.882,86.667,304.126,1,-1,-1,-1
532,112,461.678,461.694,27.507,67.959,1,-1,-1,-1
533,4,1649.975,370.608,284.508,713.412,1,-1,-1,-1
533,68,1006.825,441.859,113.588,282.418,1,-1,-1,-1
533,74,808.804,433.518,114.291,261.261,1,-1,-1,-1
533,80,1092.552,434.565,97.426,239.134,1,-1,-1,-1
533,88,1451.842,419.802,208.002,660.206,1,-1,-1,-1
533,95,574.054,455.119,34.295,86.182,1,-1,-1,-1
533,98,543.839,462.041,29.092,76.570,1,-1,-1,-1
533,102,1178.891,446.925,35.993,89.021,1,-1,-1,-1
533,103,381.276,462.407,50.178,116.407,1,-1,-1,-1
533,108,664.702,450.900,42.938,120.622,1,-1,-1,-1
533,109,414.532,468.381,45.633,102.973,1,-1,-1,-1
533,110,715.697,452.542,33.526,93.838,1,-1,-1,-1
533,111,919.172,410.811,87.935,304.267,1,-1,-1,-1
533,112,461.652,461.889,27.187,67.273,1,-1,-1,-1
534,4,1664.092,368.378,272.291,713.660,1,-1,-1,-1
534,68,1011.527,442.165,115.042,282.709,1,-1,-1,-1
534,74,808.968,435.083,117.387,259.026,1,-1,-1,-1
534,80,1094.043,434.192,95.582,238.335,1,-1,-1,-1
534,88,1456.194,423.111,210.178,659.179,1,-1,-1,-1
534,95,574.883,454.757,34.699,86.399,1,-1,-1,-1
534,98,543.967,461.742,29.357,76.795,1,-1,-1,-1
534,102,1177.890,445.507,36.285,88.896,1,-1,-1,-1
534,103,381.250,462.463,50.365,116.528,1,-1,-1,-1
534,108,663.788,450.710,42.512,120.422,1,-1,-1,-1
534,109,414.941,467.930,45.761,103.074,1,-1,-1,-1
534,110,716.706,452.852,33.193,93.951,1,-1,-1,-1
534,111,922.592,412.364,91.112,303.995,1,-1,-1,-1
534,112,460.710,462.274,27.418,67.782,1,-1,-1,-1
535,4,1677.704,367.995,259.649,713.480,1,-1,-1,-1
535,68,1014.961,443.738,114.808,279.844,1,-1,-1,-1
535,74,809.645,431.976,118.823,260.756,1,-1,-1,-1
535,80,1096.744,436.683,93.030,238.532,1,-1,-1,-1
535,88,1460.767,421.734,211.661,660.416,1,-1,-1,-1
535,95,575.067,454.828,35.102,86.331,1,-1,-1,-1
535,98,544.374,461.803,29.188,76.656,1,-1,-1,-1
535,102,1175.373,445.440,37.409,91.701,1,-1,-1,-1
535,103,381.232,462.363,50.527,116.556,1,-1,-1,-1
535,108,662.418,450.422,42.462,120.457,1,-1,-1,-1
535,109,414.770,467.510,46.006,103.347,1,-1,-1,-1
535,110,716.673,452.879,32.800,94.070,1,-1,-1,-1
535,111,921.997,409.898,95.390,305.213,1,-1,-1,-1
535,112,459.768,462.256,27.830,68.826,1,-1,-1,-1
536,4,1690.869,369.023,246.889,712.641,1,-1,-1,-1
536,68,1017.288,444.412,115.511,278.930,1,-1,-1,-1
536,74,810.453,434.890,120.231,258.851,1,-1,-1,-1
536,80,1099.361,440.027,91.438,236.762,1,-1,-1,-1
536,88,1464.107,420.406,214.998,661.728,1,-1,-1,-1
536,95,575.208,454.673,35.423,86.281,1,-1,-1,-1
536,98,544.123,461.481,29.010,76.769,1,-1,-1,-1
536,103,380.812,462.348,50.445,116.391,1,-1,-1,-1
536,108,661.357,449.990,42.508,120.402,1,-1,-1,-1
536,109,414.896,467.632,46.240,103.546,1,-1,-1,-1
536,110,716.563,452.287,32.669,94.298,1,-1,-1,-1
536,111,922.791,407.594,101.255,308.648,1,-1,-1,-1
536,112,458.152,462.654,28.348,69.986,1,-1,-1,-1
537,4,1707.542,376.213,231.879,708.396,1,-1,-1,-1
537,68,1020.488,444.754,115.040,278.216,1,-1,-1,-1
537,74,810.961,433.059,120.578,258.855,1,-1,-1,-1
537,80,1102.203,440.745,89.835,234.775,1,-1,-1,-1
537,88,1466.020,419.468,218.090,662.792,1,-1,-1,-1
537,95,575.027,454.131,35.411,86.644,1,-1,-1,-1
537,98,544.200,460.976,28.716,77.054,1,-1,-1,-1
537,103,380.812,462.436,50.495,116.272,1,-1,-1,-1
537,108,660.333,449.545,42.422,120.167,1,-1,-1,-1
537,109,414.691,467.651,46.378,103.679,1,-1,-1,-1
537,110,716.205,451.287,32.877,94.725,1,-1,-1,-1
537,111,926.952,407.499,106.635,308.245,1,-1,-1,-1
537,112,458.048,462.185,28.539,70.403,1,-1,-1,-1
538,4,1718.470,371.252,219.646,709.490,1,-1,-1,-1
538,68,1024.344,445.203,114.721,276.848,1,-1,-1,-1
538,74,812.137,431.448,122.238,259.652,1,-1,-1,-1
538,80,1100.753,442.252,89.346,234.154,1,-1,-1,-1
538,88,1465.638,415.205,223.826,665.948,1,-1,-1,-1
538,95,574.647,454.399,35.621,86.756,1,-1,-1,-1
538,98,544.828,460.822,28.837,77.543,1,-1,-1,-1
538,103,380.910,462.622,50.587,116.380,1,-1,-1,-1
538,108,658.762,449.879,42.555,119.930,1,-1,-1,-1
538,109,414.883,467.665,46.413,103.586,1,-1,-1,-1
538,110,716.133,450.593,33.045,94.840,1,-1,-1,-1
538,111,926.073,409.451,113.480,309.155,1,-1,-1,-1
538,112,456.881,462.370,29.053,71.270,1,-1,-1,-1
539,4,1733.362,372.899,205.509,708.186,1,-1,-1,-1
539,68,1027.305,444.637,113.293,277.150,1,-1,-1,-1
539,74,813.670,431.193,123.027,257.562,1,-1,-1,-1
539,80,1099.935,445.392,87.644,232.299,1,-1,-1,-1
539,88,1465.011,413.129,227.892,668.105,1,-1,-1,-1
539,95,574.318,454.434,35.666,87.132,1,-1,-1,-1
539,98,544.650,460.650,28.923,77.760,1,-1,-1,-1
539,103,380.787,462.459,50.428,116.302,1,-1,-1,-1
539,108,657.637,450.315,42.509,119.820,1,-1,-1,-1
539,109,414.711,468.038,46.261,103.406,1,-1,-1,-1
539,110,715.788,450.171,33.433,95.122,1,-1,-1,-1
539,111,928.143,410.050,120.270,308.582,1,-1,-1,-1
539,112,457.283,462.111,29.156,71.325,1,-1,-1,-1
540,4,1741.424,374.966,195.108,706.506,1,-1,-1,-1
540,68,1031.805,442.611,112.461,278.669,1,-1,-1,-1
540,74,815.750,428.736,121.235,258.638,1,-1,-1,-1
540,88,1467.078,408.483,230.867,671.732,1,-1,-1,-1
540,95,574.970,454.368,36.275,87.240,1,-1,-1,-1
540,98,544.479,460.300,29.346,78.086,1,-1,-1,-1
540,103,381.146,462.675,50.282,116.240,1,-1,-1,-1
540,108,656.425,450.866,42.388,119.668,1,-1,-1,-1
540,109,414.676,468.004,45.751,103.361,1,-1,-1,-1
540,110,714.987,450.145,33.757,94.952,1,-1,-1,-1
540,111,927.654,406.652,123.512,310.085,1,-1,-1,-1
540,112,457.602,462.189,29.149,70.655,1,-1,-1,-1
540,114,505.600,458.400,21.200,53.100,1,-1,-1,-1
541,4,1750.270,374.200,185.057,706.091,1,-1,-1,-1
541,68,1033.625,443.532,112.641,279.267,1,-1,-1,-1
541,74,816.773,430.742,120.020,256.530,1,-1,-1,-1
541,88,1469.512,408.634,233.453,671.631,1,-1,-1,-1
541,95,575.274,454.270,36.776,87.430,1,-1,-1,-1
541,98,544.102,459.929,29.601,78.426,1,-1,-1,-1
541,102,1174.425,447.427,41.760,97.937,1,-1,-1,-1
541,103,381.349,462.750,50.231,116.360,1,-1,-1,-1
541,108,655.438,451.246,41.979,119.012,1,-1,-1,-1
541,109,415.135,467.965,45.462,103.201,1,-1,-1,-1
541,110,714.520,450.564,34.354,95.398,1,-1,-1,-1
541,111,924.282,408.327,127.343,308.838,1,-1,-1,-1
541,112,458.777,461.742,29.021,70.033,1,-1,-1,-1
541,114,507.031,457.523,21.638,53.853,1,-1,-1,-1
541,115,797.100,478.200,48.700,65.000,1,-1,-1,-1
542,68,1037.675,441.441,112.399,280.334,1,-1,-1,-1
542,74,821.092,431.022,117.393,257.246,1,-1,-1,-1
542,88,1477.659,404.929,234.676,672.273,1,-1,-1,-1
542,95,575.288,454.450,37.415,87.461,1,-1,-1,-1
542,98,544.761,460.087,29.783,78.417,1,-1,-1,-1
542,102,1174.093,446.607,44.359,101.445,1,-1,-1,-1
542,103,381.494,462.724,50.079,116.188,1,-1,-1,-1
542,108,654.687,451.725,41.422,118.226,1,-1,-1,-1
542,109,415.359,468.098,45.255,103.170,1,-1,-1,-1
542,110,714.130,450.357,35.025,96.159,1,-1,-1,-1
542,111,923.094,409.422,130.495,308.287,1,-1,-1,-1
542,112,460.605,460.865,28.773,69.180,1,-1,-1,-1
542,114,501.698,458.511,21.864,54.548,1,-1,-1,-1
542,115,798.013,476.513,52.174,63.574,1,-1,-1,-1
543,68,1039.230,442.393,111.699,280.845,1,-1,-1,-1
543,74,825.737,431.734,114.450,256.201,1,-1,-1,-1
543,80,1112.149,447.413,80.458,229.108,1,-1,-1,-1
543,88,1485.946,401.813,233.167,676.215,1,-1,-1,-1
543,95,575.296,454.589,37.962,87.398,1,-1,-1,-1
543,98,545.563,460.320,30.113,78.788,1,-1,-1,-1
543,102,1175.612,444.993,46.555,105.430,1,-1,-1,-1
543,103,381.569,462.725,50.051,116.230,1,-1,-1,-1
543,108,654.214,452.070,41.020,118.061,1,-1,-1,-1
543,109,415.575,467.859,45.045,103.085,1,-1,-1,-1
543,110,713.415,450.326,35.382,96.473,1,-1,-1,-1
543,111,923.677,407.576,131.724,307.613,1,-1,-1,-1
543,112,461.544,461.454,28.712,68.780,1,-1,-1,-1
543,114,502.648,458.635,22.353,55.560,1,-1,-1,-1
543,115,796.728,475.496,56.562,63.538,1,-1,-1,-1
544,68,1045.708,442.347,108.363,280.294,1,-1,-1,-1
544,74,832.684,432.387,111.341,254.665,1,-1,-1,-1
544,80,1115.262,447.351,77.822,227.839,1,-1,-1,-1
544,88,1493.447,402.960,230.911,676.675,1,-1,-1,-1
544,95,576.651,454.528,38.194,86.949,1,-1,-1,-1
544,98,546.251,460.063,30.438,79.229,1,-1,-1,-1
544,102,1175.794,444.053,48.858,108.227,1,-1,-1,-1
544,103,381.502,462.767,49.972,116.032,1,-1,-1,-1
544,108,653.864,451.794,40.702,118.158,1,-1,-1,-1
544,109,415.496,467.997,44.893,103.052,1,-1,-1,-1
544,110,713.679,450.088,35.511,96.250,1,-1,-1,-1
544,111,926.468,405.650,130.670,306.794,1,-1,-1,-1
544,112,461.438,462.191,28.757,68.590,1,-1,-1,-1
544,114,503.031,458.289,22.536,56.113,1,-1,-1,-1
544,115,795.745,475.545,57.704,61.410,1,-1,-1,-1
545,68,1052.862,442.197,104.586,279.635,1,-1,-1,-1
545,74,840.461,432.702,108.770,253.182,1,-1,-1,-1
545,80,1115.951,446.171,74.662,229.470,1,-1,-1,-1
545,88,1503.774,403.672,226.419,675.345,1,-1,-1,-1
545,95,577.328,454.604,38.003,86.647,1,-1,-1,-1
545,98,546.252,460.279,30.477,79.226,1,-1,-1,-1
545,102,1177.406,442.835,50.154,109.352,1,-1,-1,-1
545,103,381.335,463.033,49.967,115.719,1,-1,-1,-1
545,108,653.559,451.594,40.352,117.800,1,-1,-1,-1
545,109,415.350,468.162,44.873,103.209,1,-1,-1,-1
545,110,714.151,450.050,35.813,96.576,1,-1,-1,-1
545,111,928.126,407.154,129.165,304.764,1,-1,-1,-1
545,112,459.911,463.026,29.189,69.303,1,-1,-1,-1
545,114,503.359,458.087,22.718,56.630,1,-1,-1,-1
545,115,796.285,476.129,58.676,60.285,1,-1,-1,-1
546,68,1061.131,443.174,101.142,277.913,1,-1,-1,-1
546,74,849.864,436.367,103.635,249.918,1,-1,-1,-1
546,88,1515.446,401.699,222.226,672.753,1,-1,-1,-1
546,95,578.643,454.790,37.945,86.481,1,-1,-1,-1
546,98,546.217,459.980,30.479,79.331,1,-1,-1,-1
546,102,1179.223,443.093,50.624,109.097,1,-1,-1,-1
546,103,381.340,463.078,49.962,115.516,1,-1,-1,-1
546,108,653.265,452.088,40.062,116.918,1,-1,-1,-1
546,109,415.421,468.240,44.937,103.106,1,-1,-1,-1
546,110,715.460,450.164,35.836,97.220,1,-1,-1,-1
546,111,931.745,409.514,126.896,303.105,1,-1,-1,-1
546,112,458.579,463.092,29.678,70.070,1,-1,-1,-1
546,114,503.702,457.943,22.796,56.842,1,-1,-1,-1
546,115,796.322,476.272,59.409,60.328,1,-1,-1,-1
546,116,832.600,474.700,60.600,73.400,1,-1,-1,-1
546,117,1042.900,454.800,38.400,98.100,1,-1,-1,-1
547,68,1070.683,443.464,98.636,277.752,1,-1,-1,-1
547,74,860.533,436.742,97.576,248.244,1,-1,-1,-1
547,88,1526.492,402.201,219.159,669.752,1,-1,-1,-1
547,95,579.168,454.806,38.041,86.528,1,-1,-1,-1
547,98,545.907,460.212,30.340,79.072,1,-1,-1,-1
547,102,1180.832,442.290,50.822,109.282,1,-1,-1,-1
547,103,380.982,463.241,50.094,115.146,1,-1,-1,-1
547,108,652.996,452.207,39.684,116.592,1,-1,-1,-1
547,109,415.416,468.305,45.158,103.192,1,-1,-1,-1
547,110,715.566,450.209,35.847,97.651,1,-1,-1,-1
547,111,934.106,407.953,123.249,303.472,1,-1,-1,-1
547,112,456.927,463.691,30.331,71.099,1,-1,-1,-1
547,114,504.037,457.627,22.980,57.066,1,-1,-1,-1
547,115,795.024,475.745,59.932,60.627,1,-1,-1,-1
547,116,834.397,472.881,55.607,74.638,1,-1,-1,-1
547,117,1041.272,449.374,35.156,94.553,1,-1,-1,-1
548,68,1077.365,442.124,96.651,278.246,1,-1,-1,-1
548,74,869.467,437.483,91.597,247.590,1,-1,-1,-1
548,88,1536.826,404.859,215.229,672.009,1,-1,-1,-1
548,95,579.513,455.010,38.082,86.282,1,-1,-1,-1
548,98,546.171,460.402,30.293,78.965,1,-1,-1,-1
548,102,1183.420,440.685,50.097,109.323,1,-1,-1,-1
548,103,380.937,463.289,49.968,115.033,1,-1,-1,-1
548,108,652.667,452.646,39.408,116.270,1,-1,-1,-1
548,109,415.189,468.161,45.234,103.300,1,-1,-1,-1
548,110,715.497,449.825,36.070,97.495,1,-1,-1,-1
548,111,938.814,411.061,119.707,302.814,1,-1,-1,-1
548,112,456.761,463.325,30.648,71.619,1,-1,-1,-1
548,114,504.987,457.469,23.185,57.488,1,-1,-1,-1
548,115,794.154,475.747,59.929,60.682,1,-1,-1,-1
548,116,834.474,473.351,54.711,74.969,1,-1,-1,-1
548,117,1043.947,445.743,34.694,93.156,1,-1,-1,-1
549,68,1081.384,441.111,97.081,279.906,1,-1,-1,-1
549,74,876.109,436.629,88.828,247.593,1,-1,-1,-1
549,88,1544.001,406.892,213.727,672.935,1,-1,-1,-1
549,95,579.195,455.223,38.248,86.048,1,-1,-1,-1
549,98,546.927,460.109,30.259,78.803,1,-1,-1,-1
549,102,1185.246,439.637,49.518,109.750,1,-1,-1,-1
549,103,381.094,463.505,49.902,114.922,1,-1,-1,-1
549,108,651.999,452.453,39.147,115.694,1,-1,-1,-1
549,109,415.341,467.962,45.372,103.301,1,-1,-1,-1
549,110,715.446,449.965,36.465,97.837,1,-1,-1,-1
549,111,944.575,412.287,115.299,300.574,1,-1,-1,-1
549,114,506.697,456.869,23.385,57.897,1,-1,-1,-1
549,115,793.701,475.778,59.441,60.886,1,-1,-1,-1
549,116,834.414,473.040,54.225,75.790,1,-1,-1,-1
549,117,1045.781,445.122,35.607,92.958,1,-1,-1,-1
550,68,1086.111,441.482,98.640,279.623,1,-1,-1,-1
550,74,880.920,437.068,86.123,247.249,1,-1,-1,-1
550,88,1546.411,401.722,215.181,677.146,1,-1,-1,-1
550,95,579.116,455.317,38.395,85.738,1,-1,-1,-1
550,98,547.157,460.559,30.150,78.599,1,-1,-1,-1
550,102,1187.254,438.130,49.222,111.086,1,-1,-1,-1
550,103,381.046,463.664,49.769,114.723,1,-1,-1,-1
550,108,651.394,451.981,38.897,114.904,1,-1,-1,-1
550,109,415.620,467.908,45.441,103.127,1,-1,-1,-1
550,110,715.786,449.993,36.809,98.336,1,-1,-1,-1
550,111,951.254,415.293,110.758,297.313,1,-1,-1,-1
550,114,509.468,456.423,23.535,58.082,1,-1,-1,-1
550,115,793.585,475.712,59.097,60.940,1,-1,-1,-1
550,116,834.958,472.589,54.028,77.113,1,-1,-1,-1
550,117,1048.958,446.479,35.629,93.804,1,-1,-1,-1
551,68,1088.835,441.336,101.647,280.034,1,-1,-1,-1
551,74,884.468,436.701,84.837,247.147,1,-1,-1,-1
551,88,1549.894,399.866,217.879,679.777,1,-1,-1,-1
551,95,579.402,455.678,38.447,85.622,1,-1,-1,-1
551,98,548.113,460.378,29.988,78.637,1,-1,-1,-1
551,102,1188.514,438.296,48.048,111.428,1,-1,-1,-1
551,103,381.566,463.751,49.757,114.856,1,-1,-1,-1
551,108,650.984,451.415,39.027,114.665,1,-1,-1,-1
551,109,416.106,467.610,45.293,102.899,1,-1,-1,-1
551,110,715.452,449.759,36.948,99.009,1,-1,-1,-1
551,111,959.665,413.169,105.285,297.169,1,-1,-1,-1
551,114,510.646,456.281,23.591,58.098,1,-1,-1,-1
551,115,794.811,475.802,58.528,60.822,1,-1,-1,-1
551,116,834.769,472.648,53.373,76.587,1,-1,-1,-1
551,117,1047.884,444.191,36.736,97.088,1,-1,-1,-1
552,68,1089.890,441.437,104.013,280.798,1,-1,-1,-1
552,74,889.581,436.995,84.122,247.230,1,-1,-1,-1
552,88,1556.410,397.009,221.168,682.747,1,-1,-1,-1
552,95,579.723,456.031,38.540,85.732,1,-1,-1,-1
552,98,548.878,460.469,29.954,78.723,1,-1,-1,-1
552,102,1191.037,438.931,46.190,111.335,1,-1,-1,-1
552,103,381.451,463.777,49.858,114.984,1,-1,-1,-1
552,108,650.777,450.870,38.846,114.852,1,-1,-1,-1
552,109,415.975,467.421,45.472,103.097,1,-1,-1,-1
552,110,715.399,449.252,37.308,99.894,1,-1,-1,-1
552,111,968.437,412.693,99.254,294.615,1,-1,-1,-1
552,114,505.422,457.091,23.848,58.703,1,-1,-1,-1
552,115,794.956,476.015,57.743,61.107,1,-1,-1,-1
552,116,835.944,472.823,52.689,76.871,1,-1,-1,-1
553,68,1091.214,442.122,105.515,280.388,1,-1,-1,-1
553,74,893.533,435.863,85.502,248.186,1,-1,-1,-1
553,88,1561.632,394.746,223.564,685.274,1,-1,-1,-1
553,95,580.703,456.287,38.469,85.723,1,-1,-1,-1
553,98,548.541,460.737,30.067,78.876,1,-1,-1,-1
553,102,1193.327,438.177,44.843,112.116,1,-1,-1,-1
553,103,381.334,463.589,49.847,115.098,1,-1,-1,-1
553,108,650.628,451.259,38.712,114.853,1,-1,-1,-1
553,109,415.893,467.308,45.600,103.126,1,-1,-1,-1
553,110,715.990,448.499,37.591,100.496,1,-1,-1,-1
553,111,977.325,413.532,93.033,293.633,1,-1,-1,-1
553,114,502.884,457.323,24.003,58.872,1,-1,-1,-1
553,115,794.951,476.081,57.302,61.320,1,-1,-1,-1
553,116,836.697,472.805,52.474,77.607,1,-1,-1,-1
554,68,1091.607,442.615,106.285,280.227,1,-1,-1,-1
554,74,896.581,436.267,88.079,249.566,1,-1,-1,-1
554,88,1564.878,397.747,227.082,684.546,1,-1,-1,-1
554,95,581.354,456.684,38.251,85.573,1,-1,-1,-1
554,98,548.411,460.833,29.898,78.618,1,-1,-1,-1
554,102,1194.279,439.380,44.162,112.769,1,-1,-1,-1
554,103,381.339,463.565,49.811,115.178,1,-1,-1,-1
554,108,649.427,451.963,38.584,114.601,1,-1,-1,-1
554,109,416.045,467.294,45.410,102.955,1,-1,-1,-1
554,110,716.714,447.981,37.936,101.052,1,-1,-1,-1
554,111,984.650,412.336,90.003,294.663,1,-1,-1,-1
554,114,505.465,456.875,24.063,58.738,1,-1,-1,-1
554,115,795.273,476.225,56.888,61.704,1,-1,-1,-1
554,116,837.190,473.281,52.152,77.785,1,-1,-1,-1
555,68,1093.328,442.572,106.959,280.233,1,-1,-1,-1
555,74,897.585,433.457,90.070,252.365,1,-1,-1,-1
555,88,1566.396,403.768,232.856,681.121,1,-1,-1,-1
555,95,581.216,456.615,38.062,85.296,1,-1,-1,-1
555,98,548.316,461.000,29.777,78.647,1,-1,-1,-1
555,102,1192.579,440.286,44.625,112.245,1,-1,-1,-1
555,103,381.311,463.385,49.728,115.286,1,-1,-1,-1
555,108,648.451,452.594,38.518,114.309,1,-1,-1,-1
555,109,415.842,467.048,45.331,103.113,1,-1,-1,-1
555,110,716.906,447.592,38.156,101.580,1,-1,-1,-1
555,111,990.666,411.841,88.295,294.884,1,-1,-1,-1
555,114,506.238,456.878,24.097,58.533,1,-1,-1,-1
555,115,795.806,476.145,56.176,61.659,1,-1,-1,-1
555,116,836.705,473.659,52.266,77.492,1,-1,-1,-1
556,68,1094.196,443.778,108.106,279.486,1,-1,-1,-1
556,74,897.725,433.074,91.627,251.608,1,-1,-1,-1
556,88,1567.493,399.896,236.085,682.796,1,-1,-1,-1
556,95,580.794,456.551,38.118,85.263,1,-1,-1,-1
556,98,547.855,460.996,29.522,78.660,1,-1,-1,-1
556,103,381.101,463.169,49.640,115.361,1,-1,-1,-1
556,108,647.462,452.474,38.672,114.593,1,-1,-1,-1
556,109,415.946,467.103,45.330,103.206,1,-1,-1,-1
556,110,717.180,447.518,38.480,101.827,1,-1,-1,-1
556,111,994.989,411.432,89.272,294.569,1,-1,-1,-1
556,114,506.642,456.992,24.074,58.028,1,-1,-1,-1
556,115,796.274,476.247,55.903,61.579,1,-1,-1,-1
556,116,836.757,473.859,52.505,76.907,1,-1,-1,-1
557,68,1094.718,445.385,108.835,278.925,1,-1,-1,-1
557,74,897.697,436.232,93.891,251.450,1,-1,-1,-1
557,88,1569.061,396.633,239.321,684.923,1,-1,-1,-1
557,95,580.465,456.603,38.323,85.353,1,-1,-1,-1
557,98,548.139,460.731,29.281,78.665,1,-1,-1,-1
557,102,1191.973,442.499,46.229,114.176,1,-1,-1,-1
557,103,381.450,463.445,49.600,115.195,1,-1,-1,-1
557,108,646.696,452.427,38.977,114.708,1,-1,-1,-1
557,109,415.799,467.133,45.242,103.099,1,-1,-1,-1
557,110,717.443,447.554,38.858,102.381,1,-1,-1,-1
557,111,1000.413,412.038,90.712,294.048,1,-1,-1,-1
557,114,507.468,456.284,24.085,57.694,1,-1,-1,-1
557,115,796.725,476.087,55.776,61.622,1,-1,-1,-1
557,116,836.845,473.800,52.851,76.804,1,-1,-1,-1
558,68,1095.024,445.482,110.437,278.683,1,-1,-1,-1
558,74,898.947,436.698,95.388,252.077,1,-1,-1,-1
558,88,1572.307,395.138,243.957,686.447,1,-1,-1,-1
558,95,579.577,456.434,38.669,85.760,1,-1,-1,-1
558,98,547.838,460.645,29.215,78.703,1,-1,-1,-1
558,102,1193.839,443.851,47.322,114.427,1,-1,-1,-1
558,103,381.525,463.546,49.376,115.009,1,-1,-1,-1
558,108,645.577,452.317,38.975,114.545,1,-1,-1,-1
558,109,415.673,466.867,45.152,103.158,1,-1,-1,-1
558,110,717.474,447.703,39.126,102.512,1,-1,-1,-1
558,111,1003.404,412.113,93.056,293.845,1,-1,-1,-1
558,114,507.924,456.007,24.248,57.716,1,-1,-1,-1
558,115,796.974,476.027,55.766,61.574,1,-1,-1,-1
558,116,836.594,473.246,53.140,77.083,1,-1,-1,-1
559,68,1095.979,444.722,113.277,278.147,1,-1,-1,-1
559,74,899.642,436.235,96.860,251.956,1,-1,-1,-1
559,88,1576.118,390.222,248.751,690.058,1,-1,-1,-1
559,95,578.878,456.475,39.054,85.636,1,-1,-1,-1
559,98,547.797,460.846,29.166,78.509,1,-1,-1,-1
559,103,381.566,463.645,49.266,114.817,1,-1,-1,-1
559,108,644.640,452.175,38.943,114.228,1,-1,-1,-1
559,109,415.642,467.056,45.084,103.062,1,-1,-1,-1
559,110,717.639,447.540,39.232,102.477,1,-1,-1,-1
559,111,1006.480,412.536,97.116,293.121,1,-1,-1,-1
559,114,509.312,455.752,24.483,57.832,1,-1,-1,-1
559,115,796.887,476.032,55.791,61.571,1,-1,-1,-1
559,116,836.704,473.015,53.561,77.291,1,-1,-1,-1
560,68,1096.975,441.182,115.238,277.255,1,-1,-1,-1
560,74,901.052,433.710,96.152,251.244,1,-1,-1,-1
560,88,1577.619,387.404,254.083,692.901,1,-1,-1,-1
560,95,578.952,456.454,39.362,85.462,1,-1,-1,-1
560,98,547.909,461.100,29.411,78.994,1,-1,-1,-1
560,103,381.452,463.717,49.158,114.675,1,-1,-1,-1
560,108,643.496,452.375,38.863,113.798,1,-1,-1,-1
560,109,415.697,467.209,45.121,103.193,1,-1,-1,-1
560,110,717.699,447.619,38.937,101.918,1,-1,-1,-1
560,111,1007.277,411.195,102.527,290.175,1,-1,-1,-1
560,114,509.652,456.587,24.398,57.327,1,-1,-1,-1
560,115,797.108,476.170,56.009,61.498,1,-1,-1,-1
560,116,836.734,472.792,53.800,77.107,1,-1,-1,-1
561,68,1101.386,441.414,115.496,277.037,1,-1,-1,-1
561,74,904.979,431.418,95.885,250.899,1,-1,-1,-1
561,88,1579.305,385.389,257.692,695.190,1,-1,-1,-1
561,95,580.198,456.338,39.254,85.218,1,-1,-1,-1
561,98,547.925,461.326,29.616,79.373,1,-1,-1,-1
561,102,1201.279,443.742,47.318,114.273,1,-1,-1,-1
561,103,381.857,463.724,49.136,114.791,1,-1,-1,-1
561,108,643.253,453.206,38.050,112.980,1,-1,-1,-1
561,109,415.794,467.106,45.375,103.505,1,-1,-1,-1
561,110,718.223,448.061,38.917,101.792,1,-1,-1,-1
561,111,1008.183,411.748,107.937,290.407,1,-1,-1,-1
561,114,506.671,457.326,24.405,57.407,1,-1,-1,-1
561,115,797.124,476.494,56.025,61.519,1,-1,-1,-1
561,116,836.693,473.023,53.987,77.130,1,-1,-1,-1
561,118,519.200,458.600,23.200,56.000,1,-1,-1,-1
562,68,1106.304,441.281,113.875,276.303,1,-1,-1,-1
562,74,907.032,433.185,95.638,250.867,1,-1,-1,-1
562,88,1583.839,384.775,260.784,696.518,1,-1,-1,-1
562,95,580.761,456.792,39.285,84.845,1,-1,-1,-1
562,98,548.639,461.420,29.710,79.560,1,-1,-1,-1
562,102,1208.826,442.892,46.777,112.920,1,-1,-1,-1
562,103,381.932,463.912,49.090,114.791,1,-1,-1,-1
562,108,642.968,453.663,37.205,112.061,1,-1,-1,-1
562,109,415.992,467.323,45.278,103.567,1,-1,-1,-1
562,110,718.410,447.952,38.986,101.840,1,-1,-1,-1
562,111,1009.230,413.787,115.241,291.038,1,-1,-1,-1
562,114,505.858,457.452,24.280,57.091,1,-1,-1,-1
562,115,796.932,476.610,55.765,60.954,1,-1,-1,-1
562,116,837.020,473.209,53.956,76.937,1,-1,-1,-1
562,118,520.075,458.460,22.750,55.180,1,-1,-1,-1
563,68,1113.812,440.590,112.746,275.494,1,-1,-1,-1
563,74,911.185,431.495,94.085,249.718,1,-1,-1,-1
563,88,1587.082,384.931,264.378,697.130,1,-1,-1,-1
563,95,581.683,456.841,39.499,84.688,1,-1,-1,-1
563,98,549.049,460.879,29.721,79.473,1,-1,-1,-1
563,102,1213.996,442.926,46.694,111.669,1,-1,-1,-1
563,103,381.698,463.712,48.943,114.482,1,-1,-1,-1
563,108,642.345,453.328,36.923,111.555,1,-1,-1,-1
563,109,416.372,467.128,45.152,103.691,1,-1,-1,-1
563,110,718.854,448.036,39.231,101.995,1,-1,-1,-1
563,111,1010.213,415.080,120.496,291.034,1,-1,-1,-1
563,114,508.531,457.692,24.091,56.322,1,-1,-1,-1
563,115,796.921,476.820,55.540,60.865,1,-1,-1,-1
563,116,836.816,473.391,53.802,76.573,1,-1,-1,-1
564,68,1120.150,439.702,111.264,274.237,1,-1,-1,-1
564,74,915.930,430.905,92.580,250.371,1,-1,-1,-1
564,88,1590.852,390.959,268.609,693.886,1,-1,-1,-1
564,95,581.997,456.736,39.765,84.548,1,-1,-1,-1
564,98,549.308,460.401,29.703,79.654,1,-1,-1,-1
564,102,1217.340,442.898,47.075,111.143,1,-1,-1,-1
564,103,381.711,463.550,48.947,114.341,1,-1,-1,-1
564,108,642.649,452.577,37.228,112.155,1,-1,-1,-1
564,109,416.649,466.559,45.229,103.878,1,-1,-1,-1
564,110,719.148,447.802,39.579,102.454,1,-1,-1,-1
564,111,1009.412,416.458,124.442,292.065,1,-1,-1,-1
564,114,509.522,457.840,23.861,55.520,1,-1,-1,-1
564,115,797.248,477.041,55.311,60.681,1,-1,-1,-1
564,116,836.375,473.774,53.611,76.394,1,-1,-1,-1
565,68,1128.276,439.582,107.975,274.658,1,-1,-1,-1
565,74,921.154,430.814,90.321,248.224,1,-1,-1,-1
565,88,1600.926,395.541,273.802,690.501,1,-1,-1,-1
565,95,582.256,456.617,39.957,84.192,1,-1,-1,-1
565,98,550.337,459.473,29.913,80.104,1,-1,-1,-1
565,102,1219.031,443.331,46.890,110.637,1,-1,-1,-1
565,103,381.791,463.643,49.059,114.240,1,-1,-1,-1
565,108,642.916,452.594,37.221,111.980,1,-1,-1,-1
565,109,416.552,466.221,45.200,103.869,1,-1,-1,-1
565,110,719.435,447.610,39.800,102.634,1,-1,-1,-1
565,111,1010.070,415.040,126.762,293.585,1,-1,-1,-1
565,114,505.802,457.757,23.713,55.821,1,-1,-1,-1
565,115,797.327,477.073,55.116,60.519,1,-1,-1,-1
565,116,836.279,473.775,53.457,76.414,1,-1,-1,-1
565,118,519.663,457.724,22.319,54.739,1,-1,-1,-1
566,68,1135.466,440.329,104.341,274.633,1,-1,-1,-1
566,74,929.026,432.407,87.603,245.092,1,-1,-1,-1
566,88,1606.969,392.654,272.728,691.151,1,-1,-1,-1
566,95,582.219,457.155,40.344,83.938,1,-1,-1,-1
566,98,550.889,459.312,30.179,80.742,1,-1,-1,-1
566,102,1219.152,442.583,47.327,111.480,1,-1,-1,-1
566,103,381.466,463.402,49.030,114.299,1,-1,-1,-1
566,108,642.294,452.305,37.470,112.186,1,-1,-1,-1
566,109,416.207,466.359,45.018,104.316,1,-1,-1,-1
566,110,719.654,447.679,40.300,103.266,1,-1,-1,-1
566,111,1010.258,412.788,127.852,294.312,1,-1,-1,-1
566,114,506.492,457.760,23.564,55.669,1,-1,-1,-1
566,115,797.323,476.996,54.780,60.502,1,-1,-1,-1
566,116,836.194,473.352,53.232,76.476,1,-1,-1,-1
566,118,521.480,458.622,21.983,54.611,1,-1,-1,-1
566,119,664.200,451.300,35.200,102.500,1,-1,-1,-1
567,68,1141.503,441.608,102.354,275.203,1,-1,-1,-1
567,74,934.152,431.842,85.148,242.092,1,-1,-1,-1
567,88,1619.212,394.514,269.792,689.788,1,-1,-1,-1
567,95,581.839,457.644,40.680,83.727,1,-1,-1,-1
567,98,551.535,459.059,30.237,81.437,1,-1,-1,-1
567,102,1218.004,444.011,48.894,112.485,1,-1,-1,-1
567,103,381.822,463.401,48.845,114.470,1,-1,-1,-1
567,108,642.306,452.371,37.173,111.329,1,-1,-1,-1
567,109,416.359,466.346,44.772,104.555,1,-1,-1,-1
567,110,719.905,447.871,40.461,103.302,1,-1,-1,-1
567,111,1011.455,413.177,128.985,293.204,1,-1,-1,-1
567,114,504.222,458.589,23.349,55.850,1,-1,-1,-1
567,115,797.444,476.904,54.537,60.493,1,-1,-1,-1
567,116,836.176,473.168,52.923,76.480,1,-1,-1,-1
567,118,520.704,458.560,21.753,54.396,1,-1,-1,-1
567,119,666.915,451.055,34.371,99.891,1,-1,-1,-1
568,68,1145.621,441.378,101.924,276.276,1,-1,-1,-1
568,74,941.052,431.820,81.655,240.794,1,-1,-1,-1
568,88,1630.273,399.432,264.264,686.460,1,-1,-1,-1
568,95,581.236,458.152,41.118,83.719,1,-1,-1,-1
568,98,551.974,459.464,30.112,81.876,1,-1,-1,-1
568,103,382.235,464.288,48.871,114.131,1,-1,-1,-1
568,108,641.553,452.494,37.570,111.275,1,-1,-1,-1
568,109,416.545,467.079,44.615,104.347,1,-1,-1,-1
568,110,720.206,447.594,40.547,103.292,1,-1,-1,-1
568,111,1013.400,414.251,129.548,291.584,1,-1,-1,-1
568,114,500.467,460.552,23.181,55.560,1,-1,-1,-1
568,115,797.451,476.514,54.586,60.873,1,-1,-1,-1
568,116,836.694,472.811,52.607,76.334,1,-1,-1,-1
568,118,518.366,458.416,21.389,53.731,1,-1,-1,-1
568,119,666.031,450.940,35.374,102.103,1,-1,-1,-1
569,68,1149.174,443.735,104.171,274.741,1,-1,-1,-1
569,74,948.062,433.494,80.131,241.217,1,-1,-1,-1
569,88,1643.413,398.556,257.507,685.839,1,-1,-1,-1
569,95,582.127,457.305,40.530,83.767,1,-1,-1,-1
569,98,552.310,459.406,30.160,82.401,1,-1,-1,-1
569,103,382.034,464.675,48.945,113.969,1,-1,-1,-1
569,108,641.479,451.997,37.467,110.455,1,-1,-1,-1
569,109,416.919,466.968,44.536,104.720,1,-1,-1,-1
569,110,720.631,447.413,40.723,103.566,1,-1,-1,-1
569,111,1014.285,413.046,129.981,290.996,1,-1,-1,-1
569,114,499.524,461.466,23.029,55.231,1,-1,-1,-1
569,115,797.497,476.339,54.582,61.006,1,-1,-1,-1
569,116,836.686,472.495,52.308,76.510,1,-1,-1,-1
569,118,516.771,458.514,21.200,53.267,1,-1,-1,-1
569,119,665.618,450.399,36.629,104.205,1,-1,-1,-1
570,68,1151.391,443.386,106.805,275.015,1,-1,-1,-1
570,74,953.496,434.407,79.244,241.961,1,-1,-1,-1
570,88,1650.419,403.980,255.039,682.100,1,-1,-1,-1
570,95,582.286,457.795,40.457,83.594,1,-1,-1,-1
570,98,552.187,459.495,30.136,82.508,1,-1,-1,-1
570,103,382.017,464.936,48.917,114.067,1,-1,-1,-1
570,108,639.974,452.128,37.086,109.709,1,-1,-1,-1
570,109,417.197,466.832,44.362,104.656,1,-1,-1,-1
570,110,720.350,447.221,40.935,104.045,1,-1,-1,-1
570,111,1016.424,413.466,128.495,291.962,1,-1,-1,-1
570,114,501.136,461.559,22.858,54.814,1,-1,-1,-1
570,115,797.355,476.359,54.506,60.756,1,-1,-1,-1
570,116,836.714,472.166,52.263,76.607,1,-1,-1,-1
570,118,516.759,459.024,21.054,52.978,1,-1,-1,-1
570,119,666.550,450.639,37.132,104.727,1,-1,-1,-1
571,68,1154.216,443.023,110.098,275.251,1,-1,-1,-1
571,74,957.361,434.756,81.055,245.653,1,-1,-1,-1
571,88,1654.812,402.753,255.347,681.682,1,-1,-1,-1
571,95,582.005,457.809,40.377,83.739,1,-1,-1,-1
571,98,552.068,459.239,30.119,82.667,1,-1,-1,-1
571,103,382.135,464.635,48.982,114.444,1,-1,-1,-1
571,108,640.085,451.851,36.921,109.635,1,-1,-1,-1
571,109,416.584,466.925,44.096,104.601,1,-1,-1,-1
571,110,720.181,447.209,41.054,103.907,1,-1,-1,-1
571,111,1018.379,412.896,126.828,293.270,1,-1,-1,-1
571,115,797.377,476.423,54.652,60.615,1,-1,-1,-1
571,116,836.481,472.237,52.341,76.518,1,-1,-1,-1
571,119,666.664,450.471,37.305,104.806,1,-1,-1,-1
572,68,1157.828,442.843,114.094,275.881,1,-1,-1,-1
572,74,960.969,433.987,83.140,246.709,1,-1,-1,-1
572,88,1659.841,400.495,253.073,682.400,1,-1,-1,-1
572,95,582.692,457.886,40.509,83.518,1,-1,-1,-1
572,98,552.363,458.986,30.327,82.906,1,-1,-1,-1
572,103,382.141,464.350,48.888,114.463,1,-1,-1,-1
572,108,639.319,451.921,36.687,108.941,1,-1,-1,-1
572,109,416.359,467.075,43.847,104.611,1,-1,-1,-1
572,110,719.872,447.140,41.311,104.373,1,-1,-1,-1
572,111,1019.287,413.513,127.253,291.515,1,-1,-1,-1
572,115,797.411,476.409,54.654,60.707,1,-1,-1,-1
572,116,836.379,472.316,52.203,76.580,1,-1,-1,-1
572,119,666.195,450.753,37.758,104.827,1,-1,-1,-1
573,68,1160.351,442.046,117.998,276.335,1,-1,-1,-1
573,74,963.868,435.176,87.593,247.607,1,-1,-1,-1
573,88,1663.936,397.839,253.748,683.967,1,-1,-1,-1
573,95,581.930,458.416,41.153,83.279,1,-1,-1,-1
573,98,552.915,459.176,30.423,83.075,1,-1,-1,-1
573,103,381.871,464.338,48.873,114.341,1,-1,-1,-1
573,108,639.425,452.064,36.626,108.328,1,-1,-1,-1
573,109,416.056,467.488,43.471,104.552,1,-1,-1,-1
573,110,720.000,447.004,41.359,104.833,1,-1,-1,-1
573,111,1021.320,412.397,126.807,290.941,1,-1,-1,-1
573,115,797.422,476.342,54.658,60.803,1,-1,-1,-1
573,116,836.662,472.463,52.489,76.896,1,-1,-1,-1
573,119,665.412,451.241,38.142,105.139,1,-1,-1,-1
574,68,1161.805,439.699,120.688,277.135,1,-1,-1,-1
574,74,966.957,433.950,92.675,247.774,1,-1,-1,-1
574,88,1666.634,392.462,254.967,687.549,1,-1,-1,-1
574,95,582.770,458.029,40.498,83.381,1,-1,-1,-1
574,98,553.258,459.393,30.631,83.176,1,-1,-1,-1
574,103,381.565,464.700,48.751,114.082,1,-1,-1,-1
574,108,639.063,452.377,35.943,107.396,1,-1,-1,-1
574,109,416.475,467.915,43.112,104.314,1,-1,-1,-1
574,110,719.719,446.897,41.501,105.115,1,-1,-1,-1
574,111,1027.514,410.650,124.446,290.372,1,-1,-1,-1
574,115,797.448,476.646,54.681,60.704,1,-1,-1,-1
574,116,836.561,472.725,52.754,77.130,1,-1,-1,-1
574,119,665.469,451.642,38.815,104.838,1,-1,-1,-1
575,68,1162.297,439.241,122.204,276.319,1,-1,-1,-1
575,74,967.842,432.542,95.750,246.841,1,-1,-1,-1
575,88,1669.811,395.168,254.322,686.935,1,-1,-1,-1
575,95,582.888,458.462,40.900,83.626,1,-1,-1,-1
575,98,553.819,458.825,31.004,83.596,1,-1,-1,-1
575,103,381.556,464.891,48.688,113.809,1,-1,-1,-1
575,108,640.687,452.213,35.723,107.098,1,-1,-1,-1
575,109,416.626,468.412,42.932,104.005,1,-1,-1,-1
575,110,719.822,446.851,41.777,105.884,1,-1,-1,-1
575,111,1029.131,412.122,122.894,290.670,1,-1,-1,-1
575,115,797.478,476.351,54.648,60.771,1,-1,-1,-1
575,116,836.661,472.489,52.839,77.431,1,-1,-1,-1
575,119,665.079,452.118,38.990,104.850,1,-1,-1,-1
576,68,1164.946,438.915,121.969,275.350,1,-1,-1,-1
576,74,968.144,431.435,98.929,246.591,1,-1,-1,-1
576,88,1669.683,390.840,254.605,689.725,1,-1,-1,-1
576,95,581.754,459.619,41.960,83.625,1,-1,-1,-1
576,98,554.112,459.606,30.833,83.327,1,-1,-1,-1
576,103,381.696,465.038,48.641,113.554,1,-1,-1,-1
576,108,638.691,452.433,36.063,107.085,1,-1,-1,-1
576,109,416.539,469.428,42.632,103.469,1,-1,-1,-1
576,110,720.555,446.956,41.919,106.515,1,-1,-1,-1
576,111,1032.350,413.195,120.778,290.032,1,-1,-1,-1
576,115,797.685,476.541,54.895,60.520,1,-1,-1,-1
576,116,836.731,472.384,52.740,77.183,1,-1,-1,-1
576,119,665.504,452.635,38.443,104.679,1,-1,-1,-1
577,68,1166.916,440.326,122.374,275.130,1,-1,-1,-1
577,74,967.845,431.748,101.741,246.087,1,-1,-1,-1
577,88,1672.990,395.640,252.676,687.641,1,-1,-1,-1
577,95,582.252,459.446,40.755,83.599,1,-1,-1,-1
577,98,554.104,460.571,30.983,83.190,1,-1,-1,-1
577,103,381.684,464.819,48.690,113.480,1,-1,-1,-1
577,108,636.806,452.666,36.647,107.449,1,-1,-1,-1
577,109,416.429,469.821,42.218,102.850,1,-1,-1,-1
577,110,721.064,446.915,42.022,107.107,1,-1,-1,-1
577,111,1040.432,412.998,117.059,288.527,1,-1,-1,-1
577,115,797.794,476.807,54.992,60.364,1,-1,-1,-1
577,116,836.652,472.505,52.912,77.421,1,-1,-1,-1
577,119,666.448,452.628,38.396,104.985,1,-1,-1,-1
578,68,1170.081,440.520,122.481,275.159,1,-1,-1,-1
578,74,968.052,434.114,104.203,243.178,1,-1,-1,-1
578,88,1671.639,396.071,252.913,687.164,1,-1,-1,-1
578,95,581.372,460.165,42.297,84.033,1,-1,-1,-1
578,98,553.850,460.622,31.064,82.586,1,-1,-1,-1
578,103,381.357,464.840,48.835,113.373,1,-1,-1,-1
578,108,636.922,452.081,36.023,107.766,1,-1,-1,-1
578,109,415.922,470.348,42.277,102.631,1,-1,-1,-1
578,110,721.466,447.377,41.954,107.414,1,-1,-1,-1
578,111,1047.322,411.184,112.601,288.241,1,-1,-1,-1
578,115,797.660,476.413,55.051,60.644,1,-1,-1,-1
578,116,836.859,472.363,52.958,77.757,1,-1,-1,-1
578,119,666.591,452.619,38.454,105.348,1,-1,-1,-1
579,68,1171.543,441.478,123.788,274.325,1,-1,-1,-1
579,74,968.185,435.372,104.597,242.019,1,-1,-1,-1
579,88,1671.308,400.180,252.857,684.511,1,-1,-1,-1
579,95,582.525,459.317,40.946,84.079,1,-1,-1,-1
579,98,554.132,461.113,31.232,82.515,1,-1,-1,-1
579,103,381.458,464.739,48.831,113.484,1,-1,-1,-1
579,108,636.159,451.735,36.396,107.752,1,-1,-1,-1
579,109,415.880,470.358,42.266,102.526,1,-1,-1,-1
579,110,721.605,447.812,41.872,107.329,1,-1,-1,-1
579,111,1053.900,412.294,108.409,288.534,1,-1,-1,-1
579,115,797.503,476.231,55.151,60.880,1,-1,-1,-1
579,116,836.826,472.309,53.133,78.014,1,-1,-1,-1
579,119,666.451,452.346,38.650,105.798,1,-1,-1,-1
580,68,1172.957,441.008,124.034,274.377,1,-1,-1,-1
580,74,968.836,435.721,103.653,241.319,1,-1,-1,-1
580,88,1672.818,397.121,251.778,685.550,1,-1,-1,-1
580,95,583.113,458.710,40.126,84.197,1,-1,-1,-1
580,98,553.680,460.782,31.547,82.470,1,-1,-1,-1
580,103,381.602,464.559,48.882,113.483,1,-1,-1,-1
580,108,635.073,451.684,35.946,107.204,1,-1,-1,-1
580,109,416.029,470.393,42.201,102.280,1,-1,-1,-1
580,110,721.497,447.986,41.950,107.464,1,-1,-1,-1
580,111,1060.011,411.928,104.812,287.102,1,-1,-1,-1
580,115,797.339,475.889,55.201,61.190,1,-1,-1,-1
580,116,836.537,472.429,53.291,78.288,1,-1,-1,-1
580,119,665.797,452.932,39.053,106.086,1,-1,-1,-1
581,68,1177.005,440.402,123.284,274.410,1,-1,-1,-1
581,74,971.735,436.515,103.405,241.038,1,-1,-1,-1
581,88,1674.758,396.664,250.216,685.764,1,-1,-1,-1
581,95,584.212,458.329,39.555,84.470,1,-1,-1,-1
581,98,553.750,460.499,31.559,82.757,1,-1,-1,-1
581,103,381.332,464.472,48.836,113.258,1,-1,-1,-1
581,108,635.166,451.541,35.260,106.993,1,-1,-1,-1
581,109,416.077,470.029,41.938,102.607,1,-1,-1,-1
581,110,721.789,448.134,42.145,107.731,1,-1,-1,-1
581,111,1065.276,413.481,101.137,286.714,1,-1,-1,-1
581,115,797.276,475.788,55.349,61.450,1,-1,-1,-1
581,116,836.081,472.552,53.391,77.973,1,-1,-1,-1
581,119,665.905,453.079,39.341,105.727,1,-1,-1,-1
581,120,909.500,486.600,100.200,105.200,1,-1,-1,-1
582,68,1184.296,442.219,121.396,274.384,1,-1,-1,-1
582,74,973.632,436.646,101.721,241.142,1,-1,-1,-1
582,88,1675.795,397.382,248.988,685.369,1,-1,-1,-1
582,95,584.602,458.553,39.056,84.617,1,-1,-1,-1
582,98,554.251,460.741,31.319,82.685,1,-1,-1,-1
582,103,382.365,464.931,48.636,113.170,1,-1,-1,-1
582,108,634.798,451.972,35.586,106.411,1,-1,-1,-1
582,109,415.974,469.452,41.695,103.141,1,-1,-1,-1
582,110,722.094,448.353,42.339,107.559,1,-1,-1,-1
582,111,1070.351,414.004,96.709,286.126,1,-1,-1,-1
582,115,797.200,475.844,55.510,61.558,1,-1,-1,-1
582,116,835.802,472.688,53.443,78.000,1,-1,-1,-1
582,119,665.614,453.014,39.315,105.810,1,-1,-1,-1
582,120,908.140,483.000,101.420,108.601,1,-1,-1,-1
583,68,1191.233,441.985,118.841,274.268,1,-1,-1,-1
583,74,975.992,436.604,100.491,240.774,1,-1,-1,-1
583,88,1675.279,400.690,248.688,683.327,1,-1,-1,-1
583,95,582.480,458.560,41.827,85.348,1,-1,-1,-1
583,98,554.819,460.047,30.785,82.592,1,-1,-1,-1
583,103,381.619,464.539,48.682,113.028,1,-1,-1,-1
583,108,634.398,452.153,36.072,105.776,1,-1,-1,-1
583,109,416.074,469.008,41.658,103.659,1,-1,-1,-1
583,110,722.186,447.772,42.510,107.961,1,-1,-1,-1
583,111,1074.309,413.511,94.541,286.704,1,-1,-1,-1
583,115,797.312,475.634,55.613,61.996,1,-1,-1,-1
583,116,835.339,472.705,53.721,77.488,1,-1,-1,-1
583,119,665.713,453.101,39.408,105.794,1,-1,-1,-1
583,120,910.340,483.061,101.637,110.890,1,-1,-1,-1
584,68,1197.983,444.256,114.426,272.964,1,-1,-1,-1
584,74,977.525,434.827,100.923,241.935,1,-1,-1,-1
584,88,1677.498,401.852,247.011,682.079,1,-1,-1,-1
584,95,582.394,458.076,41.428,85.551,1,-1,-1,-1
584,98,555.437,459.729,30.480,82.791,1,-1,-1,-1
584,103,381.570,464.435,48.688,112.951,1,-1,-1,-1
584,108,633.555,452.886,36.564,105.390,1,-1,-1,-1
584,109,416.057,468.523,41.826,104.222,1,-1,-1,-1
584,110,722.203,447.589,42.659,108.027,1,-1,-1,-1
584,111,1078.187,414.458,93.069,287.078,1,-1,-1,-1
584,115,797.322,475.432,55.651,62.148,1,-1,-1,-1
584,116,835.338,472.572,53.873,77.376,1,-1,-1,-1
584,119,665.600,453.270,39.672,105.631,1,-1,-1,-1
584,120,911.786,483.518,99.600,110.835,1,-1,-1,-1
585,68,1208.680,444.998,109.096,272.052,1,-1,-1,-1
585,74,978.883,431.922,99.298,242.987,1,-1,-1,-1
585,88,1681.883,400.972,243.812,682.010,1,-1,-1,-1
585,95,582.680,457.746,40.178,85.914,1,-1,-1,-1
585,98,556.323,459.065,30.287,83.235,1,-1,-1,-1
585,103,380.748,464.040,48.667,113.112,1,-1,-1,-1
585,108,632.290,453.560,36.978,104.918,1,-1,-1,-1
585,109,416.659,467.598,42.114,104.674,1,-1,-1,-1
585,110,722.131,447.720,42.792,107.904,1,-1,-1,-1
585,111,1083.589,413.832,92.083,287.823,1,-1,-1,-1
585,115,797.592,475.350,55.589,62.088,1,-1,-1,-1
585,116,835.705,472.434,53.788,77.312,1,-1,-1,-1
585,119,665.196,453.981,39.635,104.913,1,-1,-1,-1
585,120,913.392,484.602,98.048,109.779,1,-1,-1,-1
586,68,1216.971,442.616,104.031,271.605,1,-1,-1,-1
586,74,980.943,433.128,99.281,243.023,1,-1,-1,-1
586,88,1688.520,400.827,238.813,681.788,1,-1,-1,-1
586,95,582.681,457.754,39.458,86.307,1,-1,-1,-1
586,98,556.398,459.210,30.392,83.525,1,-1,-1,-1
586,103,380.991,464.172,48.595,113.199,1,-1,-1,-1
586,108,631.473,454.165,36.865,104.371,1,-1,-1,-1
586,109,416.577,467.576,42.128,104.710,1,-1,-1,-1
586,110,722.411,447.303,42.998,107.674,1,-1,-1,-1
586,111,1087.892,413.498,91.498,287.905,1,-1,-1,-1
586,115,797.433,475.497,55.629,62.103,1,-1,-1,-1
586,116,835.673,472.339,53.644,77.372,1,-1,-1,-1
586,119,665.059,454.217,39.718,104.166,1,-1,-1,-1
586,120,913.152,484.699,98.498,109.802,1,-1,-1,-1
587,68,1224.740,440.909,99.247,271.796,1,-1,-1,-1
587,74,984.433,434.889,98.471,241.884,1,-1,-1,-1
587,88,1699.501,390.827,230.653,686.957,1,-1,-1,-1
587,95,583.752,457.759,38.216,86.317,1,-1,-1,-1
587,98,556.466,459.797,29.810,83.749,1,-1,-1,-1
587,103,381.446,464.831,48.568,112.933,1,-1,-1,-1
587,108,630.725,454.439,36.561,103.882,1,-1,-1,-1
587,109,416.189,467.678,41.999,104.702,1,-1,-1,-1
587,110,722.698,447.265,43.287,107.930,1,-1,-1,-1
587,111,1091.980,413.087,92.023,289.159,1,-1,-1,-1
587,115,797.311,475.602,55.373,61.881,1,-1,-1,-1
587,116,835.760,472.417,53.459,77.496,1,-1,-1,-1
587,119,665.054,454.480,39.979,103.652,1,-1,-1,-1
587,120,911.842,484.742,99.092,110.026,1,-1,-1,-1
588,68,1231.297,439.630,94.889,272.749,1,-1,-1,-1
588,74,988.362,433.908,95.607,241.166,1,-1,-1,-1
588,88,1710.841,364.515,221.377,702.032,1,-1,-1,-1
588,95,583.611,457.752,37.337,86.402,1,-1,-1,-1
588,98,556.717,459.747,29.579,84.249,1,-1,-1,-1
588,103,381.520,464.753,48.496,113.229,1,-1,-1,-1
588,108,630.066,455.180,36.257,103.466,1,-1,-1,-1
588,109,416.269,467.452,41.823,104.773,1,-1,-1,-1
588,110,722.984,447.209,43.746,108.235,1,-1,-1,-1
588,111,1093.669,412.802,95.383,289.178,1,-1,-1,-1
588,115,797.346,475.588,55.243,61.776,1,-1,-1,-1
588,116,835.706,472.393,53.432,77.454,1,-1,-1,-1
588,119,664.803,455.288,40.053,103.403,1,-1,-1,-1
588,120,911.819,483.974,98.725,110.658,1,-1,-1,-1
589,68,1235.166,438.771,92.340,273.547,1,-1,-1,-1
589,74,993.786,433.892,93.025,240.448,1,-1,-1,-1
589,95,585.279,456.799,36.694,86.178,1,-1,-1,-1
589,98,556.399,459.620,29.519,84.520,1,-1,-1,-1
589,103,381.290,464.290,48.529,113.750,1,-1,-1,-1
589,108,629.879,455.178,35.731,103.092,1,-1,-1,-1
589,109,416.348,467.674,41.726,105.101,1,-1,-1,-1
589,110,722.893,447.065,44.302,108.660,1,-1,-1,-1
589,111,1095.202,412.393,97.585,289.199,1,-1,-1,-1
589,115,797.213,475.575,55.094,61.753,1,-1,-1,-1
589,116,835.580,472.503,53.440,77.397,1,-1,-1,-1
589,119,664.620,455.091,40.320,103.777,1,-1,-1,-1
589,120,911.998,483.915,99.356,111.451,1,-1,-1,-1
590,68,1239.245,440.085,91.352,273.528,1,-1,-1,-1
590,74,1000.390,433.078,91.150,240.888,1,-1,-1,-1
590,95,585.292,456.789,35.730,85.716,1,-1,-1,-1
590,98,556.662,459.499,29.172,84.568,1,-1,-1,-1
590,103,381.281,463.848,48.582,114.350,1,-1,-1,-1
590,108,629.418,454.434,35.569,102.800,1,-1,-1,-1
590,109,416.165,467.238,41.793,105.353,1,-1,-1,-1
590,110,722.855,446.909,44.764,109.215,1,-1,-1,-1
590,111,1096.003,413.210,100.240,289.096,1,-1,-1,-1
590,115,797.217,475.587,55.321,61.776,1,-1,-1,-1
590,116,835.567,472.562,53.505,77.471,1,-1,-1,-1
590,119,664.513,455.178,40.234,104.496,1,-1,-1,-1
590,120,912.931,483.743,98.715,111.888,1,-1,-1,-1
591,68,1242.660,444.240,90.624,271.382,1,-1,-1,-1
591,74,1006.433,433.529,89.916,240.789,1,-1,-1,-1
591,95,585.823,457.109,34.697,84.898,1,-1,-1,-1
591,98,556.352,459.707,29.000,84.336,1,-1,-1,-1
591,103,381.147,463.050,48.540,115.054,1,-1,-1,-1
591,108,628.528,454.463,35.477,102.396,1,-1,-1,-1
591,109,416.522,466.783,41.620,105.440,1,-1,-1,-1
591,110,722.640,446.565,44.932,109.600,1,-1,-1,-1
591,111,1096.991,413.064,101.622,288.730,1,-1,-1,-1
591,115,796.957,475.433,55.343,61.648,1,-1,-1,-1
591,116,835.669,472.455,53.449,77.824,1,-1,-1,-1
591,119,664.418,455.690,40.048,104.909,1,-1,-1,-1
591,120,913.917,483.384,98.112,112.151,1,-1,-1,-1
591,121,606.200,456.700,31.500,90.700,1,-1,-1,-1
591,122,650.200,455.200,26.900,102.600,1,-1,-1,-1
592,68,1245.993,445.507,90.898,271.908,1,-1,-1,-1
592,74,1011.567,433.921,87.947,240.452,1,-1,-1,-1
592,95,585.735,456.984,34.489,84.432,1,-1,-1,-1
592,98,556.084,459.543,29.095,84.338,1,-1,-1,-1
592,103,381.142,462.664,48.368,115.426,1,-1,-1,-1
592,108,628.999,454.131,35.107,101.952,1,-1,-1,-1
592,109,416.680,466.910,41.576,105.399,1,-1,-1,-1
592,110,722.363,446.295,44.913,109.760,1,-1,-1,-1
592,111,1097.923,413.425,102.323,288.281,1,-1,-1,-1
592,115,796.893,475.686,55.414,61.500,1,-1,-1,-1
592,116,835.803,472.267,53.435,78.057,1,-1,-1,-1
592,119,664.416,455.840,39.586,104.874,1,-1,-1,-1
592,120,914.379,483.089,97.670,112.290,1,-1,-1,-1
592,121,605.341,456.483,31.518,90.234,1,-1,-1,-1
593,68,1247.678,444.388,92.444,272.681,1,-1,-1,-1
593,74,1018.368,433.103,84.867,239.589,1,-1,-1,-1
593,95,585.034,456.808,33.980,84.060,1,-1,-1,-1
593,98,555.313,459.715,29.548,84.326,1,-1,-1,-1
593,103,381.564,462.714,48.243,115.699,1,-1,-1,-1
593,108,628.534,454.274,34.726,101.513,1,-1,-1,-1
593,109,416.684,466.664,41.738,105.520,1,-1,-1,-1
593,110,722.431,446.075,44.873,110.118,1,-1,-1,-1
593,111,1099.010,409.932,101.970,289.952,1,-1,-1,-1
593,115,796.829,475.910,55.522,61.450,1,-1,-1,-1
593,116,835.814,472.209,53.445,77.922,1,-1,-1,-1
593,119,664.289,455.673,39.338,105.029,1,-1,-1,-1
593,120,914.041,482.956,97.765,112.443,1,-1,-1,-1
593,121,604.729,456.126,31.607,90.236,1,-1,-1,-1
593,123,992.900,450.600,31.300,106.100,1,-1,-1,-1
594,68,1249.922,444.605,94.589,273.572,1,-1,-1,-1
594,74,1024.147,433.453,83.030,238.998,1,-1,-1,-1
594,95,583.850,456.859,33.663,83.756,1,-1,-1,-1
594,98,554.828,460.164,29.905,84.204,1,-1,-1,-1
594,103,381.447,462.643,47.902,115.726,1,-1,-1,-1
594,108,628.695,454.315,34.531,101.248,1,-1,-1,-1
594,109,416.349,466.821,41.886,105.720,1,-1,-1,-1
594,110,722.749,445.959,44.785,110.319,1,-1,-1,-1
594,111,1099.554,407.866,101.450,290.049,1,-1,-1,-1
594,115,796.858,476.006,55.523,61.605,1,-1,-1,-1
594,116,835.752,472.303,53.451,77.768,1,-1,-1,-1
594,119,664.163,455.408,39.272,105.214,1,-1,-1,-1
594,120,914.168,483.147,97.602,112.477,1,-1,-1,-1
594,121,601.998,455.069,32.251,90.382,1,-1,-1,-1
594,123,991.028,447.469,33.843,108.263,1,-1,-1,-1
595,68,1251.247,444.414,98.514,274.640,1,-1,-1,-1
595,74,1026.824,433.219,82.841,238.345,1,-1,-1,-1
595,95,582.564,456.633,33.460,83.749,1,-1,-1,-1
595,98,554.963,460.062,30.249,84.374,1,-1,-1,-1
595,103,381.511,462.248,47.819,115.888,1,-1,-1,-1
595,108,629.013,454.556,34.501,101.228,1,-1,-1,-1
595,109,416.456,467.085,41.799,105.717,1,-1,-1,-1
595,110,722.667,446.287,44.886,110.497,1,-1,-1,-1
595,111,1100.098,412.111,101.643,288.927,1,-1,-1,-1
595,115,796.925,475.939,55.610,61.805,1,-1,-1,-1
595,116,835.905,472.413,53.427,77.626,1,-1,-1,-1
595,119,664.123,455.669,39.302,105.070,1,-1,-1,-1
595,120,914.115,483.256,97.259,112.409,1,-1,-1,-1
595,122,649.797,454.641,27.606,103.219,1,-1,-1,-1
595,123,992.570,448.548,34.360,106.898,1,-1,-1,-1
596,68,1251.233,446.014,100.657,273.644,1,-1,-1,-1
596,74,1028.153,432.452,82.896,237.966,1,-1,-1,-1
596,95,581.392,456.466,33.394,83.719,1,-1,-1,-1
596,98,554.488,460.289,30.583,84.554,1,-1,-1,-1
596,103,381.411,461.939,47.840,116.010,1,-1,-1,-1
596,108,629.864,455.063,34.368,100.851,1,-1,-1,-1
596,109,416.337,467.097,41.957,105.893,1,-1,-1,-1
596,110,722.650,446.502,45.013,110.709,1,-1,-1,-1
596,111,1100.165,412.617,101.571,289.620,1,-1,-1,-1
596,115,797.030,475.973,55.615,61.893,1,-1,-1,-1
596,116,835.707,472.573,53.409,77.468,1,-1,-1,-1
596,119,663.958,455.652,39.291,104.842,1,-1,-1,-1
596,120,914.559,483.269,96.449,112.168,1,-1,-1,-1
596,123,993.052,446.680,34.148,102.573,1,-1,-1,-1
597,68,1252.650,445.961,101.976,273.199,1,-1,-1,-1
597,74,1031.380,435.002,84.502,238.098,1,-1,-1,-1
597,95,584.159,454.276,35.129,83.727,1,-1,-1,-1
597,98,554.751,460.579,30.606,84.536,1,-1,-1,-1
597,103,381.464,462.167,47.800,115.958,1,-1,-1,-1
597,108,629.797,454.886,34.601,100.538,1,-1,-1,-1
597,109,416.384,467.233,41.963,105.960,1,-1,-1,-1
597,110,722.747,446.717,45.107,111.107,1,-1,-1,-1
597,111,1100.497,415.794,101.370,288.353,1,-1,-1,-1
597,115,797.087,475.926,55.453,61.979,1,-1,-1,-1
597,116,835.542,472.785,53.255,77.236,1,-1,-1,-1
597,119,664.145,455.834,39.053,104.562,1,-1,-1,-1
597,120,914.882,483.609,95.818,112.059,1,-1,-1,-1
597,123,993.411,448.050,33.919,98.734,1,-1,-1,-1
598,68,1254.552,445.336,103.241,272.785,1,-1,-1,-1
598,74,1034.374,436.881,85.867,238.036,1,-1,-1,-1
598,95,583.076,456.072,34.583,83.385,1,-1,-1,-1
598,98,554.436,461.156,30.594,84.438,1,-1,-1,-1
598,103,381.678,462.474,47.661,116.025,1,-1,-1,-1
598,108,629.647,455.286,34.632,99.944,1,-1,-1,-1
598,109,416.643,467.148,41.746,105.997,1,-1,-1,-1
598,110,722.652,447.069,45.398,111.821,1,-1,-1,-1
598,111,1104.034,413.624,101.387,287.432,1,-1,-1,-1
598,115,797.162,475.764,55.284,62.232,1,-1,-1,-1
598,116,835.702,472.868,53.145,77.206,1,-1,-1,-1
598,119,663.927,456.543,38.762,104.146,1,-1,-1,-1
598,120,915.146,483.853,95.285,111.716,1,-1,-1,-1
598,123,993.757,448.061,32.564,94.116,1,-1,-1,-1
599,68,1256.709,443.614,103.831,274.604,1,-1,-1,-1
599,74,1035.976,433.689,89.416,240.793,1,-1,-1,-1
599,95,582.687,456.741,34.269,83.559,1,-1,-1,-1
599,98,554.497,461.041,30.750,84.344,1,-1,-1,-1
599,103,381.701,462.709,47.530,115.881,1,-1,-1,-1
599,108,630.852,455.639,34.490,99.647,1,-1,-1,-1
599,109,416.566,467.196,41.753,105.978,1,-1,-1,-1
599,110,722.992,447.244,45.465,111.609,1,-1,-1,-1
599,111,1106.767,412.965,100.568,285.307,1,-1,-1,-1
599,115,797.586,475.696,55.018,62.276,1,-1,-1,-1
599,116,835.784,473.007,53.063,77.046,1,-1,-1,-1
599,119,663.730,456.800,38.690,103.740,1,-1,-1,-1
599,120,915.359,483.720,94.844,111.440,1,-1,-1,-1
599,123,994.293,447.750,32.575,92.854,1,-1,-1,-1
600,68,1261.852,440.871,102.895,276.264,1,-1,-1,-1
600,74,1037.235,432.920,93.618,242.909,1,-1,-1,-1
600,95,583.028,457.088,33.902,83.576,1,-1,-1,-1
600,98,554.838,460.785,30.892,84.331,1,-1,-1,-1
600,103,381.685,463.393,47.269,115.553,1,-1,-1,-1
600,108,630.541,456.120,34.552,99.301,1,-1,-1,-1
600,109,416.478,467.453,41.676,106.015,1,-1,-1,-1
600,110,723.104,447.204,45.319,111.143,1,-1,-1,-1
600,111,1107.897,414.655,98.366,283.430,1,-1,-1,-1
600,115,797.449,475.574,54.989,62.286,1,-1,-1,-1
600,116,835.337,473.112,53.141,76.878,1,-1,-1,-1
600,119,663.997,457.265,39.031,103.362,1,-1,-1,-1
600,120,915.432,483.854,94.421,111.354,1,-1,-1,-1
600,123,995.461,447.905,32.116,91.000,1,-1,-1,-1
600,124,1204.900,434.700,73.500,247.200,1,-1,-1,-1
