1,1,876.700,153.600,237.000,619.600,1,-1,-1,-1
1,2,401.900,286.400,113.100,310.900,1,-1,-1,-1
1,3,548.800,270.300,101.900,317.600,1,-1,-1,-1
1,4,695.600,336.100,45.000,125.100,1,-1,-1,-1
1,5,739.500,323.100,49.400,133.900,1,-1,-1,-1
1,6,5.800,14.400,344.300,1066.600,1,-1,-1,-1
1,7,793.700,333.800,42.000,114.400,1,-1,-1,-1
2,1,871.490,150.740,234.622,623.820,1,-1,-1,-1
2,2,396.784,282.329,115.034,317.641,1,-1,-1,-1
2,3,543.566,267.046,102.570,322.907,1,-1,-1,-1
2,4,694.057,335.023,45.187,126.155,1,-1,-1,-1
2,5,737.672,322.243,49.355,131.715,1,-1,-1,-1
2,6,10.012,12.478,334.177,1062.145,1,-1,-1,-1
2,7,793.702,332.495,42.196,114.910,1,-1,-1,-1
3,1,871.365,148.734,226.776,619.179,1,-1,-1,-1
3,2,387.724,277.182,116.946,323.712,1,-1,-1,-1
3,3,537.291,268.289,101.554,324.304,1,-1,-1,-1
3,4,691.351,337.411,43.745,126.867,1,-1,-1,-1
3,5,734.778,321.172,49.844,134.944,1,-1,-1,-1
3,6,9.989,15.631,341.840,1068.526,1,-1,-1,-1
3,7,791.243,334.134,41.479,115.651,1,-1,-1,-1
4,1,873.214,155.991,218.397,613.926,1,-1,-1,-1
4,2,379.700,273.434,116.941,328.377,1,-1,-1,-1
4,3,530.140,268.758,103.271,329.165,1,-1,-1,-1
4,4,687.669,336.705,43.274,127.160,1,-1,-1,-1
4,5,733.002,319.988,50.599,136.245,1,-1,-1,-1
4,6,-0.284,29.926,328.623,1047.299,1,-1,-1,-1
4,7,788.754,333.576,41.303,116.343,1,-1,-1,-1
5,1,873.547,159.345,213.336,612.230,1,-1,-1,-1
5,2,373.021,268.585,119.005,332.016,1,-1,-1,-1
5,3,523.724,263.852,105.312,331.756,1,-1,-1,-1
5,4,686.786,333.671,43.421,130.614,1,-1,-1,-1
5,5,730.221,316.440,51.562,137.209,1,-1,-1,-1
5,6,-3.276,23.853,315.790,1041.566,1,-1,-1,-1
5,7,788.058,332.078,41.154,116.166,1,-1,-1,-1
6,1,875.181,160.920,206.952,609.729,1,-1,-1,-1
6,2,363.938,263.528,121.307,338.441,1,-1,-1,-1
6,3,517.455,262.763,106.836,335.572,1,-1,-1,-1
6,4,684.830,331.404,43.360,133.336,1,-1,-1,-1
6,5,726.460,315.545,51.643,135.099,1,-1,-1,-1
6,6,-5.356,30.204,304.516,1032.986,1,-1,-1,-1
6,7,786.242,331.066,41.857,118.295,1,-1,-1,-1
7,1,878.029,163.740,199.703,604.621,1,-1,-1,-1
7,2,356.111,262.919,121.986,340.915,1,-1,-1,-1
7,3,512.829,262.889,106.270,338.208,1,-1,-1,-1
7,4,682.977,330.055,43.048,134.223,1,-1,-1,-1
7,5,723.784,316.394,51.867,134.366,1,-1,-1,-1
7,7,784.025,330.021,43.202,119.866,1,-1,-1,-1
8,1,878.881,163.860,195.733,605.452,1,-1,-1,-1
8,2,349.728,263.304,123.642,344.107,1,-1,-1,-1
8,3,509.709,263.106,106.276,342.303,1,-1,-1,-1
8,4,680.322,331.069,43.201,134.030,1,-1,-1,-1
8,5,720.191,317.643,52.894,135.677,1,-1,-1,-1
8,7,781.508,330.819,44.598,121.937,1,-1,-1,-1
8,8,836.300,326.300,51.300,132.200,1,-1,-1,-1
9,1,879.354,162.321,191.078,605.615,1,-1,-1,-1
9,2,344.059,264.929,124.162,344.864,1,-1,-1,-1
9,3,505.345,262.572,106.677,345.556,1,-1,-1,-1
9,4,677.965,333.880,43.046,132.661,1,-1,-1,-1
9,5,716.729,319.066,53.516,135.786,1,-1,-1,-1
9,7,778.609,330.879,45.879,122.794,1,-1,-1,-1
9,8,831.308,327.026,51.484,131.449,1,-1,-1,-1
10,1,875.644,163.630,189.514,610.825,1,-1,-1,-1
10,2,338.087,265.238,125.156,344.072,1,-1,-1,-1
10,3,500.409,264.334,108.527,350.011,1,-1,-1,-1
10,4,675.765,333.455,43.840,133.168,1,-1,-1,-1
10,5,714.517,320.396,53.360,135.729,1,-1,-1,-1
10,7,776.667,331.066,46.910,123.164,1,-1,-1,-1
10,8,830.445,328.367,50.375,127.396,1,-1,-1,-1
11,1,872.825,164.110,190.396,617.615,1,-1,-1,-1
11,2,331.648,263.936,128.761,347.245,1,-1,-1,-1
11,3,495.296,263.353,110.086,354.359,1,-1,-1,-1
11,4,674.385,334.320,44.520,132.572,1,-1,-1,-1
11,5,711.969,320.836,53.762,135.748,1,-1,-1,-1
11,7,775.238,332.617,47.586,122.668,1,-1,-1,-1
11,8,829.766,330.702,50.623,127.294,1,-1,-1,-1
12,1,866.685,165.448,191.807,622.412,1,-1,-1,-1
12,2,326.326,264.257,132.665,354.991,1,-1,-1,-1
12,3,492.373,263.292,111.359,356.395,1,-1,-1,-1
12,4,672.642,337.280,44.739,132.070,1,-1,-1,-1
12,5,710.009,320.993,53.608,136.031,1,-1,-1,-1
12,7,773.954,333.406,47.340,121.029,1,-1,-1,-1
12,8,828.495,332.596,49.820,124.695,1,-1,-1,-1
13,1,861.827,158.964,195.590,630.215,1,-1,-1,-1
13,2,321.883,264.018,134.920,360.401,1,-1,-1,-1
13,3,488.297,262.480,112.979,358.367,1,-1,-1,-1
13,4,669.987,338.741,44.534,131.415,1,-1,-1,-1
13,5,709.150,321.564,53.406,136.431,1,-1,-1,-1
13,7,774.563,334.232,46.927,120.190,1,-1,-1,-1
13,8,827.440,336.145,48.145,119.802,1,-1,-1,-1
14,1,856.859,156.598,197.278,634.623,1,-1,-1,-1
14,2,317.250,264.870,137.761,364.226,1,-1,-1,-1
14,3,485.176,261.978,114.587,358.611,1,-1,-1,-1
14,4,667.710,340.478,43.996,130.403,1,-1,-1,-1
14,5,708.064,321.851,53.387,137.484,1,-1,-1,-1
14,7,774.192,334.338,47.558,120.852,1,-1,-1,-1
14,8,827.664,340.020,45.147,113.638,1,-1,-1,-1
14,9,1363.600,328.600,51.000,133.000,1,-1,-1,-1
15,1,851.113,156.802,199.930,634.542,1,-1,-1,-1
15,2,314.141,266.987,139.986,369.224,1,-1,-1,-1
15,3,481.846,260.534,114.466,359.418,1,-1,-1,-1
15,4,665.966,341.184,43.877,130.070,1,-1,-1,-1
15,5,707.295,322.571,53.412,138.686,1,-1,-1,-1
15,7,773.884,334.374,48.428,122.138,1,-1,-1,-1
15,8,826.198,344.066,41.823,108.109,1,-1,-1,-1
15,9,1364.178,327.399,51.344,133.002,1,-1,-1,-1
16,1,844.920,156.458,203.924,637.856,1,-1,-1,-1
16,2,311.071,268.739,140.645,373.149,1,-1,-1,-1
16,3,478.213,261.677,115.185,360.696,1,-1,-1,-1
16,4,664.620,341.942,43.718,130.230,1,-1,-1,-1
16,5,706.690,323.715,53.745,139.547,1,-1,-1,-1
16,7,773.459,334.507,49.327,121.498,1,-1,-1,-1
16,8,824.906,345.199,39.077,104.968,1,-1,-1,-1
16,9,1366.234,329.861,50.144,132.736,1,-1,-1,-1
17,1,840.739,159.342,205.458,640.647,1,-1,-1,-1
17,2,309.249,270.401,142.763,377.863,1,-1,-1,-1
17,3,477.087,264.074,116.171,362.389,1,-1,-1,-1
17,4,663.896,342.301,44.437,132.335,1,-1,-1,-1
17,5,706.546,325.546,53.908,140.791,1,-1,-1,-1
17,7,774.820,336.198,49.659,120.056,1,-1,-1,-1
17,8,824.915,348.096,36.121,100.203,1,-1,-1,-1
17,9,1368.318,331.073,49.420,132.890,1,-1,-1,-1
17,10,1004.600,234.100,103.300,431.700,1,-1,-1,-1
18,1,835.854,160.984,205.775,643.938,1,-1,-1,-1
18,2,307.152,272.470,145.255,382.369,1,-1,-1,-1
18,3,475.964,266.955,118.073,364.792,1,-1,-1,-1
18,4,663.288,343.657,45.386,134.647,1,-1,-1,-1
18,5,706.074,328.709,53.816,140.484,1,-1,-1,-1
18,7,776.213,340.428,49.729,118.609,1,-1,-1,-1
18,10,1000.272,243.104,105.057,407.793,1,-1,-1,-1
19,1,835.821,166.967,206.363,645.717,1,-1,-1,-1
19,2,304.089,276.054,147.874,386.086,1,-1,-1,-1
19,3,475.999,268.349,121.526,374.587,1,-1,-1,-1
19,4,663.764,346.081,46.032,135.779,1,-1,-1,-1
19,5,706.623,332.832,53.620,140.102,1,-1,-1,-1
19,7,777.473,345.020,50.170,118.930,1,-1,-1,-1
19,8,834.055,354.636,38.550,103.606,1,-1,-1,-1
19,10,998.298,250.932,103.987,403.084,1,-1,-1,-1
20,1,838.504,170.319,208.233,648.034,1,-1,-1,-1
20,2,301.957,280.888,148.587,387.209,1,-1,-1,-1
20,3,475.917,271.821,124.281,382.065,1,-1,-1,-1
20,4,666.100,350.085,47.058,137.765,1,-1,-1,-1
20,5,710.857,338.770,53.333,138.931,1,-1,-1,-1
20,7,779.162,349.239,49.844,118.686,1,-1,-1,-1
20,10,999.994,251.823,108.430,419.224,1,-1,-1,-1
21,1,844.834,172.281,207.604,647.122,1,-1,-1,-1
21,2,305.512,283.858,149.096,392.397,1,-1,-1,-1
21,3,480.904,276.381,127.191,390.187,1,-1,-1,-1
21,4,671.619,355.653,48.028,138.582,1,-1,-1,-1
21,5,719.420,342.337,52.028,137.722,1,-1,-1,-1
21,7,782.073,352.947,49.714,119.267,1,-1,-1,-1
21,10,1006.968,245.371,109.062,429.450,1,-1,-1,-1
22,1,847.915,172.520,213.601,657.194,1,-1,-1,-1
22,2,315.313,284.875,151.391,395.770,1,-1,-1,-1
22,3,491.707,277.810,129.068,397.023,1,-1,-1,-1
22,4,683.434,357.607,48.117,138.369,1,-1,-1,-1
22,5,730.878,345.449,52.293,138.344,1,-1,-1,-1
22,7,795.392,355.010,49.589,120.691,1,-1,-1,-1
22,10,1019.635,244.727,113.587,435.684,1,-1,-1,-1
23,1,848.248,173.492,217.235,659.619,1,-1,-1,-1
23,2,325.579,287.426,152.728,398.019,1,-1,-1,-1
23,3,500.950,281.728,131.067,402.474,1,-1,-1,-1
23,4,697.289,360.792,47.713,138.311,1,-1,-1,-1
23,5,745.672,348.327,52.075,137.744,1,-1,-1,-1
23,7,807.392,357.909,49.598,121.659,1,-1,-1,-1
23,10,1035.532,253.095,113.719,430.900,1,-1,-1,-1
24,1,854.543,172.768,219.079,661.577,1,-1,-1,-1
24,2,335.971,288.155,152.737,400.332,1,-1,-1,-1
24,3,509.402,284.034,133.632,405.819,1,-1,-1,-1
24,4,708.409,362.723,47.123,138.150,1,-1,-1,-1
24,5,757.071,349.488,52.276,138.817,1,-1,-1,-1
24,8,829.827,361.510,41.050,111.032,1,-1,-1,-1
24,10,1044.021,252.941,117.776,430.104,1,-1,-1,-1
25,1,858.956,168.738,219.408,662.286,1,-1,-1,-1
25,2,348.793,290.400,152.304,403.681,1,-1,-1,-1
25,3,521.712,286.582,134.830,407.691,1,-1,-1,-1
25,4,721.369,364.282,46.915,137.608,1,-1,-1,-1
25,5,767.748,350.234,52.804,140.902,1,-1,-1,-1
25,8,841.754,362.230,42.486,116.380,1,-1,-1,-1
25,10,1050.912,252.759,124.564,436.325,1,-1,-1,-1
26,1,864.327,174.951,222.574,662.826,1,-1,-1,-1
26,2,360.847,291.095,151.418,408.146,1,-1,-1,-1
26,3,533.654,290.538,136.167,408.139,1,-1,-1,-1
26,4,735.890,366.763,46.175,138.133,1,-1,-1,-1
26,5,781.947,351.330,52.610,140.658,1,-1,-1,-1
26,10,1062.020,256.679,130.243,438.630,1,-1,-1,-1
27,1,868.563,178.121,225.862,664.352,1,-1,-1,-1
27,2,373.655,293.074,150.941,410.986,1,-1,-1,-1
27,3,545.659,292.683,137.673,409.858,1,-1,-1,-1
27,4,749.267,370.240,45.115,136.596,1,-1,-1,-1
27,5,794.092,353.147,53.245,141.820,1,-1,-1,-1
27,10,1072.332,260.666,136.962,442.681,1,-1,-1,-1
28,1,875.820,181.938,226.111,663.544,1,-1,-1,-1
28,2,382.108,299.829,150.893,414.105,1,-1,-1,-1
28,3,553.775,297.179,138.839,413.757,1,-1,-1,-1
28,4,760.622,375.171,44.632,135.712,1,-1,-1,-1
28,5,804.490,357.701,53.395,143.036,1,-1,-1,-1
28,10,1079.202,267.915,144.151,446.005,1,-1,-1,-1
28,11,1482.300,349.000,51.600,139.700,1,-1,-1,-1
28,12,1772.800,363.700,30.200,108.000,1,-1,-1,-1
29,1,877.969,187.579,228.408,665.085,1,-1,-1,-1
29,2,384.555,306.650,150.776,418.389,1,-1,-1,-1
29,3,560.623,300.340,140.073,417.968,1,-1,-1,-1
29,4,770.045,378.963,42.931,134.592,1,-1,-1,-1
29,5,812.591,362.295,53.258,143.448,1,-1,-1,-1
29,10,1084.837,272.947,149.811,444.692,1,-1,-1,-1
29,11,1488.260,351.238,52.578,141.624,1,-1,-1,-1
29,12,1783.034,367.807,29.029,106.385,1,-1,-1,-1
29,13,1763.000,366.700,27.500,103.600,1,-1,-1,-1
29,14,1741.800,367.600,25.600,100.000,1,-1,-1,-1
30,1,883.102,191.252,229.127,667.732,1,-1,-1,-1
30,2,390.718,312.041,151.309,421.810,1,-1,-1,-1
30,3,567.919,303.050,140.431,420.212,1,-1,-1,-1
30,4,777.781,385.631,42.648,134.661,1,-1,-1,-1
30,5,821.210,367.281,53.542,146.375,1,-1,-1,-1
30,10,1090.090,271.369,154.225,446.162,1,-1,-1,-1
30,11,1499.525,355.438,49.538,137.930,1,-1,-1,-1
30,12,1794.557,370.609,29.425,110.110,1,-1,-1,-1
30,13,1766.510,372.743,26.279,102.112,1,-1,-1,-1
31,1,886.495,193.441,231.058,672.510,1,-1,-1,-1
31,2,395.463,316.701,150.819,423.294,1,-1,-1,-1
31,3,573.900,307.773,141.321,422.301,1,-1,-1,-1
31,4,784.045,388.494,43.250,133.267,1,-1,-1,-1
31,5,828.276,371.592,52.769,147.705,1,-1,-1,-1
31,10,1093.674,278.297,161.579,447.819,1,-1,-1,-1
31,11,1509.760,358.260,51.183,140.589,1,-1,-1,-1
31,12,1803.536,375.044,30.147,113.237,1,-1,-1,-1
32,1,889.907,198.051,231.489,677.933,1,-1,-1,-1
32,2,394.751,320.976,151.733,427.185,1,-1,-1,-1
32,3,577.763,312.253,141.984,424.838,1,-1,-1,-1
32,4,790.736,393.528,43.908,133.873,1,-1,-1,-1
32,5,836.064,377.717,52.424,148.580,1,-1,-1,-1
32,10,1096.740,284.034,164.638,448.960,1,-1,-1,-1
32,11,1517.964,361.466,50.215,137.355,1,-1,-1,-1
32,12,1808.594,384.070,29.610,110.026,1,-1,-1,-1
33,1,890.799,203.583,231.691,681.812,1,-1,-1,-1
33,2,397.142,325.808,151.268,430.638,1,-1,-1,-1
33,3,581.095,316.002,143.447,427.898,1,-1,-1,-1
33,4,796.573,398.191,44.199,133.312,1,-1,-1,-1
33,5,840.954,381.863,52.051,148.983,1,-1,-1,-1
33,10,1099.977,291.063,168.209,446.267,1,-1,-1,-1
34,1,894.997,208.242,232.297,684.459,1,-1,-1,-1
34,2,399.016,329.754,150.552,434.413,1,-1,-1,-1
34,3,582.460,315.857,142.614,434.657,1,-1,-1,-1
34,4,802.414,403.275,43.370,133.326,1,-1,-1,-1
34,5,845.446,386.469,52.027,149.057,1,-1,-1,-1
34,10,1101.731,293.609,171.952,446.736,1,-1,-1,-1
35,1,902.219,219.955,232.590,680.143,1,-1,-1,-1
35,2,397.516,336.207,150.164,439.926,1,-1,-1,-1
35,3,584.093,319.009,143.663,440.131,1,-1,-1,-1
35,4,806.183,407.239,43.390,134.934,1,-1,-1,-1
35,5,850.048,391.726,52.146,148.893,1,-1,-1,-1
35,10,1106.748,300.612,172.809,444.301,1,-1,-1,-1
36,1,903.885,228.094,231.784,682.072,1,-1,-1,-1
36,2,394.502,340.187,151.825,444.443,1,-1,-1,-1
36,3,585.908,323.462,143.523,444.751,1,-1,-1,-1
36,4,809.004,415.636,43.088,134.146,1,-1,-1,-1
36,5,852.292,397.516,52.233,148.910,1,-1,-1,-1
36,10,1113.774,307.331,171.641,442.217,1,-1,-1,-1
37,1,906.197,233.894,232.160,682.691,1,-1,-1,-1
37,2,388.601,342.475,154.609,449.420,1,-1,-1,-1
37,3,585.880,327.551,144.093,449.906,1,-1,-1,-1
37,4,810.530,421.507,43.177,133.601,1,-1,-1,-1
37,5,854.014,402.739,52.359,149.544,1,-1,-1,-1
37,10,1116.534,310.737,172.374,441.690,1,-1,-1,-1
38,1,910.232,240.156,231.016,683.033,1,-1,-1,-1
38,2,382.542,347.445,156.106,453.732,1,-1,-1,-1
38,3,586.678,329.991,143.992,455.201,1,-1,-1,-1
38,4,812.522,425.833,43.026,133.908,1,-1,-1,-1
38,5,855.748,408.691,52.625,150.471,1,-1,-1,-1
38,10,1119.384,316.569,171.220,440.349,1,-1,-1,-1
39,1,914.679,246.098,228.344,685.039,1,-1,-1,-1
39,2,376.080,350.110,157.585,458.491,1,-1,-1,-1
39,3,585.444,336.967,145.671,463.214,1,-1,-1,-1
39,4,813.412,433.153,42.751,134.358,1,-1,-1,-1
39,5,856.651,414.828,53.398,150.634,1,-1,-1,-1
39,10,1119.771,325.011,169.929,440.885,1,-1,-1,-1
40,1,917.106,251.922,228.985,685.306,1,-1,-1,-1
40,2,369.838,353.401,159.786,460.023,1,-1,-1,-1
40,3,585.776,340.531,146.442,468.468,1,-1,-1,-1
40,4,814.504,440.023,42.386,135.020,1,-1,-1,-1
40,5,855.537,420.488,54.913,152.375,1,-1,-1,-1
40,10,1122.725,328.036,168.034,443.218,1,-1,-1,-1
41,1,917.591,259.306,225.986,690.514,1,-1,-1,-1
41,2,364.073,356.713,160.601,462.791,1,-1,-1,-1
41,3,584.390,343.372,145.047,473.143,1,-1,-1,-1
41,4,813.802,444.147,43.534,136.260,1,-1,-1,-1
41,5,855.100,424.397,56.136,154.380,1,-1,-1,-1
41,10,1124.657,331.268,166.734,445.296,1,-1,-1,-1
42,1,918.449,266.810,221.225,686.316,1,-1,-1,-1
42,2,353.543,361.365,163.825,468.137,1,-1,-1,-1
42,3,580.950,348.610,144.349,479.238,1,-1,-1,-1
42,4,812.157,448.609,44.169,137.035,1,-1,-1,-1
42,5,854.968,429.833,56.267,154.315,1,-1,-1,-1
42,10,1124.406,340.976,166.269,443.641,1,-1,-1,-1
43,1,918.797,268.645,217.906,687.547,1,-1,-1,-1
43,2,338.758,365.793,169.631,474.813,1,-1,-1,-1
43,3,574.799,355.934,145.265,483.906,1,-1,-1,-1
43,4,809.522,454.687,43.815,137.336,1,-1,-1,-1
43,5,852.098,434.993,56.880,155.498,1,-1,-1,-1
43,10,1123.140,353.532,164.829,443.959,1,-1,-1,-1
44,1,916.737,276.049,215.603,686.638,1,-1,-1,-1
44,2,327.244,370.869,174.995,479.536,1,-1,-1,-1
44,3,568.487,357.663,146.993,490.990,1,-1,-1,-1
44,4,807.693,458.297,43.757,137.999,1,-1,-1,-1
44,5,850.278,438.562,57.119,155.812,1,-1,-1,-1
44,10,1121.267,358.652,165.202,445.291,1,-1,-1,-1
45,1,916.137,281.764,212.813,686.851,1,-1,-1,-1
45,2,311.450,372.613,181.425,489.551,1,-1,-1,-1
45,3,562.063,359.113,147.606,498.363,1,-1,-1,-1
45,4,805.113,463.501,44.327,138.306,1,-1,-1,-1
45,5,847.920,444.728,56.834,155.273,1,-1,-1,-1
45,10,1120.497,363.418,165.004,445.777,1,-1,-1,-1
46,1,915.155,288.160,212.002,686.403,1,-1,-1,-1
46,2,298.521,377.248,187.230,499.915,1,-1,-1,-1
46,3,553.107,363.559,150.202,506.303,1,-1,-1,-1
46,4,798.405,468.536,45.404,137.546,1,-1,-1,-1
46,5,843.669,451.012,57.017,155.035,1,-1,-1,-1
46,10,1118.372,371.896,165.625,445.764,1,-1,-1,-1
47,1,909.444,295.079,212.245,685.961,1,-1,-1,-1
47,2,280.914,383.720,193.797,510.356,1,-1,-1,-1
47,3,545.999,370.115,150.914,510.160,1,-1,-1,-1
47,4,792.357,473.847,47.090,137.982,1,-1,-1,-1
47,5,839.712,456.217,56.818,155.386,1,-1,-1,-1
47,10,1113.343,380.315,166.396,446.141,1,-1,-1,-1
48,1,905.318,305.930,211.442,685.425,1,-1,-1,-1
48,2,266.933,389.542,198.521,518.269,1,-1,-1,-1
48,3,538.084,372.767,153.120,513.570,1,-1,-1,-1
48,4,785.638,481.194,48.345,138.275,1,-1,-1,-1
48,5,834.740,461.809,57.069,156.259,1,-1,-1,-1
48,10,1104.433,386.701,167.074,448.317,1,-1,-1,-1
48,15,883.800,473.400,33.300,108.400,1,-1,-1,-1
49,1,900.732,318.638,210.897,683.392,1,-1,-1,-1
49,2,255.122,397.992,202.962,526.567,1,-1,-1,-1
49,3,528.190,377.864,156.073,518.747,1,-1,-1,-1
49,4,778.802,486.708,49.071,139.146,1,-1,-1,-1
49,5,828.259,468.744,57.222,157.022,1,-1,-1,-1
49,10,1096.956,397.168,165.744,447.013,1,-1,-1,-1
49,15,879.219,481.126,34.663,111.146,1,-1,-1,-1
50,1,897.774,327.399,209.421,683.079,1,-1,-1,-1
50,2,237.618,405.527,207.501,535.218,1,-1,-1,-1
50,3,519.622,385.557,158.391,526.554,1,-1,-1,-1
50,4,773.941,493.106,49.124,139.739,1,-1,-1,-1
50,5,822.151,476.749,57.377,156.678,1,-1,-1,-1
50,10,1091.216,400.083,166.551,449.189,1,-1,-1,-1
50,15,873.770,485.516,37.949,122.826,1,-1,-1,-1
51,1,891.521,330.889,209.434,683.235,1,-1,-1,-1
51,2,221.754,417.242,211.300,542.493,1,-1,-1,-1
51,3,511.311,390.071,160.476,533.348,1,-1,-1,-1
51,4,768.352,498.111,50.080,140.285,1,-1,-1,-1
51,5,816.379,482.190,57.902,155.898,1,-1,-1,-1
51,10,1086.537,406.313,166.041,448.741,1,-1,-1,-1
51,15,869.816,489.108,40.885,127.295,1,-1,-1,-1
52,1,885.689,338.434,210.742,682.167,1,-1,-1,-1
52,2,207.191,417.698,214.162,551.070,1,-1,-1,-1
52,3,503.487,393.540,162.829,540.789,1,-1,-1,-1
52,4,762.687,503.000,51.134,140.373,1,-1,-1,-1
52,5,811.295,485.566,58.065,156.084,1,-1,-1,-1
52,10,1083.882,406.851,166.783,450.891,1,-1,-1,-1
53,1,880.306,344.259,211.991,680.308,1,-1,-1,-1
53,2,193.473,420.102,218.618,557.673,1,-1,-1,-1
53,3,495.372,397.402,166.132,546.887,1,-1,-1,-1
53,4,757.637,507.637,52.463,140.966,1,-1,-1,-1
53,5,808.482,489.156,57.820,156.216,1,-1,-1,-1
53,10,1080.614,409.308,167.843,450.648,1,-1,-1,-1
54,1,874.900,348.786,212.448,681.336,1,-1,-1,-1
54,2,180.426,424.510,222.483,558.473,1,-1,-1,-1
54,3,489.374,399.214,167.511,553.742,1,-1,-1,-1
54,4,753.659,511.407,53.742,141.924,1,-1,-1,-1
54,5,805.558,491.517,57.749,156.149,1,-1,-1,-1
54,10,1078.138,411.556,166.593,452.443,1,-1,-1,-1
55,1,869.490,349.541,212.748,681.602,1,-1,-1,-1
55,2,174.624,429.424,224.502,570.064,1,-1,-1,-1
55,3,483.767,403.423,171.092,560.741,1,-1,-1,-1
55,4,750.669,514.024,54.831,141.992,1,-1,-1,-1
55,5,803.404,493.310,57.697,156.289,1,-1,-1,-1
55,10,1075.543,411.955,166.623,454.129,1,-1,-1,-1
56,1,864.309,347.808,214.174,680.055,1,-1,-1,-1
56,2,160.645,434.071,229.391,575.117,1,-1,-1,-1
56,3,478.100,403.943,175.798,572.620,1,-1,-1,-1
56,4,748.430,516.331,55.234,142.068,1,-1,-1,-1
56,5,801.285,494.918,57.780,157.442,1,-1,-1,-1
56,10,1073.989,411.840,167.069,454.763,1,-1,-1,-1
57,1,857.548,347.310,213.503,680.553,1,-1,-1,-1
57,2,145.493,429.056,233.202,590.010,1,-1,-1,-1
57,3,472.640,401.554,181.057,584.665,1,-1,-1,-1
57,4,746.186,518.766,55.501,142.451,1,-1,-1,-1
57,5,800.337,497.203,57.758,158.545,1,-1,-1,-1
57,10,1072.441,411.841,167.148,454.794,1,-1,-1,-1
58,1,851.636,347.416,217.773,679.049,1,-1,-1,-1
58,2,134.984,425.039,236.048,604.873,1,-1,-1,-1
58,3,468.242,400.789,184.620,595.896,1,-1,-1,-1
58,4,743.621,519.454,55.439,142.181,1,-1,-1,-1
58,5,799.890,497.859,57.514,159.301,1,-1,-1,-1
58,10,1071.602,412.079,168.029,454.432,1,-1,-1,-1
59,1,845.207,346.611,216.605,676.878,1,-1,-1,-1
59,2,127.777,427.025,238.402,609.159,1,-1,-1,-1
59,3,464.157,406.215,186.476,602.411,1,-1,-1,-1
59,4,742.137,520.043,55.004,141.989,1,-1,-1,-1
59,5,798.762,499.833,55.854,158.677,1,-1,-1,-1
59,10,1071.244,415.312,168.067,454.147,1,-1,-1,-1
60,1,836.157,347.291,219.865,679.642,1,-1,-1,-1
60,2,116.859,426.812,239.392,618.078,1,-1,-1,-1
60,3,458.483,406.535,189.393,610.815,1,-1,-1,-1
60,4,739.353,519.889,54.975,143.064,1,-1,-1,-1
60,10,1071.277,413.921,171.020,453.871,1,-1,-1,-1
61,1,828.249,346.955,223.233,681.322,1,-1,-1,-1
61,2,108.488,420.871,240.892,629.354,1,-1,-1,-1
61,3,453.137,407.630,192.941,618.427,1,-1,-1,-1
61,4,737.275,519.985,55.446,143.641,1,-1,-1,-1
61,10,1071.198,414.481,174.157,455.668,1,-1,-1,-1
62,1,823.781,345.113,225.480,684.127,1,-1,-1,-1
62,2,100.156,416.850,241.505,642.175,1,-1,-1,-1
62,3,451.826,405.022,193.873,627.342,1,-1,-1,-1
62,4,737.028,517.960,55.658,144.761,1,-1,-1,-1
62,10,1071.563,414.619,176.307,456.225,1,-1,-1,-1
63,1,822.307,345.206,226.935,684.910,1,-1,-1,-1
63,2,90.262,414.240,243.885,655.557,1,-1,-1,-1
63,3,451.216,400.783,194.812,630.167,1,-1,-1,-1
63,4,738.152,516.667,55.134,144.600,1,-1,-1,-1
63,10,1074.986,414.202,176.994,459.073,1,-1,-1,-1
64,1,821.031,341.958,229.368,687.350,1,-1,-1,-1
64,2,79.827,406.862,245.132,667.498,1,-1,-1,-1
64,3,448.096,394.278,199.199,639.170,1,-1,-1,-1
64,4,741.238,515.124,54.891,144.839,1,-1,-1,-1
64,10,1077.642,412.425,179.852,461.447,1,-1,-1,-1
65,1,822.169,339.441,232.177,690.619,1,-1,-1,-1
65,2,70.472,402.388,248.735,676.083,1,-1,-1,-1
65,3,446.802,391.478,204.873,645.222,1,-1,-1,-1
65,4,743.577,512.637,54.653,144.404,1,-1,-1,-1
65,10,1078.927,411.817,184.298,461.132,1,-1,-1,-1
66,1,820.663,336.609,234.973,690.512,1,-1,-1,-1
66,2,61.194,397.127,251.939,683.421,1,-1,-1,-1
66,3,447.588,389.633,208.959,652.591,1,-1,-1,-1
66,4,745.716,508.196,54.678,144.973,1,-1,-1,-1
66,10,1082.285,409.817,187.796,459.376,1,-1,-1,-1
67,1,822.026,334.890,233.779,684.789,1,-1,-1,-1
67,2,54.654,397.402,254.467,686.484,1,-1,-1,-1
67,3,444.241,382.449,213.900,662.744,1,-1,-1,-1
67,4,747.270,504.012,55.086,145.718,1,-1,-1,-1
67,10,1084.464,405.605,190.466,457.196,1,-1,-1,-1
68,1,823.946,335.056,232.508,680.179,1,-1,-1,-1
68,2,40.099,393.379,258.379,690.822,1,-1,-1,-1
68,3,440.590,372.785,219.427,674.488,1,-1,-1,-1
68,4,748.650,501.061,55.070,145.596,1,-1,-1,-1
68,10,1086.850,401.527,192.339,455.293,1,-1,-1,-1
69,1,824.192,335.353,233.132,679.279,1,-1,-1,-1
69,2,28.740,388.589,260.525,695.308,1,-1,-1,-1
69,3,440.066,364.180,224.037,686.728,1,-1,-1,-1
69,4,750.603,497.231,55.037,146.299,1,-1,-1,-1
69,10,1089.311,399.050,193.450,455.594,1,-1,-1,-1
70,1,825.163,332.755,233.303,677.655,1,-1,-1,-1
70,2,15.685,373.817,263.201,705.749,1,-1,-1,-1
70,3,434.842,359.347,230.723,696.566,1,-1,-1,-1
70,4,753.012,492.736,54.966,147.672,1,-1,-1,-1
70,10,1096.009,393.905,192.044,457.955,1,-1,-1,-1
71,1,827.136,328.740,234.117,676.864,1,-1,-1,-1
71,2,4.813,371.471,263.377,710.164,1,-1,-1,-1
71,3,429.689,354.387,235.847,710.396,1,-1,-1,-1
71,4,754.829,488.448,54.766,148.209,1,-1,-1,-1
71,10,1100.824,388.326,190.313,460.222,1,-1,-1,-1
72,1,828.872,319.884,233.063,677.969,1,-1,-1,-1
72,2,-2.988,353.045,262.507,722.979,1,-1,-1,-1
72,3,425.998,346.285,240.645,720.443,1,-1,-1,-1
72,4,754.586,484.318,55.041,149.400,1,-1,-1,-1
72,10,1104.275,384.063,189.413,460.625,1,-1,-1,-1
73,1,830.399,313.190,232.626,672.024,1,-1,-1,-1
73,2,-8.769,350.383,256.858,728.329,1,-1,-1,-1
73,3,416.295,324.635,246.705,741.829,1,-1,-1,-1
73,4,754.662,482.084,54.987,149.997,1,-1,-1,-1
73,10,1106.138,379.269,188.152,459.143,1,-1,-1,-1
74,1,831.172,309.282,230.824,672.322,1,-1,-1,-1
74,2,-12.526,342.350,248.574,735.446,1,-1,-1,-1
74,3,409.492,318.536,249.288,753.539,1,-1,-1,-1
74,4,754.499,480.322,54.747,149.764,1,-1,-1,-1
74,10,1106.084,375.515,186.639,458.532,1,-1,-1,-1
75,1,834.774,306.654,227.551,673.078,1,-1,-1,-1
75,2,-13.818,330.350,240.202,744.885,1,-1,-1,-1
75,3,396.039,305.901,255.828,767.367,1,-1,-1,-1
75,4,753.842,479.240,54.984,148.871,1,-1,-1,-1
75,10,1105.886,372.806,183.808,458.476,1,-1,-1,-1
76,1,835.725,301.226,228.025,676.015,1,-1,-1,-1
76,2,-16.671,316.104,228.090,755.736,1,-1,-1,-1
76,3,386.452,301.354,258.108,775.440,1,-1,-1,-1
76,4,752.133,477.451,55.763,148.750,1,-1,-1,-1
76,10,1104.627,367.255,182.312,457.678,1,-1,-1,-1
77,1,834.511,295.975,227.463,675.481,1,-1,-1,-1
77,2,-18.045,313.516,215.173,761.410,1,-1,-1,-1
77,3,379.721,290.439,262.105,786.055,1,-1,-1,-1
77,4,750.439,474.998,56.643,149.784,1,-1,-1,-1
77,10,1104.660,367.752,180.501,458.553,1,-1,-1,-1
78,1,836.156,299.701,224.887,672.408,1,-1,-1,-1
78,3,365.710,291.259,266.266,789.654,1,-1,-1,-1
78,4,746.901,472.826,57.286,150.909,1,-1,-1,-1
78,10,1100.672,367.418,178.924,459.467,1,-1,-1,-1
79,1,838.196,296.249,222.605,677.919,1,-1,-1,-1
79,3,348.438,280.025,273.860,799.064,1,-1,-1,-1
79,4,743.180,470.130,57.666,151.375,1,-1,-1,-1
79,10,1097.852,365.213,177.884,460.945,1,-1,-1,-1
80,1,835.014,296.757,222.029,679.049,1,-1,-1,-1
80,3,333.037,280.447,276.850,801.794,1,-1,-1,-1
80,4,738.172,465.891,58.309,152.651,1,-1,-1,-1
80,10,1094.658,361.322,176.356,463.604,1,-1,-1,-1
81,1,831.432,295.013,219.660,676.675,1,-1,-1,-1
81,3,314.580,268.919,279.671,810.460,1,-1,-1,-1
81,4,733.242,462.781,59.442,154.015,1,-1,-1,-1
81,10,1091.180,360.775,174.563,465.275,1,-1,-1,-1
82,1,825.207,295.430,219.916,675.357,1,-1,-1,-1
82,3,294.505,259.678,284.771,818.905,1,-1,-1,-1
82,4,728.767,460.294,59.932,154.900,1,-1,-1,-1
82,10,1091.060,357.986,172.878,465.297,1,-1,-1,-1
83,1,817.857,289.853,219.873,671.939,1,-1,-1,-1
83,3,274.085,244.693,287.780,830.860,1,-1,-1,-1
83,4,722.341,456.324,60.395,155.458,1,-1,-1,-1
83,10,1088.286,353.835,171.008,465.779,1,-1,-1,-1
84,1,808.073,291.120,219.452,669.608,1,-1,-1,-1
84,3,247.562,232.687,298.086,842.672,1,-1,-1,-1
84,4,715.885,454.098,60.428,155.786,1,-1,-1,-1
84,10,1081.702,352.432,170.307,466.837,1,-1,-1,-1
84,16,985.900,368.300,85.300,334.700,1,-1,-1,-1
84,17,1308.000,451.300,34.200,117.000,1,-1,-1,-1
85,1,798.992,291.254,218.808,666.872,1,-1,-1,-1
85,3,224.107,219.194,304.832,855.129,1,-1,-1,-1
85,4,707.626,449.692,60.643,155.974,1,-1,-1,-1
85,10,1074.276,350.789,170.568,468.140,1,-1,-1,-1
85,16,976.404,370.448,88.794,330.903,1,-1,-1,-1
85,18,1532.600,419.900,49.000,137.000,1,-1,-1,-1
85,19,1818.100,441.400,33.300,103.900,1,-1,-1,-1
85,20,484.200,407.500,86.200,303.000,1,-1,-1,-1
86,1,787.595,284.847,221.594,666.270,1,-1,-1,-1
86,3,198.347,206.714,313.319,867.446,1,-1,-1,-1
86,4,699.495,446.978,60.963,156.169,1,-1,-1,-1
86,10,1064.242,348.871,170.186,467.088,1,-1,-1,-1
86,16,966.780,367.419,92.352,331.815,1,-1,-1,-1
86,17,1284.117,442.082,37.668,123.636,1,-1,-1,-1
86,18,1528.634,419.285,47.933,134.830,1,-1,-1,-1
86,19,1807.235,436.991,37.031,108.118,1,-1,-1,-1
86,20,474.027,401.068,88.049,307.564,1,-1,-1,-1
87,1,778.243,279.768,222.352,664.545,1,-1,-1,-1
87,3,175.435,199.366,320.367,876.569,1,-1,-1,-1
87,4,691.031,445.185,61.007,156.928,1,-1,-1,-1
87,10,1055.131,345.000,170.347,466.818,1,-1,-1,-1
87,16,956.438,363.672,93.946,329.236,1,-1,-1,-1
87,17,1274.931,443.017,36.174,122.679,1,-1,-1,-1
87,18,1522.475,415.868,48.144,134.876,1,-1,-1,-1
87,19,1800.532,435.368,38.084,109.964,1,-1,-1,-1
87,20,468.121,402.074,88.794,306.853,1,-1,-1,-1
88,1,770.788,277.736,223.205,663.083,1,-1,-1,-1
88,3,149.218,194.226,328.449,883.710,1,-1,-1,-1
88,4,682.978,440.995,59.904,156.866,1,-1,-1,-1
88,10,1045.034,341.616,172.583,466.027,1,-1,-1,-1
88,16,947.294,361.101,94.502,327.674,1,-1,-1,-1
88,17,1278.087,435.117,34.747,122.598,1,-1,-1,-1
88,18,1516.922,411.943,48.429,137.200,1,-1,-1,-1
88,19,1793.840,432.312,38.534,110.603,1,-1,-1,-1
88,20,457.549,397.829,91.739,311.199,1,-1,-1,-1
89,1,756.727,271.964,224.406,662.186,1,-1,-1,-1
89,3,120.084,178.834,338.665,896.472,1,-1,-1,-1
89,4,675.487,435.790,60.452,157.618,1,-1,-1,-1
89,10,1038.802,336.888,173.104,465.691,1,-1,-1,-1
89,16,936.539,355.692,96.220,330.625,1,-1,-1,-1
89,17,1264.690,426.895,37.456,126.765,1,-1,-1,-1
89,18,1509.826,405.809,48.639,137.893,1,-1,-1,-1
89,19,1787.208,426.264,38.516,110.527,1,-1,-1,-1
89,20,446.441,392.911,92.749,315.240,1,-1,-1,-1
89,21,729.800,439.400,32.200,123.500,1,-1,-1,-1
90,1,744.874,266.418,225.281,661.619,1,-1,-1,-1
90,3,94.402,167.480,346.965,907.593,1,-1,-1,-1
90,4,667.328,431.411,60.869,159.666,1,-1,-1,-1
90,10,1033.652,333.772,174.226,465.739,1,-1,-1,-1
90,16,931.472,350.354,96.096,329.658,1,-1,-1,-1
90,17,1255.664,420.904,40.165,127.352,1,-1,-1,-1
90,18,1504.040,401.421,48.467,137.872,1,-1,-1,-1
90,19,1781.611,422.170,38.631,110.099,1,-1,-1,-1
90,20,438.787,387.312,94.014,319.684,1,-1,-1,-1
91,1,737.691,263.863,224.621,660.349,1,-1,-1,-1
91,3,69.626,155.420,355.269,919.204,1,-1,-1,-1
91,4,660.101,427.717,61.103,160.494,1,-1,-1,-1
91,10,1028.460,327.512,176.882,463.922,1,-1,-1,-1
91,16,924.507,347.760,96.109,326.598,1,-1,-1,-1
91,17,1250.961,418.902,41.358,125.173,1,-1,-1,-1
91,18,1500.457,397.533,48.652,138.310,1,-1,-1,-1
91,19,1776.427,418.840,38.782,109.217,1,-1,-1,-1
91,20,431.557,386.512,93.756,317.360,1,-1,-1,-1
92,1,727.634,255.465,226.948,663.504,1,-1,-1,-1
92,3,39.691,134.193,363.582,936.466,1,-1,-1,-1
92,4,654.906,423.686,61.520,161.273,1,-1,-1,-1
92,10,1020.987,320.305,177.665,464.836,1,-1,-1,-1
92,16,918.508,344.667,96.571,328.958,1,-1,-1,-1
92,17,1254.461,418.105,40.505,121.012,1,-1,-1,-1
92,18,1496.663,392.705,48.491,137.901,1,-1,-1,-1
92,19,1772.694,414.522,38.798,108.447,1,-1,-1,-1
92,20,423.543,380.475,95.436,321.506,1,-1,-1,-1
93,1,719.254,247.516,227.563,667.850,1,-1,-1,-1
93,3,20.157,115.260,372.496,953.825,1,-1,-1,-1
93,4,648.908,421.136,61.046,160.848,1,-1,-1,-1
93,10,1019.537,314.436,178.137,463.417,1,-1,-1,-1
93,16,912.532,340.090,96.311,330.549,1,-1,-1,-1
93,17,1259.536,417.617,39.200,117.503,1,-1,-1,-1
93,18,1492.699,387.834,48.978,139.454,1,-1,-1,-1
93,19,1769.485,410.684,38.548,108.006,1,-1,-1,-1
93,20,416.964,376.321,96.826,324.084,1,-1,-1,-1
94,1,713.156,241.644,226.930,670.872,1,-1,-1,-1
94,3,5.369,106.052,376.611,965.572,1,-1,-1,-1
94,4,643.687,419.275,61.277,160.625,1,-1,-1,-1
94,10,1016.694,308.796,178.407,464.891,1,-1,-1,-1
94,16,908.810,340.102,96.109,328.247,1,-1,-1,-1
94,17,1259.360,417.029,38.373,115.497,1,-1,-1,-1
94,18,1489.934,385.821,49.587,140.648,1,-1,-1,-1
94,19,1766.163,407.203,38.959,108.067,1,-1,-1,-1
94,20,410.008,373.654,98.096,327.342,1,-1,-1,-1
94,22,1240.800,421.200,31.500,106.100,1,-1,-1,-1
95,1,707.128,241.017,230.163,676.830,1,-1,-1,-1
95,3,-5.912,97.951,375.090,975.404,1,-1,-1,-1
95,4,638.043,418.750,61.253,160.812,1,-1,-1,-1
95,10,1013.578,307.808,178.533,464.487,1,-1,-1,-1
95,16,907.474,341.594,95.581,326.380,1,-1,-1,-1
95,17,1257.820,416.586,38.066,114.111,1,-1,-1,-1
95,18,1488.523,385.168,49.445,140.572,1,-1,-1,-1
95,19,1764.435,405.127,38.997,108.852,1,-1,-1,-1
95,20,402.392,371.852,99.941,327.898,1,-1,-1,-1
95,22,1241.031,418.459,33.437,109.182,1,-1,-1,-1
96,1,701.895,239.278,230.642,681.412,1,-1,-1,-1
96,3,-10.333,93.700,372.558,982.342,1,-1,-1,-1
96,4,634.727,418.979,62.034,161.371,1,-1,-1,-1
96,10,1010.594,308.722,179.563,465.187,1,-1,-1,-1
96,16,904.927,340.561,96.802,328.513,1,-1,-1,-1
96,17,1253.366,417.545,37.406,111.422,1,-1,-1,-1
96,18,1488.320,384.467,49.038,140.213,1,-1,-1,-1
96,19,1761.633,406.194,38.366,108.237,1,-1,-1,-1
96,20,396.593,370.393,100.600,329.198,1,-1,-1,-1
97,1,698.711,238.914,231.406,682.760,1,-1,-1,-1
97,3,-17.684,84.056,361.084,990.902,1,-1,-1,-1
97,4,632.295,418.130,62.462,161.258,1,-1,-1,-1
97,10,1008.478,307.832,182.101,465.525,1,-1,-1,-1
97,16,903.554,341.208,96.897,327.586,1,-1,-1,-1
97,18,1488.763,383.723,48.556,139.831,1,-1,-1,-1
97,19,1761.582,405.886,37.812,108.083,1,-1,-1,-1
97,20,391.879,369.079,102.444,331.923,1,-1,-1,-1
97,22,1227.170,407.018,43.077,126.183,1,-1,-1,-1
98,1,697.378,238.193,228.158,682.398,1,-1,-1,-1
98,3,-21.420,85.843,345.800,993.417,1,-1,-1,-1
98,4,631.258,417.083,62.779,162.086,1,-1,-1,-1
98,10,1011.310,308.628,183.537,466.381,1,-1,-1,-1
98,16,902.343,341.734,96.747,327.778,1,-1,-1,-1
98,18,1488.779,383.163,48.211,138.815,1,-1,-1,-1
98,19,1762.039,405.286,37.360,106.695,1,-1,-1,-1
98,20,390.892,370.885,102.888,332.205,1,-1,-1,-1
98,22,1226.037,406.169,44.976,127.096,1,-1,-1,-1
99,1,696.311,239.177,226.135,677.040,1,-1,-1,-1
99,3,-22.876,86.737,324.563,994.813,1,-1,-1,-1
99,4,630.103,417.005,63.286,163.005,1,-1,-1,-1
99,10,1012.691,311.018,185.245,467.601,1,-1,-1,-1
99,16,903.351,344.019,95.381,325.807,1,-1,-1,-1
99,18,1490.568,383.164,48.045,138.407,1,-1,-1,-1
99,19,1763.655,405.360,37.546,105.240,1,-1,-1,-1
99,20,388.084,370.408,104.240,334.085,1,-1,-1,-1
99,22,1225.990,405.686,45.937,127.847,1,-1,-1,-1
100,1,695.134,242.343,226.941,676.630,1,-1,-1,-1
100,4,629.397,415.826,63.767,164.141,1,-1,-1,-1
100,10,1016.125,310.813,187.886,467.754,1,-1,-1,-1
100,16,904.534,343.866,95.228,328.471,1,-1,-1,-1
100,18,1493.605,382.496,47.803,137.991,1,-1,-1,-1
100,19,1766.112,404.881,38.104,105.684,1,-1,-1,-1
100,20,385.968,369.967,103.529,336.265,1,-1,-1,-1
100,22,1224.230,404.916,46.477,128.123,1,-1,-1,-1
101,1,697.122,241.210,226.172,673.580,1,-1,-1,-1
101,4,630.500,414.674,64.337,165.113,1,-1,-1,-1
101,10,1020.550,313.736,190.941,468.657,1,-1,-1,-1
101,16,907.847,340.444,96.621,330.464,1,-1,-1,-1
101,18,1499.325,380.841,48.323,138.499,1,-1,-1,-1
101,19,1770.541,401.234,38.535,106.102,1,-1,-1,-1
101,20,384.726,369.385,102.692,338.262,1,-1,-1,-1
101,22,1224.540,404.812,47.429,128.246,1,-1,-1,-1
102,1,699.895,242.987,226.258,675.056,1,-1,-1,-1
102,4,634.127,414.292,64.834,166.064,1,-1,-1,-1
102,10,1025.287,314.016,190.717,469.847,1,-1,-1,-1
102,16,914.431,342.788,97.878,325.347,1,-1,-1,-1
102,18,1505.735,379.301,48.472,138.503,1,-1,-1,-1
102,19,1778.960,401.590,38.813,106.490,1,-1,-1,-1
102,20,384.603,366.384,102.172,341.490,1,-1,-1,-1
102,22,1227.229,402.413,48.256,127.998,1,-1,-1,-1
103,1,707.727,240.418,225.922,673.862,1,-1,-1,-1
103,4,640.417,412.961,64.337,166.085,1,-1,-1,-1
103,10,1033.668,313.654,193.189,470.533,1,-1,-1,-1
103,16,919.770,340.987,99.716,329.667,1,-1,-1,-1
103,18,1515.298,378.458,48.672,138.644,1,-1,-1,-1
103,19,1788.553,399.828,39.633,108.281,1,-1,-1,-1
103,20,388.739,363.176,101.745,346.196,1,-1,-1,-1
103,22,1234.970,401.811,48.160,127.627,1,-1,-1,-1
104,1,719.114,241.670,223.802,671.674,1,-1,-1,-1
104,4,651.153,410.265,64.122,167.368,1,-1,-1,-1
104,10,1040.662,314.418,196.502,470.888,1,-1,-1,-1
104,16,924.197,335.965,99.381,330.831,1,-1,-1,-1
104,18,1526.659,377.587,48.533,138.165,1,-1,-1,-1
104,19,1798.412,396.862,39.559,109.493,1,-1,-1,-1
104,20,397.375,361.085,102.931,351.955,1,-1,-1,-1
104,22,1242.290,399.067,47.753,126.019,1,-1,-1,-1
105,1,728.742,238.895,220.490,668.374,1,-1,-1,-1
105,4,660.821,408.979,64.175,167.754,1,-1,-1,-1
105,10,1047.828,313.175,198.290,472.647,1,-1,-1,-1
105,16,931.965,331.923,98.597,332.560,1,-1,-1,-1
105,18,1540.258,376.455,48.287,136.640,1,-1,-1,-1
105,19,1812.307,395.348,39.393,109.944,1,-1,-1,-1
105,20,406.699,360.875,103.343,353.291,1,-1,-1,-1
105,22,1249.031,397.716,47.839,125.700,1,-1,-1,-1
106,1,736.469,237.428,219.781,667.924,1,-1,-1,-1
106,4,668.430,405.906,64.827,169.116,1,-1,-1,-1
106,10,1055.595,309.101,198.512,473.717,1,-1,-1,-1
106,16,939.132,329.408,98.382,334.498,1,-1,-1,-1
106,18,1551.023,373.205,48.674,137.900,1,-1,-1,-1
106,19,1824.232,392.261,40.026,110.227,1,-1,-1,-1
106,20,413.002,358.439,103.849,356.723,1,-1,-1,-1
106,22,1255.121,394.632,48.707,127.047,1,-1,-1,-1
107,1,744.851,235.438,218.295,670.608,1,-1,-1,-1
107,4,676.194,404.011,66.326,170.989,1,-1,-1,-1
107,10,1066.119,302.433,195.786,475.609,1,-1,-1,-1
107,16,945.092,325.741,98.660,336.386,1,-1,-1,-1
107,18,1561.232,371.099,48.720,137.960,1,-1,-1,-1
107,19,1837.508,390.062,39.833,110.164,1,-1,-1,-1
107,20,419.923,354.842,103.811,360.665,1,-1,-1,-1
107,22,1260.883,393.112,48.390,127.520,1,-1,-1,-1
108,1,751.110,233.045,218.147,668.029,1,-1,-1,-1
108,4,680.631,402.563,66.580,171.426,1,-1,-1,-1
108,10,1072.401,298.385,193.796,477.678,1,-1,-1,-1
108,16,948.778,324.268,98.987,335.873,1,-1,-1,-1
108,18,1570.711,369.644,48.514,137.725,1,-1,-1,-1
108,19,1850.313,388.199,39.528,110.564,1,-1,-1,-1
108,20,423.501,352.754,104.584,363.326,1,-1,-1,-1
108,22,1265.208,391.390,47.907,127.527,1,-1,-1,-1
109,1,756.012,231.555,219.242,663.561,1,-1,-1,-1
109,4,684.267,400.457,66.905,172.187,1,-1,-1,-1
109,10,1076.966,291.818,192.401,480.199,1,-1,-1,-1
109,16,953.009,324.038,97.542,335.069,1,-1,-1,-1
109,18,1578.565,368.772,48.127,137.226,1,-1,-1,-1
109,19,1858.299,386.240,39.508,109.557,1,-1,-1,-1
109,20,426.302,353.823,104.453,363.408,1,-1,-1,-1
109,22,1269.570,391.805,47.643,125.966,1,-1,-1,-1
110,1,762.783,232.648,216.990,662.200,1,-1,-1,-1
110,4,686.662,397.611,67.747,173.073,1,-1,-1,-1
110,10,1080.154,292.352,193.063,477.308,1,-1,-1,-1
110,16,956.717,324.213,97.846,334.937,1,-1,-1,-1
110,18,1584.609,366.804,48.330,137.819,1,-1,-1,-1
110,19,1865.051,385.244,39.228,108.505,1,-1,-1,-1
110,20,426.355,351.501,103.897,367.433,1,-1,-1,-1
110,22,1274.801,389.961,48.110,126.058,1,-1,-1,-1
111,1,767.549,227.203,215.479,659.949,1,-1,-1,-1
111,4,689.032,394.489,68.602,173.151,1,-1,-1,-1
111,10,1084.887,295.580,193.373,475.768,1,-1,-1,-1
111,16,959.303,323.560,98.690,336.365,1,-1,-1,-1
111,18,1590.124,364.974,48.823,138.372,1,-1,-1,-1
111,19,1872.632,385.138,38.068,107.301,1,-1,-1,-1
111,20,425.004,347.995,105.533,368.953,1,-1,-1,-1
111,22,1278.565,389.089,48.616,127.193,1,-1,-1,-1
112,1,768.349,225.642,214.895,657.428,1,-1,-1,-1
112,4,691.617,392.737,68.877,174.484,1,-1,-1,-1
112,10,1089.502,295.175,191.556,474.503,1,-1,-1,-1
112,16,963.254,322.413,98.696,335.528,1,-1,-1,-1
112,18,1595.979,364.384,49.187,137.708,1,-1,-1,-1
112,20,423.756,344.424,106.605,372.680,1,-1,-1,-1
112,22,1283.484,388.430,49.320,128.177,1,-1,-1,-1
113,1,769.481,223.654,213.921,656.472,1,-1,-1,-1
113,4,691.866,390.545,69.716,176.324,1,-1,-1,-1
113,10,1090.454,291.230,191.527,475.366,1,-1,-1,-1
113,16,965.828,321.855,97.916,334.109,1,-1,-1,-1
113,18,1602.460,363.304,49.875,138.435,1,-1,-1,-1
113,20,423.249,342.539,106.851,377.231,1,-1,-1,-1
113,22,1287.210,387.252,49.676,128.458,1,-1,-1,-1
114,1,769.556,223.106,212.630,654.931,1,-1,-1,-1
114,4,693.664,389.946,69.882,177.642,1,-1,-1,-1
114,10,1095.864,287.556,188.254,475.705,1,-1,-1,-1
114,16,968.983,320.787,97.500,333.932,1,-1,-1,-1
114,18,1607.537,362.591,49.782,137.793,1,-1,-1,-1
114,20,421.814,338.923,107.576,380.825,1,-1,-1,-1
114,22,1290.576,387.113,49.318,128.159,1,-1,-1,-1
115,1,771.432,230.992,212.049,654.632,1,-1,-1,-1
115,4,695.674,389.201,69.506,178.625,1,-1,-1,-1
115,10,1101.868,285.624,186.933,475.907,1,-1,-1,-1
115,16,972.682,321.873,97.093,332.537,1,-1,-1,-1
115,18,1612.911,361.942,49.622,136.972,1,-1,-1,-1
115,20,419.642,337.910,108.801,379.625,1,-1,-1,-1
115,22,1291.630,384.286,48.852,126.927,1,-1,-1,-1
116,1,771.021,232.183,210.111,653.802,1,-1,-1,-1
116,4,696.793,389.042,70.215,179.233,1,-1,-1,-1
116,10,1105.103,284.868,185.088,476.472,1,-1,-1,-1
116,16,973.648,324.393,97.208,330.357,1,-1,-1,-1
116,18,1617.900,361.200,49.649,136.449,1,-1,-1,-1
116,20,418.106,335.583,109.568,381.609,1,-1,-1,-1
116,22,1291.619,385.952,48.931,128.065,1,-1,-1,-1
117,1,769.929,226.474,208.992,650.283,1,-1,-1,-1
117,4,697.760,386.521,70.378,180.225,1,-1,-1,-1
117,10,1106.131,284.542,185.152,478.575,1,-1,-1,-1
117,16,974.089,324.638,96.953,329.192,1,-1,-1,-1
117,18,1622.483,360.001,50.073,136.549,1,-1,-1,-1
117,20,415.802,331.177,110.232,385.546,1,-1,-1,-1
118,1,767.958,225.091,208.920,649.626,1,-1,-1,-1
118,4,696.671,385.873,70.222,181.175,1,-1,-1,-1
118,10,1106.130,286.250,187.055,478.881,1,-1,-1,-1
118,16,974.891,326.620,96.754,327.057,1,-1,-1,-1
118,18,1625.538,359.680,50.588,137.135,1,-1,-1,-1
118,20,412.227,334.786,110.734,384.774,1,-1,-1,-1
119,1,766.248,226.902,208.725,648.014,1,-1,-1,-1
119,4,695.499,386.510,69.801,181.613,1,-1,-1,-1
119,10,1109.193,286.781,186.872,479.122,1,-1,-1,-1
119,16,976.205,324.246,96.617,326.609,1,-1,-1,-1
119,18,1627.856,360.723,51.655,138.319,1,-1,-1,-1
119,20,407.851,335.557,111.433,387.369,1,-1,-1,-1
120,1,766.032,228.194,208.454,648.451,1,-1,-1,-1
120,4,694.035,387.654,69.490,181.418,1,-1,-1,-1
120,10,1109.302,290.095,187.674,480.177,1,-1,-1,-1
120,16,975.185,325.366,97.062,327.148,1,-1,-1,-1
120,18,1630.301,360.637,52.652,139.091,1,-1,-1,-1
120,20,400.644,331.679,114.997,391.051,1,-1,-1,-1
121,1,762.273,230.218,209.530,650.341,1,-1,-1,-1
121,4,692.403,388.959,69.289,181.489,1,-1,-1,-1
121,10,1110.175,290.764,185.739,482.394,1,-1,-1,-1
121,16,972.871,328.003,98.097,325.596,1,-1,-1,-1
121,18,1632.134,360.588,53.781,140.264,1,-1,-1,-1
121,20,391.812,332.291,117.702,396.737,1,-1,-1,-1
122,1,756.035,226.027,211.767,651.445,1,-1,-1,-1
122,4,690.242,388.332,69.948,182.896,1,-1,-1,-1
122,10,1109.065,290.963,184.321,484.226,1,-1,-1,-1
122,16,970.756,326.971,98.644,326.431,1,-1,-1,-1
122,18,1631.690,360.839,54.557,140.295,1,-1,-1,-1
122,20,383.358,330.843,120.865,401.694,1,-1,-1,-1
123,1,748.404,227.519,214.655,650.917,1,-1,-1,-1
123,4,687.427,388.150,70.288,184.009,1,-1,-1,-1
123,10,1106.785,291.099,181.734,484.100,1,-1,-1,-1
123,16,969.279,326.335,99.339,328.313,1,-1,-1,-1
123,18,1630.141,361.846,54.521,139.575,1,-1,-1,-1
123,20,375.860,331.504,122.612,405.606,1,-1,-1,-1
124,1,745.228,226.969,214.842,654.449,1,-1,-1,-1
124,4,684.714,386.736,70.735,185.785,1,-1,-1,-1
124,10,1102.604,291.512,180.995,483.407,1,-1,-1,-1
124,16,967.023,327.111,98.884,329.435,1,-1,-1,-1
124,18,1627.936,364.210,53.702,138.777,1,-1,-1,-1
124,20,368.125,331.152,125.049,410.843,1,-1,-1,-1
125,1,735.687,231.504,214.209,652.624,1,-1,-1,-1
125,4,680.708,385.511,70.578,188.258,1,-1,-1,-1
125,10,1098.120,290.472,180.675,483.526,1,-1,-1,-1
125,16,962.770,326.003,99.386,331.971,1,-1,-1,-1
125,18,1625.688,364.952,53.385,138.228,1,-1,-1,-1
125,20,359.591,333.792,127.492,414.323,1,-1,-1,-1
126,1,726.978,230.053,214.894,655.108,1,-1,-1,-1
126,4,677.442,383.809,70.424,189.871,1,-1,-1,-1
126,10,1094.577,292.031,180.658,483.529,1,-1,-1,-1
126,16,957.886,325.093,99.691,333.991,1,-1,-1,-1
126,18,1623.907,366.935,52.977,136.663,1,-1,-1,-1
126,20,351.482,332.168,129.421,419.034,1,-1,-1,-1
127,1,724.104,229.297,214.100,656.611,1,-1,-1,-1
127,4,673.689,383.864,70.850,190.352,1,-1,-1,-1
127,10,1087.778,294.005,183.830,483.909,1,-1,-1,-1
127,16,951.360,325.296,100.928,336.286,1,-1,-1,-1
127,18,1620.828,367.976,52.513,136.290,1,-1,-1,-1
127,20,343.461,328.864,131.387,424.389,1,-1,-1,-1
128,1,720.690,230.100,213.904,657.632,1,-1,-1,-1
128,4,669.175,383.859,71.033,192.052,1,-1,-1,-1
128,10,1084.481,291.080,185.427,484.089,1,-1,-1,-1
128,16,945.633,325.707,101.728,337.085,1,-1,-1,-1
128,18,1619.399,368.531,51.754,135.901,1,-1,-1,-1
128,20,334.074,329.827,133.709,429.780,1,-1,-1,-1
129,1,717.239,230.524,215.300,658.969,1,-1,-1,-1
129,4,666.248,384.441,71.375,192.401,1,-1,-1,-1
129,10,1079.957,291.173,186.404,485.342,1,-1,-1,-1
129,16,942.713,325.946,102.022,337.026,1,-1,-1,-1
129,18,1618.811,367.777,51.198,135.529,1,-1,-1,-1
129,20,325.972,330.260,136.890,434.322,1,-1,-1,-1
130,1,714.835,230.999,216.947,659.440,1,-1,-1,-1
130,4,661.796,383.895,71.280,194.281,1,-1,-1,-1
130,10,1078.114,288.539,187.526,486.591,1,-1,-1,-1
130,16,939.133,322.271,102.718,340.026,1,-1,-1,-1
130,18,1618.697,367.738,50.884,135.812,1,-1,-1,-1
130,20,321.124,329.947,138.146,439.422,1,-1,-1,-1
131,1,714.043,229.809,216.713,657.788,1,-1,-1,-1
131,4,660.034,384.420,71.288,195.696,1,-1,-1,-1
131,10,1076.183,287.656,187.077,487.297,1,-1,-1,-1
131,16,936.512,319.927,103.187,342.021,1,-1,-1,-1
131,18,1618.228,367.064,51.155,135.872,1,-1,-1,-1
131,20,313.849,331.864,140.062,442.767,1,-1,-1,-1
132,1,714.161,235.124,216.208,653.595,1,-1,-1,-1
132,4,659.223,384.791,71.485,197.070,1,-1,-1,-1
132,10,1075.683,287.545,185.978,488.049,1,-1,-1,-1
132,16,933.254,321.197,103.942,340.037,1,-1,-1,-1
132,18,1617.911,365.741,51.474,136.599,1,-1,-1,-1
132,20,309.182,330.617,141.507,446.273,1,-1,-1,-1
133,1,715.690,234.912,215.286,650.781,1,-1,-1,-1
133,4,657.461,385.587,71.568,197.849,1,-1,-1,-1
133,10,1076.760,287.654,185.641,488.831,1,-1,-1,-1
133,16,930.945,322.251,104.458,337.830,1,-1,-1,-1
133,18,1618.623,365.126,52.098,137.308,1,-1,-1,-1
133,20,304.267,331.211,142.967,449.692,1,-1,-1,-1
134,1,719.162,235.596,214.117,645.500,1,-1,-1,-1
134,4,656.019,387.229,72.853,200.354,1,-1,-1,-1
134,10,1077.094,289.016,185.331,487.999,1,-1,-1,-1
134,16,926.883,319.261,104.282,340.324,1,-1,-1,-1
134,18,1619.448,364.607,53.000,138.030,1,-1,-1,-1
134,20,300.749,330.054,143.276,453.800,1,-1,-1,-1
135,1,720.283,235.642,213.067,644.318,1,-1,-1,-1
135,4,654.191,390.204,73.783,202.197,1,-1,-1,-1
135,10,1076.944,291.290,185.819,488.422,1,-1,-1,-1
135,16,924.218,319.427,104.819,339.600,1,-1,-1,-1
135,18,1620.689,363.860,54.047,138.633,1,-1,-1,-1
135,20,296.882,330.158,144.183,459.539,1,-1,-1,-1
135,23,1017.800,357.600,72.900,248.200,1,-1,-1,-1
136,1,723.515,239.088,211.585,642.315,1,-1,-1,-1
136,4,651.873,392.480,76.044,203.245,1,-1,-1,-1
136,10,1078.405,292.401,187.063,490.500,1,-1,-1,-1
136,16,923.813,319.024,103.874,341.912,1,-1,-1,-1
136,18,1623.012,362.639,54.861,138.858,1,-1,-1,-1
136,20,294.149,329.334,145.845,463.746,1,-1,-1,-1
136,23,1019.403,361.043,74.893,235.114,1,-1,-1,-1
137,1,725.236,238.670,210.498,638.873,1,-1,-1,-1
137,4,651.688,392.817,79.396,204.645,1,-1,-1,-1
137,10,1080.790,293.074,187.896,493.447,1,-1,-1,-1
137,16,923.991,323.339,102.521,341.837,1,-1,-1,-1
137,18,1625.244,363.599,55.800,139.901,1,-1,-1,-1
137,20,291.766,327.810,147.294,467.539,1,-1,-1,-1
137,23,1017.951,362.690,77.069,233.339,1,-1,-1,-1
138,1,728.104,243.722,210.608,636.617,1,-1,-1,-1
138,4,652.802,395.795,81.130,206.076,1,-1,-1,-1
138,10,1083.808,297.543,188.053,495.123,1,-1,-1,-1
138,16,925.753,328.020,102.135,340.167,1,-1,-1,-1
138,18,1630.791,366.281,56.085,140.183,1,-1,-1,-1
138,20,286.289,328.635,150.266,471.954,1,-1,-1,-1
138,23,1020.914,364.720,78.171,230.714,1,-1,-1,-1
139,1,732.478,242.693,208.819,632.185,1,-1,-1,-1
139,4,654.582,397.827,81.428,206.706,1,-1,-1,-1
139,10,1086.012,298.341,189.261,496.334,1,-1,-1,-1
139,16,926.323,325.665,102.229,341.246,1,-1,-1,-1
139,18,1635.248,364.900,56.036,139.670,1,-1,-1,-1
139,20,280.212,330.829,153.445,475.653,1,-1,-1,-1
139,23,1022.062,364.722,78.969,231.383,1,-1,-1,-1
140,1,738.391,248.790,206.769,629.866,1,-1,-1,-1
140,4,655.717,394.839,81.915,209.487,1,-1,-1,-1
140,10,1089.524,300.945,189.315,497.223,1,-1,-1,-1
140,16,929.291,327.498,102.533,340.484,1,-1,-1,-1
140,18,1640.539,364.029,55.887,139.316,1,-1,-1,-1
140,20,274.363,329.974,156.641,483.397,1,-1,-1,-1
140,23,1018.561,366.029,83.493,235.746,1,-1,-1,-1
141,1,742.269,246.678,204.869,630.125,1,-1,-1,-1
141,4,656.811,393.964,82.246,210.014,1,-1,-1,-1
141,10,1093.800,302.380,191.382,497.771,1,-1,-1,-1
141,16,930.241,328.903,103.008,340.645,1,-1,-1,-1
141,18,1646.619,364.038,54.607,138.444,1,-1,-1,-1
141,20,271.217,331.093,158.987,490.776,1,-1,-1,-1
141,23,1022.103,369.093,82.935,233.600,1,-1,-1,-1
142,1,745.663,249.008,203.732,630.605,1,-1,-1,-1
142,4,657.575,394.476,84.116,211.988,1,-1,-1,-1
142,10,1097.320,302.330,193.736,497.785,1,-1,-1,-1
142,16,932.897,329.590,102.962,340.502,1,-1,-1,-1
142,18,1652.539,364.286,54.647,138.349,1,-1,-1,-1
142,20,268.962,327.359,162.190,499.938,1,-1,-1,-1
142,23,1026.813,368.768,83.224,231.548,1,-1,-1,-1
143,1,750.016,249.127,204.766,634.261,1,-1,-1,-1
143,4,660.694,396.447,84.930,213.761,1,-1,-1,-1
143,10,1100.949,300.107,193.489,500.099,1,-1,-1,-1
143,16,936.992,330.905,102.552,342.028,1,-1,-1,-1
143,18,1659.108,365.054,54.730,138.086,1,-1,-1,-1
143,20,266.962,329.897,165.087,504.186,1,-1,-1,-1
143,23,1029.167,371.385,82.609,230.377,1,-1,-1,-1
144,1,758.913,252.302,202.555,629.883,1,-1,-1,-1
144,4,663.894,396.865,85.712,215.160,1,-1,-1,-1
144,10,1107.278,300.097,195.279,501.723,1,-1,-1,-1
144,16,939.719,330.202,102.027,343.015,1,-1,-1,-1
144,18,1665.754,365.792,55.210,138.339,1,-1,-1,-1
144,20,265.025,331.723,168.244,508.507,1,-1,-1,-1
144,23,1031.568,373.065,82.851,230.046,1,-1,-1,-1
145,1,765.829,254.829,200.094,629.397,1,-1,-1,-1
145,4,666.436,395.029,85.683,216.997,1,-1,-1,-1
145,10,1114.842,301.851,195.507,502.291,1,-1,-1,-1
145,16,944.065,330.619,100.882,341.915,1,-1,-1,-1
145,18,1673.236,366.090,55.774,139.904,1,-1,-1,-1
145,20,263.592,331.105,170.456,513.075,1,-1,-1,-1
145,23,1035.097,375.413,84.405,230.884,1,-1,-1,-1
146,1,773.027,259.215,197.006,627.999,1,-1,-1,-1
146,4,670.299,394.638,85.126,216.949,1,-1,-1,-1
146,10,1121.603,299.939,195.693,501.790,1,-1,-1,-1
146,16,947.113,331.277,101.350,341.510,1,-1,-1,-1
146,18,1680.654,367.082,56.976,140.627,1,-1,-1,-1
146,20,259.556,330.261,172.007,519.986,1,-1,-1,-1
146,23,1039.249,375.203,83.934,230.124,1,-1,-1,-1
147,1,779.091,261.852,195.683,626.319,1,-1,-1,-1
147,4,672.160,394.157,84.921,218.583,1,-1,-1,-1
147,10,1125.878,300.272,196.868,500.992,1,-1,-1,-1
147,16,950.182,332.534,103.212,341.135,1,-1,-1,-1
147,18,1687.049,369.172,57.260,139.881,1,-1,-1,-1
147,20,255.276,331.219,173.636,525.517,1,-1,-1,-1
147,23,1042.812,377.436,83.265,229.176,1,-1,-1,-1
148,1,784.064,264.981,194.111,623.711,1,-1,-1,-1
148,4,673.273,395.658,84.293,218.072,1,-1,-1,-1
148,10,1132.727,298.625,194.757,499.684,1,-1,-1,-1
148,16,951.374,334.393,104.393,343.091,1,-1,-1,-1
148,18,1693.006,369.765,57.079,139.717,1,-1,-1,-1
148,20,250.885,331.233,176.380,534.034,1,-1,-1,-1
148,23,1045.707,380.091,82.878,227.748,1,-1,-1,-1
149,1,781.543,268.419,199.212,626.444,1,-1,-1,-1
149,4,673.685,396.761,84.662,219.241,1,-1,-1,-1
149,10,1135.766,300.268,195.934,500.168,1,-1,-1,-1
149,16,953.256,335.625,105.112,344.503,1,-1,-1,-1
149,18,1697.865,372.794,56.810,139.834,1,-1,-1,-1
149,20,244.947,328.318,179.689,543.464,1,-1,-1,-1
149,23,1047.739,381.967,82.301,226.029,1,-1,-1,-1
150,1,781.499,267.352,201.039,628.030,1,-1,-1,-1
150,4,674.464,398.376,84.734,219.588,1,-1,-1,-1
150,10,1140.416,305.058,196.740,501.392,1,-1,-1,-1
150,16,955.452,336.568,105.086,346.124,1,-1,-1,-1
150,18,1702.580,373.375,55.892,139.745,1,-1,-1,-1
150,20,239.497,324.102,182.891,552.569,1,-1,-1,-1
150,23,1047.960,383.390,83.574,226.626,1,-1,-1,-1
151,1,784.141,266.403,199.972,625.058,1,-1,-1,-1
151,4,676.353,403.925,85.168,220.040,1,-1,-1,-1
151,10,1140.959,304.220,198.283,502.031,1,-1,-1,-1
151,16,957.947,334.452,104.871,347.451,1,-1,-1,-1
151,18,1707.104,375.126,54.610,137.980,1,-1,-1,-1
151,20,231.963,320.966,184.855,561.352,1,-1,-1,-1
151,23,1048.216,384.035,84.518,227.270,1,-1,-1,-1
152,1,780.588,265.740,203.687,623.154,1,-1,-1,-1
152,4,676.388,405.372,86.372,221.847,1,-1,-1,-1
152,10,1141.745,304.755,199.376,502.009,1,-1,-1,-1
152,16,959.374,336.257,105.046,348.753,1,-1,-1,-1
152,20,227.016,319.896,186.261,570.757,1,-1,-1,-1
152,23,1047.757,383.428,85.166,228.665,1,-1,-1,-1
153,1,780.961,264.129,203.599,619.348,1,-1,-1,-1
153,4,675.541,406.385,87.307,223.862,1,-1,-1,-1
153,10,1144.167,305.094,196.504,503.441,1,-1,-1,-1
153,16,962.121,336.423,105.181,350.821,1,-1,-1,-1
153,20,218.093,317.574,188.964,578.401,1,-1,-1,-1
153,23,1047.565,383.203,86.022,230.151,1,-1,-1,-1
154,1,780.299,263.866,203.475,615.864,1,-1,-1,-1
154,4,675.213,408.638,87.218,225.559,1,-1,-1,-1
154,10,1147.007,309.821,196.725,506.619,1,-1,-1,-1
154,16,962.883,337.103,105.633,352.144,1,-1,-1,-1
154,20,207.690,314.049,192.375,586.893,1,-1,-1,-1
154,23,1046.986,384.358,86.047,229.730,1,-1,-1,-1
155,1,779.048,262.310,202.699,618.744,1,-1,-1,-1
155,4,673.340,405.816,88.602,227.053,1,-1,-1,-1
155,10,1146.990,305.846,196.322,507.934,1,-1,-1,-1
155,16,963.814,336.197,105.465,353.410,1,-1,-1,-1
155,20,198.744,309.537,195.960,595.404,1,-1,-1,-1
155,23,1044.901,383.109,87.574,232.609,1,-1,-1,-1
156,1,776.537,260.069,207.815,618.363,1,-1,-1,-1
156,4,671.954,405.299,89.584,228.504,1,-1,-1,-1
156,10,1146.658,305.911,196.243,508.737,1,-1,-1,-1
156,16,961.807,334.223,105.911,353.044,1,-1,-1,-1
156,20,188.576,304.553,199.332,605.237,1,-1,-1,-1
156,23,1044.374,385.563,87.658,232.620,1,-1,-1,-1
157,1,775.750,261.890,208.427,618.359,1,-1,-1,-1
157,4,669.523,406.511,89.421,229.743,1,-1,-1,-1
157,10,1143.592,308.978,197.878,508.058,1,-1,-1,-1
157,16,958.709,335.918,105.315,355.153,1,-1,-1,-1
157,20,177.657,301.255,201.651,611.334,1,-1,-1,-1
157,23,1043.294,385.778,87.993,230.908,1,-1,-1,-1
158,1,769.056,261.439,213.210,622.670,1,-1,-1,-1
158,4,664.526,404.713,90.954,231.906,1,-1,-1,-1
158,10,1141.232,309.991,197.675,508.956,1,-1,-1,-1
158,16,955.252,334.665,104.949,355.522,1,-1,-1,-1
158,18,1716.960,382.568,53.755,134.780,1,-1,-1,-1
158,20,164.265,297.804,206.536,619.764,1,-1,-1,-1
158,23,1042.841,385.928,86.238,230.053,1,-1,-1,-1
159,1,766.130,260.931,215.020,625.364,1,-1,-1,-1
159,4,659.155,402.636,91.692,234.327,1,-1,-1,-1
159,10,1138.614,307.971,196.679,510.383,1,-1,-1,-1
159,16,950.062,333.331,106.000,354.658,1,-1,-1,-1
159,20,148.792,296.803,212.683,628.122,1,-1,-1,-1
159,23,1039.741,383.825,85.421,230.457,1,-1,-1,-1
160,1,765.450,260.674,213.378,627.086,1,-1,-1,-1
160,4,653.812,400.397,93.384,236.970,1,-1,-1,-1
160,10,1134.908,305.472,195.625,512.301,1,-1,-1,-1
160,16,946.162,333.713,106.985,350.822,1,-1,-1,-1
160,20,133.607,296.331,216.407,637.906,1,-1,-1,-1
160,23,1037.906,383.556,84.627,230.943,1,-1,-1,-1
161,1,765.856,261.734,211.016,626.061,1,-1,-1,-1
161,4,646.008,397.329,96.028,240.460,1,-1,-1,-1
161,10,1130.270,305.046,193.922,513.958,1,-1,-1,-1
161,16,941.671,333.080,107.256,350.313,1,-1,-1,-1
161,18,1707.510,383.270,54.858,133.716,1,-1,-1,-1
161,20,118.906,295.890,219.610,652.150,1,-1,-1,-1
161,23,1034.670,383.902,84.879,231.304,1,-1,-1,-1
162,1,761.133,265.787,214.117,625.730,1,-1,-1,-1
162,4,639.524,396.511,97.690,242.418,1,-1,-1,-1
162,10,1121.926,310.694,195.572,513.243,1,-1,-1,-1
162,16,937.558,332.289,106.662,351.471,1,-1,-1,-1
162,18,1703.460,383.827,55.976,133.680,1,-1,-1,-1
162,20,101.618,299.476,224.018,660.688,1,-1,-1,-1
162,23,1030.881,384.246,84.674,230.980,1,-1,-1,-1
163,1,757.846,265.802,217.370,626.075,1,-1,-1,-1
163,4,630.896,393.919,99.202,244.162,1,-1,-1,-1
163,10,1114.028,307.914,197.248,514.606,1,-1,-1,-1
163,16,931.991,331.004,105.756,354.853,1,-1,-1,-1
163,18,1700.048,383.746,55.880,133.426,1,-1,-1,-1
163,20,88.533,296.183,226.255,672.548,1,-1,-1,-1
163,23,1024.910,386.164,84.864,228.687,1,-1,-1,-1
164,1,756.895,266.602,215.872,624.316,1,-1,-1,-1
164,4,622.838,392.029,99.423,245.497,1,-1,-1,-1
164,10,1109.435,306.274,197.863,515.254,1,-1,-1,-1
164,16,926.296,330.479,102.800,357.381,1,-1,-1,-1
164,18,1695.562,381.965,56.064,133.728,1,-1,-1,-1
164,20,70.870,294.165,230.322,688.392,1,-1,-1,-1
164,23,1021.210,385.810,84.715,227.267,1,-1,-1,-1
164,24,711.900,365.500,85.700,274.000,1,-1,-1,-1
165,1,756.694,265.707,214.813,624.702,1,-1,-1,-1
165,4,614.462,393.253,100.974,245.302,1,-1,-1,-1
165,10,1101.505,302.350,200.889,516.313,1,-1,-1,-1
165,16,923.359,330.723,98.053,355.355,1,-1,-1,-1
165,18,1691.800,380.042,56.435,135.071,1,-1,-1,-1
165,20,52.614,294.834,235.370,699.507,1,-1,-1,-1
165,23,1015.613,385.055,85.539,227.679,1,-1,-1,-1
165,24,702.766,357.179,92.569,290.842,1,-1,-1,-1
166,1,757.496,261.548,213.336,626.186,1,-1,-1,-1
166,4,606.226,394.104,101.363,245.094,1,-1,-1,-1
166,10,1097.445,295.833,202.544,516.817,1,-1,-1,-1
166,18,1686.851,377.281,56.884,135.577,1,-1,-1,-1
166,20,34.855,295.518,242.520,709.055,1,-1,-1,-1
166,23,1013.243,383.926,86.504,227.864,1,-1,-1,-1
166,24,694.065,356.547,97.818,295.507,1,-1,-1,-1
167,1,758.842,259.860,211.375,626.168,1,-1,-1,-1
167,4,601.354,394.712,100.661,245.731,1,-1,-1,-1
167,10,1094.784,291.882,202.926,517.093,1,-1,-1,-1
167,18,1681.928,375.793,56.958,136.252,1,-1,-1,-1
167,20,22.372,285.044,246.920,719.947,1,-1,-1,-1
167,23,1010.535,382.025,86.999,227.728,1,-1,-1,-1
167,24,684.189,354.654,103.580,302.432,1,-1,-1,-1
168,1,760.565,255.788,208.429,624.207,1,-1,-1,-1
168,4,595.310,392.287,100.737,247.999,1,-1,-1,-1
168,10,1091.738,288.990,203.096,517.859,1,-1,-1,-1
168,18,1678.331,374.904,56.570,137.035,1,-1,-1,-1
168,20,10.389,281.051,250.296,737.293,1,-1,-1,-1
168,23,1008.347,379.578,87.919,227.333,1,-1,-1,-1
168,24,680.713,354.804,105.056,299.629,1,-1,-1,-1
169,1,758.281,250.971,209.421,626.104,1,-1,-1,-1
169,4,589.370,391.606,100.806,249.011,1,-1,-1,-1
169,10,1086.359,290.504,204.036,517.939,1,-1,-1,-1
169,18,1675.991,372.186,56.417,136.162,1,-1,-1,-1
169,20,0.086,274.440,251.540,755.969,1,-1,-1,-1
169,23,1004.762,377.805,87.750,227.770,1,-1,-1,-1
169,24,673.981,347.634,109.343,306.360,1,-1,-1,-1
170,1,758.053,244.723,207.498,624.215,1,-1,-1,-1
170,4,582.516,392.963,101.879,251.114,1,-1,-1,-1
170,10,1083.187,290.462,205.298,518.533,1,-1,-1,-1
170,18,1674.416,370.812,56.442,135.752,1,-1,-1,-1
170,20,-5.879,268.576,249.015,767.095,1,-1,-1,-1
170,23,1002.459,377.189,88.056,228.559,1,-1,-1,-1
170,24,670.290,342.240,112.150,312.595,1,-1,-1,-1
171,1,762.686,243.806,205.063,624.969,1,-1,-1,-1
171,4,576.653,392.977,102.820,252.635,1,-1,-1,-1
171,10,1081.999,289.763,205.508,519.837,1,-1,-1,-1
171,20,-9.026,260.387,244.732,777.836,1,-1,-1,-1
171,23,1000.925,376.020,88.505,227.489,1,-1,-1,-1
171,24,667.371,341.008,114.330,316.124,1,-1,-1,-1
172,1,763.384,243.647,202.432,624.507,1,-1,-1,-1
172,4,571.078,390.510,104.356,254.410,1,-1,-1,-1
172,10,1081.728,287.612,204.923,521.591,1,-1,-1,-1
172,20,-11.817,251.965,235.639,789.574,1,-1,-1,-1
172,23,1000.609,376.457,88.071,226.850,1,-1,-1,-1
172,24,664.847,341.037,116.184,317.287,1,-1,-1,-1
173,1,762.482,244.721,202.406,624.825,1,-1,-1,-1
173,4,566.774,390.932,104.581,256.848,1,-1,-1,-1
173,10,1082.304,292.165,204.728,519.847,1,-1,-1,-1
173,20,-13.290,247.052,223.438,804.844,1,-1,-1,-1
173,23,1000.344,375.718,87.334,226.619,1,-1,-1,-1
173,24,665.736,340.291,116.757,314.537,1,-1,-1,-1
174,1,763.357,248.054,202.521,624.133,1,-1,-1,-1
174,4,560.963,386.140,104.827,261.064,1,-1,-1,-1
174,10,1082.098,288.570,205.440,520.846,1,-1,-1,-1
174,20,-14.042,236.500,213.984,816.080,1,-1,-1,-1
174,23,1001.002,374.766,86.890,227.119,1,-1,-1,-1
174,24,660.948,338.319,119.743,314.005,1,-1,-1,-1
175,1,765.883,248.504,200.412,623.141,1,-1,-1,-1
175,4,556.624,388.038,105.110,263.050,1,-1,-1,-1
175,10,1082.557,295.308,206.059,519.798,1,-1,-1,-1
175,20,-13.616,230.748,206.295,830.788,1,-1,-1,-1
175,23,1001.727,372.024,86.850,229.226,1,-1,-1,-1
175,24,658.407,340.800,122.736,312.725,1,-1,-1,-1
176,1,768.458,253.794,200.760,621.513,1,-1,-1,-1
176,4,554.378,387.633,106.451,267.740,1,-1,-1,-1
176,10,1085.300,299.967,206.811,519.453,1,-1,-1,-1
176,20,-14.784,233.370,196.213,837.978,1,-1,-1,-1
176,23,1002.963,372.255,87.943,229.609,1,-1,-1,-1
176,24,657.404,343.382,126.641,314.521,1,-1,-1,-1
177,1,768.947,258.588,201.535,620.379,1,-1,-1,-1
177,4,552.788,386.013,106.638,270.925,1,-1,-1,-1
177,10,1091.383,293.162,204.607,522.019,1,-1,-1,-1
177,20,-11.886,211.873,190.943,855.298,1,-1,-1,-1
177,23,1004.664,371.982,88.252,229.206,1,-1,-1,-1
177,24,656.698,344.344,129.419,315.835,1,-1,-1,-1
178,1,770.893,262.762,201.556,620.200,1,-1,-1,-1
178,4,550.828,383.041,106.560,274.465,1,-1,-1,-1
178,10,1095.725,289.359,205.245,524.564,1,-1,-1,-1
178,23,1005.796,372.026,88.762,229.442,1,-1,-1,-1
178,24,657.665,345.444,133.638,318.688,1,-1,-1,-1
179,1,773.636,260.486,199.948,617.705,1,-1,-1,-1
179,4,550.199,384.545,106.430,276.724,1,-1,-1,-1
179,10,1097.178,287.592,206.222,526.053,1,-1,-1,-1
179,23,1007.248,372.565,89.955,227.866,1,-1,-1,-1
179,24,656.723,344.702,138.492,325.557,1,-1,-1,-1
180,1,775.347,262.324,202.143,620.729,1,-1,-1,-1
180,4,551.235,385.586,106.359,278.706,1,-1,-1,-1
180,10,1101.128,284.814,206.326,526.474,1,-1,-1,-1
180,23,1009.416,374.893,90.729,228.600,1,-1,-1,-1
180,24,655.655,344.297,142.560,331.199,1,-1,-1,-1
181,1,779.895,263.944,200.687,620.271,1,-1,-1,-1
181,4,552.543,388.117,105.640,279.590,1,-1,-1,-1
181,10,1105.096,287.389,207.549,526.586,1,-1,-1,-1
181,23,1012.669,376.184,91.399,228.932,1,-1,-1,-1
181,24,655.869,342.714,144.707,335.881,1,-1,-1,-1
182,1,779.772,257.805,199.920,615.287,1,-1,-1,-1
182,4,554.399,389.138,105.912,281.193,1,-1,-1,-1
182,10,1112.138,285.905,207.346,527.395,1,-1,-1,-1
182,23,1015.673,376.342,91.766,228.421,1,-1,-1,-1
182,24,657.531,343.288,145.494,334.271,1,-1,-1,-1
183,1,780.017,256.583,202.181,614.754,1,-1,-1,-1
183,4,555.272,390.330,106.958,282.618,1,-1,-1,-1
183,10,1121.647,285.154,204.889,526.790,1,-1,-1,-1
183,23,1017.878,376.581,91.580,227.542,1,-1,-1,-1
183,24,657.566,343.529,146.101,334.677,1,-1,-1,-1
184,1,784.434,262.414,202.949,612.167,1,-1,-1,-1
184,4,556.228,392.142,108.210,283.770,1,-1,-1,-1
184,10,1127.097,284.240,206.435,526.010,1,-1,-1,-1
184,23,1021.812,376.173,91.281,227.555,1,-1,-1,-1
184,24,659.635,341.348,146.174,334.483,1,-1,-1,-1
185,1,789.413,253.318,202.637,615.663,1,-1,-1,-1
185,4,556.271,392.681,109.448,284.238,1,-1,-1,-1
185,10,1131.096,282.751,206.285,530.507,1,-1,-1,-1
185,23,1024.578,375.756,91.444,226.715,1,-1,-1,-1
185,24,662.409,338.702,146.035,339.258,1,-1,-1,-1
186,1,792.843,257.688,201.956,616.638,1,-1,-1,-1
186,4,557.248,391.594,112.083,286.078,1,-1,-1,-1
186,10,1135.427,281.277,206.777,531.837,1,-1,-1,-1
186,23,1026.720,375.008,91.343,226.732,1,-1,-1,-1
186,24,664.559,335.903,146.008,343.851,1,-1,-1,-1
187,1,793.242,253.819,202.022,612.613,1,-1,-1,-1
187,4,558.224,389.776,113.007,290.887,1,-1,-1,-1
187,10,1140.438,276.521,206.197,531.815,1,-1,-1,-1
187,23,1030.043,375.493,91.237,226.322,1,-1,-1,-1
187,24,662.482,338.430,147.775,348.341,1,-1,-1,-1
188,1,794.557,252.556,203.463,609.452,1,-1,-1,-1
188,4,557.863,385.902,114.235,291.768,1,-1,-1,-1
188,10,1143.792,283.733,205.959,530.261,1,-1,-1,-1
188,23,1031.925,375.837,91.830,226.510,1,-1,-1,-1
188,24,662.236,332.480,149.108,352.716,1,-1,-1,-1
189,1,796.643,251.834,204.318,606.173,1,-1,-1,-1
189,4,555.301,384.099,117.583,297.876,1,-1,-1,-1
189,10,1145.393,287.130,205.481,529.365,1,-1,-1,-1
189,23,1033.030,375.726,92.290,226.811,1,-1,-1,-1
189,24,659.774,328.079,150.870,356.803,1,-1,-1,-1
190,1,799.229,252.297,203.297,603.706,1,-1,-1,-1
190,4,554.073,379.040,119.352,301.461,1,-1,-1,-1
190,10,1146.374,288.328,205.214,529.470,1,-1,-1,-1
190,23,1032.856,375.025,92.512,226.877,1,-1,-1,-1
190,24,656.029,324.569,152.773,362.612,1,-1,-1,-1
191,1,799.725,252.697,203.959,604.670,1,-1,-1,-1
191,4,549.286,378.295,121.992,305.531,1,-1,-1,-1
191,10,1150.991,289.062,205.002,531.551,1,-1,-1,-1
191,23,1032.958,375.484,92.559,226.830,1,-1,-1,-1
191,24,653.796,327.344,153.356,366.406,1,-1,-1,-1
192,1,800.370,256.633,205.078,606.208,1,-1,-1,-1
192,4,544.709,380.047,125.242,308.342,1,-1,-1,-1
192,10,1152.630,291.429,205.037,533.434,1,-1,-1,-1
192,23,1032.740,377.298,93.073,227.522,1,-1,-1,-1
192,24,654.421,328.320,152.677,366.422,1,-1,-1,-1
193,1,799.628,260.665,207.171,605.148,1,-1,-1,-1
193,4,537.481,380.152,130.605,313.566,1,-1,-1,-1
193,10,1151.717,293.951,204.482,534.591,1,-1,-1,-1
193,23,1032.177,378.458,92.715,227.170,1,-1,-1,-1
193,24,653.430,325.226,152.479,372.350,1,-1,-1,-1
194,1,797.769,265.340,208.341,603.820,1,-1,-1,-1
194,4,530.839,380.618,135.169,318.308,1,-1,-1,-1
194,10,1148.147,289.726,203.763,537.706,1,-1,-1,-1
194,23,1030.672,381.062,92.547,227.986,1,-1,-1,-1
194,24,645.342,324.520,156.419,377.752,1,-1,-1,-1
195,1,796.107,269.808,209.691,603.661,1,-1,-1,-1
195,4,522.039,384.197,138.072,318.927,1,-1,-1,-1
195,10,1144.344,291.926,200.807,537.503,1,-1,-1,-1
195,23,1027.405,383.028,93.185,229.585,1,-1,-1,-1
195,24,641.732,329.319,158.444,380.810,1,-1,-1,-1
196,1,797.251,274.923,208.272,604.497,1,-1,-1,-1
196,4,514.599,386.640,138.880,320.709,1,-1,-1,-1
196,10,1141.234,293.010,198.674,537.214,1,-1,-1,-1
196,23,1024.919,383.900,92.747,229.711,1,-1,-1,-1
196,24,633.838,333.624,161.614,381.654,1,-1,-1,-1
197,1,796.328,275.355,208.095,606.465,1,-1,-1,-1
197,4,503.295,382.460,140.309,325.832,1,-1,-1,-1
197,10,1136.736,294.730,198.237,536.532,1,-1,-1,-1
197,23,1021.429,384.287,92.039,229.995,1,-1,-1,-1
197,24,626.903,334.054,163.003,381.693,1,-1,-1,-1
198,1,796.573,273.909,208.606,603.496,1,-1,-1,-1
198,4,493.670,387.943,143.030,327.656,1,-1,-1,-1
198,10,1132.636,293.326,199.299,538.576,1,-1,-1,-1
198,23,1016.418,386.554,91.376,229.212,1,-1,-1,-1
198,24,619.356,335.766,164.001,384.855,1,-1,-1,-1
199,1,794.232,275.173,208.455,599.262,1,-1,-1,-1
199,4,482.990,386.477,145.029,330.979,1,-1,-1,-1
199,10,1127.875,295.049,199.387,540.211,1,-1,-1,-1
199,23,1013.121,389.428,91.723,228.891,1,-1,-1,-1
199,24,611.379,338.905,165.211,387.911,1,-1,-1,-1
200,1,794.591,278.976,206.643,597.292,1,-1,-1,-1
200,4,472.435,391.283,146.452,333.688,1,-1,-1,-1
200,10,1121.049,301.278,201.251,540.670,1,-1,-1,-1
200,23,1008.783,392.081,91.421,228.657,1,-1,-1,-1
200,24,602.808,339.780,167.261,393.973,1,-1,-1,-1
201,1,793.553,281.589,205.464,597.681,1,-1,-1,-1
201,4,463.413,394.353,147.068,335.510,1,-1,-1,-1
201,10,1113.813,305.132,202.093,541.778,1,-1,-1,-1
201,23,1005.845,395.882,91.279,227.877,1,-1,-1,-1
201,24,592.076,341.243,168.698,398.333,1,-1,-1,-1
202,1,793.987,281.951,202.881,598.177,1,-1,-1,-1
202,4,453.155,395.129,148.824,339.200,1,-1,-1,-1
202,10,1107.289,303.978,200.974,541.136,1,-1,-1,-1
202,23,1003.066,400.412,91.505,227.206,1,-1,-1,-1
202,24,583.495,340.969,170.783,402.232,1,-1,-1,-1
203,1,794.244,282.092,198.701,599.202,1,-1,-1,-1
203,4,441.450,397.473,148.486,339.693,1,-1,-1,-1
203,10,1100.814,305.351,202.787,541.416,1,-1,-1,-1
203,23,1000.843,402.581,91.868,227.397,1,-1,-1,-1
203,24,571.942,341.933,171.387,404.638,1,-1,-1,-1
204,1,793.947,284.696,196.006,599.716,1,-1,-1,-1
204,4,434.168,397.674,148.473,344.316,1,-1,-1,-1
204,10,1098.501,305.282,203.917,541.634,1,-1,-1,-1
204,23,999.566,404.391,91.796,227.155,1,-1,-1,-1
204,24,563.870,340.726,171.510,407.910,1,-1,-1,-1
205,1,794.126,286.777,194.146,599.550,1,-1,-1,-1
205,4,425.812,397.891,147.713,348.323,1,-1,-1,-1
205,10,1095.858,307.308,205.091,540.206,1,-1,-1,-1
205,23,998.874,405.016,91.436,226.494,1,-1,-1,-1
205,24,556.676,334.859,173.482,413.829,1,-1,-1,-1
206,1,797.075,289.438,192.131,598.999,1,-1,-1,-1
206,4,417.841,394.351,146.728,352.961,1,-1,-1,-1
206,10,1092.912,310.274,206.634,540.608,1,-1,-1,-1
206,23,998.492,405.682,91.116,225.869,1,-1,-1,-1
206,24,550.106,333.046,176.042,419.379,1,-1,-1,-1
207,1,794.524,290.629,191.927,599.714,1,-1,-1,-1
207,4,409.820,394.053,146.062,357.653,1,-1,-1,-1
207,10,1091.704,311.542,208.008,541.566,1,-1,-1,-1
207,23,998.713,405.766,90.421,226.527,1,-1,-1,-1
207,24,544.438,331.617,179.200,424.568,1,-1,-1,-1
208,1,797.834,292.643,189.309,599.256,1,-1,-1,-1
208,4,402.835,391.171,145.510,361.711,1,-1,-1,-1
208,10,1090.604,311.414,211.066,542.860,1,-1,-1,-1
208,23,998.027,403.542,90.348,226.106,1,-1,-1,-1
208,24,537.092,329.841,182.636,428.455,1,-1,-1,-1
209,1,797.563,295.839,188.770,599.093,1,-1,-1,-1
209,4,395.857,388.936,146.040,366.069,1,-1,-1,-1
209,10,1089.690,313.220,213.810,542.749,1,-1,-1,-1
209,23,997.363,401.955,90.100,225.789,1,-1,-1,-1
209,24,530.806,328.367,186.308,433.137,1,-1,-1,-1
209,25,749.500,404.500,90.200,236.600,1,-1,-1,-1
210,1,797.114,295.668,188.482,597.394,1,-1,-1,-1
210,4,390.615,388.605,146.911,369.913,1,-1,-1,-1
210,10,1089.331,315.520,215.451,541.478,1,-1,-1,-1
210,23,996.357,401.943,90.222,225.541,1,-1,-1,-1
210,24,522.311,326.116,191.899,439.259,1,-1,-1,-1
210,25,743.192,403.614,94.417,245.471,1,-1,-1,-1
211,1,795.771,294.587,187.721,594.966,1,-1,-1,-1
211,4,386.841,386.230,147.593,373.225,1,-1,-1,-1
211,10,1092.568,311.947,216.419,544.115,1,-1,-1,-1
211,23,996.261,402.812,90.231,225.742,1,-1,-1,-1
211,24,513.206,328.226,197.822,445.105,1,-1,-1,-1
212,1,791.994,292.226,189.280,598.652,1,-1,-1,-1
212,4,378.232,386.768,148.918,380.390,1,-1,-1,-1
212,10,1093.228,310.825,216.572,546.001,1,-1,-1,-1
212,23,994.896,402.816,89.962,226.036,1,-1,-1,-1
212,24,509.959,328.758,201.364,450.579,1,-1,-1,-1
213,1,786.787,290.958,191.242,604.456,1,-1,-1,-1
213,4,367.422,387.660,153.299,385.886,1,-1,-1,-1
213,10,1092.868,318.521,218.240,547.382,1,-1,-1,-1
213,23,995.803,403.217,88.973,227.003,1,-1,-1,-1
213,24,501.353,330.361,204.336,453.667,1,-1,-1,-1
214,1,784.540,292.328,193.682,609.232,1,-1,-1,-1
214,4,359.791,393.056,155.853,390.417,1,-1,-1,-1
214,10,1092.523,321.400,219.996,546.799,1,-1,-1,-1
214,23,996.788,404.955,88.298,227.029,1,-1,-1,-1
214,24,496.157,332.204,206.123,454.214,1,-1,-1,-1
215,1,781.290,290.845,196.390,609.173,1,-1,-1,-1
215,4,356.846,392.859,156.440,397.150,1,-1,-1,-1
215,10,1095.363,323.427,220.316,546.493,1,-1,-1,-1
215,23,998.624,406.813,87.334,226.620,1,-1,-1,-1
215,24,492.908,332.786,207.661,455.579,1,-1,-1,-1
216,1,778.835,288.671,198.288,609.691,1,-1,-1,-1
216,4,351.672,394.097,159.192,402.349,1,-1,-1,-1
216,10,1100.447,324.858,219.051,548.140,1,-1,-1,-1
216,23,999.207,408.348,88.092,226.322,1,-1,-1,-1
216,24,490.354,332.088,209.119,462.125,1,-1,-1,-1
217,1,779.476,286.968,199.651,610.870,1,-1,-1,-1
217,4,353.604,394.314,158.464,407.544,1,-1,-1,-1
217,10,1107.308,324.362,218.511,549.880,1,-1,-1,-1
217,23,1000.851,409.755,88.315,226.398,1,-1,-1,-1
217,24,488.819,332.004,211.761,467.848,1,-1,-1,-1
218,1,781.042,285.395,200.980,612.545,1,-1,-1,-1
218,4,354.388,393.825,158.660,412.127,1,-1,-1,-1
218,10,1115.979,315.943,217.251,552.851,1,-1,-1,-1
218,23,1003.641,408.914,88.142,225.526,1,-1,-1,-1
218,24,489.625,329.061,211.318,477.350,1,-1,-1,-1
219,1,785.998,286.246,201.359,609.077,1,-1,-1,-1
219,4,354.421,393.006,158.814,417.646,1,-1,-1,-1
219,10,1123.928,312.525,216.467,555.642,1,-1,-1,-1
219,23,1006.767,410.929,87.543,223.998,1,-1,-1,-1
219,24,489.476,325.200,211.207,486.055,1,-1,-1,-1
220,1,793.855,283.575,201.588,609.547,1,-1,-1,-1
220,4,349.589,394.193,163.770,420.962,1,-1,-1,-1
220,10,1130.588,311.703,214.396,554.719,1,-1,-1,-1
220,23,1010.116,411.588,86.970,223.774,1,-1,-1,-1
220,24,490.386,326.066,211.033,491.039,1,-1,-1,-1
221,1,798.092,289.364,201.172,605.054,1,-1,-1,-1
221,4,346.933,393.864,167.902,423.948,1,-1,-1,-1
221,10,1137.877,311.730,213.291,553.657,1,-1,-1,-1
221,23,1013.850,412.541,86.962,223.019,1,-1,-1,-1
221,24,490.994,326.491,210.523,493.201,1,-1,-1,-1
222,1,802.907,294.082,202.710,606.000,1,-1,-1,-1
222,4,347.834,391.993,171.009,424.303,1,-1,-1,-1
222,10,1145.431,312.333,210.844,553.933,1,-1,-1,-1
222,23,1018.553,414.416,86.158,222.659,1,-1,-1,-1
222,24,489.021,324.607,210.158,495.049,1,-1,-1,-1
223,1,807.901,297.810,202.890,603.299,1,-1,-1,-1
223,4,346.945,390.314,173.647,427.539,1,-1,-1,-1
223,10,1152.945,311.188,211.343,556.502,1,-1,-1,-1
223,23,1024.102,415.959,85.383,223.029,1,-1,-1,-1
223,24,488.624,313.207,209.099,503.746,1,-1,-1,-1
223,25,754.395,406.989,92.547,261.555,1,-1,-1,-1
224,1,814.253,297.344,201.651,601.344,1,-1,-1,-1
224,4,342.912,386.559,174.408,433.834,1,-1,-1,-1
224,10,1158.385,311.317,208.108,560.436,1,-1,-1,-1
224,23,1027.518,416.211,85.849,224.498,1,-1,-1,-1
224,24,488.851,309.490,210.659,512.140,1,-1,-1,-1
224,25,750.078,397.727,98.401,275.738,1,-1,-1,-1
225,1,820.692,299.866,200.968,595.083,1,-1,-1,-1
225,4,338.247,381.838,176.459,437.741,1,-1,-1,-1
225,10,1164.190,310.713,205.185,562.685,1,-1,-1,-1
225,23,1031.245,415.454,85.633,225.331,1,-1,-1,-1
225,24,489.691,305.730,211.660,521.209,1,-1,-1,-1
225,25,750.236,394.928,101.919,281.235,1,-1,-1,-1
226,1,827.041,300.317,200.457,592.631,1,-1,-1,-1
226,4,331.705,377.791,179.795,444.165,1,-1,-1,-1
226,10,1168.401,317.221,206.295,562.046,1,-1,-1,-1
226,23,1034.569,413.402,84.951,225.854,1,-1,-1,-1
226,24,487.427,303.827,213.815,527.181,1,-1,-1,-1
226,25,749.519,395.122,105.861,285.246,1,-1,-1,-1
227,1,831.647,300.812,200.142,592.322,1,-1,-1,-1
227,4,326.135,373.065,181.368,452.779,1,-1,-1,-1
227,10,1172.104,319.855,205.410,562.731,1,-1,-1,-1
227,23,1037.179,413.779,85.398,227.157,1,-1,-1,-1
227,24,486.434,299.435,214.170,535.491,1,-1,-1,-1
227,25,748.352,395.357,108.961,288.302,1,-1,-1,-1
228,1,834.835,299.637,200.550,593.334,1,-1,-1,-1
228,4,319.716,372.944,181.714,461.066,1,-1,-1,-1
228,10,1173.735,323.198,205.692,562.935,1,-1,-1,-1
228,23,1038.591,413.835,85.381,226.678,1,-1,-1,-1
228,24,478.872,298.425,217.561,539.433,1,-1,-1,-1
228,25,745.654,395.289,111.578,291.623,1,-1,-1,-1
229,1,839.390,299.492,199.893,594.589,1,-1,-1,-1
229,4,312.601,373.137,181.438,469.088,1,-1,-1,-1
229,10,1176.159,316.465,202.350,565.283,1,-1,-1,-1
229,23,1039.543,414.211,85.781,226.399,1,-1,-1,-1
229,24,473.289,303.410,220.152,542.745,1,-1,-1,-1
229,25,743.223,395.774,114.688,295.604,1,-1,-1,-1
229,26,1631.600,947.000,28.000,60.200,1,-1,-1,-1
230,1,842.986,298.645,199.240,593.687,1,-1,-1,-1
230,4,302.444,374.965,182.389,474.026,1,-1,-1,-1
230,10,1177.184,323.098,203.788,565.875,1,-1,-1,-1
230,23,1042.060,415.899,85.024,224.934,1,-1,-1,-1
230,24,466.411,298.774,222.631,551.379,1,-1,-1,-1
230,25,739.807,398.481,117.419,297.439,1,-1,-1,-1
230,26,1631.872,947.818,29.356,65.263,1,-1,-1,-1
231,1,847.393,299.508,198.321,590.173,1,-1,-1,-1
231,4,291.444,378.112,182.422,478.861,1,-1,-1,-1
231,10,1176.420,325.899,204.540,567.361,1,-1,-1,-1
231,23,1042.053,416.693,85.166,225.471,1,-1,-1,-1
231,24,459.063,294.461,227.132,561.183,1,-1,-1,-1
231,25,734.430,397.004,120.117,303.584,1,-1,-1,-1
231,26,1631.674,953.675,29.865,68.061,1,-1,-1,-1
232,1,849.356,301.349,195.686,593.897,1,-1,-1,-1
232,4,280.969,380.193,184.176,484.353,1,-1,-1,-1
232,10,1175.046,327.217,204.517,569.281,1,-1,-1,-1
232,23,1040.687,417.526,85.016,225.164,1,-1,-1,-1
232,24,445.776,293.500,235.189,571.250,1,-1,-1,-1
232,25,729.098,394.901,122.298,309.238,1,-1,-1,-1
232,26,1627.387,956.303,29.095,66.824,1,-1,-1,-1
233,1,848.173,301.336,195.337,595.540,1,-1,-1,-1
233,4,267.987,381.339,185.173,489.308,1,-1,-1,-1
233,10,1172.883,320.650,203.312,573.073,1,-1,-1,-1
233,23,1040.370,419.691,84.386,225.162,1,-1,-1,-1
233,24,430.115,292.261,241.203,586.075,1,-1,-1,-1
233,25,726.332,394.917,123.203,310.192,1,-1,-1,-1
233,26,1625.673,960.315,28.346,65.700,1,-1,-1,-1
234,1,847.095,302.246,193.735,595.677,1,-1,-1,-1
234,4,251.317,378.756,188.843,498.769,1,-1,-1,-1
234,10,1168.825,317.343,203.375,574.942,1,-1,-1,-1
234,23,1037.916,419.903,84.153,226.012,1,-1,-1,-1
234,24,412.363,287.900,247.757,597.491,1,-1,-1,-1
234,25,720.577,392.355,123.585,312.990,1,-1,-1,-1
234,26,1623.533,961.446,28.003,66.649,1,-1,-1,-1
235,1,847.297,307.325,193.054,594.719,1,-1,-1,-1
235,4,235.702,375.704,190.161,508.633,1,-1,-1,-1
235,10,1165.734,314.082,204.691,578.101,1,-1,-1,-1
235,23,1035.522,419.956,84.305,225.556,1,-1,-1,-1
235,24,397.755,285.693,253.290,609.666,1,-1,-1,-1
235,25,715.123,392.565,123.670,313.315,1,-1,-1,-1
235,26,1621.683,962.600,27.945,67.696,1,-1,-1,-1
236,1,847.299,309.242,191.242,589.369,1,-1,-1,-1
236,4,219.587,373.614,192.767,520.093,1,-1,-1,-1
236,10,1161.700,315.181,206.588,575.499,1,-1,-1,-1
236,23,1034.021,421.812,84.125,226.629,1,-1,-1,-1
236,24,384.995,282.576,258.877,618.595,1,-1,-1,-1
236,25,710.749,393.051,123.177,315.831,1,-1,-1,-1
236,26,1620.219,964.189,27.396,67.205,1,-1,-1,-1
236,27,604.800,402.000,111.600,311.100,1,-1,-1,-1
237,1,846.786,312.988,188.981,584.252,1,-1,-1,-1
237,4,202.798,366.697,198.572,528.438,1,-1,-1,-1
237,10,1156.954,312.002,209.630,578.212,1,-1,-1,-1
237,23,1031.571,425.307,83.404,224.477,1,-1,-1,-1
237,24,369.799,279.013,261.717,629.818,1,-1,-1,-1
237,25,706.513,392.224,122.701,317.829,1,-1,-1,-1
237,26,1617.730,964.622,27.683,68.351,1,-1,-1,-1
237,27,602.106,407.523,106.390,300.153,1,-1,-1,-1
238,1,846.505,317.975,187.736,582.051,1,-1,-1,-1
238,4,189.167,364.030,201.414,539.704,1,-1,-1,-1
238,10,1153.619,315.793,210.490,576.339,1,-1,-1,-1
238,23,1028.191,428.346,82.461,222.790,1,-1,-1,-1
238,24,353.773,273.806,263.878,640.684,1,-1,-1,-1
238,25,701.872,391.867,121.533,322.008,1,-1,-1,-1
238,26,1613.378,965.354,28.345,70.180,1,-1,-1,-1
238,27,598.400,412.204,102.166,298.987,1,-1,-1,-1
239,1,842.977,320.042,187.100,587.404,1,-1,-1,-1
239,4,171.983,365.247,204.434,547.486,1,-1,-1,-1
239,10,1148.182,320.658,213.332,575.089,1,-1,-1,-1
239,23,1025.805,428.691,81.633,221.678,1,-1,-1,-1
239,24,340.369,263.265,266.485,648.234,1,-1,-1,-1
239,25,697.140,390.651,120.776,325.889,1,-1,-1,-1
239,26,1609.533,966.419,28.745,70.820,1,-1,-1,-1
239,27,591.005,412.958,102.529,307.229,1,-1,-1,-1
240,1,837.574,320.974,187.737,584.295,1,-1,-1,-1
240,4,149.891,356.242,206.963,561.851,1,-1,-1,-1
240,10,1143.510,322.666,215.392,577.385,1,-1,-1,-1
240,23,1021.410,430.599,80.678,222.076,1,-1,-1,-1
240,24,321.488,263.604,271.666,660.871,1,-1,-1,-1
240,25,691.417,389.244,120.408,330.690,1,-1,-1,-1
240,26,1606.561,968.042,29.503,71.968,1,-1,-1,-1
240,27,581.427,409.147,103.976,311.703,1,-1,-1,-1
241,1,832.114,326.938,187.060,584.674,1,-1,-1,-1
241,4,131.901,351.297,208.332,572.174,1,-1,-1,-1
241,10,1136.701,324.119,217.200,580.210,1,-1,-1,-1
241,23,1018.533,433.222,80.553,224.240,1,-1,-1,-1
241,24,303.169,264.722,276.953,670.858,1,-1,-1,-1
241,25,686.355,388.288,121.267,333.031,1,-1,-1,-1
241,26,1602.638,970.154,29.623,73.409,1,-1,-1,-1
241,27,572.065,405.884,106.800,319.309,1,-1,-1,-1
242,1,827.997,325.624,185.407,581.369,1,-1,-1,-1
242,4,110.911,349.766,212.617,584.353,1,-1,-1,-1
242,10,1130.995,324.929,219.025,580.433,1,-1,-1,-1
242,23,1014.542,434.337,79.182,224.878,1,-1,-1,-1
242,24,281.329,260.647,287.311,685.367,1,-1,-1,-1
242,25,680.436,390.029,121.816,337.816,1,-1,-1,-1
242,26,1598.529,972.376,29.710,73.906,1,-1,-1,-1
242,27,562.398,402.916,108.825,328.205,1,-1,-1,-1
243,1,821.161,320.374,187.264,578.811,1,-1,-1,-1
243,4,91.915,348.058,217.987,596.655,1,-1,-1,-1
243,10,1124.595,330.297,221.802,578.810,1,-1,-1,-1
243,23,1011.668,434.271,78.648,225.232,1,-1,-1,-1
243,24,261.858,247.130,296.145,696.861,1,-1,-1,-1
243,25,672.586,391.684,122.862,341.559,1,-1,-1,-1
243,26,1594.641,972.689,29.874,74.115,1,-1,-1,-1
243,27,550.569,401.395,112.568,339.937,1,-1,-1,-1
244,1,813.234,318.737,188.311,587.450,1,-1,-1,-1
244,4,68.774,348.585,221.857,609.281,1,-1,-1,-1
244,10,1118.321,329.591,222.161,583.007,1,-1,-1,-1
244,23,1008.229,435.928,78.143,224.595,1,-1,-1,-1
244,24,245.035,247.705,302.900,720.654,1,-1,-1,-1
244,25,665.272,394.428,123.731,344.085,1,-1,-1,-1
244,26,1590.118,972.322,29.540,73.820,1,-1,-1,-1
244,27,540.234,399.304,116.302,343.309,1,-1,-1,-1
245,1,804.562,316.677,189.616,586.252,1,-1,-1,-1
245,4,48.882,348.638,225.995,619.106,1,-1,-1,-1
245,10,1113.613,329.639,221.982,586.746,1,-1,-1,-1
245,23,1002.906,434.918,78.385,225.008,1,-1,-1,-1
245,24,224.539,245.081,314.194,730.763,1,-1,-1,-1
245,25,657.863,395.110,125.544,345.208,1,-1,-1,-1
245,26,1588.228,972.738,29.402,74.041,1,-1,-1,-1
245,27,529.603,395.986,119.341,345.406,1,-1,-1,-1
246,1,796.137,317.428,191.694,585.827,1,-1,-1,-1
246,4,31.070,349.416,230.086,629.301,1,-1,-1,-1
246,10,1108.795,327.819,222.180,585.737,1,-1,-1,-1
246,23,999.180,431.547,78.417,223.947,1,-1,-1,-1
246,24,202.380,246.623,325.161,744.400,1,-1,-1,-1
246,25,651.558,395.505,126.692,347.278,1,-1,-1,-1
246,26,1584.456,972.358,29.178,73.303,1,-1,-1,-1
246,27,518.209,396.211,121.025,350.686,1,-1,-1,-1
247,1,788.610,318.258,193.863,584.221,1,-1,-1,-1
247,4,11.438,349.731,231.433,638.094,1,-1,-1,-1
247,10,1105.712,329.900,222.706,585.141,1,-1,-1,-1
247,23,995.428,431.285,74.951,222.501,1,-1,-1,-1
247,24,180.205,248.013,332.907,756.884,1,-1,-1,-1
247,25,644.822,398.510,127.080,350.348,1,-1,-1,-1
247,26,1580.815,974.667,28.614,73.262,1,-1,-1,-1
247,27,509.114,396.324,122.222,358.307,1,-1,-1,-1
248,1,780.426,322.663,196.648,582.194,1,-1,-1,-1
248,4,-0.681,352.022,226.779,661.365,1,-1,-1,-1
248,10,1102.551,333.225,223.140,584.012,1,-1,-1,-1
248,23,990.914,434.102,72.650,223.137,1,-1,-1,-1
248,24,157.462,246.503,341.829,772.298,1,-1,-1,-1
248,25,638.291,401.266,127.303,352.091,1,-1,-1,-1
248,26,1577.171,977.350,28.755,72.936,1,-1,-1,-1
248,27,503.268,397.470,124.243,365.283,1,-1,-1,-1
249,1,776.439,323.249,197.394,580.755,1,-1,-1,-1
249,4,-2.697,354.171,217.964,671.968,1,-1,-1,-1
249,10,1100.619,337.081,222.197,583.927,1,-1,-1,-1
249,24,134.136,233.236,351.579,802.146,1,-1,-1,-1
249,25,631.447,401.512,127.733,355.596,1,-1,-1,-1
249,26,1575.386,980.307,28.656,71.578,1,-1,-1,-1
249,27,496.119,399.128,125.745,374.120,1,-1,-1,-1
249,28,1747.700,996.900,39.000,84.100,1,-1,-1,-1
250,1,773.752,322.187,197.313,580.713,1,-1,-1,-1
250,4,-11.710,355.795,205.902,690.221,1,-1,-1,-1
250,10,1100.249,339.372,220.632,584.105,1,-1,-1,-1
250,24,114.357,229.168,353.292,821.180,1,-1,-1,-1
250,25,624.792,400.586,128.618,356.485,1,-1,-1,-1
250,26,1573.942,980.521,28.994,71.982,1,-1,-1,-1
250,27,489.495,402.360,126.517,380.652,1,-1,-1,-1
250,28,1748.595,997.733,41.809,84.433,1,-1,-1,-1
251,1,773.050,325.863,197.261,581.776,1,-1,-1,-1
251,10,1098.352,340.608,219.866,591.694,1,-1,-1,-1
251,24,92.324,223.131,363.954,840.435,1,-1,-1,-1
251,25,620.364,400.587,130.206,357.753,1,-1,-1,-1
251,26,1573.096,981.643,29.200,72.104,1,-1,-1,-1
251,27,482.013,406.008,128.385,389.072,1,-1,-1,-1
251,28,1751.139,1003.015,41.981,80.011,1,-1,-1,-1
252,1,772.487,330.550,197.657,581.892,1,-1,-1,-1
252,10,1100.603,346.499,220.521,591.449,1,-1,-1,-1
252,24,74.298,214.856,369.035,855.435,1,-1,-1,-1
252,25,615.854,400.309,131.567,364.753,1,-1,-1,-1
252,26,1573.201,981.123,29.205,72.303,1,-1,-1,-1
252,27,475.392,408.904,130.521,394.188,1,-1,-1,-1
252,28,1753.078,1001.357,41.548,80.045,1,-1,-1,-1
253,1,773.806,333.886,198.270,584.898,1,-1,-1,-1
253,10,1101.641,348.206,221.137,592.343,1,-1,-1,-1
253,24,58.562,208.984,368.903,866.046,1,-1,-1,-1
253,25,611.980,403.198,133.066,369.663,1,-1,-1,-1
253,26,1574.705,982.692,29.199,72.152,1,-1,-1,-1
253,27,470.403,409.511,133.283,399.742,1,-1,-1,-1
253,28,1754.512,1003.982,41.252,77.923,1,-1,-1,-1
254,1,773.656,334.404,199.460,583.144,1,-1,-1,-1
254,10,1104.154,344.461,220.849,593.614,1,-1,-1,-1
254,24,48.977,204.022,370.738,874.367,1,-1,-1,-1
254,25,607.271,403.101,136.438,375.746,1,-1,-1,-1
254,26,1575.738,983.380,29.404,72.474,1,-1,-1,-1
254,27,468.033,410.451,135.599,404.635,1,-1,-1,-1
254,28,1755.306,1004.437,41.004,77.103,1,-1,-1,-1
255,1,775.558,339.783,201.568,583.774,1,-1,-1,-1
255,10,1111.529,340.890,220.797,593.755,1,-1,-1,-1
255,24,31.326,189.399,375.041,887.160,1,-1,-1,-1
255,25,603.460,402.464,139.647,381.987,1,-1,-1,-1
255,26,1581.074,984.017,29.330,71.624,1,-1,-1,-1
255,27,466.212,409.999,137.086,408.577,1,-1,-1,-1
255,28,1759.737,1005.039,40.206,76.137,1,-1,-1,-1
256,1,777.090,341.773,201.926,587.090,1,-1,-1,-1
256,10,1116.873,341.216,219.933,589.949,1,-1,-1,-1
256,24,23.792,187.429,377.027,892.885,1,-1,-1,-1
256,25,600.985,402.932,142.425,388.212,1,-1,-1,-1
256,26,1583.472,985.688,28.722,70.059,1,-1,-1,-1
256,27,462.475,409.544,139.320,411.251,1,-1,-1,-1
256,28,1763.659,1004.324,38.999,75.992,1,-1,-1,-1
257,1,783.371,345.375,201.805,585.478,1,-1,-1,-1
257,10,1121.682,341.239,218.638,587.713,1,-1,-1,-1
257,24,10.238,186.613,379.817,896.468,1,-1,-1,-1
257,25,597.245,402.712,145.827,393.897,1,-1,-1,-1
257,26,1585.481,985.025,28.644,68.976,1,-1,-1,-1
257,27,459.596,410.574,142.961,414.943,1,-1,-1,-1
257,28,1767.056,1005.235,39.128,75.552,1,-1,-1,-1
258,1,789.582,346.678,203.779,586.438,1,-1,-1,-1
258,10,1125.662,339.213,219.186,590.284,1,-1,-1,-1
258,24,0.539,184.941,383.730,899.481,1,-1,-1,-1
258,25,592.859,403.635,149.714,399.243,1,-1,-1,-1
258,26,1591.289,984.605,28.570,69.026,1,-1,-1,-1
258,27,457.140,410.276,145.866,419.342,1,-1,-1,-1
258,28,1772.277,1007.424,39.080,74.028,1,-1,-1,-1
259,1,792.576,347.332,204.525,584.461,1,-1,-1,-1
259,10,1130.907,345.641,219.928,590.328,1,-1,-1,-1
259,23,987.337,443.298,97.715,306.147,1,-1,-1,-1
259,24,-6.747,178.492,381.711,904.593,1,-1,-1,-1
259,25,588.826,406.838,153.364,401.937,1,-1,-1,-1
259,26,1593.577,984.752,28.525,69.484,1,-1,-1,-1
259,27,452.058,409.824,147.427,423.051,1,-1,-1,-1
259,28,1775.664,1008.822,39.489,72.855,1,-1,-1,-1
260,1,796.392,344.684,202.251,583.506,1,-1,-1,-1
260,10,1136.228,350.591,217.606,592.708,1,-1,-1,-1
260,23,987.190,435.767,102.174,324.823,1,-1,-1,-1
260,24,-10.298,180.620,377.912,905.081,1,-1,-1,-1
260,25,583.862,406.528,157.869,407.739,1,-1,-1,-1
260,26,1595.583,986.229,28.645,70.290,1,-1,-1,-1
260,27,447.242,407.689,148.363,427.341,1,-1,-1,-1
260,28,1776.229,1011.569,39.792,70.665,1,-1,-1,-1
261,1,803.894,344.417,199.054,580.978,1,-1,-1,-1
261,10,1139.693,343.493,214.800,590.642,1,-1,-1,-1
261,23,987.250,429.842,107.466,335.475,1,-1,-1,-1
261,24,-12.974,161.907,371.813,916.370,1,-1,-1,-1
261,25,578.974,407.718,162.161,410.808,1,-1,-1,-1
261,26,1597.153,984.815,28.624,71.159,1,-1,-1,-1
261,27,440.926,407.188,150.752,433.595,1,-1,-1,-1
261,28,1777.919,1012.046,38.521,69.502,1,-1,-1,-1
262,1,806.020,338.322,196.691,576.779,1,-1,-1,-1
262,10,1142.739,340.381,213.379,589.890,1,-1,-1,-1
262,23,989.910,427.082,111.493,339.465,1,-1,-1,-1
262,24,-15.681,154.248,361.546,923.702,1,-1,-1,-1
262,25,576.930,406.263,165.958,414.893,1,-1,-1,-1
262,26,1598.447,983.364,28.890,71.957,1,-1,-1,-1
262,27,435.164,405.577,151.580,440.271,1,-1,-1,-1
262,28,1777.883,1013.676,38.059,67.969,1,-1,-1,-1
262,29,726.400,473.600,44.700,140.800,1,-1,-1,-1
263,1,807.939,340.513,195.858,578.667,1,-1,-1,-1
263,10,1146.197,338.677,213.038,591.981,1,-1,-1,-1
263,23,991.632,420.957,115.306,343.830,1,-1,-1,-1
263,24,-18.616,143.695,345.009,932.207,1,-1,-1,-1
263,25,568.392,405.772,170.733,420.005,1,-1,-1,-1
263,26,1599.928,982.423,29.200,72.803,1,-1,-1,-1
263,27,428.946,400.906,152.303,448.273,1,-1,-1,-1
263,28,1780.086,1014.365,37.638,66.999,1,-1,-1,-1
263,29,726.773,472.368,45.453,140.763,1,-1,-1,-1
264,1,812.061,335.361,191.759,573.505,1,-1,-1,-1
264,10,1148.362,341.035,212.406,593.924,1,-1,-1,-1
264,23,996.229,419.384,116.475,344.160,1,-1,-1,-1
264,24,-24.184,137.351,325.951,938.863,1,-1,-1,-1
264,25,562.557,405.173,174.287,426.594,1,-1,-1,-1
264,26,1601.257,982.080,29.376,72.343,1,-1,-1,-1
264,27,422.588,395.423,154.750,456.612,1,-1,-1,-1
264,28,1781.970,1014.839,37.388,66.294,1,-1,-1,-1
264,29,727.955,473.741,44.967,138.812,1,-1,-1,-1
265,1,817.049,332.473,187.335,571.310,1,-1,-1,-1
265,10,1151.838,336.067,211.643,595.846,1,-1,-1,-1
265,23,999.424,414.290,118.400,348.321,1,-1,-1,-1
265,24,-23.591,133.703,310.561,944.082,1,-1,-1,-1
265,25,558.570,395.242,175.682,433.518,1,-1,-1,-1
265,26,1602.324,982.166,29.645,72.165,1,-1,-1,-1
265,27,416.754,389.045,156.312,463.988,1,-1,-1,-1
265,28,1783.472,1013.621,36.877,66.675,1,-1,-1,-1
265,29,727.108,472.060,45.686,138.224,1,-1,-1,-1
266,1,821.306,332.722,186.664,572.187,1,-1,-1,-1
266,10,1154.391,332.381,211.515,595.970,1,-1,-1,-1
266,23,1002.426,412.474,118.994,350.945,1,-1,-1,-1
266,25,548.921,387.122,179.779,442.228,1,-1,-1,-1
266,26,1603.100,981.698,29.806,71.509,1,-1,-1,-1
266,27,410.957,387.625,158.777,467.939,1,-1,-1,-1
266,28,1783.875,1012.718,36.931,67.279,1,-1,-1,-1
266,29,725.646,466.315,47.520,141.760,1,-1,-1,-1
267,1,823.028,331.811,183.952,571.629,1,-1,-1,-1
267,10,1156.678,329.330,210.930,596.774,1,-1,-1,-1
267,23,1004.679,407.274,122.315,357.490,1,-1,-1,-1
267,25,546.693,375.185,181.050,448.914,1,-1,-1,-1
267,26,1604.386,981.597,29.727,71.282,1,-1,-1,-1
267,27,403.918,384.022,160.046,475.667,1,-1,-1,-1
267,28,1784.249,1012.432,37.030,67.635,1,-1,-1,-1
267,29,724.693,461.845,48.492,144.238,1,-1,-1,-1
267,30,786.100,444.100,75.500,215.700,1,-1,-1,-1
268,1,826.011,328.710,181.434,572.585,1,-1,-1,-1
268,10,1157.888,328.153,211.599,597.786,1,-1,-1,-1
268,23,1005.414,403.781,125.924,363.086,1,-1,-1,-1
268,25,537.976,370.945,184.392,456.367,1,-1,-1,-1
268,26,1604.816,981.237,29.697,71.173,1,-1,-1,-1
268,27,395.678,383.850,162.258,479.190,1,-1,-1,-1
268,28,1784.256,1013.888,36.817,66.853,1,-1,-1,-1
268,29,724.306,460.466,48.821,145.117,1,-1,-1,-1
268,30,786.038,443.191,75.324,214.718,1,-1,-1,-1
269,1,829.161,330.236,177.983,573.461,1,-1,-1,-1
269,10,1158.466,324.352,211.949,598.703,1,-1,-1,-1
269,23,1005.615,399.978,129.614,368.025,1,-1,-1,-1
269,25,533.050,366.934,187.639,461.632,1,-1,-1,-1
269,26,1604.130,980.958,29.306,70.817,1,-1,-1,-1
269,27,384.057,379.514,166.442,482.583,1,-1,-1,-1
269,28,1781.871,1013.185,37.077,67.214,1,-1,-1,-1
269,29,722.260,458.853,49.357,145.391,1,-1,-1,-1
269,30,782.279,435.633,79.436,221.857,1,-1,-1,-1
270,1,829.661,326.555,176.143,576.674,1,-1,-1,-1
270,10,1158.023,320.233,213.813,602.480,1,-1,-1,-1
270,23,1006.288,398.767,133.157,373.124,1,-1,-1,-1
270,25,525.507,363.663,191.591,466.008,1,-1,-1,-1
270,26,1600.035,980.670,29.468,70.321,1,-1,-1,-1
270,27,373.263,369.534,168.284,488.512,1,-1,-1,-1
270,28,1778.781,1013.771,38.180,67.001,1,-1,-1,-1
270,29,719.822,458.383,49.208,144.904,1,-1,-1,-1
270,30,779.755,431.180,81.686,224.250,1,-1,-1,-1
271,1,827.929,325.246,174.695,575.467,1,-1,-1,-1
271,10,1155.969,314.482,214.848,602.345,1,-1,-1,-1
271,23,1004.715,397.720,137.314,378.880,1,-1,-1,-1
271,25,524.895,353.925,191.588,474.014,1,-1,-1,-1
271,26,1597.766,978.243,29.950,70.127,1,-1,-1,-1
271,27,362.959,364.197,171.653,494.013,1,-1,-1,-1
271,28,1775.493,1008.640,38.507,70.020,1,-1,-1,-1
271,29,717.511,457.569,48.792,143.936,1,-1,-1,-1
271,30,777.735,427.743,82.848,225.577,1,-1,-1,-1
272,1,826.050,320.506,174.883,576.880,1,-1,-1,-1
272,10,1153.467,310.658,214.865,602.769,1,-1,-1,-1
272,23,1002.269,395.035,139.331,382.401,1,-1,-1,-1
272,25,520.482,346.748,191.124,480.309,1,-1,-1,-1
272,26,1594.575,973.528,30.082,70.397,1,-1,-1,-1
272,27,354.833,355.062,174.707,495.551,1,-1,-1,-1
272,28,1770.768,1005.162,39.066,72.914,1,-1,-1,-1
272,29,713.426,456.270,48.453,141.146,1,-1,-1,-1
272,30,774.368,425.196,82.617,225.577,1,-1,-1,-1
273,1,820.504,315.238,174.249,576.835,1,-1,-1,-1
273,10,1150.517,306.133,214.679,600.351,1,-1,-1,-1
273,23,1001.796,389.276,139.990,386.844,1,-1,-1,-1
273,25,515.474,338.802,191.850,490.444,1,-1,-1,-1
273,26,1590.407,969.100,29.589,70.511,1,-1,-1,-1
273,27,343.819,346.003,175.025,505.708,1,-1,-1,-1
273,28,1765.562,1002.127,39.222,75.691,1,-1,-1,-1
273,29,708.437,451.444,48.280,141.384,1,-1,-1,-1
273,30,768.242,417.639,84.914,228.363,1,-1,-1,-1
274,1,811.471,307.797,177.063,579.618,1,-1,-1,-1
274,10,1146.277,303.303,215.503,600.784,1,-1,-1,-1
274,23,997.628,385.306,141.131,389.006,1,-1,-1,-1
274,25,511.538,327.850,194.618,499.841,1,-1,-1,-1
274,26,1584.724,963.742,29.012,70.970,1,-1,-1,-1
274,27,328.637,341.123,178.109,513.746,1,-1,-1,-1
274,28,1759.437,997.323,39.619,79.625,1,-1,-1,-1
274,29,702.257,445.153,48.530,142.219,1,-1,-1,-1
274,30,762.345,414.730,84.507,227.732,1,-1,-1,-1
275,1,805.366,302.867,177.814,579.048,1,-1,-1,-1
275,10,1140.705,299.187,216.658,602.522,1,-1,-1,-1
275,23,993.823,379.848,142.407,392.045,1,-1,-1,-1
275,25,499.974,326.014,198.688,502.896,1,-1,-1,-1
275,26,1579.679,957.646,28.551,70.265,1,-1,-1,-1
275,27,316.286,332.708,179.065,522.807,1,-1,-1,-1
275,28,1752.024,993.667,40.580,83.380,1,-1,-1,-1
275,29,695.106,437.469,49.239,143.218,1,-1,-1,-1
275,30,758.023,411.409,82.507,225.870,1,-1,-1,-1
276,1,796.912,293.487,178.803,572.363,1,-1,-1,-1
276,10,1135.818,291.138,218.393,601.720,1,-1,-1,-1
276,23,990.080,378.525,143.455,391.655,1,-1,-1,-1
276,25,492.780,316.254,202.380,512.482,1,-1,-1,-1
276,26,1570.965,949.327,28.542,71.134,1,-1,-1,-1
276,27,299.630,322.523,182.761,532.858,1,-1,-1,-1
276,28,1743.481,989.870,40.397,86.926,1,-1,-1,-1
276,29,688.712,433.041,49.643,144.038,1,-1,-1,-1
277,1,785.229,284.340,181.522,573.460,1,-1,-1,-1
277,10,1125.971,285.923,221.088,602.948,1,-1,-1,-1
277,23,987.240,374.198,143.398,392.857,1,-1,-1,-1
277,25,484.461,310.404,205.442,518.618,1,-1,-1,-1
277,27,285.632,312.961,187.630,540.520,1,-1,-1,-1
277,28,1735.754,986.530,40.136,90.226,1,-1,-1,-1
277,29,682.005,426.868,50.041,142.969,1,-1,-1,-1
278,1,775.469,277.804,182.430,579.046,1,-1,-1,-1
278,10,1120.258,281.106,224.223,602.018,1,-1,-1,-1
278,23,987.090,365.307,144.062,396.753,1,-1,-1,-1
278,25,477.602,304.033,206.398,523.027,1,-1,-1,-1
278,27,274.114,296.791,187.878,553.084,1,-1,-1,-1
278,28,1727.297,978.486,39.942,93.853,1,-1,-1,-1
278,29,676.867,419.986,50.380,142.105,1,-1,-1,-1
279,1,769.104,268.850,183.702,577.369,1,-1,-1,-1
279,10,1116.552,274.028,227.470,602.166,1,-1,-1,-1
279,23,983.271,353.529,144.659,401.003,1,-1,-1,-1
279,25,469.211,297.430,207.213,526.732,1,-1,-1,-1
279,27,262.400,285.056,189.057,565.152,1,-1,-1,-1
279,28,1722.737,971.619,39.558,95.355,1,-1,-1,-1
279,29,670.637,413.225,50.801,143.266,1,-1,-1,-1
280,1,763.836,259.276,185.396,575.426,1,-1,-1,-1
280,10,1114.766,266.055,229.561,601.444,1,-1,-1,-1
280,23,979.558,340.385,146.811,406.691,1,-1,-1,-1
280,25,463.957,286.623,209.495,533.647,1,-1,-1,-1
280,27,251.147,277.010,194.301,576.904,1,-1,-1,-1
280,28,1719.226,963.056,38.615,95.336,1,-1,-1,-1
280,29,667.014,405.454,51.198,144.567,1,-1,-1,-1
281,1,759.053,250.866,189.670,574.145,1,-1,-1,-1
281,10,1114.696,259.979,230.809,599.602,1,-1,-1,-1
281,23,978.197,329.983,148.278,410.823,1,-1,-1,-1
281,25,460.659,274.544,211.860,540.110,1,-1,-1,-1
281,27,240.975,270.832,198.367,584.541,1,-1,-1,-1
281,28,1716.495,954.381,38.271,95.474,1,-1,-1,-1
281,29,664.443,397.403,51.002,145.543,1,-1,-1,-1
282,1,757.172,241.728,188.051,572.026,1,-1,-1,-1
282,10,1113.750,251.347,231.125,601.037,1,-1,-1,-1
282,23,978.063,318.078,149.607,416.035,1,-1,-1,-1
282,25,454.705,259.005,214.510,549.581,1,-1,-1,-1
282,27,229.830,261.534,201.028,589.911,1,-1,-1,-1
282,28,1714.583,944.394,37.501,92.698,1,-1,-1,-1
282,29,662.827,389.374,50.704,146.290,1,-1,-1,-1
283,1,756.364,232.931,188.822,572.758,1,-1,-1,-1
283,10,1114.933,241.239,231.316,599.330,1,-1,-1,-1
283,23,978.686,307.202,152.913,421.887,1,-1,-1,-1
283,25,450.775,242.646,217.725,560.226,1,-1,-1,-1
283,27,221.829,243.918,204.224,600.404,1,-1,-1,-1
283,28,1714.229,936.894,37.203,91.379,1,-1,-1,-1
283,29,661.979,381.159,50.527,146.379,1,-1,-1,-1
284,1,756.036,223.826,189.691,573.969,1,-1,-1,-1
284,10,1116.887,229.182,230.479,603.935,1,-1,-1,-1
284,23,980.128,295.304,155.502,430.050,1,-1,-1,-1
284,25,448.851,229.402,219.261,570.841,1,-1,-1,-1
284,27,209.987,232.724,209.917,612.914,1,-1,-1,-1
284,28,1714.620,929.774,36.768,88.318,1,-1,-1,-1
284,29,662.245,371.918,50.240,146.057,1,-1,-1,-1
285,1,756.839,214.700,189.660,573.226,1,-1,-1,-1
285,10,1122.508,220.058,229.607,609.308,1,-1,-1,-1
285,23,982.965,284.069,156.811,437.929,1,-1,-1,-1
285,25,442.017,218.641,224.762,580.443,1,-1,-1,-1
285,27,200.210,222.253,214.205,627.433,1,-1,-1,-1
285,28,1717.103,922.938,36.435,85.518,1,-1,-1,-1
285,29,662.564,364.442,50.301,144.892,1,-1,-1,-1
286,1,758.609,208.182,188.978,571.818,1,-1,-1,-1
286,10,1127.017,212.412,228.349,612.759,1,-1,-1,-1
286,23,987.488,274.659,159.413,446.163,1,-1,-1,-1
286,25,434.115,202.903,229.902,594.134,1,-1,-1,-1
286,27,187.226,214.032,219.541,636.152,1,-1,-1,-1
286,28,1718.587,917.659,36.564,84.385,1,-1,-1,-1
286,29,664.159,357.161,50.314,145.487,1,-1,-1,-1
287,1,763.009,202.759,188.204,567.739,1,-1,-1,-1
287,10,1132.925,204.315,227.584,614.700,1,-1,-1,-1
287,23,991.302,266.152,163.028,453.924,1,-1,-1,-1
287,25,430.335,185.933,231.403,607.489,1,-1,-1,-1
287,27,175.590,197.449,223.080,646.799,1,-1,-1,-1
287,28,1720.130,911.148,37.275,83.692,1,-1,-1,-1
287,29,666.268,350.821,49.701,146.530,1,-1,-1,-1
288,1,766.449,196.022,189.125,571.792,1,-1,-1,-1
288,10,1140.525,194.029,227.136,616.778,1,-1,-1,-1
288,23,995.683,257.545,165.060,459.715,1,-1,-1,-1
288,25,424.003,170.401,233.162,619.083,1,-1,-1,-1
288,27,160.868,190.587,229.748,655.127,1,-1,-1,-1
288,28,1725.476,908.727,36.890,82.875,1,-1,-1,-1
288,29,669.222,343.040,49.485,147.551,1,-1,-1,-1
289,1,770.494,192.499,191.919,573.856,1,-1,-1,-1
289,10,1146.168,189.773,228.055,622.897,1,-1,-1,-1
289,23,1003.670,256.216,167.389,465.473,1,-1,-1,-1
289,25,422.075,163.266,236.810,633.535,1,-1,-1,-1
289,27,150.687,175.669,235.523,669.112,1,-1,-1,-1
289,28,1730.228,903.812,36.412,82.267,1,-1,-1,-1
289,29,673.161,336.555,49.439,146.778,1,-1,-1,-1
289,30,730.361,308.811,78.917,239.337,1,-1,-1,-1
290,1,775.722,195.853,193.613,570.953,1,-1,-1,-1
290,10,1156.235,182.337,228.592,622.027,1,-1,-1,-1
290,23,1012.419,249.572,168.075,473.062,1,-1,-1,-1
290,25,417.423,157.359,238.859,645.672,1,-1,-1,-1
290,27,139.048,169.307,241.060,677.359,1,-1,-1,-1
290,28,1736.947,898.715,36.508,81.182,1,-1,-1,-1
290,29,677.605,332.101,49.943,146.041,1,-1,-1,-1
290,30,734.308,299.581,78.618,247.445,1,-1,-1,-1
291,1,781.899,184.417,192.937,570.895,1,-1,-1,-1
291,10,1166.101,178.862,227.875,624.288,1,-1,-1,-1
291,23,1018.872,244.303,168.172,482.629,1,-1,-1,-1
291,25,410.238,152.124,243.219,657.071,1,-1,-1,-1
291,27,130.126,155.409,247.466,690.703,1,-1,-1,-1
291,28,1743.079,895.370,36.771,80.324,1,-1,-1,-1
291,29,681.144,326.994,50.139,145.746,1,-1,-1,-1
291,30,736.525,291.699,80.494,251.994,1,-1,-1,-1
292,1,787.951,179.665,191.315,568.465,1,-1,-1,-1
292,10,1174.094,173.601,227.745,622.495,1,-1,-1,-1
292,23,1023.824,239.760,169.205,489.523,1,-1,-1,-1
292,25,404.816,148.643,248.952,662.417,1,-1,-1,-1
292,27,112.350,152.303,253.983,701.268,1,-1,-1,-1
292,28,1749.164,894.174,36.905,79.654,1,-1,-1,-1
292,29,687.109,323.415,50.071,144.868,1,-1,-1,-1
292,30,738.689,286.131,85.560,257.194,1,-1,-1,-1
293,1,797.490,176.410,189.482,568.935,1,-1,-1,-1
293,10,1185.523,168.392,224.993,621.416,1,-1,-1,-1
293,23,1032.648,231.304,172.860,499.710,1,-1,-1,-1
293,25,397.526,153.450,257.344,668.213,1,-1,-1,-1
293,27,99.431,146.789,261.676,715.941,1,-1,-1,-1
293,28,1755.536,895.843,37.390,78.598,1,-1,-1,-1
293,29,691.743,319.836,50.718,146.620,1,-1,-1,-1
293,30,738.911,281.283,89.479,256.144,1,-1,-1,-1
294,1,804.196,173.705,188.928,571.644,1,-1,-1,-1
294,10,1199.159,168.444,221.564,622.076,1,-1,-1,-1
294,23,1042.123,224.689,176.512,509.905,1,-1,-1,-1
294,25,391.095,150.583,263.271,682.981,1,-1,-1,-1
294,27,82.642,137.220,271.599,733.520,1,-1,-1,-1
294,28,1763.921,896.661,36.911,78.572,1,-1,-1,-1
294,29,699.120,317.155,50.594,148.280,1,-1,-1,-1
294,30,743.180,281.678,92.270,259.659,1,-1,-1,-1
295,1,814.578,176.045,187.024,567.862,1,-1,-1,-1
295,10,1212.435,171.294,218.795,624.003,1,-1,-1,-1
295,23,1048.598,220.678,179.037,518.440,1,-1,-1,-1
295,25,387.577,146.158,267.270,698.320,1,-1,-1,-1
295,27,63.407,139.228,280.539,745.794,1,-1,-1,-1
295,28,1772.983,897.962,36.728,78.403,1,-1,-1,-1
295,29,704.776,315.952,49.858,148.653,1,-1,-1,-1
295,30,747.074,282.762,94.165,264.662,1,-1,-1,-1
296,1,824.147,174.073,185.660,562.940,1,-1,-1,-1
296,10,1224.658,169.690,215.388,627.211,1,-1,-1,-1
296,23,1056.968,215.835,182.219,525.008,1,-1,-1,-1
296,25,384.549,140.021,271.757,715.423,1,-1,-1,-1
296,27,50.601,136.130,289.628,761.629,1,-1,-1,-1
296,28,1781.292,897.700,36.549,78.771,1,-1,-1,-1
296,29,711.431,315.895,50.124,149.695,1,-1,-1,-1
296,30,751.669,280.243,96.419,267.567,1,-1,-1,-1
297,1,833.277,175.966,184.198,562.822,1,-1,-1,-1
297,10,1235.737,170.050,213.581,629.695,1,-1,-1,-1
297,23,1064.190,212.744,184.336,534.449,1,-1,-1,-1
297,25,379.689,136.513,273.793,731.897,1,-1,-1,-1
297,27,38.263,130.332,295.875,782.894,1,-1,-1,-1
297,28,1788.321,900.055,37.213,77.793,1,-1,-1,-1
297,29,718.484,316.231,50.379,149.024,1,-1,-1,-1
297,30,758.218,279.209,97.228,268.443,1,-1,-1,-1
298,1,839.317,181.518,184.205,563.717,1,-1,-1,-1
298,10,1243.394,169.975,212.258,631.430,1,-1,-1,-1
298,23,1069.235,210.405,185.718,542.436,1,-1,-1,-1
298,25,376.369,131.176,277.734,745.594,1,-1,-1,-1
298,27,26.975,130.185,302.821,805.498,1,-1,-1,-1
298,28,1795.377,902.536,38.059,77.299,1,-1,-1,-1
298,29,724.126,317.379,50.332,150.136,1,-1,-1,-1
298,30,763.217,277.703,99.094,271.321,1,-1,-1,-1
299,1,843.631,179.311,184.024,564.962,1,-1,-1,-1
299,10,1249.258,172.708,212.219,632.455,1,-1,-1,-1
299,23,1072.485,207.645,189.012,551.458,1,-1,-1,-1
299,25,368.254,124.210,281.724,761.906,1,-1,-1,-1
299,27,11.795,126.015,307.895,831.033,1,-1,-1,-1
299,28,1801.603,907.861,37.760,75.353,1,-1,-1,-1
299,29,729.967,317.534,50.437,147.899,1,-1,-1,-1
299,30,767.455,277.155,101.217,271.159,1,-1,-1,-1
300,1,848.457,180.210,183.716,563.080,1,-1,-1,-1
300,10,1256.916,173.344,212.487,639.050,1,-1,-1,-1
300,23,1076.355,206.725,191.801,563.704,1,-1,-1,-1
300,25,359.761,113.533,291.667,781.008,1,-1,-1,-1
300,27,3.899,114.754,311.191,848.632,1,-1,-1,-1
300,28,1812.720,909.381,37.693,76.128,1,-1,-1,-1
300,29,734.043,316.786,50.740,147.577,1,-1,-1,-1
300,30,771.353,278.673,101.487,273.802,1,-1,-1,-1
301,1,849.769,179.318,183.916,564.630,1,-1,-1,-1
301,10,1260.245,175.032,212.374,641.741,1,-1,-1,-1
301,23,1080.709,205.028,195.407,573.693,1,-1,-1,-1
301,25,349.680,107.656,300.172,795.930,1,-1,-1,-1
301,27,-2.811,105.399,312.012,862.885,1,-1,-1,-1
301,28,1825.140,913.337,36.647,79.089,1,-1,-1,-1
301,29,736.580,317.911,51.014,147.257,1,-1,-1,-1
301,30,774.719,279.651,101.717,275.561,1,-1,-1,-1
301,31,1783.300,918.400,30.100,66.300,1,-1,-1,-1
302,1,851.399,179.689,184.341,566.521,1,-1,-1,-1
302,10,1265.827,174.278,211.184,646.118,1,-1,-1,-1
302,23,1083.780,205.416,197.034,580.579,1,-1,-1,-1
302,25,335.945,102.677,309.278,812.025,1,-1,-1,-1
302,27,-8.852,89.960,307.581,886.497,1,-1,-1,-1
302,28,1827.682,916.334,36.995,81.136,1,-1,-1,-1
302,29,738.520,318.302,51.039,146.609,1,-1,-1,-1
302,30,777.209,279.247,101.767,275.643,1,-1,-1,-1
302,31,1791.690,918.229,30.719,70.641,1,-1,-1,-1
302,32,1808.700,916.200,31.500,73.000,1,-1,-1,-1
303,1,854.177,183.715,184.639,565.567,1,-1,-1,-1
303,10,1269.090,173.631,211.181,648.911,1,-1,-1,-1
303,23,1091.007,200.895,199.856,589.173,1,-1,-1,-1
303,25,325.348,91.861,313.438,834.829,1,-1,-1,-1
303,27,-15.042,90.842,296.921,908.282,1,-1,-1,-1
303,29,740.324,319.036,50.665,146.273,1,-1,-1,-1
303,30,779.004,279.142,102.010,275.061,1,-1,-1,-1
303,32,1810.590,923.347,37.318,77.203,1,-1,-1,-1
304,1,851.473,181.482,185.633,566.651,1,-1,-1,-1
304,10,1273.266,176.130,211.448,650.887,1,-1,-1,-1
304,23,1096.811,200.711,202.536,594.945,1,-1,-1,-1
304,25,312.317,82.094,319.342,858.864,1,-1,-1,-1
304,27,-19.151,81.668,283.153,925.623,1,-1,-1,-1
304,29,740.893,318.759,50.684,147.079,1,-1,-1,-1
304,30,778.754,279.529,103.020,274.369,1,-1,-1,-1
304,32,1814.044,921.172,48.105,86.691,1,-1,-1,-1
305,1,853.303,179.868,184.976,569.164,1,-1,-1,-1
305,10,1275.016,177.884,211.368,652.692,1,-1,-1,-1
305,23,1099.569,200.992,206.373,602.650,1,-1,-1,-1
305,25,296.223,78.351,329.235,881.963,1,-1,-1,-1
305,27,-18.556,73.688,265.284,946.298,1,-1,-1,-1
305,29,742.518,320.520,50.100,147.051,1,-1,-1,-1
305,30,778.335,280.893,103.832,274.336,1,-1,-1,-1
305,32,1818.993,918.887,50.344,87.233,1,-1,-1,-1
306,1,850.466,182.809,185.583,570.166,1,-1,-1,-1
306,10,1276.492,177.042,209.617,654.985,1,-1,-1,-1
306,23,1100.292,201.485,211.491,611.913,1,-1,-1,-1
306,25,279.543,69.828,339.587,909.674,1,-1,-1,-1
306,29,743.528,322.928,49.568,147.532,1,-1,-1,-1
306,30,776.701,282.175,105.252,273.809,1,-1,-1,-1
306,31,1830.148,925.846,37.733,79.170,1,-1,-1,-1
306,33,998.400,215.800,104.000,421.100,1,-1,-1,-1
307,1,846.265,186.630,186.596,564.182,1,-1,-1,-1
307,10,1276.859,172.937,208.613,657.370,1,-1,-1,-1
307,23,1103.298,199.997,214.064,625.213,1,-1,-1,-1
307,25,259.410,71.263,349.168,931.354,1,-1,-1,-1
307,29,743.635,325.326,49.555,148.757,1,-1,-1,-1
307,30,774.436,283.941,104.250,272.961,1,-1,-1,-1
307,31,1833.982,926.605,38.802,77.063,1,-1,-1,-1
307,33,1000.570,216.044,103.859,424.612,1,-1,-1,-1
308,1,840.803,190.117,188.500,560.909,1,-1,-1,-1
308,10,1277.916,170.900,208.508,659.190,1,-1,-1,-1
308,23,1101.716,196.912,218.234,642.228,1,-1,-1,-1
308,25,242.717,68.349,356.312,966.243,1,-1,-1,-1
308,29,742.986,327.656,49.860,148.082,1,-1,-1,-1
308,30,775.837,285.337,103.097,273.218,1,-1,-1,-1
308,31,1834.226,927.361,38.706,76.216,1,-1,-1,-1
308,33,997.145,213.317,106.439,429.736,1,-1,-1,-1
309,1,834.701,190.428,190.578,560.963,1,-1,-1,-1
309,10,1274.981,171.114,207.873,663.361,1,-1,-1,-1
309,23,1099.814,192.701,222.794,657.621,1,-1,-1,-1
309,25,220.449,60.065,367.456,993.338,1,-1,-1,-1
309,29,741.467,330.051,50.421,148.249,1,-1,-1,-1
309,31,1834.542,927.021,38.239,76.060,1,-1,-1,-1
309,33,995.949,216.603,106.532,426.906,1,-1,-1,-1
310,1,829.621,185.980,192.774,564.083,1,-1,-1,-1
310,10,1274.234,168.666,209.522,663.368,1,-1,-1,-1
310,23,1104.574,182.200,227.611,670.978,1,-1,-1,-1
310,25,197.299,49.376,379.588,1014.702,1,-1,-1,-1
310,29,740.205,329.920,50.837,148.986,1,-1,-1,-1
310,31,1830.437,924.587,38.214,77.276,1,-1,-1,-1
310,33,992.766,216.624,107.254,428.966,1,-1,-1,-1
311,1,826.207,182.797,192.497,563.861,1,-1,-1,-1
311,10,1272.656,166.815,210.364,661.385,1,-1,-1,-1
311,23,1106.002,181.621,229.697,682.456,1,-1,-1,-1
311,25,176.481,36.366,391.450,1033.183,1,-1,-1,-1
311,29,738.321,328.659,50.958,148.115,1,-1,-1,-1
311,31,1828.402,924.010,38.224,77.372,1,-1,-1,-1
311,33,989.980,216.107,110.191,430.026,1,-1,-1,-1
312,1,823.551,180.554,194.641,566.622,1,-1,-1,-1
312,10,1272.087,165.171,209.581,660.660,1,-1,-1,-1
312,23,1107.029,179.715,234.304,695.453,1,-1,-1,-1
312,25,157.790,20.684,399.858,1050.719,1,-1,-1,-1
312,29,736.197,329.172,50.990,147.649,1,-1,-1,-1
312,31,1825.928,922.733,38.300,77.383,1,-1,-1,-1
312,33,989.561,215.572,110.963,430.440,1,-1,-1,-1
313,1,826.100,177.823,191.287,565.097,1,-1,-1,-1
313,10,1276.082,163.981,204.545,656.928,1,-1,-1,-1
313,23,1109.658,173.811,240.026,711.878,1,-1,-1,-1
313,25,132.455,11.471,412.615,1063.753,1,-1,-1,-1
313,29,733.008,327.172,51.131,148.098,1,-1,-1,-1
313,31,1823.159,923.510,38.485,77.287,1,-1,-1,-1
313,33,988.089,213.165,112.426,434.611,1,-1,-1,-1
314,1,821.353,177.757,191.983,562.845,1,-1,-1,-1
314,10,1278.916,165.179,196.707,656.711,1,-1,-1,-1
314,23,1116.018,157.171,245.219,731.117,1,-1,-1,-1
314,25,106.777,5.774,425.053,1072.998,1,-1,-1,-1
314,29,728.421,326.440,50.642,147.716,1,-1,-1,-1
314,31,1820.251,924.990,38.704,77.420,1,-1,-1,-1
314,33,986.219,211.003,113.007,437.701,1,-1,-1,-1
315,1,818.341,177.504,195.533,562.459,1,-1,-1,-1
315,23,1118.934,146.023,250.447,748.899,1,-1,-1,-1
315,25,87.291,2.034,438.295,1079.583,1,-1,-1,-1
315,29,724.585,326.365,51.035,147.393,1,-1,-1,-1
315,30,767.543,272.646,97.827,288.986,1,-1,-1,-1
315,31,1817.961,925.257,38.646,78.268,1,-1,-1,-1
315,33,984.699,212.158,113.505,438.030,1,-1,-1,-1
316,1,816.377,175.849,195.029,565.641,1,-1,-1,-1
316,23,1120.345,145.365,257.113,769.661,1,-1,-1,-1
316,25,57.723,-0.645,461.393,1084.533,1,-1,-1,-1
316,29,722.878,325.003,50.844,146.377,1,-1,-1,-1
316,30,760.837,271.230,100.947,294.822,1,-1,-1,-1
316,31,1815.682,924.811,39.033,78.839,1,-1,-1,-1
316,33,985.401,210.048,113.422,436.612,1,-1,-1,-1
317,1,819.385,174.745,193.769,566.239,1,-1,-1,-1
317,23,1121.024,139.826,261.902,791.966,1,-1,-1,-1
317,25,34.188,-2.396,479.374,1087.821,1,-1,-1,-1
317,29,720.718,320.592,50.748,147.480,1,-1,-1,-1
317,30,756.069,267.164,102.041,296.900,1,-1,-1,-1
317,31,1813.314,924.964,38.494,78.301,1,-1,-1,-1
317,33,984.833,206.730,114.274,435.723,1,-1,-1,-1
318,1,819.986,178.190,193.690,564.226,1,-1,-1,-1
318,23,1123.777,130.478,266.116,817.030,1,-1,-1,-1
318,25,10.042,-3.499,485.241,1089.892,1,-1,-1,-1
318,29,719.308,318.238,50.163,149.175,1,-1,-1,-1
318,30,751.710,263.523,103.916,295.550,1,-1,-1,-1
318,31,1811.704,924.602,37.892,77.980,1,-1,-1,-1
318,33,981.605,205.765,116.177,435.188,1,-1,-1,-1
319,1,816.056,176.179,194.949,564.020,1,-1,-1,-1
319,23,1127.650,123.880,273.431,838.258,1,-1,-1,-1
319,25,-2.954,-4.230,484.799,1091.253,1,-1,-1,-1
319,29,715.801,314.539,49.526,151.376,1,-1,-1,-1
319,30,747.703,263.218,106.915,301.239,1,-1,-1,-1
319,31,1810.776,921.031,36.629,78.589,1,-1,-1,-1
319,33,977.393,201.901,117.333,436.071,1,-1,-1,-1
320,1,815.648,173.793,195.835,561.950,1,-1,-1,-1
320,23,1129.891,125.579,279.505,861.931,1,-1,-1,-1
320,25,-4.633,-4.754,486.240,1092.221,1,-1,-1,-1
320,29,713.122,313.580,48.768,152.497,1,-1,-1,-1
320,30,744.811,260.932,107.669,302.770,1,-1,-1,-1
320,33,975.409,202.171,117.995,432.152,1,-1,-1,-1
321,1,811.096,170.466,200.432,562.803,1,-1,-1,-1
321,23,1135.047,118.135,284.946,885.811,1,-1,-1,-1
321,25,-15.863,-5.040,473.808,1092.723,1,-1,-1,-1
321,29,712.238,314.161,47.173,151.820,1,-1,-1,-1
321,30,739.331,255.200,110.139,305.487,1,-1,-1,-1
321,33,974.232,200.893,118.474,428.821,1,-1,-1,-1
322,1,810.495,168.860,200.615,563.756,1,-1,-1,-1
322,23,1143.211,105.728,293.916,914.541,1,-1,-1,-1
322,25,-16.620,-5.169,451.915,1092.918,1,-1,-1,-1
322,29,709.601,312.089,46.286,151.184,1,-1,-1,-1
322,30,733.852,258.120,111.696,308.344,1,-1,-1,-1
322,33,975.912,196.182,119.701,427.282,1,-1,-1,-1
323,1,810.812,165.044,198.921,565.455,1,-1,-1,-1
323,23,1150.640,93.909,299.785,940.364,1,-1,-1,-1
323,25,-14.993,-5.168,421.335,1092.861,1,-1,-1,-1
323,30,728.686,255.942,114.002,311.815,1,-1,-1,-1
323,33,974.605,192.251,119.796,430.508,1,-1,-1,-1
324,1,809.525,163.273,200.352,562.388,1,-1,-1,-1
324,23,1159.389,72.657,310.388,974.546,1,-1,-1,-1
324,30,724.048,257.414,113.893,312.690,1,-1,-1,-1
324,33,971.723,190.764,121.589,428.168,1,-1,-1,-1
325,1,807.877,161.130,201.755,556.556,1,-1,-1,-1
325,23,1164.394,59.968,316.223,997.891,1,-1,-1,-1
325,30,719.594,254.092,115.789,314.482,1,-1,-1,-1
325,33,972.326,191.292,122.033,429.875,1,-1,-1,-1
326,1,810.839,164.574,199.792,557.169,1,-1,-1,-1
326,23,1171.840,43.612,326.930,1019.889,1,-1,-1,-1
326,30,717.797,252.459,116.939,318.092,1,-1,-1,-1
326,33,972.648,191.761,122.018,431.407,1,-1,-1,-1
327,1,812.390,165.543,200.517,556.619,1,-1,-1,-1
327,23,1183.835,28.716,336.793,1038.576,1,-1,-1,-1
327,30,716.682,252.456,118.919,320.223,1,-1,-1,-1
327,33,972.896,197.758,121.882,428.363,1,-1,-1,-1
328,1,811.930,167.151,201.215,557.083,1,-1,-1,-1
328,23,1193.688,16.749,346.978,1053.909,1,-1,-1,-1
328,30,714.446,250.369,119.326,325.428,1,-1,-1,-1
328,33,975.251,197.538,121.024,429.645,1,-1,-1,-1
329,1,815.940,170.518,199.264,557.954,1,-1,-1,-1
329,23,1210.480,9.734,354.274,1064.637,1,-1,-1,-1
329,30,713.214,250.029,120.059,328.743,1,-1,-1,-1
329,33,976.615,197.272,120.712,429.297,1,-1,-1,-1
329,34,1168.900,306.500,61.900,197.000,1,-1,-1,-1
330,1,817.867,173.833,197.393,560.722,1,-1,-1,-1
330,23,1228.449,5.213,362.551,1072.409,1,-1,-1,-1
330,30,712.666,249.711,120.371,332.287,1,-1,-1,-1
330,33,976.415,196.282,123.753,434.121,1,-1,-1,-1
330,34,1171.031,314.957,56.937,187.686,1,-1,-1,-1
331,1,822.814,171.661,193.337,562.058,1,-1,-1,-1
331,23,1254.019,2.321,365.117,1077.702,1,-1,-1,-1
331,30,708.176,250.845,121.538,333.608,1,-1,-1,-1
331,33,977.330,198.929,125.425,438.043,1,-1,-1,-1
331,34,1172.370,317.654,58.549,187.539,1,-1,-1,-1
332,1,824.666,179.305,192.615,562.152,1,-1,-1,-1
332,23,1275.013,0.271,370.042,1081.612,1,-1,-1,-1
332,30,706.281,252.107,122.683,334.074,1,-1,-1,-1
332,33,981.857,203.019,126.593,435.596,1,-1,-1,-1
332,34,1170.899,321.144,59.725,186.133,1,-1,-1,-1
333,1,828.964,181.521,191.260,559.566,1,-1,-1,-1
333,23,1290.782,-1.303,385.042,1084.686,1,-1,-1,-1
333,30,704.133,254.521,124.213,335.917,1,-1,-1,-1
333,33,982.989,207.535,127.410,431.929,1,-1,-1,-1
333,34,1168.913,322.783,59.546,186.806,1,-1,-1,-1
334,1,832.048,184.278,187.148,556.153,1,-1,-1,-1
334,23,1309.337,3.860,400.928,1082.882,1,-1,-1,-1
334,30,703.029,256.460,125.302,338.333,1,-1,-1,-1
334,33,982.738,212.261,128.719,430.563,1,-1,-1,-1
334,34,1167.880,326.370,58.038,185.029,1,-1,-1,-1
335,1,829.519,192.594,189.864,553.338,1,-1,-1,-1
335,23,1335.107,-0.116,413.721,1085.503,1,-1,-1,-1
335,30,701.684,258.750,127.101,339.103,1,-1,-1,-1
335,33,983.370,218.461,129.487,431.573,1,-1,-1,-1
335,34,1166.074,329.378,58.730,186.856,1,-1,-1,-1
336,1,831.511,193.046,187.687,552.594,1,-1,-1,-1
336,23,1356.051,-2.063,426.932,1087.354,1,-1,-1,-1
336,30,698.324,262.562,128.567,342.138,1,-1,-1,-1
336,33,982.309,220.468,130.773,432.316,1,-1,-1,-1
336,34,1164.009,331.388,61.019,192.303,1,-1,-1,-1
337,1,826.517,197.758,188.328,554.191,1,-1,-1,-1
337,23,1374.887,-3.172,450.307,1088.791,1,-1,-1,-1
337,30,695.322,265.968,129.032,345.763,1,-1,-1,-1
337,33,982.398,226.845,130.895,432.312,1,-1,-1,-1
337,34,1161.901,334.834,61.505,193.069,1,-1,-1,-1
337,35,1242.800,175.300,269.800,679.300,1,-1,-1,-1
338,1,824.478,203.364,187.719,553.611,1,-1,-1,-1
338,23,1391.908,-3.417,470.557,1089.507,1,-1,-1,-1
338,30,691.079,267.787,130.440,345.726,1,-1,-1,-1
338,33,981.939,230.567,131.305,433.714,1,-1,-1,-1
338,34,1158.657,336.470,62.787,194.280,1,-1,-1,-1
338,35,1232.058,182.226,250.388,674.446,1,-1,-1,-1
339,1,823.654,203.594,188.368,552.508,1,-1,-1,-1
339,23,1403.339,-3.956,480.227,1090.146,1,-1,-1,-1
339,30,685.390,269.113,132.593,349.097,1,-1,-1,-1
339,33,980.213,232.383,132.248,435.136,1,-1,-1,-1
339,34,1156.256,338.865,63.212,194.167,1,-1,-1,-1
339,35,1235.473,198.478,245.103,655.931,1,-1,-1,-1
340,1,817.323,199.903,191.251,551.958,1,-1,-1,-1
340,23,1423.407,-0.870,487.789,1088.512,1,-1,-1,-1
340,30,681.069,270.090,133.823,351.992,1,-1,-1,-1
340,33,979.488,231.893,132.266,435.606,1,-1,-1,-1
340,34,1152.154,339.677,63.217,192.228,1,-1,-1,-1
340,35,1232.327,198.268,245.291,657.680,1,-1,-1,-1
341,1,811.833,197.307,191.942,556.201,1,-1,-1,-1
341,23,1436.665,-2.758,488.804,1089.302,1,-1,-1,-1
341,30,674.012,265.649,135.088,357.499,1,-1,-1,-1
341,33,978.884,230.213,132.459,435.176,1,-1,-1,-1
341,34,1146.358,339.143,63.888,190.228,1,-1,-1,-1
341,35,1230.781,196.386,245.963,657.901,1,-1,-1,-1
342,1,809.838,192.709,190.768,553.539,1,-1,-1,-1
342,23,1433.705,-1.472,493.773,1088.594,1,-1,-1,-1
342,30,666.785,262.513,136.404,362.050,1,-1,-1,-1
342,33,978.865,230.776,132.951,438.566,1,-1,-1,-1
342,34,1140.669,338.214,65.086,188.232,1,-1,-1,-1
342,35,1226.090,187.745,246.218,664.651,1,-1,-1,-1
343,1,805.617,191.747,192.678,553.265,1,-1,-1,-1
343,30,660.304,261.147,137.514,365.731,1,-1,-1,-1
343,33,972.797,230.066,134.084,439.045,1,-1,-1,-1
343,34,1135.022,337.577,66.713,189.958,1,-1,-1,-1
343,35,1222.848,172.561,255.331,677.767,1,-1,-1,-1
344,1,805.637,190.160,192.324,553.495,1,-1,-1,-1
344,23,1503.233,34.674,451.426,1071.096,1,-1,-1,-1
344,30,655.930,259.532,137.727,368.257,1,-1,-1,-1
344,33,974.593,225.213,133.178,438.692,1,-1,-1,-1
344,34,1130.151,335.872,66.542,188.543,1,-1,-1,-1
344,35,1216.070,163.193,257.580,690.134,1,-1,-1,-1
345,1,803.472,190.774,193.482,551.661,1,-1,-1,-1
345,30,651.288,256.790,139.486,366.996,1,-1,-1,-1
345,33,972.734,222.031,132.713,441.222,1,-1,-1,-1
345,34,1123.126,332.624,67.514,187.002,1,-1,-1,-1
345,35,1210.967,154.923,255.835,694.704,1,-1,-1,-1
346,1,800.195,188.345,195.384,553.673,1,-1,-1,-1
346,30,645.853,255.231,140.737,364.162,1,-1,-1,-1
346,33,970.807,218.778,133.106,441.848,1,-1,-1,-1
346,34,1115.311,329.959,68.173,186.734,1,-1,-1,-1
346,35,1205.840,152.030,255.533,696.947,1,-1,-1,-1
347,1,796.960,190.780,194.882,554.904,1,-1,-1,-1
347,30,637.833,253.635,142.319,368.779,1,-1,-1,-1
347,33,967.747,217.312,133.368,440.294,1,-1,-1,-1
347,34,1108.191,329.287,70.105,188.621,1,-1,-1,-1
347,35,1198.982,147.280,255.949,696.232,1,-1,-1,-1
348,1,793.565,190.757,194.284,552.694,1,-1,-1,-1
348,30,630.513,249.270,143.158,372.866,1,-1,-1,-1
348,33,964.471,218.148,132.905,441.868,1,-1,-1,-1
348,34,1103.530,327.451,69.985,188.349,1,-1,-1,-1
348,35,1193.716,141.680,258.224,700.256,1,-1,-1,-1
349,1,793.604,192.694,192.616,551.676,1,-1,-1,-1
349,30,620.657,245.573,146.597,376.387,1,-1,-1,-1
349,33,961.404,219.458,132.448,439.427,1,-1,-1,-1
349,34,1096.490,324.794,71.000,189.014,1,-1,-1,-1
349,35,1185.786,139.413,263.857,699.087,1,-1,-1,-1
350,1,794.698,191.623,192.546,549.998,1,-1,-1,-1
350,30,611.997,242.257,147.116,381.544,1,-1,-1,-1
350,33,956.978,219.147,132.926,438.730,1,-1,-1,-1
350,34,1089.147,323.049,71.785,190.547,1,-1,-1,-1
350,35,1174.757,141.296,268.736,703.887,1,-1,-1,-1
351,1,790.121,193.876,195.093,548.211,1,-1,-1,-1
351,30,601.775,239.655,148.886,386.126,1,-1,-1,-1
351,33,954.562,218.090,132.248,439.746,1,-1,-1,-1
351,34,1082.158,322.750,73.002,191.530,1,-1,-1,-1
351,35,1165.776,142.049,273.353,710.232,1,-1,-1,-1
352,1,787.597,191.772,196.032,549.334,1,-1,-1,-1
352,30,593.824,238.663,150.651,391.276,1,-1,-1,-1
352,33,950.047,215.104,131.515,442.223,1,-1,-1,-1
352,34,1075.808,323.482,73.520,193.107,1,-1,-1,-1
352,35,1159.007,136.120,277.190,718.998,1,-1,-1,-1
353,1,786.442,189.582,194.598,546.075,1,-1,-1,-1
353,30,586.799,236.925,150.670,396.478,1,-1,-1,-1
353,33,946.261,215.785,130.008,442.409,1,-1,-1,-1
353,34,1068.345,321.886,74.532,193.798,1,-1,-1,-1
353,35,1156.474,137.067,282.952,717.103,1,-1,-1,-1
354,1,784.958,187.311,192.922,545.050,1,-1,-1,-1
354,30,577.587,235.961,151.068,401.866,1,-1,-1,-1
354,33,943.020,214.227,130.038,444.419,1,-1,-1,-1
354,34,1060.164,321.226,74.959,193.916,1,-1,-1,-1
354,35,1149.665,143.065,284.082,718.813,1,-1,-1,-1
355,1,782.877,185.485,192.489,543.224,1,-1,-1,-1
355,30,566.946,237.700,151.385,405.434,1,-1,-1,-1
355,33,938.917,215.222,128.949,443.840,1,-1,-1,-1
355,34,1051.863,321.178,76.315,195.004,1,-1,-1,-1
355,35,1142.781,146.869,286.078,721.585,1,-1,-1,-1
355,36,731.400,219.700,119.700,432.600,1,-1,-1,-1
356,1,779.839,186.743,189.490,541.936,1,-1,-1,-1
356,30,555.727,235.932,150.653,409.400,1,-1,-1,-1
356,33,933.478,213.202,127.046,444.565,1,-1,-1,-1
356,34,1043.678,319.272,76.995,193.781,1,-1,-1,-1
356,35,1139.060,151.367,284.001,716.214,1,-1,-1,-1
356,36,712.717,213.920,124.868,439.861,1,-1,-1,-1
357,1,778.989,184.860,188.061,544.257,1,-1,-1,-1
357,30,547.382,235.571,150.287,411.426,1,-1,-1,-1
357,33,929.174,211.451,125.095,444.722,1,-1,-1,-1
357,34,1034.853,319.566,77.170,194.696,1,-1,-1,-1
357,35,1131.023,145.095,286.827,723.970,1,-1,-1,-1
357,36,694.774,200.302,136.460,464.114,1,-1,-1,-1
358,1,779.192,181.039,185.422,544.798,1,-1,-1,-1
358,30,537.590,234.824,150.720,415.141,1,-1,-1,-1
358,33,919.094,213.312,126.090,444.838,1,-1,-1,-1
358,34,1026.445,318.492,76.242,194.428,1,-1,-1,-1
358,35,1126.171,144.096,286.330,723.565,1,-1,-1,-1
358,36,687.195,194.870,145.722,476.672,1,-1,-1,-1
359,1,775.094,180.030,184.015,548.284,1,-1,-1,-1
359,30,528.449,233.270,150.436,419.646,1,-1,-1,-1
359,33,911.807,213.291,126.223,444.129,1,-1,-1,-1
359,34,1017.805,317.537,77.129,195.832,1,-1,-1,-1
359,35,1119.704,145.600,285.579,724.103,1,-1,-1,-1
359,36,673.088,191.082,152.000,484.396,1,-1,-1,-1
360,1,774.008,181.014,181.104,548.301,1,-1,-1,-1
360,30,519.949,231.715,150.285,424.486,1,-1,-1,-1
360,33,905.459,215.078,124.932,444.390,1,-1,-1,-1
360,34,1009.480,318.485,77.522,196.183,1,-1,-1,-1
360,35,1112.251,145.664,284.897,725.003,1,-1,-1,-1
360,36,665.985,186.562,155.577,485.371,1,-1,-1,-1
361,1,773.952,179.417,179.428,549.747,1,-1,-1,-1
361,30,507.439,229.014,151.842,428.873,1,-1,-1,-1
361,33,898.755,215.274,121.148,443.823,1,-1,-1,-1
361,34,1001.236,318.675,78.010,197.066,1,-1,-1,-1
361,35,1108.850,141.243,286.065,722.660,1,-1,-1,-1
361,36,651.896,190.947,159.255,492.383,1,-1,-1,-1
362,1,770.227,179.764,178.372,551.237,1,-1,-1,-1
362,30,497.948,229.293,151.250,433.835,1,-1,-1,-1
362,33,891.443,216.851,117.976,444.124,1,-1,-1,-1
362,34,994.433,321.148,78.076,195.681,1,-1,-1,-1
362,35,1101.346,143.291,286.074,727.736,1,-1,-1,-1
362,36,641.736,191.870,159.860,496.670,1,-1,-1,-1
363,1,766.118,181.663,176.252,550.852,1,-1,-1,-1
363,30,489.525,228.789,151.649,439.510,1,-1,-1,-1
363,34,984.986,321.968,78.425,196.572,1,-1,-1,-1
363,35,1097.133,137.486,284.969,724.545,1,-1,-1,-1
363,36,631.155,190.329,163.017,502.012,1,-1,-1,-1
364,1,763.620,184.307,176.239,554.330,1,-1,-1,-1
364,30,479.629,225.660,153.315,445.465,1,-1,-1,-1
364,34,981.134,320.538,78.622,197.643,1,-1,-1,-1
364,35,1093.813,143.129,283.177,720.864,1,-1,-1,-1
364,36,621.339,186.479,165.945,503.719,1,-1,-1,-1
365,1,762.286,184.065,176.386,556.383,1,-1,-1,-1
365,30,470.747,229.295,154.409,450.759,1,-1,-1,-1
365,34,978.760,321.066,78.878,198.839,1,-1,-1,-1
365,35,1093.704,142.158,285.961,715.404,1,-1,-1,-1
365,36,615.013,184.888,167.262,505.144,1,-1,-1,-1
366,1,759.529,187.313,174.834,554.130,1,-1,-1,-1
366,30,462.239,230.068,156.030,458.030,1,-1,-1,-1
366,34,973.836,322.827,80.783,198.385,1,-1,-1,-1
366,35,1090.972,143.161,288.604,710.615,1,-1,-1,-1
366,36,604.108,185.392,168.659,507.384,1,-1,-1,-1
367,1,757.456,187.599,174.631,550.057,1,-1,-1,-1
367,30,454.614,227.885,161.330,463.236,1,-1,-1,-1
367,34,970.559,320.412,81.656,199.795,1,-1,-1,-1
367,35,1090.251,142.631,289.332,706.872,1,-1,-1,-1
367,36,596.096,186.235,170.804,508.209,1,-1,-1,-1
368,1,755.402,189.123,173.985,545.857,1,-1,-1,-1
368,30,446.472,226.955,163.910,470.802,1,-1,-1,-1
368,34,969.052,320.173,81.922,201.116,1,-1,-1,-1
368,35,1089.474,148.451,283.962,705.935,1,-1,-1,-1
368,36,589.896,187.385,171.956,510.583,1,-1,-1,-1
369,1,753.089,193.406,174.421,551.797,1,-1,-1,-1
369,30,438.146,225.188,169.926,477.580,1,-1,-1,-1
369,34,967.792,320.144,81.739,201.942,1,-1,-1,-1
369,35,1089.815,147.667,278.946,709.773,1,-1,-1,-1
369,36,586.686,186.671,177.010,520.984,1,-1,-1,-1
370,1,751.855,196.705,175.394,554.403,1,-1,-1,-1
370,30,430.900,224.154,171.868,482.148,1,-1,-1,-1
370,34,968.374,321.001,81.391,201.491,1,-1,-1,-1
370,35,1092.116,149.023,276.870,710.223,1,-1,-1,-1
370,36,581.534,186.160,178.336,520.968,1,-1,-1,-1
371,1,753.845,196.332,174.854,553.032,1,-1,-1,-1
371,30,427.217,222.277,171.889,487.531,1,-1,-1,-1
371,34,968.739,321.662,81.611,201.486,1,-1,-1,-1
371,35,1092.867,150.317,275.772,712.172,1,-1,-1,-1
371,36,577.714,183.436,180.535,529.104,1,-1,-1,-1
372,1,755.655,196.684,174.441,553.745,1,-1,-1,-1
372,30,421.909,222.967,172.289,490.588,1,-1,-1,-1
372,34,970.029,322.838,82.546,201.056,1,-1,-1,-1
372,35,1092.440,142.408,277.833,723.957,1,-1,-1,-1
372,36,572.344,181.442,181.620,533.967,1,-1,-1,-1
373,1,758.819,198.004,173.953,555.044,1,-1,-1,-1
373,30,413.834,220.489,175.418,495.041,1,-1,-1,-1
373,34,971.117,325.404,83.979,200.947,1,-1,-1,-1
373,35,1092.659,148.175,275.033,723.815,1,-1,-1,-1
373,36,566.815,188.047,185.080,540.179,1,-1,-1,-1
374,1,760.957,200.382,175.121,554.009,1,-1,-1,-1
374,30,405.916,219.621,181.144,497.730,1,-1,-1,-1
374,34,972.627,327.138,85.420,201.776,1,-1,-1,-1
374,35,1095.215,151.067,272.589,727.042,1,-1,-1,-1
374,36,561.705,183.852,186.501,542.388,1,-1,-1,-1
375,1,759.759,198.955,179.064,552.004,1,-1,-1,-1
375,30,398.916,220.795,185.415,502.249,1,-1,-1,-1
375,34,974.975,329.447,85.738,202.409,1,-1,-1,-1
375,35,1097.481,149.097,272.619,733.573,1,-1,-1,-1
375,36,557.852,188.300,190.435,551.217,1,-1,-1,-1
376,1,763.839,201.748,177.288,550.652,1,-1,-1,-1
376,30,394.619,220.550,187.483,506.693,1,-1,-1,-1
376,34,975.672,331.182,87.121,203.823,1,-1,-1,-1
376,35,1101.077,155.354,268.464,735.566,1,-1,-1,-1
376,36,554.022,182.833,193.657,558.409,1,-1,-1,-1
377,1,764.422,203.956,177.993,550.468,1,-1,-1,-1
377,30,387.661,221.473,188.305,511.472,1,-1,-1,-1
377,34,977.453,334.136,87.223,204.412,1,-1,-1,-1
377,35,1107.926,163.568,263.991,734.561,1,-1,-1,-1
377,36,548.763,186.498,197.820,565.171,1,-1,-1,-1
378,1,768.151,206.676,179.885,551.799,1,-1,-1,-1
378,30,383.549,226.121,187.656,517.776,1,-1,-1,-1
378,34,979.765,337.584,87.430,204.810,1,-1,-1,-1
378,35,1110.538,162.358,258.954,735.474,1,-1,-1,-1
378,36,540.063,184.390,202.432,572.705,1,-1,-1,-1
379,1,771.513,209.529,179.257,550.223,1,-1,-1,-1
379,30,378.612,226.052,188.884,522.142,1,-1,-1,-1
379,34,981.306,340.957,87.769,204.930,1,-1,-1,-1
379,35,1111.432,168.538,255.660,740.698,1,-1,-1,-1
379,36,539.162,187.386,204.500,578.224,1,-1,-1,-1
380,1,773.536,212.186,178.878,547.508,1,-1,-1,-1
380,30,374.162,223.604,190.129,530.390,1,-1,-1,-1
380,34,984.113,342.938,87.765,205.435,1,-1,-1,-1
380,35,1113.659,162.729,253.954,746.709,1,-1,-1,-1
380,36,538.026,182.246,206.747,586.834,1,-1,-1,-1
381,1,773.745,214.403,178.380,544.565,1,-1,-1,-1
381,30,368.618,219.596,192.424,539.731,1,-1,-1,-1
381,34,984.512,343.582,88.818,207.828,1,-1,-1,-1
381,35,1115.267,158.430,254.897,754.078,1,-1,-1,-1
381,36,531.538,178.193,210.861,595.458,1,-1,-1,-1
382,1,774.368,219.272,181.638,545.432,1,-1,-1,-1
382,30,361.047,221.381,192.584,547.235,1,-1,-1,-1
382,34,984.174,344.817,89.772,209.783,1,-1,-1,-1
382,35,1111.460,157.972,254.134,755.452,1,-1,-1,-1
382,36,526.927,176.949,213.477,598.984,1,-1,-1,-1
383,1,774.954,218.273,182.005,547.968,1,-1,-1,-1
383,30,355.207,213.984,195.357,548.849,1,-1,-1,-1
383,34,983.599,343.994,90.987,211.365,1,-1,-1,-1
383,35,1108.562,159.641,254.497,756.683,1,-1,-1,-1
383,36,522.259,173.809,218.103,609.450,1,-1,-1,-1
384,1,771.626,217.080,183.129,550.981,1,-1,-1,-1
384,30,346.531,210.235,197.950,553.891,1,-1,-1,-1
384,34,983.413,344.136,91.341,212.779,1,-1,-1,-1
384,35,1105.734,153.765,254.748,756.810,1,-1,-1,-1
384,36,515.052,171.215,219.831,615.908,1,-1,-1,-1
384,37,730.000,317.800,71.900,218.100,1,-1,-1,-1
385,1,771.317,220.043,183.829,551.925,1,-1,-1,-1
385,30,337.753,209.722,200.809,563.684,1,-1,-1,-1
385,34,982.257,344.384,91.967,212.500,1,-1,-1,-1
385,35,1099.323,158.680,257.158,759.389,1,-1,-1,-1
385,36,509.841,172.590,224.401,625.079,1,-1,-1,-1
386,1,770.121,221.265,185.315,547.816,1,-1,-1,-1
386,30,332.586,208.271,200.527,566.166,1,-1,-1,-1
386,34,980.544,344.330,91.641,212.205,1,-1,-1,-1
386,35,1095.973,155.752,261.226,754.861,1,-1,-1,-1
386,36,502.870,168.487,228.757,632.329,1,-1,-1,-1
386,37,727.769,318.665,77.162,221.270,1,-1,-1,-1
387,1,769.567,220.168,186.449,544.906,1,-1,-1,-1
387,30,326.013,196.814,202.130,575.893,1,-1,-1,-1
387,34,978.323,344.710,91.877,212.776,1,-1,-1,-1
387,35,1091.758,161.458,264.442,760.389,1,-1,-1,-1
387,36,495.860,171.700,230.854,645.129,1,-1,-1,-1
387,37,724.106,315.006,78.420,220.389,1,-1,-1,-1
388,1,770.069,218.953,185.112,543.035,1,-1,-1,-1
388,30,315.217,192.434,206.011,583.883,1,-1,-1,-1
388,34,977.118,343.942,91.354,213.497,1,-1,-1,-1
388,35,1085.159,155.926,269.485,757.044,1,-1,-1,-1
388,36,491.695,171.188,231.801,650.955,1,-1,-1,-1
388,37,720.547,311.551,79.751,221.610,1,-1,-1,-1
389,1,768.809,221.393,185.205,542.344,1,-1,-1,-1
389,30,305.534,186.610,209.122,592.389,1,-1,-1,-1
389,34,976.049,343.577,91.246,214.173,1,-1,-1,-1
389,35,1080.034,165.131,273.092,753.525,1,-1,-1,-1
389,36,486.535,167.842,233.333,655.183,1,-1,-1,-1
389,37,718.969,312.198,80.052,220.784,1,-1,-1,-1
390,1,768.444,219.011,183.108,541.073,1,-1,-1,-1
390,30,290.394,181.790,214.243,598.974,1,-1,-1,-1
390,34,974.649,343.563,91.348,213.527,1,-1,-1,-1
390,35,1073.101,159.555,280.701,757.791,1,-1,-1,-1
390,36,482.079,158.276,234.489,661.008,1,-1,-1,-1
390,37,715.123,314.456,80.261,221.808,1,-1,-1,-1
391,1,766.072,218.547,181.880,540.384,1,-1,-1,-1
391,30,276.837,177.153,220.287,608.111,1,-1,-1,-1
391,34,975.326,342.701,90.586,212.782,1,-1,-1,-1
391,35,1066.738,158.422,285.499,761.937,1,-1,-1,-1
391,36,475.910,157.499,237.043,668.555,1,-1,-1,-1
391,37,711.125,315.015,81.525,223.045,1,-1,-1,-1
392,1,764.536,219.912,182.826,544.455,1,-1,-1,-1
392,30,258.860,179.189,225.391,617.882,1,-1,-1,-1
392,34,975.574,341.672,90.755,213.464,1,-1,-1,-1
392,35,1059.807,160.856,289.500,768.105,1,-1,-1,-1
392,36,470.903,154.127,238.074,677.215,1,-1,-1,-1
392,37,709.103,314.402,83.145,224.718,1,-1,-1,-1
393,1,759.464,221.287,182.783,545.299,1,-1,-1,-1
393,30,242.431,180.033,234.426,625.336,1,-1,-1,-1
393,34,973.326,342.578,90.716,214.683,1,-1,-1,-1
393,35,1054.903,158.782,292.972,769.515,1,-1,-1,-1
393,36,466.307,145.087,242.113,687.495,1,-1,-1,-1
393,37,706.423,314.151,83.482,226.071,1,-1,-1,-1
394,1,756.038,219.795,182.540,546.992,1,-1,-1,-1
394,30,226.908,176.766,242.398,635.408,1,-1,-1,-1
394,34,973.353,343.698,91.334,213.492,1,-1,-1,-1
394,35,1050.709,159.643,296.111,775.554,1,-1,-1,-1
394,36,461.429,139.129,244.380,700.413,1,-1,-1,-1
394,37,703.757,312.828,83.797,227.002,1,-1,-1,-1
395,1,754.931,216.982,180.160,545.749,1,-1,-1,-1
395,30,209.759,175.465,252.359,645.807,1,-1,-1,-1
395,34,971.897,342.573,92.588,215.904,1,-1,-1,-1
395,35,1047.073,159.137,298.747,783.938,1,-1,-1,-1
395,36,456.507,133.081,247.670,711.126,1,-1,-1,-1
395,37,702.857,311.566,83.400,226.544,1,-1,-1,-1
396,1,750.365,215.550,182.723,545.386,1,-1,-1,-1
396,30,193.794,171.290,258.710,655.529,1,-1,-1,-1
396,34,971.302,342.827,93.193,215.029,1,-1,-1,-1
396,35,1049.718,153.660,300.348,789.239,1,-1,-1,-1
396,36,449.622,125.320,249.750,719.728,1,-1,-1,-1
396,37,699.654,308.291,85.238,228.925,1,-1,-1,-1
397,1,745.545,217.177,184.205,542.268,1,-1,-1,-1
397,30,179.051,172.725,265.495,666.212,1,-1,-1,-1
397,34,969.622,341.077,93.825,214.959,1,-1,-1,-1
397,35,1048.931,155.992,303.119,788.737,1,-1,-1,-1
397,36,441.774,120.441,253.247,725.901,1,-1,-1,-1
398,1,741.399,215.816,186.491,541.444,1,-1,-1,-1
398,30,163.872,176.579,271.195,677.585,1,-1,-1,-1
398,34,968.241,340.796,93.638,216.621,1,-1,-1,-1
398,35,1044.877,153.076,304.619,792.873,1,-1,-1,-1
398,36,432.000,115.510,258.127,732.942,1,-1,-1,-1
398,37,693.887,303.547,88.367,232.579,1,-1,-1,-1
399,1,739.851,216.095,184.739,541.041,1,-1,-1,-1
399,30,149.288,170.631,277.261,684.830,1,-1,-1,-1
399,35,1042.862,149.184,307.499,795.954,1,-1,-1,-1
399,36,425.548,107.030,260.793,745.358,1,-1,-1,-1
399,37,689.625,302.417,87.317,231.361,1,-1,-1,-1
399,38,876.900,243.500,103.600,424.800,1,-1,-1,-1
400,1,732.871,211.217,183.129,536.430,1,-1,-1,-1
400,30,136.287,166.314,284.098,697.421,1,-1,-1,-1
400,35,1044.642,149.925,306.559,797.261,1,-1,-1,-1
400,36,419.046,98.945,263.555,760.784,1,-1,-1,-1
400,38,868.496,236.936,111.908,442.628,1,-1,-1,-1
401,1,728.314,210.264,182.089,530.945,1,-1,-1,-1
401,30,120.137,153.462,290.112,710.776,1,-1,-1,-1
401,34,962.660,337.869,93.331,218.593,1,-1,-1,-1
401,35,1042.756,151.441,307.056,798.570,1,-1,-1,-1
401,36,412.101,95.721,268.903,774.073,1,-1,-1,-1
401,38,860.717,232.451,119.813,457.145,1,-1,-1,-1
402,1,722.417,212.582,182.940,531.001,1,-1,-1,-1
402,30,106.174,144.570,293.822,728.066,1,-1,-1,-1
402,34,962.495,337.125,92.738,219.292,1,-1,-1,-1
402,35,1044.706,144.063,308.671,797.939,1,-1,-1,-1
402,36,405.985,89.960,274.868,787.410,1,-1,-1,-1
402,38,855.178,229.300,126.439,466.349,1,-1,-1,-1
403,1,719.626,213.940,183.825,533.452,1,-1,-1,-1
403,30,95.505,150.565,295.534,740.486,1,-1,-1,-1
403,34,964.054,335.384,93.235,220.798,1,-1,-1,-1
403,35,1049.655,144.949,305.524,797.600,1,-1,-1,-1
403,36,398.876,85.096,281.329,803.101,1,-1,-1,-1
403,38,852.763,228.016,130.798,470.094,1,-1,-1,-1
404,1,720.092,212.883,183.056,531.949,1,-1,-1,-1
404,30,81.224,148.646,297.730,758.772,1,-1,-1,-1
404,34,966.698,338.473,95.690,222.174,1,-1,-1,-1
404,35,1053.908,147.743,303.037,791.827,1,-1,-1,-1
404,36,390.446,87.711,290.968,815.588,1,-1,-1,-1
404,38,851.947,230.288,131.650,465.364,1,-1,-1,-1
405,1,717.107,214.392,184.041,533.331,1,-1,-1,-1
405,30,71.023,144.346,301.159,772.375,1,-1,-1,-1
405,34,967.209,339.133,96.335,222.930,1,-1,-1,-1
405,35,1055.556,150.449,304.805,788.880,1,-1,-1,-1
405,36,381.703,87.400,298.952,826.735,1,-1,-1,-1
405,38,851.842,231.477,132.922,459.935,1,-1,-1,-1
406,1,713.076,216.479,185.608,534.381,1,-1,-1,-1
406,30,59.109,131.254,302.121,782.785,1,-1,-1,-1
406,34,969.741,338.775,96.232,222.912,1,-1,-1,-1
406,35,1058.239,145.990,304.055,792.515,1,-1,-1,-1
406,36,367.533,72.189,313.201,847.610,1,-1,-1,-1
406,38,852.971,231.695,132.706,455.488,1,-1,-1,-1
407,1,716.261,215.266,184.122,534.817,1,-1,-1,-1
407,30,52.134,129.541,303.888,791.571,1,-1,-1,-1
407,34,971.706,339.197,96.545,222.879,1,-1,-1,-1
407,35,1061.361,148.014,303.089,792.852,1,-1,-1,-1
407,36,361.883,68.020,323.168,868.951,1,-1,-1,-1
407,38,855.389,232.587,133.289,458.475,1,-1,-1,-1
408,1,718.828,216.057,182.435,534.767,1,-1,-1,-1
408,30,45.446,126.406,308.674,805.442,1,-1,-1,-1
408,34,975.133,339.608,98.023,223.717,1,-1,-1,-1
408,35,1061.316,149.890,301.252,796.831,1,-1,-1,-1
408,36,352.206,61.956,327.946,889.327,1,-1,-1,-1
408,38,854.794,232.479,134.063,460.893,1,-1,-1,-1
409,1,719.441,222.343,181.865,535.383,1,-1,-1,-1
409,30,40.887,122.133,314.127,818.974,1,-1,-1,-1
409,34,978.977,343.110,99.090,223.852,1,-1,-1,-1
409,35,1070.603,154.759,298.840,789.220,1,-1,-1,-1
409,36,344.748,68.527,331.284,899.128,1,-1,-1,-1
409,38,855.276,232.637,133.496,460.344,1,-1,-1,-1
410,1,720.378,226.049,182.244,536.098,1,-1,-1,-1
410,30,28.156,119.603,322.086,831.672,1,-1,-1,-1
410,34,985.138,343.830,98.924,223.721,1,-1,-1,-1
410,35,1078.601,154.617,296.780,793.215,1,-1,-1,-1
410,36,339.733,67.913,334.282,913.299,1,-1,-1,-1
410,38,860.924,233.657,132.451,455.506,1,-1,-1,-1
411,1,726.301,223.859,183.887,536.071,1,-1,-1,-1
411,30,18.927,109.698,326.638,844.911,1,-1,-1,-1
411,34,992.046,343.804,100.427,223.313,1,-1,-1,-1
411,35,1083.373,158.060,294.931,795.923,1,-1,-1,-1
411,36,337.792,69.087,338.996,926.000,1,-1,-1,-1
411,38,866.998,232.848,131.704,452.128,1,-1,-1,-1
412,1,732.542,223.469,180.904,539.894,1,-1,-1,-1
412,30,13.177,102.578,330.558,858.290,1,-1,-1,-1
412,34,997.470,343.925,100.447,223.576,1,-1,-1,-1
412,35,1092.089,154.309,293.052,798.066,1,-1,-1,-1
412,36,330.622,66.044,344.537,940.140,1,-1,-1,-1
412,38,873.881,235.759,131.698,449.195,1,-1,-1,-1
413,1,734.584,224.800,179.604,533.971,1,-1,-1,-1
413,30,2.660,102.879,329.418,863.265,1,-1,-1,-1
413,34,1001.777,341.975,100.916,225.347,1,-1,-1,-1
413,35,1099.454,154.230,291.806,801.941,1,-1,-1,-1
413,36,324.887,59.438,348.039,958.144,1,-1,-1,-1
413,37,648.079,338.471,80.938,214.604,1,-1,-1,-1
413,38,875.429,234.381,132.223,448.747,1,-1,-1,-1
414,1,737.714,229.539,179.825,534.055,1,-1,-1,-1
414,30,-2.561,93.584,328.656,876.818,1,-1,-1,-1
414,34,1004.913,343.573,101.857,226.666,1,-1,-1,-1
414,35,1105.439,153.660,290.347,808.229,1,-1,-1,-1
414,36,318.585,47.796,349.532,974.276,1,-1,-1,-1
414,37,645.900,341.610,79.345,211.894,1,-1,-1,-1
414,38,879.982,237.651,133.119,449.305,1,-1,-1,-1
415,1,740.659,227.485,178.804,530.063,1,-1,-1,-1
415,30,-6.389,92.358,325.029,893.590,1,-1,-1,-1
415,34,1011.526,345.082,102.501,225.986,1,-1,-1,-1
415,35,1110.502,154.111,288.864,811.442,1,-1,-1,-1
415,36,309.652,33.406,351.698,995.831,1,-1,-1,-1
415,37,647.026,343.179,79.644,211.739,1,-1,-1,-1
415,38,881.572,236.122,134.892,450.237,1,-1,-1,-1
416,1,741.700,223.343,177.892,529.024,1,-1,-1,-1
416,30,-9.796,82.654,318.948,905.866,1,-1,-1,-1
416,34,1017.607,344.868,103.133,225.434,1,-1,-1,-1
416,35,1113.794,152.528,287.785,817.408,1,-1,-1,-1
416,36,299.935,21.053,354.491,1016.000,1,-1,-1,-1
416,37,649.467,341.853,78.757,210.586,1,-1,-1,-1
416,38,883.982,235.820,136.130,450.548,1,-1,-1,-1
417,1,743.540,222.154,176.649,527.325,1,-1,-1,-1
417,30,-12.378,78.470,310.854,922.655,1,-1,-1,-1
417,34,1024.600,342.633,103.988,226.688,1,-1,-1,-1
417,35,1116.704,151.556,286.471,820.279,1,-1,-1,-1
417,36,281.967,17.312,364.307,1039.130,1,-1,-1,-1
417,37,649.004,341.795,78.945,209.695,1,-1,-1,-1
417,38,885.427,234.871,137.415,451.999,1,-1,-1,-1
418,1,744.506,222.029,176.327,528.191,1,-1,-1,-1
418,30,-15.550,67.832,299.678,947.624,1,-1,-1,-1
418,34,1027.067,339.287,103.289,227.952,1,-1,-1,-1
418,35,1119.240,150.231,285.007,822.296,1,-1,-1,-1
418,36,265.022,10.211,375.172,1054.113,1,-1,-1,-1
418,37,648.392,341.442,80.492,207.268,1,-1,-1,-1
418,38,890.149,235.248,139.430,448.710,1,-1,-1,-1
419,1,747.052,220.084,176.641,528.996,1,-1,-1,-1
419,30,-18.190,55.271,286.475,977.964,1,-1,-1,-1
419,34,1028.954,337.225,102.520,228.174,1,-1,-1,-1
419,35,1121.479,152.828,281.516,820.126,1,-1,-1,-1
419,36,243.709,6.534,389.003,1067.822,1,-1,-1,-1
419,37,645.528,339.016,82.613,209.958,1,-1,-1,-1
419,38,890.443,236.197,140.727,449.520,1,-1,-1,-1
420,1,744.576,219.322,178.704,529.625,1,-1,-1,-1
420,30,-22.191,48.539,268.189,994.414,1,-1,-1,-1
420,34,1029.852,334.970,101.904,228.789,1,-1,-1,-1
420,35,1121.365,153.900,280.699,818.285,1,-1,-1,-1
420,36,228.374,2.855,402.311,1077.451,1,-1,-1,-1
420,37,642.476,339.890,85.378,208.916,1,-1,-1,-1
420,38,891.140,237.973,141.058,450.071,1,-1,-1,-1
421,1,744.511,214.956,178.085,531.375,1,-1,-1,-1
421,30,-22.838,30.455,251.025,1009.470,1,-1,-1,-1
421,34,1030.776,331.948,100.882,230.036,1,-1,-1,-1
421,35,1119.486,154.268,283.702,812.116,1,-1,-1,-1
421,36,207.733,-0.173,415.781,1084.226,1,-1,-1,-1
421,37,640.179,338.194,87.715,210.122,1,-1,-1,-1
421,38,891.608,236.981,140.879,450.917,1,-1,-1,-1
422,1,742.668,214.398,177.141,532.742,1,-1,-1,-1
422,30,-21.578,20.227,235.715,1008.253,1,-1,-1,-1
422,34,1032.410,330.451,100.541,230.713,1,-1,-1,-1
422,35,1121.071,146.588,281.864,819.748,1,-1,-1,-1
422,36,194.894,-2.429,427.136,1088.877,1,-1,-1,-1
422,37,637.751,336.479,89.741,210.863,1,-1,-1,-1
422,38,892.643,238.206,141.503,447.496,1,-1,-1,-1
423,1,741.249,211.194,176.696,533.471,1,-1,-1,-1
423,34,1032.675,328.752,99.438,231.435,1,-1,-1,-1
423,35,1112.792,138.998,285.411,823.414,1,-1,-1,-1
423,36,168.233,-4.167,443.785,1092.283,1,-1,-1,-1
423,37,636.944,336.508,90.854,214.144,1,-1,-1,-1
423,38,891.795,238.591,142.644,445.891,1,-1,-1,-1
424,1,738.630,209.611,175.322,530.147,1,-1,-1,-1
424,34,1033.766,334.614,97.524,230.879,1,-1,-1,-1
424,35,1109.036,141.500,292.317,815.415,1,-1,-1,-1
424,36,149.655,-5.316,452.986,1094.441,1,-1,-1,-1
424,37,631.454,332.786,92.407,218.523,1,-1,-1,-1
424,38,891.322,240.237,142.534,442.470,1,-1,-1,-1
425,1,735.828,211.426,176.006,532.202,1,-1,-1,-1
425,34,1032.591,329.590,95.251,231.545,1,-1,-1,-1
425,35,1102.203,143.832,300.128,815.320,1,-1,-1,-1
425,36,122.354,-6.208,470.191,1096.071,1,-1,-1,-1
425,37,626.812,329.210,94.829,220.704,1,-1,-1,-1
425,38,890.188,240.543,142.130,440.499,1,-1,-1,-1
426,1,728.898,211.670,178.682,535.559,1,-1,-1,-1
426,34,1031.362,329.881,93.600,233.032,1,-1,-1,-1
426,35,1094.346,135.294,306.835,821.224,1,-1,-1,-1
426,36,109.627,-6.745,476.844,1096.993,1,-1,-1,-1
426,37,622.664,327.903,93.854,219.664,1,-1,-1,-1
426,38,887.183,239.857,142.063,442.855,1,-1,-1,-1
427,1,723.470,212.193,180.175,538.946,1,-1,-1,-1
427,35,1089.791,140.338,312.822,822.987,1,-1,-1,-1
427,36,80.376,-7.153,489.285,1097.667,1,-1,-1,-1
427,37,621.162,330.302,93.218,220.543,1,-1,-1,-1
427,38,886.904,238.030,142.199,446.098,1,-1,-1,-1
428,1,718.351,212.377,181.378,537.993,1,-1,-1,-1
428,35,1079.493,138.194,320.599,824.685,1,-1,-1,-1
428,36,53.695,-7.449,505.339,1098.131,1,-1,-1,-1
428,37,616.007,329.895,94.127,221.623,1,-1,-1,-1
428,38,886.207,235.835,142.003,447.390,1,-1,-1,-1
428,39,536.100,320.400,67.200,196.000,1,-1,-1,-1
429,1,713.093,210.474,180.391,540.869,1,-1,-1,-1
429,35,1076.163,133.405,324.559,829.109,1,-1,-1,-1
429,36,27.290,-7.639,520.242,1098.393,1,-1,-1,-1
429,37,611.482,329.695,95.254,222.057,1,-1,-1,-1
429,38,887.160,234.978,141.275,442.902,1,-1,-1,-1
429,39,532.076,322.706,65.149,196.687,1,-1,-1,-1
430,1,708.147,206.385,181.782,543.874,1,-1,-1,-1
430,35,1071.018,132.724,327.134,832.386,1,-1,-1,-1
430,36,8.410,-7.723,528.205,1098.456,1,-1,-1,-1
430,37,606.843,329.786,96.267,222.341,1,-1,-1,-1
430,38,885.695,235.537,140.816,442.385,1,-1,-1,-1
430,39,531.583,320.553,62.435,193.118,1,-1,-1,-1
431,1,700.291,207.036,181.470,537.754,1,-1,-1,-1
431,35,1068.130,133.570,330.354,835.168,1,-1,-1,-1
431,36,-0.457,-7.747,532.899,1098.407,1,-1,-1,-1
431,37,602.170,327.505,97.357,227.075,1,-1,-1,-1
431,38,885.592,233.438,139.309,443.699,1,-1,-1,-1
431,39,528.884,321.340,60.899,187.648,1,-1,-1,-1
432,1,693.638,208.209,180.554,538.835,1,-1,-1,-1
432,35,1064.969,134.035,333.154,839.344,1,-1,-1,-1
432,36,-9.971,-7.694,527.869,1098.214,1,-1,-1,-1
432,37,596.661,326.216,98.957,229.452,1,-1,-1,-1
432,38,883.465,233.377,138.966,442.361,1,-1,-1,-1
432,39,523.971,321.934,61.797,186.281,1,-1,-1,-1
433,1,686.602,207.725,179.683,536.695,1,-1,-1,-1
433,35,1063.492,133.447,336.138,844.285,1,-1,-1,-1
433,36,-13.762,-7.616,522.012,1097.979,1,-1,-1,-1
433,37,593.995,325.064,99.011,230.369,1,-1,-1,-1
433,38,883.334,232.615,137.861,441.270,1,-1,-1,-1
433,39,519.488,321.587,62.325,188.370,1,-1,-1,-1
434,1,682.523,205.100,178.525,533.675,1,-1,-1,-1
434,35,1063.293,129.671,337.722,847.634,1,-1,-1,-1
434,36,-18.052,-7.499,511.443,1097.674,1,-1,-1,-1
434,37,592.061,323.206,98.003,230.032,1,-1,-1,-1
434,38,883.787,228.934,136.954,441.859,1,-1,-1,-1
434,39,516.104,319.568,62.118,189.859,1,-1,-1,-1
435,1,679.012,203.237,177.800,534.826,1,-1,-1,-1
435,35,1062.905,125.440,343.573,844.692,1,-1,-1,-1
435,36,-17.892,-7.381,503.038,1097.373,1,-1,-1,-1
435,37,591.710,324.610,97.178,231.632,1,-1,-1,-1
435,38,884.772,225.576,136.680,441.997,1,-1,-1,-1
435,39,513.839,317.535,62.117,192.145,1,-1,-1,-1
436,1,674.844,196.819,176.768,533.353,1,-1,-1,-1
436,35,1063.797,127.072,345.781,845.400,1,-1,-1,-1
436,36,-22.659,-7.213,487.113,1096.979,1,-1,-1,-1
436,37,591.433,319.924,97.076,233.216,1,-1,-1,-1
436,38,883.515,224.426,136.634,443.557,1,-1,-1,-1
436,39,511.982,314.505,62.879,195.254,1,-1,-1,-1
437,1,669.275,193.850,177.405,535.890,1,-1,-1,-1
437,35,1062.843,123.300,348.969,842.720,1,-1,-1,-1
437,36,-23.258,-7.043,472.627,1096.585,1,-1,-1,-1
437,37,589.351,317.581,97.245,235.867,1,-1,-1,-1
437,38,884.516,222.339,136.727,444.054,1,-1,-1,-1
437,39,510.558,312.046,63.375,196.263,1,-1,-1,-1
438,1,668.443,194.174,175.523,532.609,1,-1,-1,-1
438,35,1065.468,118.484,352.054,839.288,1,-1,-1,-1
438,36,-27.131,-6.828,452.466,1096.108,1,-1,-1,-1
438,37,587.157,315.677,98.319,238.796,1,-1,-1,-1
438,38,884.205,220.198,136.250,444.001,1,-1,-1,-1
438,39,508.660,310.462,64.130,197.541,1,-1,-1,-1
439,1,664.296,196.956,177.297,531.429,1,-1,-1,-1
439,35,1072.873,117.947,353.794,841.599,1,-1,-1,-1
439,36,-28.856,-6.556,426.241,1095.521,1,-1,-1,-1
439,37,583.149,312.921,99.426,242.434,1,-1,-1,-1
439,38,881.541,221.294,135.868,443.694,1,-1,-1,-1
439,39,507.653,309.376,64.566,198.170,1,-1,-1,-1
440,1,663.754,195.772,176.207,529.538,1,-1,-1,-1
440,34,996.719,309.059,90.521,236.110,1,-1,-1,-1
440,35,1082.444,124.495,347.560,837.011,1,-1,-1,-1
440,36,-32.555,-6.266,400.829,1094.902,1,-1,-1,-1
440,37,581.669,307.591,100.509,244.508,1,-1,-1,-1
440,38,880.792,220.533,136.772,444.239,1,-1,-1,-1
440,39,507.088,306.851,63.708,199.139,1,-1,-1,-1
441,1,663.628,193.863,175.275,528.418,1,-1,-1,-1
441,35,1088.562,118.488,344.000,841.009,1,-1,-1,-1
441,37,577.077,308.674,102.806,245.128,1,-1,-1,-1
441,38,884.898,221.875,135.598,444.053,1,-1,-1,-1
441,39,506.960,306.524,63.592,199.409,1,-1,-1,-1
442,1,665.064,195.934,174.648,527.054,1,-1,-1,-1
442,35,1093.146,114.395,343.706,840.910,1,-1,-1,-1
442,37,578.935,307.864,102.966,246.874,1,-1,-1,-1
442,38,887.445,220.456,136.057,446.457,1,-1,-1,-1
442,39,507.401,308.705,63.983,200.076,1,-1,-1,-1
443,1,668.448,199.550,174.216,523.111,1,-1,-1,-1
443,35,1091.853,120.457,344.384,836.086,1,-1,-1,-1
443,37,577.783,308.619,104.539,249.496,1,-1,-1,-1
443,38,893.876,221.767,136.128,444.825,1,-1,-1,-1
443,39,508.698,311.632,64.246,200.272,1,-1,-1,-1
444,1,670.154,205.126,176.833,523.653,1,-1,-1,-1
444,35,1102.523,114.653,342.571,837.010,1,-1,-1,-1
444,37,579.367,306.015,105.728,252.840,1,-1,-1,-1
444,38,898.564,222.025,136.785,445.968,1,-1,-1,-1
444,39,512.568,310.485,63.948,201.139,1,-1,-1,-1
445,1,671.981,201.419,179.124,523.266,1,-1,-1,-1
445,35,1106.401,114.362,337.658,833.465,1,-1,-1,-1
445,37,579.545,304.017,106.684,256.411,1,-1,-1,-1
445,38,902.344,221.789,136.881,448.015,1,-1,-1,-1
445,39,515.409,311.310,64.249,200.352,1,-1,-1,-1
446,1,674.809,204.547,180.333,523.476,1,-1,-1,-1
446,34,1009.893,303.503,92.911,244.422,1,-1,-1,-1
446,35,1113.015,114.039,334.625,834.123,1,-1,-1,-1
446,37,579.224,302.038,108.047,260.034,1,-1,-1,-1
446,38,905.195,218.948,137.523,450.991,1,-1,-1,-1
446,39,519.256,311.588,64.838,199.292,1,-1,-1,-1
447,1,678.627,204.868,181.579,524.729,1,-1,-1,-1
447,34,1014.829,303.230,88.949,245.099,1,-1,-1,-1
447,35,1118.651,124.273,333.725,834.564,1,-1,-1,-1
447,37,580.687,301.625,109.200,261.540,1,-1,-1,-1
447,38,909.387,216.669,137.715,446.450,1,-1,-1,-1
447,39,524.562,311.335,64.856,200.741,1,-1,-1,-1
448,1,685.386,203.550,180.619,523.916,1,-1,-1,-1
448,34,1024.537,303.562,90.017,245.644,1,-1,-1,-1
448,35,1127.426,133.210,333.194,833.290,1,-1,-1,-1
448,37,585.316,304.608,109.526,261.663,1,-1,-1,-1
448,38,914.854,217.811,138.216,445.059,1,-1,-1,-1
448,39,530.640,311.490,64.574,201.985,1,-1,-1,-1
449,1,691.617,204.245,181.291,524.361,1,-1,-1,-1
449,35,1137.454,133.289,330.305,833.149,1,-1,-1,-1
449,37,589.926,305.991,110.647,262.002,1,-1,-1,-1
449,38,922.548,221.084,138.136,444.711,1,-1,-1,-1
449,39,537.392,312.386,64.623,202.823,1,-1,-1,-1
449,40,1100.700,309.700,78.100,241.700,1,-1,-1,-1
450,1,699.194,202.593,179.912,526.940,1,-1,-1,-1
450,35,1150.254,134.299,326.990,837.425,1,-1,-1,-1
450,37,593.897,306.243,110.494,262.604,1,-1,-1,-1
450,38,928.176,220.141,138.802,444.872,1,-1,-1,-1
450,39,544.029,311.324,64.975,205.488,1,-1,-1,-1
450,40,1105.764,308.137,82.670,248.125,1,-1,-1,-1
451,1,705.172,202.177,179.386,527.571,1,-1,-1,-1
451,35,1153.744,138.752,327.550,833.212,1,-1,-1,-1
451,37,597.354,307.583,111.288,262.684,1,-1,-1,-1
451,38,934.109,220.069,140.744,442.426,1,-1,-1,-1
451,39,549.284,312.033,66.450,205.910,1,-1,-1,-1
451,40,1117.340,311.533,81.842,248.399,1,-1,-1,-1
452,1,711.785,202.626,177.845,526.022,1,-1,-1,-1
452,35,1160.125,141.273,325.587,830.023,1,-1,-1,-1
452,37,599.264,307.790,112.117,263.496,1,-1,-1,-1
452,38,938.201,220.062,140.598,441.027,1,-1,-1,-1
452,39,554.818,313.592,66.386,206.034,1,-1,-1,-1
453,1,720.754,203.124,174.995,524.332,1,-1,-1,-1
453,35,1167.817,146.557,326.029,831.063,1,-1,-1,-1
453,37,600.530,305.556,112.863,266.646,1,-1,-1,-1
453,38,944.359,219.552,139.994,440.824,1,-1,-1,-1
453,39,562.265,313.845,66.219,206.091,1,-1,-1,-1
453,40,1131.491,317.175,85.132,249.194,1,-1,-1,-1
454,1,728.563,199.980,174.815,525.602,1,-1,-1,-1
454,35,1176.074,142.220,325.016,828.070,1,-1,-1,-1
454,37,604.238,304.104,112.703,269.031,1,-1,-1,-1
454,38,952.097,221.563,139.835,441.463,1,-1,-1,-1
454,39,570.441,314.017,64.154,206.597,1,-1,-1,-1
455,1,737.816,204.444,173.022,527.520,1,-1,-1,-1
455,35,1187.579,144.919,323.307,833.448,1,-1,-1,-1
455,37,607.904,302.577,113.019,270.892,1,-1,-1,-1
455,38,959.638,220.303,140.768,441.533,1,-1,-1,-1
456,1,744.671,204.218,171.779,524.919,1,-1,-1,-1
456,34,1075.353,305.476,86.543,251.818,1,-1,-1,-1
456,35,1190.328,144.255,323.068,834.691,1,-1,-1,-1
456,37,613.135,299.338,112.621,273.381,1,-1,-1,-1
456,38,965.439,217.795,139.872,442.570,1,-1,-1,-1
457,1,752.282,205.833,172.219,525.161,1,-1,-1,-1
457,34,1081.762,302.627,87.691,253.680,1,-1,-1,-1
457,35,1194.464,142.341,323.293,834.040,1,-1,-1,-1
457,37,617.938,298.320,112.871,275.009,1,-1,-1,-1
457,38,971.500,216.687,139.428,445.063,1,-1,-1,-1
458,1,759.998,204.989,171.227,525.357,1,-1,-1,-1
458,34,1088.729,303.316,91.653,252.295,1,-1,-1,-1
458,35,1199.362,138.373,324.217,831.659,1,-1,-1,-1
458,37,623.052,294.969,112.984,277.839,1,-1,-1,-1
458,38,980.730,217.175,137.970,447.619,1,-1,-1,-1
459,1,765.826,202.149,172.479,526.351,1,-1,-1,-1
459,34,1096.184,301.624,92.341,254.049,1,-1,-1,-1
459,35,1203.027,133.940,326.558,829.586,1,-1,-1,-1
459,37,627.988,292.101,111.925,280.025,1,-1,-1,-1
459,38,987.315,217.062,138.521,450.644,1,-1,-1,-1
460,1,771.382,200.795,174.399,525.519,1,-1,-1,-1
460,34,1103.264,300.829,93.000,254.241,1,-1,-1,-1
460,35,1206.818,131.045,328.445,831.680,1,-1,-1,-1
460,37,631.012,289.623,110.372,281.695,1,-1,-1,-1
460,38,993.329,213.786,138.884,452.393,1,-1,-1,-1
461,1,775.828,200.866,173.935,522.807,1,-1,-1,-1
461,34,1106.590,298.602,92.886,256.475,1,-1,-1,-1
461,35,1205.476,130.860,336.543,833.608,1,-1,-1,-1
461,37,632.150,288.153,110.289,283.743,1,-1,-1,-1
461,38,994.564,211.520,139.998,455.831,1,-1,-1,-1
462,1,779.963,196.750,171.951,519.704,1,-1,-1,-1
462,34,1108.772,295.975,93.544,259.660,1,-1,-1,-1
462,35,1211.556,128.905,340.212,837.023,1,-1,-1,-1
462,37,634.145,287.416,109.063,285.235,1,-1,-1,-1
462,38,996.144,210.737,140.024,453.736,1,-1,-1,-1
463,1,781.328,199.027,170.585,518.787,1,-1,-1,-1
463,34,1109.082,294.501,93.728,261.516,1,-1,-1,-1
463,35,1210.901,124.261,344.263,843.271,1,-1,-1,-1
463,37,634.249,285.283,108.317,289.409,1,-1,-1,-1
463,38,995.957,209.202,141.753,455.899,1,-1,-1,-1
464,1,777.729,193.791,170.961,518.741,1,-1,-1,-1
464,34,1109.086,290.663,93.856,262.725,1,-1,-1,-1
464,35,1210.787,115.967,346.118,848.866,1,-1,-1,-1
464,37,633.688,283.136,107.393,289.778,1,-1,-1,-1
464,38,995.917,205.993,142.972,459.193,1,-1,-1,-1
465,1,773.577,188.021,172.959,518.504,1,-1,-1,-1
465,34,1107.801,288.295,94.964,263.600,1,-1,-1,-1
465,35,1208.962,114.742,350.145,849.143,1,-1,-1,-1
465,37,631.306,280.375,106.749,290.773,1,-1,-1,-1
465,38,994.919,203.958,145.198,460.478,1,-1,-1,-1
466,1,774.402,184.399,171.770,519.596,1,-1,-1,-1
466,35,1199.086,106.060,356.438,856.663,1,-1,-1,-1
466,37,627.367,279.036,107.311,293.207,1,-1,-1,-1
466,38,995.571,204.810,148.439,463.238,1,-1,-1,-1
467,1,771.378,180.250,171.475,519.978,1,-1,-1,-1
467,35,1193.176,107.345,362.845,861.983,1,-1,-1,-1
467,37,622.471,276.253,108.766,295.527,1,-1,-1,-1
467,38,997.370,201.160,149.143,461.951,1,-1,-1,-1
468,1,770.891,178.180,170.273,519.593,1,-1,-1,-1
468,35,1188.469,109.784,367.990,867.547,1,-1,-1,-1
468,37,616.275,273.854,110.305,298.615,1,-1,-1,-1
468,38,995.664,201.848,150.833,463.813,1,-1,-1,-1
469,1,767.238,176.742,170.678,518.260,1,-1,-1,-1
469,35,1184.469,106.241,371.797,881.309,1,-1,-1,-1
469,37,609.450,274.293,111.070,298.964,1,-1,-1,-1
469,38,993.782,203.043,152.823,463.281,1,-1,-1,-1
470,1,763.039,173.771,172.234,521.486,1,-1,-1,-1
470,35,1181.429,103.960,372.824,890.307,1,-1,-1,-1
470,37,602.556,272.646,112.415,301.398,1,-1,-1,-1
470,38,991.251,199.411,152.456,464.424,1,-1,-1,-1
471,1,762.169,173.123,172.213,523.375,1,-1,-1,-1
471,35,1180.826,100.969,371.745,892.543,1,-1,-1,-1
471,37,595.042,270.496,113.960,302.473,1,-1,-1,-1
471,38,988.392,196.773,151.714,465.058,1,-1,-1,-1
471,41,696.900,212.400,107.800,368.800,1,-1,-1,-1
472,1,761.543,172.378,172.477,525.596,1,-1,-1,-1
472,35,1175.766,101.425,373.143,897.378,1,-1,-1,-1
472,37,588.824,267.468,116.468,306.435,1,-1,-1,-1
472,38,986.049,196.969,151.601,460.664,1,-1,-1,-1
472,41,690.555,200.958,113.691,379.084,1,-1,-1,-1
473,1,760.898,171.100,173.541,529.775,1,-1,-1,-1
473,35,1175.498,99.571,372.918,896.269,1,-1,-1,-1
473,37,581.002,263.510,119.515,308.769,1,-1,-1,-1
473,38,982.935,197.449,151.536,458.368,1,-1,-1,-1
473,41,677.631,202.642,118.527,376.294,1,-1,-1,-1
474,1,759.718,171.128,174.728,530.033,1,-1,-1,-1
474,35,1174.972,100.949,369.919,891.932,1,-1,-1,-1
474,37,572.846,261.964,122.629,309.077,1,-1,-1,-1
474,38,980.820,193.016,151.020,458.165,1,-1,-1,-1
474,41,665.140,196.852,126.058,390.991,1,-1,-1,-1
475,1,758.907,170.596,175.673,528.944,1,-1,-1,-1
475,35,1174.756,101.671,367.802,889.295,1,-1,-1,-1
475,37,565.843,259.156,125.716,311.739,1,-1,-1,-1
475,38,977.731,189.896,149.667,455.022,1,-1,-1,-1
475,41,662.826,196.172,127.988,389.144,1,-1,-1,-1
476,1,757.087,171.542,178.503,529.508,1,-1,-1,-1
476,34,1083.502,272.030,98.730,269.483,1,-1,-1,-1
476,35,1176.273,99.117,364.829,889.186,1,-1,-1,-1
476,37,561.897,256.659,128.277,314.956,1,-1,-1,-1
476,38,974.306,190.096,148.406,455.194,1,-1,-1,-1
476,41,662.109,197.993,127.938,381.994,1,-1,-1,-1
477,1,758.307,172.220,180.758,529.608,1,-1,-1,-1
477,34,1082.550,269.638,101.320,271.585,1,-1,-1,-1
477,35,1179.664,89.877,362.757,886.301,1,-1,-1,-1
477,37,558.344,256.385,129.895,322.078,1,-1,-1,-1
477,38,970.282,192.242,148.541,456.503,1,-1,-1,-1
477,41,658.932,198.223,129.061,382.407,1,-1,-1,-1
478,1,760.294,176.288,182.000,530.636,1,-1,-1,-1
478,34,1082.380,270.655,102.271,272.642,1,-1,-1,-1
478,35,1183.660,89.364,359.345,883.181,1,-1,-1,-1
478,37,550.781,260.843,131.508,326.356,1,-1,-1,-1
478,38,969.693,192.984,147.259,457.811,1,-1,-1,-1
478,41,653.561,197.346,132.893,393.036,1,-1,-1,-1
479,1,762.543,178.088,182.381,530.420,1,-1,-1,-1
479,34,1082.980,272.024,103.071,272.946,1,-1,-1,-1
479,35,1181.266,86.175,364.798,879.839,1,-1,-1,-1
479,37,545.082,264.987,132.752,326.883,1,-1,-1,-1
479,38,967.527,193.703,146.254,456.249,1,-1,-1,-1
479,41,650.907,197.183,135.688,398.764,1,-1,-1,-1
480,1,767.081,177.541,182.354,528.960,1,-1,-1,-1
480,34,1082.471,272.950,103.675,274.518,1,-1,-1,-1
480,35,1185.297,92.010,364.005,879.720,1,-1,-1,-1
480,37,541.799,268.410,136.270,331.990,1,-1,-1,-1
480,38,965.793,195.857,145.063,457.558,1,-1,-1,-1
480,41,648.944,197.333,137.955,403.508,1,-1,-1,-1
481,1,771.588,176.708,180.169,526.858,1,-1,-1,-1
481,34,1084.087,274.382,103.555,277.960,1,-1,-1,-1
481,35,1184.099,87.650,368.268,876.131,1,-1,-1,-1
481,37,535.561,263.942,138.861,336.932,1,-1,-1,-1
481,38,967.880,198.222,144.790,457.282,1,-1,-1,-1
481,41,644.040,200.239,141.118,407.687,1,-1,-1,-1
482,1,778.567,178.517,177.861,523.330,1,-1,-1,-1
482,34,1083.815,277.304,104.427,279.430,1,-1,-1,-1
482,35,1186.543,92.947,368.477,877.394,1,-1,-1,-1
482,37,530.598,268.364,140.420,335.856,1,-1,-1,-1
482,38,970.549,200.793,143.402,456.853,1,-1,-1,-1
482,41,643.757,203.933,142.748,410.865,1,-1,-1,-1
483,1,780.852,180.382,178.526,520.636,1,-1,-1,-1
483,34,1086.513,272.916,104.508,281.433,1,-1,-1,-1
483,35,1191.988,100.810,368.147,875.386,1,-1,-1,-1
483,37,527.596,270.640,141.971,341.057,1,-1,-1,-1
483,38,974.611,198.706,142.950,458.247,1,-1,-1,-1
483,41,642.721,204.906,145.122,414.062,1,-1,-1,-1
484,1,788.780,184.280,179.557,519.260,1,-1,-1,-1
484,34,1088.977,274.174,104.975,282.941,1,-1,-1,-1
484,35,1194.725,107.278,366.216,877.155,1,-1,-1,-1
484,37,525.629,271.111,143.720,345.507,1,-1,-1,-1
484,38,977.436,200.794,142.844,459.938,1,-1,-1,-1
484,41,645.449,202.668,145.476,415.739,1,-1,-1,-1
485,1,794.487,184.162,181.074,517.697,1,-1,-1,-1
485,34,1092.620,278.256,105.195,282.315,1,-1,-1,-1
485,35,1200.969,112.791,363.278,882.797,1,-1,-1,-1
485,37,524.797,269.065,148.621,347.836,1,-1,-1,-1
485,38,981.495,204.393,142.700,459.991,1,-1,-1,-1
485,41,648.098,199.995,146.357,420.614,1,-1,-1,-1
486,1,803.813,188.120,178.064,519.479,1,-1,-1,-1
486,34,1095.195,280.489,106.245,284.219,1,-1,-1,-1
486,35,1199.982,113.407,362.767,887.376,1,-1,-1,-1
486,37,525.640,268.402,149.664,349.908,1,-1,-1,-1
486,38,984.080,206.088,142.428,463.377,1,-1,-1,-1
486,41,651.898,199.766,146.540,425.194,1,-1,-1,-1
487,1,813.624,196.607,176.263,517.733,1,-1,-1,-1
487,34,1103.621,284.663,107.491,284.067,1,-1,-1,-1
487,35,1204.008,119.165,363.335,896.849,1,-1,-1,-1
487,37,527.985,267.695,150.944,352.112,1,-1,-1,-1
487,38,988.697,210.032,142.782,463.114,1,-1,-1,-1
487,41,653.688,201.087,148.409,429.986,1,-1,-1,-1
488,1,821.688,200.410,175.097,518.865,1,-1,-1,-1
488,34,1108.514,287.511,109.056,283.909,1,-1,-1,-1
488,35,1211.216,127.284,363.188,900.279,1,-1,-1,-1
488,37,528.712,268.004,152.418,357.534,1,-1,-1,-1
488,38,993.713,215.894,142.014,460.625,1,-1,-1,-1
488,41,655.202,201.351,150.898,434.519,1,-1,-1,-1
489,1,829.405,200.941,173.966,518.561,1,-1,-1,-1
489,34,1114.441,291.213,109.677,284.283,1,-1,-1,-1
489,35,1215.140,130.609,362.659,902.302,1,-1,-1,-1
489,37,529.843,269.485,152.690,360.968,1,-1,-1,-1
489,38,997.415,220.315,140.788,457.692,1,-1,-1,-1
489,41,658.358,204.573,153.450,438.984,1,-1,-1,-1
490,1,836.344,205.591,175.820,517.430,1,-1,-1,-1
490,34,1121.511,293.770,109.527,284.912,1,-1,-1,-1
490,35,1219.603,137.775,365.440,906.607,1,-1,-1,-1
490,37,529.760,272.295,153.911,362.847,1,-1,-1,-1
490,38,1000.859,224.752,141.569,453.645,1,-1,-1,-1
490,41,658.573,207.013,155.647,441.769,1,-1,-1,-1
491,1,842.227,213.142,177.827,515.590,1,-1,-1,-1
491,34,1124.813,297.837,109.363,285.719,1,-1,-1,-1
491,35,1216.744,135.241,366.365,902.471,1,-1,-1,-1
491,37,529.627,274.946,155.836,368.195,1,-1,-1,-1
491,38,1003.729,227.835,140.982,453.650,1,-1,-1,-1
491,41,655.885,209.002,156.293,442.571,1,-1,-1,-1
492,1,845.236,219.115,179.076,515.227,1,-1,-1,-1
492,34,1128.636,304.115,109.389,287.747,1,-1,-1,-1
492,35,1218.237,135.329,369.041,902.895,1,-1,-1,-1
492,37,528.209,275.051,156.825,373.478,1,-1,-1,-1
492,38,1005.020,231.470,141.155,452.990,1,-1,-1,-1
492,41,650.263,211.853,160.288,445.066,1,-1,-1,-1
493,1,849.939,222.872,178.121,512.232,1,-1,-1,-1
493,34,1130.916,307.420,108.852,288.958,1,-1,-1,-1
493,35,1216.237,133.727,368.712,902.554,1,-1,-1,-1
493,37,526.321,274.578,159.048,379.838,1,-1,-1,-1
493,38,1003.564,234.064,140.291,452.871,1,-1,-1,-1
493,41,646.025,211.079,163.331,449.363,1,-1,-1,-1
494,1,851.557,223.401,179.610,509.604,1,-1,-1,-1
494,34,1132.505,310.648,107.987,288.515,1,-1,-1,-1
494,35,1213.581,132.879,365.389,905.549,1,-1,-1,-1
494,37,519.364,277.053,162.316,384.711,1,-1,-1,-1
494,38,1002.770,233.024,139.555,453.748,1,-1,-1,-1
494,41,645.404,211.185,164.298,452.973,1,-1,-1,-1
495,1,854.931,227.306,180.099,509.737,1,-1,-1,-1
495,34,1134.434,312.742,107.691,289.974,1,-1,-1,-1
495,35,1211.864,129.942,363.612,907.202,1,-1,-1,-1
495,37,515.493,277.239,163.087,388.248,1,-1,-1,-1
495,38,1002.190,235.115,139.547,455.519,1,-1,-1,-1
495,41,642.206,211.127,165.647,456.078,1,-1,-1,-1
496,1,857.017,231.134,177.991,509.335,1,-1,-1,-1
496,34,1136.062,313.208,107.896,292.393,1,-1,-1,-1
496,35,1208.945,127.054,364.786,910.009,1,-1,-1,-1
496,37,512.146,278.979,165.267,393.675,1,-1,-1,-1
496,38,1002.442,237.068,139.112,453.693,1,-1,-1,-1
496,41,639.400,211.553,167.676,458.689,1,-1,-1,-1
497,1,855.673,230.811,179.157,506.839,1,-1,-1,-1
497,34,1136.086,311.558,109.642,295.497,1,-1,-1,-1
497,35,1201.646,116.769,365.349,913.937,1,-1,-1,-1
497,37,509.556,276.759,164.853,394.419,1,-1,-1,-1
497,38,1000.522,235.689,140.561,454.187,1,-1,-1,-1
497,41,637.373,210.303,170.283,462.222,1,-1,-1,-1
498,1,855.181,230.986,181.265,503.261,1,-1,-1,-1
498,34,1136.352,310.511,110.865,300.497,1,-1,-1,-1
498,35,1198.555,112.309,364.485,915.818,1,-1,-1,-1
498,37,501.341,283.260,165.687,399.189,1,-1,-1,-1
498,38,1002.150,236.174,141.760,455.580,1,-1,-1,-1
498,41,634.641,211.072,172.237,464.528,1,-1,-1,-1
499,1,858.319,234.813,179.819,502.684,1,-1,-1,-1
499,34,1135.155,309.917,113.640,303.102,1,-1,-1,-1
499,35,1198.832,115.102,363.030,921.050,1,-1,-1,-1
499,37,491.361,282.093,167.315,402.432,1,-1,-1,-1
499,38,998.439,237.005,142.655,455.633,1,-1,-1,-1
499,41,631.421,213.375,172.951,467.516,1,-1,-1,-1
500,1,856.876,231.476,181.642,502.920,1,-1,-1,-1
500,34,1132.518,308.521,116.040,304.727,1,-1,-1,-1
500,35,1201.481,116.926,359.244,927.555,1,-1,-1,-1
500,37,485.759,280.373,169.506,407.091,1,-1,-1,-1
500,38,999.883,237.462,143.250,455.080,1,-1,-1,-1
500,41,624.725,213.846,174.296,477.351,1,-1,-1,-1
501,1,858.486,233.698,180.685,504.741,1,-1,-1,-1
501,34,1130.563,309.659,115.399,304.824,1,-1,-1,-1
501,35,1206.792,121.895,355.877,924.813,1,-1,-1,-1
501,37,475.505,281.940,169.808,408.830,1,-1,-1,-1
501,38,1001.278,237.988,143.571,454.339,1,-1,-1,-1
501,41,619.954,213.076,174.838,480.346,1,-1,-1,-1
502,1,859.281,233.827,179.178,503.176,1,-1,-1,-1
502,34,1130.171,312.104,115.851,300.456,1,-1,-1,-1
502,35,1203.659,117.965,362.291,920.246,1,-1,-1,-1
502,37,471.117,282.491,169.560,413.343,1,-1,-1,-1
502,38,997.290,234.981,142.498,455.948,1,-1,-1,-1
502,41,613.785,212.385,176.349,485.321,1,-1,-1,-1
503,1,859.519,228.389,180.058,506.995,1,-1,-1,-1
503,34,1126.766,311.716,116.047,299.819,1,-1,-1,-1
503,35,1202.232,120.211,358.928,928.078,1,-1,-1,-1
503,37,460.351,279.198,171.127,419.292,1,-1,-1,-1
503,38,994.356,234.439,141.567,455.944,1,-1,-1,-1
503,41,603.296,208.408,178.841,492.852,1,-1,-1,-1
504,1,860.619,228.043,176.709,507.807,1,-1,-1,-1
504,34,1124.034,311.202,116.187,299.103,1,-1,-1,-1
504,35,1201.757,117.654,358.370,936.251,1,-1,-1,-1
504,37,453.514,271.667,174.413,423.778,1,-1,-1,-1
504,38,994.258,233.392,141.461,454.894,1,-1,-1,-1
504,41,591.020,203.881,181.834,499.578,1,-1,-1,-1
505,1,862.570,224.727,175.555,508.813,1,-1,-1,-1
505,34,1123.286,304.038,116.396,298.579,1,-1,-1,-1
505,35,1203.555,117.094,358.917,941.200,1,-1,-1,-1
505,37,442.314,267.506,174.805,431.294,1,-1,-1,-1
505,38,991.680,230.184,142.589,453.347,1,-1,-1,-1
505,41,582.279,191.896,184.408,509.475,1,-1,-1,-1
506,1,861.691,223.677,175.018,510.169,1,-1,-1,-1
506,34,1118.933,305.692,116.876,298.198,1,-1,-1,-1
506,35,1202.894,115.212,360.974,944.512,1,-1,-1,-1
506,37,431.306,262.130,177.537,437.925,1,-1,-1,-1
506,38,988.816,226.479,143.795,452.356,1,-1,-1,-1
506,41,575.854,191.281,185.956,512.323,1,-1,-1,-1
507,1,859.959,225.617,175.462,507.871,1,-1,-1,-1
507,34,1117.780,305.806,116.566,296.701,1,-1,-1,-1
507,35,1202.577,112.686,362.673,943.505,1,-1,-1,-1
507,37,418.518,262.233,177.912,440.583,1,-1,-1,-1
507,38,985.114,226.350,143.694,456.413,1,-1,-1,-1
507,41,564.977,189.130,188.196,517.698,1,-1,-1,-1
508,1,859.454,226.954,176.002,504.984,1,-1,-1,-1
508,34,1115.245,301.003,116.725,297.501,1,-1,-1,-1
508,35,1202.536,112.187,364.465,944.885,1,-1,-1,-1
508,37,409.595,259.232,178.270,443.820,1,-1,-1,-1
508,38,980.143,229.076,143.576,458.421,1,-1,-1,-1
508,41,555.242,183.771,191.977,523.275,1,-1,-1,-1
509,1,861.342,226.615,177.050,502.485,1,-1,-1,-1
509,34,1111.121,298.981,117.767,295.774,1,-1,-1,-1
509,35,1202.667,113.665,363.867,939.941,1,-1,-1,-1
509,37,399.290,258.170,179.712,449.597,1,-1,-1,-1
509,38,977.271,231.065,135.895,458.184,1,-1,-1,-1
509,41,546.638,178.546,192.168,528.195,1,-1,-1,-1
510,1,860.406,226.818,177.922,499.088,1,-1,-1,-1
510,34,1107.411,292.757,117.777,298.270,1,-1,-1,-1
510,35,1201.624,112.407,362.162,934.739,1,-1,-1,-1
510,37,385.584,258.125,183.355,454.545,1,-1,-1,-1
510,38,974.617,231.355,128.556,456.911,1,-1,-1,-1
510,41,537.567,176.028,193.725,535.086,1,-1,-1,-1
511,1,857.450,225.315,177.818,498.077,1,-1,-1,-1
511,34,1102.618,292.354,119.112,301.726,1,-1,-1,-1
511,35,1205.064,101.393,358.478,926.913,1,-1,-1,-1
511,37,377.763,257.333,184.803,459.345,1,-1,-1,-1
511,41,525.304,174.802,196.169,542.530,1,-1,-1,-1
512,1,856.570,218.767,176.047,497.959,1,-1,-1,-1
512,34,1101.754,284.521,118.558,305.445,1,-1,-1,-1
512,35,1208.174,93.483,354.975,925.031,1,-1,-1,-1
512,37,366.291,250.903,188.845,471.005,1,-1,-1,-1
512,41,512.804,170.945,200.682,551.587,1,-1,-1,-1
513,1,854.631,215.574,176.643,497.591,1,-1,-1,-1
513,34,1099.896,282.960,117.762,303.950,1,-1,-1,-1
513,35,1205.682,85.278,355.758,924.047,1,-1,-1,-1
513,37,352.707,248.561,192.328,476.733,1,-1,-1,-1
513,41,501.234,167.689,202.992,560.074,1,-1,-1,-1
514,1,854.730,211.033,174.316,497.567,1,-1,-1,-1
514,34,1097.889,281.082,117.401,304.588,1,-1,-1,-1
514,35,1206.325,73.727,358.748,925.866,1,-1,-1,-1
514,37,343.875,249.163,196.393,481.676,1,-1,-1,-1
514,41,496.023,160.981,202.140,573.156,1,-1,-1,-1
515,1,854.378,205.780,172.164,499.138,1,-1,-1,-1
515,34,1097.805,275.492,117.494,305.581,1,-1,-1,-1
515,35,1206.405,65.517,360.209,926.230,1,-1,-1,-1
515,37,332.853,243.647,199.475,489.034,1,-1,-1,-1
515,41,488.899,161.110,202.813,577.764,1,-1,-1,-1
516,1,855.760,202.839,170.913,499.106,1,-1,-1,-1
516,34,1096.899,272.659,117.599,307.795,1,-1,-1,-1
516,35,1204.364,61.604,359.995,928.382,1,-1,-1,-1
516,37,320.207,247.335,200.765,492.606,1,-1,-1,-1
516,41,482.157,153.799,204.652,584.331,1,-1,-1,-1
517,1,854.457,199.166,169.709,500.329,1,-1,-1,-1
517,34,1096.665,272.389,117.499,308.429,1,-1,-1,-1
517,35,1208.155,58.132,357.500,928.839,1,-1,-1,-1
517,37,308.645,243.473,204.915,496.583,1,-1,-1,-1
517,41,472.493,156.210,208.495,591.438,1,-1,-1,-1
518,1,854.564,197.185,168.368,501.688,1,-1,-1,-1
518,34,1095.342,267.470,118.960,309.389,1,-1,-1,-1
518,35,1205.254,59.156,360.003,928.939,1,-1,-1,-1
518,37,302.512,245.018,208.292,502.511,1,-1,-1,-1
518,41,465.738,148.755,211.593,600.591,1,-1,-1,-1
519,1,852.802,196.630,168.200,500.621,1,-1,-1,-1
519,34,1093.826,266.465,118.413,310.870,1,-1,-1,-1
519,35,1209.345,69.006,358.196,931.432,1,-1,-1,-1
519,37,291.926,243.159,211.341,507.227,1,-1,-1,-1
519,41,460.842,145.613,216.165,609.088,1,-1,-1,-1
520,1,853.593,192.961,169.665,499.868,1,-1,-1,-1
520,34,1094.543,264.165,118.371,312.437,1,-1,-1,-1
520,35,1207.984,60.546,358.624,932.982,1,-1,-1,-1
520,37,281.657,241.320,215.596,512.313,1,-1,-1,-1
520,41,456.410,147.213,220.589,617.078,1,-1,-1,-1
521,1,855.585,193.074,169.199,498.320,1,-1,-1,-1
521,34,1095.758,264.650,117.648,313.094,1,-1,-1,-1
521,35,1214.868,68.555,355.851,939.084,1,-1,-1,-1
521,37,271.118,237.403,219.915,518.318,1,-1,-1,-1
521,41,451.174,146.139,226.045,624.667,1,-1,-1,-1
522,1,857.224,192.875,168.039,497.357,1,-1,-1,-1
522,34,1098.826,259.564,118.487,313.398,1,-1,-1,-1
522,35,1221.857,56.461,351.765,940.513,1,-1,-1,-1
522,37,265.115,228.452,223.798,529.577,1,-1,-1,-1
522,41,444.599,142.115,231.914,633.212,1,-1,-1,-1
523,1,860.818,191.398,167.523,497.233,1,-1,-1,-1
523,34,1100.294,256.417,120.002,313.694,1,-1,-1,-1
523,35,1223.187,59.282,349.279,942.659,1,-1,-1,-1
523,37,253.711,224.845,226.540,543.617,1,-1,-1,-1
523,41,441.326,136.544,235.463,643.883,1,-1,-1,-1
524,1,864.078,191.765,166.192,497.531,1,-1,-1,-1
524,34,1103.218,254.644,119.914,315.791,1,-1,-1,-1
524,35,1222.939,61.317,347.096,942.452,1,-1,-1,-1
524,37,246.803,220.870,230.049,550.653,1,-1,-1,-1
524,41,437.042,130.129,237.681,657.513,1,-1,-1,-1
525,1,865.025,192.042,166.099,498.126,1,-1,-1,-1
525,34,1107.970,252.266,119.913,318.674,1,-1,-1,-1
525,35,1224.050,58.867,345.888,943.360,1,-1,-1,-1
525,37,241.569,221.060,231.954,556.141,1,-1,-1,-1
525,41,432.067,125.496,243.583,669.832,1,-1,-1,-1
526,1,865.234,194.278,165.735,499.144,1,-1,-1,-1
526,34,1112.270,248.547,120.714,322.180,1,-1,-1,-1
526,35,1225.932,57.529,347.225,951.069,1,-1,-1,-1
526,37,233.598,220.915,234.887,560.304,1,-1,-1,-1
526,41,428.275,121.861,249.742,679.637,1,-1,-1,-1
527,1,868.870,195.837,166.602,501.254,1,-1,-1,-1
527,34,1115.938,251.668,121.408,319.905,1,-1,-1,-1
527,35,1228.744,59.992,347.728,948.194,1,-1,-1,-1
527,37,228.837,216.526,236.159,565.722,1,-1,-1,-1
527,41,420.308,124.035,259.221,683.241,1,-1,-1,-1
528,1,871.320,197.837,167.419,501.835,1,-1,-1,-1
528,34,1119.924,253.502,123.143,319.995,1,-1,-1,-1
528,35,1231.827,57.921,346.174,946.970,1,-1,-1,-1
528,37,222.187,220.845,239.220,571.159,1,-1,-1,-1
528,41,415.499,119.335,264.833,694.870,1,-1,-1,-1
529,1,872.911,199.154,165.361,502.281,1,-1,-1,-1
529,34,1124.168,254.294,124.131,319.459,1,-1,-1,-1
529,35,1234.616,56.601,344.883,948.282,1,-1,-1,-1
529,37,212.449,218.190,241.094,580.113,1,-1,-1,-1
529,41,409.793,114.623,271.853,706.757,1,-1,-1,-1
530,1,875.793,198.203,163.742,499.688,1,-1,-1,-1
530,34,1127.000,258.949,124.113,317.400,1,-1,-1,-1
530,35,1239.891,60.623,345.022,945.543,1,-1,-1,-1
530,37,206.541,216.595,242.301,596.938,1,-1,-1,-1
530,41,402.646,116.054,281.076,716.568,1,-1,-1,-1
531,1,878.950,198.250,163.106,498.167,1,-1,-1,-1
531,34,1130.455,262.889,124.122,315.651,1,-1,-1,-1
531,35,1245.127,64.386,347.914,944.457,1,-1,-1,-1
531,37,200.604,219.669,244.789,604.415,1,-1,-1,-1
531,41,398.490,104.620,287.250,731.551,1,-1,-1,-1
532,1,882.769,202.025,164.338,494.475,1,-1,-1,-1
532,34,1133.561,265.221,125.308,316.535,1,-1,-1,-1
532,35,1249.526,69.733,349.618,945.379,1,-1,-1,-1
532,37,193.489,216.377,248.715,622.697,1,-1,-1,-1
532,41,391.149,108.177,293.454,742.505,1,-1,-1,-1
533,1,885.597,203.358,164.109,491.138,1,-1,-1,-1
533,34,1136.060,270.802,127.160,317.736,1,-1,-1,-1
533,35,1249.793,63.974,356.254,945.963,1,-1,-1,-1
533,37,185.811,214.802,253.082,639.336,1,-1,-1,-1
533,41,381.789,103.276,298.078,761.223,1,-1,-1,-1
534,1,889.067,205.120,164.217,490.375,1,-1,-1,-1
534,34,1139.810,273.146,129.166,318.697,1,-1,-1,-1
534,35,1250.953,62.270,360.218,955.599,1,-1,-1,-1
534,37,175.414,214.004,254.977,652.726,1,-1,-1,-1
534,41,374.438,90.144,303.033,773.829,1,-1,-1,-1
535,1,890.302,206.748,166.004,491.768,1,-1,-1,-1
535,34,1143.364,270.638,130.083,319.802,1,-1,-1,-1
535,35,1257.766,58.639,367.097,963.927,1,-1,-1,-1
535,37,166.766,207.558,258.931,665.058,1,-1,-1,-1
535,41,364.355,87.992,305.842,784.261,1,-1,-1,-1
536,1,891.396,206.877,167.075,494.384,1,-1,-1,-1
536,34,1145.941,269.282,131.202,322.353,1,-1,-1,-1
536,35,1252.848,54.103,373.756,977.251,1,-1,-1,-1
536,37,154.566,213.578,264.598,673.692,1,-1,-1,-1
536,41,346.220,78.676,313.852,798.271,1,-1,-1,-1
537,1,893.354,209.114,165.319,492.880,1,-1,-1,-1
537,34,1145.907,271.559,132.630,322.271,1,-1,-1,-1
537,35,1259.082,58.885,370.917,985.611,1,-1,-1,-1
537,37,137.654,212.415,269.163,681.958,1,-1,-1,-1
537,41,336.310,78.997,318.421,810.088,1,-1,-1,-1
538,1,894.987,210.370,164.582,490.693,1,-1,-1,-1
538,34,1144.813,269.726,132.878,322.633,1,-1,-1,-1
538,35,1264.472,60.242,373.267,996.909,1,-1,-1,-1
538,37,118.097,204.881,276.943,692.975,1,-1,-1,-1
538,41,327.516,72.364,319.074,827.019,1,-1,-1,-1
539,1,894.473,212.290,164.756,486.233,1,-1,-1,-1
539,34,1141.992,266.663,134.102,323.809,1,-1,-1,-1
539,35,1264.675,46.496,377.380,1007.043,1,-1,-1,-1
539,37,103.095,191.361,280.552,707.484,1,-1,-1,-1
539,41,317.570,65.891,321.735,845.104,1,-1,-1,-1
540,1,892.513,212.290,165.764,487.150,1,-1,-1,-1
540,34,1137.364,268.232,133.386,325.822,1,-1,-1,-1
540,35,1262.957,46.351,382.514,1001.840,1,-1,-1,-1
540,37,82.965,191.287,285.359,714.976,1,-1,-1,-1
540,41,304.767,52.939,325.769,855.090,1,-1,-1,-1
540,42,582.000,295.900,77.900,249.600,1,-1,-1,-1
541,1,891.202,215.469,165.424,486.150,1,-1,-1,-1
541,34,1131.618,270.384,132.634,326.521,1,-1,-1,-1
541,35,1264.860,44.339,385.285,1004.592,1,-1,-1,-1
541,37,63.995,188.301,286.017,726.266,1,-1,-1,-1
541,41,289.651,53.149,330.910,870.611,1,-1,-1,-1
541,42,579.321,297.201,79.458,247.198,1,-1,-1,-1
542,1,889.638,212.930,166.110,489.381,1,-1,-1,-1
542,34,1125.755,269.193,132.864,328.877,1,-1,-1,-1
542,35,1269.921,50.661,385.364,1007.638,1,-1,-1,-1
542,37,46.438,180.006,290.323,739.039,1,-1,-1,-1
542,41,270.600,42.506,336.415,886.515,1,-1,-1,-1
542,42,579.129,292.714,81.406,251.949,1,-1,-1,-1
543,1,887.127,211.740,166.619,492.988,1,-1,-1,-1
543,34,1121.188,267.442,131.867,329.391,1,-1,-1,-1
543,35,1273.290,48.354,389.804,1014.382,1,-1,-1,-1
543,37,29.408,173.920,293.073,750.077,1,-1,-1,-1
543,41,249.923,33.384,346.219,906.940,1,-1,-1,-1
543,42,578.009,293.791,81.051,249.803,1,-1,-1,-1
544,1,884.890,210.337,165.743,494.211,1,-1,-1,-1
544,34,1115.350,264.825,131.291,331.830,1,-1,-1,-1
544,35,1266.874,53.464,390.013,1007.977,1,-1,-1,-1
544,37,8.647,166.679,292.739,769.359,1,-1,-1,-1
544,41,222.871,27.688,351.459,927.643,1,-1,-1,-1
544,42,574.859,295.794,81.756,250.914,1,-1,-1,-1
545,1,880.898,209.780,164.028,493.589,1,-1,-1,-1
545,34,1108.558,265.736,131.977,332.126,1,-1,-1,-1
545,35,1263.558,50.280,392.437,1018.144,1,-1,-1,-1
545,37,-4.651,153.871,288.471,781.858,1,-1,-1,-1
545,41,206.465,27.610,356.002,951.559,1,-1,-1,-1
545,42,572.608,295.197,79.068,249.203,1,-1,-1,-1
546,1,878.497,207.660,162.663,491.212,1,-1,-1,-1
546,34,1104.356,267.118,132.039,332.761,1,-1,-1,-1
546,35,1267.325,45.028,390.856,1021.661,1,-1,-1,-1
546,37,-14.777,136.028,277.043,808.353,1,-1,-1,-1
546,41,184.097,23.402,359.128,976.581,1,-1,-1,-1
546,42,567.367,293.150,80.013,253.233,1,-1,-1,-1
547,1,875.862,206.668,162.023,490.287,1,-1,-1,-1
547,34,1098.185,268.516,132.763,332.213,1,-1,-1,-1
547,35,1271.203,37.152,389.986,1013.868,1,-1,-1,-1
547,37,-21.463,143.001,260.209,803.207,1,-1,-1,-1
547,41,163.811,16.858,363.711,994.891,1,-1,-1,-1
547,42,562.488,288.598,79.666,256.818,1,-1,-1,-1
548,1,873.616,205.355,162.413,491.101,1,-1,-1,-1
548,34,1092.009,270.278,131.881,336.371,1,-1,-1,-1
548,35,1269.690,47.672,384.248,1005.686,1,-1,-1,-1
548,37,-20.539,138.602,242.312,807.920,1,-1,-1,-1
548,41,139.482,14.220,374.384,1014.236,1,-1,-1,-1
548,42,557.026,285.633,79.110,260.445,1,-1,-1,-1
549,1,866.835,206.289,162.519,493.264,1,-1,-1,-1
549,34,1084.174,270.271,132.425,341.153,1,-1,-1,-1
549,35,1266.916,51.172,387.378,999.724,1,-1,-1,-1
549,41,115.575,14.149,386.371,1035.061,1,-1,-1,-1
549,42,552.074,286.817,78.929,261.628,1,-1,-1,-1
550,1,861.762,205.143,162.726,494.096,1,-1,-1,-1
550,34,1079.092,274.604,132.388,344.299,1,-1,-1,-1
550,35,1269.494,58.797,379.960,1003.528,1,-1,-1,-1
550,41,92.684,12.713,395.484,1052.804,1,-1,-1,-1
550,42,544.335,284.480,78.674,264.435,1,-1,-1,-1
551,1,856.827,205.140,162.196,494.991,1,-1,-1,-1
551,34,1072.523,276.546,130.751,344.825,1,-1,-1,-1
551,35,1269.770,55.452,377.351,1005.072,1,-1,-1,-1
551,41,65.583,8.732,411.031,1066.148,1,-1,-1,-1
551,42,537.808,283.828,78.906,266.006,1,-1,-1,-1
552,1,852.419,206.975,162.349,493.953,1,-1,-1,-1
552,34,1064.202,276.882,129.726,346.388,1,-1,-1,-1
552,35,1271.352,53.617,374.899,1006.988,1,-1,-1,-1
552,41,38.475,5.139,419.602,1075.107,1,-1,-1,-1
552,42,532.905,283.972,78.741,269.107,1,-1,-1,-1
553,1,846.875,209.691,163.690,492.199,1,-1,-1,-1
553,34,1037.375,278.857,126.507,347.046,1,-1,-1,-1
553,35,1269.659,51.581,371.048,1011.721,1,-1,-1,-1
553,41,16.230,2.222,425.176,1081.356,1,-1,-1,-1
553,42,528.394,285.347,78.932,272.153,1,-1,-1,-1
554,1,841.619,214.150,163.273,491.266,1,-1,-1,-1
554,34,1033.772,278.386,125.181,349.186,1,-1,-1,-1
554,35,1267.943,50.093,369.657,1010.731,1,-1,-1,-1
554,41,1.570,-0.021,429.205,1085.762,1,-1,-1,-1
554,42,524.318,287.314,79.014,272.972,1,-1,-1,-1
555,1,838.396,215.357,162.864,491.534,1,-1,-1,-1
555,34,1027.885,283.732,126.606,352.500,1,-1,-1,-1
555,35,1270.670,44.207,363.651,1008.038,1,-1,-1,-1
555,41,-7.379,-1.626,427.456,1088.727,1,-1,-1,-1
555,42,522.134,290.035,79.085,274.308,1,-1,-1,-1
556,1,834.277,216.675,162.672,490.727,1,-1,-1,-1
556,34,1026.673,282.687,128.431,358.821,1,-1,-1,-1
556,35,1273.185,54.053,357.544,1007.925,1,-1,-1,-1
556,41,-13.729,-2.761,420.667,1090.706,1,-1,-1,-1
556,42,521.103,293.168,79.509,275.229,1,-1,-1,-1
557,1,829.405,218.320,162.282,487.439,1,-1,-1,-1
557,34,1030.276,280.669,129.666,366.883,1,-1,-1,-1
557,35,1274.618,56.839,351.188,1005.212,1,-1,-1,-1
557,41,-16.189,-3.591,413.182,1092.078,1,-1,-1,-1
557,42,520.044,294.534,79.324,275.875,1,-1,-1,-1
557,43,1570.900,286.600,128.500,403.600,1,-1,-1,-1
558,1,825.887,220.973,162.925,483.334,1,-1,-1,-1
558,34,1038.910,276.979,132.453,371.879,1,-1,-1,-1
558,35,1279.378,55.105,345.562,1003.913,1,-1,-1,-1
558,41,-23.449,-4.093,395.879,1092.811,1,-1,-1,-1
558,42,520.296,294.586,78.801,276.513,1,-1,-1,-1
558,43,1575.109,284.200,136.879,404.601,1,-1,-1,-1
559,1,824.686,219.822,163.036,482.462,1,-1,-1,-1
559,34,1047.996,275.363,135.214,372.649,1,-1,-1,-1
559,35,1281.016,52.798,340.822,1002.309,1,-1,-1,-1
559,41,-25.114,-4.411,376.320,1093.198,1,-1,-1,-1
559,42,520.801,295.421,79.663,278.524,1,-1,-1,-1
559,43,1582.363,290.150,135.314,402.359,1,-1,-1,-1
559,44,945.100,214.700,121.600,477.100,1,-1,-1,-1
560,1,823.023,219.105,163.144,481.419,1,-1,-1,-1
560,34,1056.335,277.239,141.223,376.612,1,-1,-1,-1
560,35,1282.182,56.875,336.292,1000.921,1,-1,-1,-1
560,41,-30.997,-4.520,349.197,1093.190,1,-1,-1,-1
560,42,522.672,298.686,80.247,278.950,1,-1,-1,-1
560,43,1589.833,292.566,137.593,404.751,1,-1,-1,-1
560,44,940.581,201.990,134.738,501.121,1,-1,-1,-1
561,1,818.436,221.180,162.993,483.294,1,-1,-1,-1
561,34,1065.699,275.894,147.855,377.235,1,-1,-1,-1
561,35,1285.233,54.961,334.383,1000.513,1,-1,-1,-1
561,42,524.995,299.568,80.627,279.085,1,-1,-1,-1
561,43,1597.953,291.230,137.193,404.870,1,-1,-1,-1
561,44,942.666,201.715,135.516,489.165,1,-1,-1,-1
562,1,818.539,222.233,163.744,482.212,1,-1,-1,-1
562,34,1078.511,276.369,152.640,378.210,1,-1,-1,-1
562,35,1288.651,52.559,333.050,1001.994,1,-1,-1,-1
562,42,527.983,301.617,80.761,278.235,1,-1,-1,-1
562,43,1608.138,290.383,136.643,402.393,1,-1,-1,-1
562,44,944.877,200.625,140.426,490.603,1,-1,-1,-1
563,1,820.950,222.339,164.564,480.071,1,-1,-1,-1
563,34,1085.156,273.383,157.949,383.061,1,-1,-1,-1
563,35,1295.375,51.218,332.711,1004.195,1,-1,-1,-1
563,42,531.643,299.111,80.910,279.092,1,-1,-1,-1
563,43,1619.251,288.863,137.764,405.540,1,-1,-1,-1
563,44,948.658,210.666,143.730,487.320,1,-1,-1,-1
564,1,826.206,223.024,164.450,475.851,1,-1,-1,-1
564,34,1095.677,273.038,164.076,388.335,1,-1,-1,-1
564,35,1301.383,53.032,333.138,1004.108,1,-1,-1,-1
564,42,534.814,296.573,81.538,280.158,1,-1,-1,-1
564,43,1633.864,288.298,137.020,402.246,1,-1,-1,-1
564,44,951.122,214.572,143.930,483.684,1,-1,-1,-1
565,1,830.893,226.170,166.067,476.489,1,-1,-1,-1
565,34,1113.481,277.554,166.870,392.979,1,-1,-1,-1
565,35,1308.163,51.866,339.112,1008.565,1,-1,-1,-1
565,42,540.323,295.479,82.566,282.596,1,-1,-1,-1
565,43,1651.227,283.392,136.784,406.177,1,-1,-1,-1
565,44,956.799,216.839,145.820,482.987,1,-1,-1,-1
566,1,834.547,227.961,167.389,477.541,1,-1,-1,-1
566,34,1124.058,276.832,174.330,399.452,1,-1,-1,-1
566,35,1313.584,47.500,351.569,1020.380,1,-1,-1,-1
566,42,545.855,296.140,83.283,283.544,1,-1,-1,-1
566,43,1663.623,285.700,137.449,410.948,1,-1,-1,-1
566,44,961.937,217.472,145.382,480.967,1,-1,-1,-1
567,1,837.915,233.094,167.758,479.118,1,-1,-1,-1
567,34,1137.498,274.837,178.607,404.711,1,-1,-1,-1
567,35,1309.487,49.584,372.099,1025.592,1,-1,-1,-1
567,42,551.110,295.057,84.151,284.956,1,-1,-1,-1
567,43,1677.635,284.174,135.967,413.849,1,-1,-1,-1
567,44,968.362,219.299,145.063,478.965,1,-1,-1,-1
568,1,839.536,234.381,167.752,480.200,1,-1,-1,-1
568,34,1149.460,274.733,181.915,407.568,1,-1,-1,-1
568,35,1309.491,56.332,388.779,1024.832,1,-1,-1,-1
568,42,555.721,296.160,84.816,285.099,1,-1,-1,-1
568,43,1694.458,287.481,137.193,417.644,1,-1,-1,-1
568,44,979.528,222.632,142.167,475.376,1,-1,-1,-1
569,1,845.329,236.442,166.341,477.716,1,-1,-1,-1
569,34,1160.833,279.074,185.252,409.771,1,-1,-1,-1
569,35,1308.996,50.674,399.661,1029.428,1,-1,-1,-1
569,42,560.934,296.266,85.380,287.108,1,-1,-1,-1
569,43,1705.623,287.480,137.477,418.572,1,-1,-1,-1
569,44,986.184,225.846,140.252,472.542,1,-1,-1,-1
570,1,850.264,237.332,166.125,479.877,1,-1,-1,-1
570,34,1171.872,280.799,186.303,408.897,1,-1,-1,-1
570,35,1319.839,45.433,414.587,1034.288,1,-1,-1,-1
570,42,565.455,297.894,85.437,286.478,1,-1,-1,-1
570,43,1716.535,288.748,137.515,422.678,1,-1,-1,-1
570,44,992.251,231.057,140.734,467.031,1,-1,-1,-1
571,1,856.112,238.354,165.818,479.774,1,-1,-1,-1
571,34,1186.323,280.614,182.120,412.856,1,-1,-1,-1
571,35,1314.486,56.363,427.801,1029.122,1,-1,-1,-1
571,42,570.783,299.143,86.276,288.587,1,-1,-1,-1
571,43,1727.423,288.124,137.795,423.448,1,-1,-1,-1
571,44,999.074,238.583,141.478,464.749,1,-1,-1,-1
571,45,1118.600,268.300,135.000,403.900,1,-1,-1,-1
572,1,861.760,243.145,164.975,481.101,1,-1,-1,-1
572,35,1320.593,51.116,442.135,1031.926,1,-1,-1,-1
572,42,575.990,303.598,85.897,286.269,1,-1,-1,-1
572,43,1738.286,291.185,138.341,423.266,1,-1,-1,-1
572,44,1001.234,237.183,141.398,465.390,1,-1,-1,-1
572,45,1118.299,267.945,136.603,402.111,1,-1,-1,-1
573,1,866.676,241.883,165.934,479.448,1,-1,-1,-1
573,35,1325.320,46.914,452.869,1034.931,1,-1,-1,-1
573,42,579.970,304.197,86.155,287.442,1,-1,-1,-1
573,43,1746.915,290.812,138.970,425.914,1,-1,-1,-1
573,44,1003.374,239.492,142.658,466.958,1,-1,-1,-1
573,45,1118.516,272.932,136.133,387.190,1,-1,-1,-1
574,1,870.151,244.022,164.526,482.175,1,-1,-1,-1
574,35,1331.495,47.343,461.782,1035.508,1,-1,-1,-1
574,42,584.208,305.513,85.786,287.268,1,-1,-1,-1
574,43,1754.597,290.784,139.595,427.594,1,-1,-1,-1
574,44,1008.663,241.048,144.135,470.072,1,-1,-1,-1
574,45,1118.968,275.294,136.131,382.836,1,-1,-1,-1
575,1,873.738,242.037,163.173,478.920,1,-1,-1,-1
575,35,1336.095,43.623,464.952,1038.112,1,-1,-1,-1
575,42,587.628,305.717,85.236,287.591,1,-1,-1,-1
575,43,1762.557,289.093,140.021,429.673,1,-1,-1,-1
575,44,1014.130,239.536,142.780,467.155,1,-1,-1,-1
575,45,1122.238,274.843,134.341,377.111,1,-1,-1,-1
576,1,874.679,243.326,161.142,476.065,1,-1,-1,-1
576,35,1346.108,48.133,467.162,1036.178,1,-1,-1,-1
576,42,590.391,305.830,84.980,288.613,1,-1,-1,-1
576,43,1766.443,289.598,142.856,432.753,1,-1,-1,-1
576,44,1012.344,241.223,144.814,466.865,1,-1,-1,-1
576,45,1127.420,279.271,136.559,378.030,1,-1,-1,-1
577,1,875.472,243.522,159.492,473.219,1,-1,-1,-1
577,35,1352.112,56.816,465.646,1030.818,1,-1,-1,-1
577,42,592.764,303.596,84.333,290.940,1,-1,-1,-1
577,43,1772.302,293.244,143.274,437.163,1,-1,-1,-1
577,44,1011.718,241.071,147.245,467.581,1,-1,-1,-1
577,45,1130.435,282.030,137.515,375.753,1,-1,-1,-1
578,1,878.724,244.784,157.804,473.889,1,-1,-1,-1
578,35,1364.168,52.770,462.840,1031.734,1,-1,-1,-1
578,42,593.373,301.486,83.702,293.762,1,-1,-1,-1
578,43,1779.281,294.062,143.636,442.495,1,-1,-1,-1
578,44,1011.530,240.768,148.683,469.818,1,-1,-1,-1
578,45,1131.126,282.951,139.799,378.100,1,-1,-1,-1
579,1,882.622,249.335,155.764,475.943,1,-1,-1,-1
579,35,1368.888,59.145,463.131,1027.633,1,-1,-1,-1
579,42,591.335,301.309,83.451,297.193,1,-1,-1,-1
579,43,1786.603,300.969,140.695,443.193,1,-1,-1,-1
579,44,1010.701,241.515,148.113,471.080,1,-1,-1,-1
579,45,1129.013,286.704,140.918,377.065,1,-1,-1,-1
580,1,881.172,249.757,155.635,476.396,1,-1,-1,-1
580,35,1381.470,57.756,463.475,1027.313,1,-1,-1,-1
580,42,588.035,304.282,83.682,298.047,1,-1,-1,-1
580,43,1794.342,299.747,135.689,447.149,1,-1,-1,-1
580,44,1009.143,242.230,147.914,471.721,1,-1,-1,-1
580,45,1128.016,288.529,143.271,375.707,1,-1,-1,-1
581,1,880.436,249.537,155.511,476.074,1,-1,-1,-1
581,35,1393.308,59.228,461.034,1025.882,1,-1,-1,-1
581,42,585.786,305.855,84.463,298.732,1,-1,-1,-1
581,44,1007.961,240.408,147.696,473.183,1,-1,-1,-1
581,45,1129.018,290.578,144.345,372.899,1,-1,-1,-1
582,1,878.232,249.747,156.079,475.816,1,-1,-1,-1
582,35,1406.767,65.611,454.097,1021.545,1,-1,-1,-1
582,42,583.339,306.356,85.363,299.245,1,-1,-1,-1
582,44,1009.671,238.753,146.977,471.401,1,-1,-1,-1
582,45,1130.395,290.276,145.746,374.230,1,-1,-1,-1
583,1,874.842,250.320,155.179,475.385,1,-1,-1,-1
583,35,1418.461,69.130,450.064,1018.109,1,-1,-1,-1
583,42,581.013,305.669,85.810,301.256,1,-1,-1,-1
583,44,1008.574,238.460,147.023,472.742,1,-1,-1,-1
583,45,1131.801,289.409,146.421,375.958,1,-1,-1,-1
584,1,870.269,251.902,154.495,474.717,1,-1,-1,-1
584,35,1429.150,73.134,446.811,1014.339,1,-1,-1,-1
584,42,577.503,304.036,85.494,303.455,1,-1,-1,-1
584,44,1005.817,241.713,145.625,473.080,1,-1,-1,-1
584,45,1136.021,292.441,144.995,373.135,1,-1,-1,-1
585,1,867.117,253.543,153.969,474.284,1,-1,-1,-1
585,35,1438.209,76.544,441.772,1010.816,1,-1,-1,-1
585,42,572.699,301.659,85.290,305.588,1,-1,-1,-1
585,44,1002.453,239.708,145.816,476.365,1,-1,-1,-1
585,45,1137.781,293.520,143.454,372.593,1,-1,-1,-1
586,1,863.224,252.376,153.349,475.417,1,-1,-1,-1
586,35,1443.259,75.070,439.050,1010.172,1,-1,-1,-1
586,42,566.830,300.548,84.871,305.849,1,-1,-1,-1
586,44,1000.481,240.197,145.295,476.425,1,-1,-1,-1
586,45,1138.557,293.006,142.451,373.569,1,-1,-1,-1
587,1,857.864,251.378,152.671,475.134,1,-1,-1,-1
587,35,1444.730,75.298,441.273,1009.324,1,-1,-1,-1
587,42,562.461,299.928,84.773,307.678,1,-1,-1,-1
587,44,996.747,241.149,144.144,476.627,1,-1,-1,-1
587,45,1139.720,291.087,141.919,377.062,1,-1,-1,-1
588,1,850.330,255.962,152.424,474.913,1,-1,-1,-1
588,35,1449.288,70.598,436.966,1011.465,1,-1,-1,-1
588,42,556.790,303.039,85.044,307.262,1,-1,-1,-1
588,44,992.371,238.694,143.118,477.578,1,-1,-1,-1
588,45,1140.183,288.325,141.626,381.416,1,-1,-1,-1
589,1,846.372,251.254,152.061,476.049,1,-1,-1,-1
589,35,1453.840,69.564,433.347,1012.366,1,-1,-1,-1
589,42,551.521,304.244,85.186,307.476,1,-1,-1,-1
589,44,990.193,242.226,142.902,477.981,1,-1,-1,-1
589,45,1140.612,290.329,142.150,383.810,1,-1,-1,-1
590,1,840.626,249.212,152.099,477.069,1,-1,-1,-1
590,35,1452.672,66.206,439.883,1014.890,1,-1,-1,-1
590,42,547.555,306.654,85.225,306.802,1,-1,-1,-1
590,44,985.859,242.214,143.187,481.055,1,-1,-1,-1
590,45,1141.628,287.327,142.317,388.714,1,-1,-1,-1
591,1,834.855,248.245,152.042,477.158,1,-1,-1,-1
591,35,1458.749,63.677,436.300,1016.969,1,-1,-1,-1
591,42,543.581,305.357,85.399,307.652,1,-1,-1,-1
591,44,985.334,241.891,143.373,480.646,1,-1,-1,-1
591,45,1143.075,283.873,142.129,392.728,1,-1,-1,-1
592,1,827.245,247.635,152.627,476.483,1,-1,-1,-1
592,35,1462.372,64.417,433.619,1017.291,1,-1,-1,-1
592,42,539.462,305.732,85.463,307.754,1,-1,-1,-1
592,44,983.404,240.845,144.598,481.564,1,-1,-1,-1
592,45,1145.143,280.392,141.940,396.521,1,-1,-1,-1
593,1,821.733,246.350,152.395,475.122,1,-1,-1,-1
593,35,1469.114,64.394,429.660,1017.629,1,-1,-1,-1
593,42,535.996,306.019,85.126,308.960,1,-1,-1,-1
593,44,985.219,241.239,144.517,483.678,1,-1,-1,-1
593,45,1148.244,279.130,141.660,400.041,1,-1,-1,-1
594,1,817.471,247.523,153.514,474.480,1,-1,-1,-1
594,35,1467.380,61.729,435.864,1019.605,1,-1,-1,-1
594,42,534.063,305.294,85.929,312.082,1,-1,-1,-1
594,44,985.227,241.414,145.367,486.017,1,-1,-1,-1
594,45,1152.882,280.626,140.876,402.246,1,-1,-1,-1
595,1,813.551,247.302,155.290,474.201,1,-1,-1,-1
595,35,1467.974,61.744,429.953,1019.998,1,-1,-1,-1
595,42,532.162,307.728,86.374,311.852,1,-1,-1,-1
595,44,988.263,242.462,146.054,488.942,1,-1,-1,-1
595,45,1155.797,282.144,141.099,404.752,1,-1,-1,-1
596,1,807.467,242.647,158.381,476.314,1,-1,-1,-1
596,35,1470.792,58.653,425.672,1022.036,1,-1,-1,-1
596,42,531.117,310.208,87.079,310.559,1,-1,-1,-1
596,44,990.706,240.702,149.104,492.746,1,-1,-1,-1
596,45,1159.319,279.172,142.442,409.223,1,-1,-1,-1
597,1,806.681,242.233,159.396,476.510,1,-1,-1,-1
597,35,1470.276,56.762,427.007,1023.863,1,-1,-1,-1
597,42,530.090,310.626,87.902,310.862,1,-1,-1,-1
597,44,991.308,245.616,149.535,489.495,1,-1,-1,-1
597,45,1163.549,279.277,142.717,411.809,1,-1,-1,-1
598,1,803.833,250.725,159.473,474.197,1,-1,-1,-1
598,35,1478.713,56.322,420.309,1024.670,1,-1,-1,-1
598,42,530.426,313.364,88.336,311.698,1,-1,-1,-1
598,44,993.871,246.672,150.364,493.279,1,-1,-1,-1
598,45,1165.594,276.704,143.429,415.360,1,-1,-1,-1
599,1,802.627,256.924,159.887,473.441,1,-1,-1,-1
599,35,1487.380,56.708,418.673,1024.934,1,-1,-1,-1
599,42,530.743,314.546,88.767,313.167,1,-1,-1,-1
599,44,994.392,245.070,151.031,493.029,1,-1,-1,-1
599,45,1170.303,277.727,143.915,417.308,1,-1,-1,-1
600,1,804.267,257.310,159.044,473.854,1,-1,-1,-1
600,35,1487.731,51.656,419.165,1028.199,1,-1,-1,-1
600,42,533.502,311.972,90.031,319.171,1,-1,-1,-1
600,44,998.198,248.665,149.449,490.854,1,-1,-1,-1
600,45,1175.300,277.339,143.724,419.166,1,-1,-1,-1
601,1,806.629,258.163,159.011,475.088,1,-1,-1,-1
601,35,1498.844,53.032,419.067,1028.294,1,-1,-1,-1
601,42,534.643,314.279,90.086,320.030,1,-1,-1,-1
601,44,1001.216,251.433,148.331,490.679,1,-1,-1,-1
601,45,1180.340,278.762,143.920,422.110,1,-1,-1,-1
602,1,810.338,260.933,159.139,472.698,1,-1,-1,-1
602,35,1496.322,54.392,422.905,1027.923,1,-1,-1,-1
602,42,536.561,313.478,90.992,324.285,1,-1,-1,-1
602,44,1001.923,249.400,149.576,492.328,1,-1,-1,-1
602,45,1188.565,280.522,144.115,424.723,1,-1,-1,-1
603,1,814.273,269.591,159.149,471.407,1,-1,-1,-1
603,35,1498.260,55.565,423.511,1027.268,1,-1,-1,-1
603,42,539.900,318.979,91.780,324.329,1,-1,-1,-1
603,44,1004.060,249.124,149.381,489.273,1,-1,-1,-1
603,45,1197.787,283.130,143.012,427.388,1,-1,-1,-1
604,1,821.011,274.143,158.087,468.699,1,-1,-1,-1
604,35,1511.739,60.292,416.279,1024.279,1,-1,-1,-1
604,42,543.927,325.719,91.684,323.698,1,-1,-1,-1
604,44,1006.098,253.490,148.615,486.557,1,-1,-1,-1
604,45,1206.352,286.724,142.740,429.581,1,-1,-1,-1
605,1,826.170,274.911,156.710,467.784,1,-1,-1,-1
605,35,1520.445,61.186,409.547,1022.853,1,-1,-1,-1
605,42,548.321,328.341,92.057,324.060,1,-1,-1,-1
605,44,1014.159,255.284,147.258,480.298,1,-1,-1,-1
605,45,1219.106,289.591,140.797,430.578,1,-1,-1,-1
606,1,830.461,275.784,157.607,469.366,1,-1,-1,-1
606,35,1530.665,58.678,401.162,1023.488,1,-1,-1,-1
606,42,554.130,326.710,91.730,325.982,1,-1,-1,-1
606,44,1016.334,259.761,146.789,477.390,1,-1,-1,-1
606,45,1230.774,290.481,139.360,432.025,1,-1,-1,-1
607,1,836.446,275.460,156.205,469.931,1,-1,-1,-1
607,35,1540.037,58.694,392.573,1023.287,1,-1,-1,-1
607,42,560.286,325.274,92.079,328.603,1,-1,-1,-1
607,44,1021.186,262.072,147.718,472.917,1,-1,-1,-1
607,45,1241.922,293.317,137.703,434.057,1,-1,-1,-1
607,46,1137.800,353.400,75.800,245.500,1,-1,-1,-1
608,1,844.523,276.839,155.969,468.675,1,-1,-1,-1
608,35,1546.243,57.109,385.541,1024.044,1,-1,-1,-1
608,42,565.612,328.113,92.618,328.784,1,-1,-1,-1
608,44,1024.728,266.641,146.834,474.418,1,-1,-1,-1
608,45,1252.257,293.350,137.683,436.338,1,-1,-1,-1
608,46,1149.683,356.007,73.432,240.887,1,-1,-1,-1
609,1,851.358,281.571,156.425,467.391,1,-1,-1,-1
609,35,1554.551,60.844,377.522,1021.995,1,-1,-1,-1
609,42,571.007,329.337,92.629,330.144,1,-1,-1,-1
609,44,1028.142,267.393,146.924,476.686,1,-1,-1,-1
609,45,1263.904,293.145,136.257,439.798,1,-1,-1,-1
609,46,1155.411,354.430,74.436,242.758,1,-1,-1,-1
610,1,860.193,279.441,154.320,469.958,1,-1,-1,-1
610,35,1561.883,64.404,369.941,1019.416,1,-1,-1,-1
610,42,575.669,330.322,92.629,330.414,1,-1,-1,-1
610,44,1033.510,266.378,146.964,478.887,1,-1,-1,-1
610,45,1272.510,295.284,135.147,442.041,1,-1,-1,-1
610,46,1159.414,353.553,75.064,241.391,1,-1,-1,-1
611,1,865.608,280.268,153.559,473.176,1,-1,-1,-1
611,35,1571.594,63.857,361.016,1018.758,1,-1,-1,-1
611,42,579.161,328.035,93.019,334.415,1,-1,-1,-1
611,44,1034.385,267.533,145.820,477.079,1,-1,-1,-1
611,45,1282.434,295.915,133.828,445.610,1,-1,-1,-1
611,46,1166.927,356.618,76.035,239.656,1,-1,-1,-1
612,1,868.724,277.532,152.740,473.613,1,-1,-1,-1
612,35,1586.478,66.031,348.720,1016.863,1,-1,-1,-1
612,42,581.886,329.942,93.603,334.517,1,-1,-1,-1
612,44,1036.399,268.616,145.191,477.442,1,-1,-1,-1
612,45,1290.662,298.505,134.006,446.182,1,-1,-1,-1
612,46,1170.419,359.203,76.512,237.817,1,-1,-1,-1
613,1,871.568,277.950,152.973,475.348,1,-1,-1,-1
613,35,1597.238,72.091,337.907,1012.644,1,-1,-1,-1
613,42,584.372,327.905,93.695,338.080,1,-1,-1,-1
613,44,1035.698,270.979,145.641,479.739,1,-1,-1,-1
613,45,1297.908,298.414,133.785,447.958,1,-1,-1,-1
613,46,1175.172,359.426,75.323,235.603,1,-1,-1,-1
614,1,874.879,284.917,152.598,476.877,1,-1,-1,-1
614,35,1618.395,73.934,320.951,1009.968,1,-1,-1,-1
614,42,586.746,331.210,94.228,336.791,1,-1,-1,-1
614,44,1035.199,274.012,146.333,482.005,1,-1,-1,-1
614,45,1305.156,299.974,133.833,450.663,1,-1,-1,-1
614,46,1179.338,362.002,76.065,236.134,1,-1,-1,-1
615,1,877.972,284.679,151.799,477.189,1,-1,-1,-1
615,35,1627.327,77.182,309.696,1006.755,1,-1,-1,-1
615,42,588.459,334.013,94.532,336.438,1,-1,-1,-1
615,44,1034.336,277.416,147.292,484.923,1,-1,-1,-1
615,45,1314.503,301.904,132.727,451.299,1,-1,-1,-1
615,46,1181.627,363.073,78.858,237.920,1,-1,-1,-1
616,1,881.047,286.283,150.055,479.490,1,-1,-1,-1
616,35,1639.877,80.121,297.127,1003.579,1,-1,-1,-1
616,42,588.904,335.843,94.958,338.455,1,-1,-1,-1
616,44,1034.271,278.672,147.540,486.839,1,-1,-1,-1
616,45,1322.157,303.554,132.893,453.879,1,-1,-1,-1
616,46,1179.559,364.952,81.715,241.631,1,-1,-1,-1
617,1,881.898,287.655,149.127,479.907,1,-1,-1,-1
617,35,1652.552,84.373,284.474,999.645,1,-1,-1,-1
617,42,588.968,335.364,95.237,340.020,1,-1,-1,-1
617,44,1034.230,282.092,146.649,486.647,1,-1,-1,-1
617,45,1324.450,307.490,132.068,454.176,1,-1,-1,-1
617,46,1179.516,368.064,80.802,241.102,1,-1,-1,-1
618,1,879.461,293.271,148.505,479.950,1,-1,-1,-1
618,35,1660.003,94.451,274.881,992.272,1,-1,-1,-1
618,42,585.859,340.147,94.931,339.389,1,-1,-1,-1
618,44,1034.006,285.910,145.721,486.562,1,-1,-1,-1
618,45,1327.757,310.199,130.462,454.520,1,-1,-1,-1
618,46,1179.792,371.723,79.496,240.866,1,-1,-1,-1
619,1,877.257,293.418,148.976,478.201,1,-1,-1,-1
619,42,582.098,340.031,96.586,340.027,1,-1,-1,-1
619,44,1032.180,287.037,145.767,486.970,1,-1,-1,-1
619,45,1330.835,310.987,129.097,455.239,1,-1,-1,-1
619,46,1174.602,375.265,79.026,245.947,1,-1,-1,-1
620,1,874.371,299.286,150.714,474.603,1,-1,-1,-1
620,42,579.298,345.149,96.075,337.792,1,-1,-1,-1
620,44,1028.537,287.793,147.176,485.870,1,-1,-1,-1
620,45,1333.107,310.467,127.593,457.716,1,-1,-1,-1
621,1,871.051,302.445,151.541,470.860,1,-1,-1,-1
621,42,575.785,342.833,96.337,338.160,1,-1,-1,-1
621,44,1022.876,285.780,149.169,488.220,1,-1,-1,-1
621,45,1333.607,311.095,126.836,460.455,1,-1,-1,-1
622,1,868.088,302.846,152.309,465.879,1,-1,-1,-1
622,42,572.124,342.764,96.213,341.004,1,-1,-1,-1
622,44,1015.590,285.563,150.775,488.746,1,-1,-1,-1
622,45,1333.324,311.939,127.787,462.951,1,-1,-1,-1
623,1,862.314,304.452,153.160,462.534,1,-1,-1,-1
623,35,1675.896,101.640,257.182,981.625,1,-1,-1,-1
623,42,568.126,342.002,96.465,341.756,1,-1,-1,-1
623,44,1008.248,286.676,149.906,485.467,1,-1,-1,-1
623,45,1332.044,313.852,128.078,463.971,1,-1,-1,-1
623,46,1124.444,367.302,108.798,342.333,1,-1,-1,-1
624,1,853.187,306.260,154.005,462.817,1,-1,-1,-1
624,35,1680.248,111.816,249.205,973.040,1,-1,-1,-1
624,42,563.830,342.083,95.526,343.816,1,-1,-1,-1
624,44,1001.433,285.372,148.739,481.833,1,-1,-1,-1
624,45,1331.847,311.713,127.315,467.272,1,-1,-1,-1
624,46,1108.444,356.414,124.591,375.268,1,-1,-1,-1
625,1,846.242,306.369,155.555,463.462,1,-1,-1,-1
625,35,1683.650,116.853,243.967,967.503,1,-1,-1,-1
625,42,558.001,341.368,96.283,346.916,1,-1,-1,-1
625,44,995.822,284.315,146.928,482.153,1,-1,-1,-1
625,45,1331.556,308.433,126.280,471.956,1,-1,-1,-1
625,46,1100.201,348.067,132.581,393.583,1,-1,-1,-1
626,1,841.008,302.178,158.588,465.680,1,-1,-1,-1
626,35,1685.133,122.034,240.814,962.220,1,-1,-1,-1
626,42,552.824,341.616,95.696,348.925,1,-1,-1,-1
626,44,990.205,287.715,147.202,481.013,1,-1,-1,-1
626,45,1331.369,307.996,125.088,474.549,1,-1,-1,-1
626,46,1095.291,339.865,136.825,405.187,1,-1,-1,-1
627,1,835.678,303.283,161.744,461.574,1,-1,-1,-1
627,35,1686.173,120.708,238.590,960.953,1,-1,-1,-1
627,42,546.730,342.324,95.326,351.378,1,-1,-1,-1
627,44,980.808,287.854,150.232,481.912,1,-1,-1,-1
627,45,1330.370,302.788,124.516,480.614,1,-1,-1,-1
627,46,1092.548,335.053,140.512,414.859,1,-1,-1,-1
628,1,830.580,302.129,165.987,461.081,1,-1,-1,-1
628,35,1684.183,120.279,238.607,960.162,1,-1,-1,-1
628,42,541.051,342.595,95.105,353.134,1,-1,-1,-1
628,44,978.014,288.761,150.860,481.917,1,-1,-1,-1
628,45,1329.259,304.491,124.404,484.017,1,-1,-1,-1
628,46,1094.745,333.749,141.178,421.674,1,-1,-1,-1
629,1,825.417,301.798,169.853,461.285,1,-1,-1,-1
629,35,1680.499,115.484,240.321,962.519,1,-1,-1,-1
629,42,535.472,342.949,95.408,354.319,1,-1,-1,-1
629,44,973.823,288.346,151.152,482.071,1,-1,-1,-1
629,45,1328.067,303.722,124.435,487.402,1,-1,-1,-1
629,46,1095.687,331.998,142.546,425.940,1,-1,-1,-1
630,1,818.185,302.166,173.820,464.322,1,-1,-1,-1
630,35,1678.639,109.745,241.629,966.293,1,-1,-1,-1
630,42,531.851,343.047,95.029,356.583,1,-1,-1,-1
630,44,969.461,288.108,149.163,483.407,1,-1,-1,-1
630,45,1327.900,302.908,125.369,490.094,1,-1,-1,-1
630,46,1094.498,330.110,143.078,429.319,1,-1,-1,-1
631,1,814.436,306.506,178.117,463.827,1,-1,-1,-1
631,35,1679.138,107.919,241.695,968.362,1,-1,-1,-1
631,42,528.040,342.924,95.552,358.984,1,-1,-1,-1
631,44,967.426,285.486,149.760,485.138,1,-1,-1,-1
631,45,1328.871,301.094,126.338,490.382,1,-1,-1,-1
631,46,1094.225,327.427,143.166,432.300,1,-1,-1,-1
631,47,1246.100,322.800,140.400,435.500,1,-1,-1,-1
632,1,809.307,305.510,179.267,465.479,1,-1,-1,-1
632,35,1677.737,107.974,242.647,969.271,1,-1,-1,-1
632,42,524.607,341.222,96.375,361.621,1,-1,-1,-1
632,44,966.130,285.718,150.000,486.430,1,-1,-1,-1
632,45,1331.245,300.361,126.105,491.154,1,-1,-1,-1
632,46,1095.289,326.573,143.257,435.144,1,-1,-1,-1
632,47,1246.770,322.024,140.661,439.452,1,-1,-1,-1
633,1,807.810,304.985,180.843,466.406,1,-1,-1,-1
633,35,1678.107,108.316,242.685,969.616,1,-1,-1,-1
633,42,521.783,343.226,96.905,361.488,1,-1,-1,-1
633,44,963.174,284.825,150.123,487.994,1,-1,-1,-1
633,45,1333.565,301.129,126.784,490.533,1,-1,-1,-1
633,46,1096.647,327.224,143.240,437.968,1,-1,-1,-1
633,47,1240.680,309.776,149.169,464.371,1,-1,-1,-1
634,1,810.117,309.435,182.369,466.026,1,-1,-1,-1
634,42,519.604,346.993,97.018,362.336,1,-1,-1,-1
634,44,962.836,285.307,150.359,486.062,1,-1,-1,-1
634,45,1336.387,297.830,125.911,492.650,1,-1,-1,-1
634,46,1097.816,327.753,146.053,441.588,1,-1,-1,-1
634,47,1238.901,312.799,149.836,464.357,1,-1,-1,-1
635,1,811.515,313.798,184.711,463.935,1,-1,-1,-1
635,42,518.875,349.018,96.847,362.164,1,-1,-1,-1
635,44,964.838,284.740,150.418,484.707,1,-1,-1,-1
635,45,1338.208,297.763,128.656,495.280,1,-1,-1,-1
635,46,1101.099,325.352,145.290,444.222,1,-1,-1,-1
635,47,1240.783,310.332,152.225,467.118,1,-1,-1,-1
636,1,812.295,313.995,186.637,463.044,1,-1,-1,-1
636,42,518.719,353.964,96.255,362.660,1,-1,-1,-1
636,44,967.542,289.451,150.242,484.371,1,-1,-1,-1
636,45,1343.003,296.239,131.089,499.431,1,-1,-1,-1
636,46,1101.273,325.518,147.049,448.477,1,-1,-1,-1
636,47,1243.542,307.529,155.853,469.783,1,-1,-1,-1
637,1,816.352,313.262,189.003,462.936,1,-1,-1,-1
637,42,518.128,359.285,96.599,364.603,1,-1,-1,-1
637,44,967.393,296.176,150.571,486.357,1,-1,-1,-1
637,45,1349.315,296.622,133.007,503.743,1,-1,-1,-1
637,46,1099.713,326.055,149.943,453.191,1,-1,-1,-1
637,47,1244.146,306.790,162.709,478.011,1,-1,-1,-1
638,1,815.013,316.216,189.770,462.499,1,-1,-1,-1
638,42,517.231,361.439,96.985,366.050,1,-1,-1,-1
638,44,964.994,295.718,150.794,485.756,1,-1,-1,-1
638,45,1352.773,295.975,135.164,508.810,1,-1,-1,-1
638,46,1097.480,324.885,151.465,459.551,1,-1,-1,-1
638,47,1246.133,305.967,164.056,477.522,1,-1,-1,-1
639,1,818.713,318.714,189.123,461.797,1,-1,-1,-1
639,42,517.898,359.136,97.144,369.690,1,-1,-1,-1
639,44,969.554,297.022,151.014,485.955,1,-1,-1,-1
639,45,1356.146,295.839,136.112,511.896,1,-1,-1,-1
639,46,1100.313,325.174,152.016,460.817,1,-1,-1,-1
639,47,1253.129,308.773,163.660,472.930,1,-1,-1,-1
640,1,821.975,317.083,188.320,460.539,1,-1,-1,-1
640,42,518.828,360.904,97.219,371.456,1,-1,-1,-1
640,44,968.797,300.899,152.708,488.528,1,-1,-1,-1
640,45,1360.845,292.994,136.880,516.962,1,-1,-1,-1
640,46,1103.072,324.482,154.094,464.007,1,-1,-1,-1
640,47,1253.399,311.356,165.235,472.637,1,-1,-1,-1
641,1,829.492,315.579,184.996,459.671,1,-1,-1,-1
641,42,520.836,362.257,97.051,372.911,1,-1,-1,-1
641,44,971.760,301.760,151.494,486.594,1,-1,-1,-1
641,45,1365.481,291.038,139.750,520.839,1,-1,-1,-1
641,46,1106.202,323.726,153.650,464.181,1,-1,-1,-1
641,47,1256.471,305.696,167.979,480.127,1,-1,-1,-1
642,1,837.174,315.288,183.524,457.881,1,-1,-1,-1
642,42,523.899,365.217,97.503,374.180,1,-1,-1,-1
642,44,978.002,304.271,155.155,485.642,1,-1,-1,-1
642,45,1373.233,292.521,141.173,523.551,1,-1,-1,-1
642,46,1107.975,324.829,157.702,468.405,1,-1,-1,-1
642,47,1260.395,311.193,166.360,477.747,1,-1,-1,-1
643,1,844.056,317.405,181.441,457.932,1,-1,-1,-1
643,42,526.634,361.584,98.322,378.355,1,-1,-1,-1
643,44,980.110,305.402,158.267,485.422,1,-1,-1,-1
643,45,1381.128,292.133,142.081,527.278,1,-1,-1,-1
643,46,1111.137,325.940,162.317,473.016,1,-1,-1,-1
643,47,1263.557,313.597,166.196,474.317,1,-1,-1,-1
644,1,850.027,322.457,178.547,456.079,1,-1,-1,-1
644,42,530.452,363.890,98.928,380.006,1,-1,-1,-1
644,44,986.663,308.828,157.724,484.934,1,-1,-1,-1
644,45,1387.483,294.813,143.472,528.787,1,-1,-1,-1
644,46,1116.304,325.844,164.753,476.006,1,-1,-1,-1
644,47,1271.042,314.065,165.444,474.296,1,-1,-1,-1
645,1,854.599,322.227,173.572,457.205,1,-1,-1,-1
645,42,532.465,365.518,99.746,380.047,1,-1,-1,-1
645,44,988.241,306.578,156.162,482.354,1,-1,-1,-1
645,45,1393.599,293.513,143.679,529.546,1,-1,-1,-1
645,46,1118.449,327.803,167.108,480.989,1,-1,-1,-1
645,47,1276.269,318.379,165.726,477.905,1,-1,-1,-1
646,1,858.273,327.358,174.477,456.929,1,-1,-1,-1
646,42,533.250,365.637,100.208,381.060,1,-1,-1,-1
646,44,995.654,310.683,157.289,483.056,1,-1,-1,-1
646,45,1402.051,291.395,142.947,530.594,1,-1,-1,-1
646,46,1121.555,328.041,170.095,486.636,1,-1,-1,-1
646,47,1283.254,315.540,165.043,476.453,1,-1,-1,-1
646,48,824.700,406.100,66.800,217.900,1,-1,-1,-1
647,1,861.866,330.758,175.519,456.269,1,-1,-1,-1
647,42,534.039,365.447,100.367,384.468,1,-1,-1,-1
647,44,999.908,312.090,156.197,485.372,1,-1,-1,-1
647,45,1407.930,291.158,142.757,533.912,1,-1,-1,-1
647,46,1123.077,329.340,173.677,490.398,1,-1,-1,-1
647,47,1287.552,313.928,164.752,476.770,1,-1,-1,-1
647,48,823.817,406.296,68.767,218.307,1,-1,-1,-1
648,1,864.901,331.089,172.104,457.587,1,-1,-1,-1
648,42,534.411,365.724,100.656,388.600,1,-1,-1,-1
648,44,1003.858,312.107,154.988,487.585,1,-1,-1,-1
648,45,1413.060,293.189,143.086,539.756,1,-1,-1,-1
648,46,1122.270,330.743,175.967,493.191,1,-1,-1,-1
648,47,1291.367,317.084,164.978,481.722,1,-1,-1,-1
648,48,820.813,404.328,75.633,222.855,1,-1,-1,-1
649,1,867.610,331.792,171.595,460.172,1,-1,-1,-1
649,42,534.458,365.377,100.803,391.802,1,-1,-1,-1
649,44,1005.927,311.652,152.228,488.859,1,-1,-1,-1
649,45,1417.043,296.819,145.991,540.893,1,-1,-1,-1
649,46,1125.342,330.023,178.755,496.082,1,-1,-1,-1
649,47,1295.049,311.505,166.353,486.057,1,-1,-1,-1
649,48,818.609,402.736,80.442,226.214,1,-1,-1,-1
650,1,871.899,329.485,174.272,460.070,1,-1,-1,-1
650,42,534.190,364.439,101.278,392.223,1,-1,-1,-1
650,44,1008.858,311.110,150.816,489.598,1,-1,-1,-1
650,45,1423.184,291.455,147.358,541.009,1,-1,-1,-1
650,46,1126.864,330.959,181.051,500.228,1,-1,-1,-1
650,47,1297.373,313.902,167.168,493.170,1,-1,-1,-1
650,48,817.762,404.068,82.682,227.476,1,-1,-1,-1
651,1,874.055,330.211,172.904,462.229,1,-1,-1,-1
651,42,534.243,363.751,101.524,394.569,1,-1,-1,-1
651,44,1008.796,307.195,153.232,491.140,1,-1,-1,-1
651,45,1428.966,288.655,149.125,541.262,1,-1,-1,-1
651,46,1126.932,330.923,182.663,506.160,1,-1,-1,-1
651,47,1299.515,312.714,168.093,499.995,1,-1,-1,-1
651,48,816.138,404.027,84.738,229.465,1,-1,-1,-1
652,1,874.095,331.431,172.605,462.524,1,-1,-1,-1
652,42,533.798,364.976,101.744,393.103,1,-1,-1,-1
652,44,1009.706,305.355,155.624,492.104,1,-1,-1,-1
652,45,1432.784,294.144,150.641,543.354,1,-1,-1,-1
652,46,1126.300,330.487,185.684,512.044,1,-1,-1,-1
652,47,1302.926,311.853,169.274,506.592,1,-1,-1,-1
652,48,814.382,404.159,85.906,231.613,1,-1,-1,-1
653,1,874.155,332.676,171.924,463.019,1,-1,-1,-1
653,42,532.325,367.101,103.115,394.096,1,-1,-1,-1
653,44,1009.670,303.630,157.180,496.369,1,-1,-1,-1
653,45,1438.204,293.248,151.084,548.618,1,-1,-1,-1
653,46,1125.200,330.774,188.020,517.336,1,-1,-1,-1
653,47,1304.407,309.790,170.927,512.935,1,-1,-1,-1
653,48,812.313,405.484,86.648,232.859,1,-1,-1,-1
654,1,873.395,332.503,171.070,463.179,1,-1,-1,-1
654,42,530.875,366.470,102.990,395.360,1,-1,-1,-1
654,44,1008.841,300.134,157.000,498.015,1,-1,-1,-1
654,45,1440.212,294.050,153.028,553.290,1,-1,-1,-1
654,46,1117.960,327.993,190.081,524.054,1,-1,-1,-1
654,47,1307.726,308.365,172.007,516.269,1,-1,-1,-1
654,48,810.913,405.253,85.513,233.740,1,-1,-1,-1
655,1,870.095,326.540,169.465,463.924,1,-1,-1,-1
655,42,527.925,364.913,102.839,399.818,1,-1,-1,-1
655,44,1008.594,299.889,155.257,495.595,1,-1,-1,-1
655,45,1439.768,289.050,156.290,557.821,1,-1,-1,-1
655,46,1113.483,326.596,194.088,527.788,1,-1,-1,-1
655,47,1309.961,301.366,172.575,523.106,1,-1,-1,-1
655,48,807.690,405.097,84.944,235.874,1,-1,-1,-1
656,1,863.936,327.728,169.627,462.147,1,-1,-1,-1
656,42,522.456,362.908,103.458,402.812,1,-1,-1,-1
656,44,1009.716,302.933,154.425,494.983,1,-1,-1,-1
656,45,1441.651,285.187,157.343,556.277,1,-1,-1,-1
656,46,1114.026,322.118,197.131,536.175,1,-1,-1,-1
656,47,1310.615,298.208,174.380,530.753,1,-1,-1,-1
656,48,801.827,405.623,85.747,240.455,1,-1,-1,-1
657,1,859.346,330.247,170.153,459.329,1,-1,-1,-1
657,42,517.309,364.756,103.077,404.527,1,-1,-1,-1
657,44,1008.945,306.262,154.008,494.044,1,-1,-1,-1
657,45,1443.510,286.572,158.086,557.187,1,-1,-1,-1
657,46,1111.541,320.399,198.585,541.423,1,-1,-1,-1
657,47,1307.484,304.526,174.861,533.926,1,-1,-1,-1
657,48,796.146,406.058,85.739,240.660,1,-1,-1,-1
658,1,858.952,328.338,170.834,457.100,1,-1,-1,-1
658,42,511.412,362.766,104.608,405.913,1,-1,-1,-1
658,44,1007.427,306.438,153.683,495.046,1,-1,-1,-1
658,45,1445.160,284.333,159.452,558.327,1,-1,-1,-1
658,46,1110.718,313.794,201.778,551.153,1,-1,-1,-1
658,47,1304.463,305.879,176.087,537.474,1,-1,-1,-1
658,48,789.953,406.890,86.642,240.304,1,-1,-1,-1
659,1,856.114,327.262,171.958,454.711,1,-1,-1,-1
659,42,507.542,366.188,105.665,406.299,1,-1,-1,-1
659,44,1003.908,302.824,154.817,495.306,1,-1,-1,-1
659,45,1445.434,286.049,160.460,564.502,1,-1,-1,-1
659,46,1109.466,314.266,204.629,558.510,1,-1,-1,-1
659,47,1303.499,305.758,177.912,541.426,1,-1,-1,-1
659,48,785.449,402.478,86.948,240.921,1,-1,-1,-1
660,1,853.793,326.981,172.589,454.523,1,-1,-1,-1
660,42,504.402,364.951,106.573,406.938,1,-1,-1,-1
660,44,1001.296,304.046,155.800,492.994,1,-1,-1,-1
660,45,1444.962,283.003,163.362,569.828,1,-1,-1,-1
660,46,1103.572,307.948,208.015,565.510,1,-1,-1,-1
660,47,1301.928,305.800,181.130,546.695,1,-1,-1,-1
660,48,782.558,399.845,86.684,240.130,1,-1,-1,-1
661,1,852.598,325.703,172.492,456.731,1,-1,-1,-1
661,42,500.385,364.969,106.605,408.151,1,-1,-1,-1
661,44,995.411,304.876,156.147,494.831,1,-1,-1,-1
661,45,1448.975,283.245,163.932,574.492,1,-1,-1,-1
661,46,1104.525,304.913,210.138,571.040,1,-1,-1,-1
661,47,1298.679,302.850,182.170,552.948,1,-1,-1,-1
661,48,779.435,397.380,85.846,238.996,1,-1,-1,-1
662,1,848.864,327.041,172.444,457.973,1,-1,-1,-1
662,42,494.441,363.471,106.501,411.291,1,-1,-1,-1
662,44,992.664,304.427,154.889,496.646,1,-1,-1,-1
662,45,1448.901,283.882,166.124,577.800,1,-1,-1,-1
662,46,1101.166,301.067,212.295,579.883,1,-1,-1,-1
662,47,1295.852,298.157,182.373,560.333,1,-1,-1,-1
662,48,775.834,397.454,87.420,240.705,1,-1,-1,-1
663,1,844.979,327.143,171.713,456.708,1,-1,-1,-1
663,42,487.690,361.910,106.513,415.055,1,-1,-1,-1
663,44,987.399,304.961,154.595,496.947,1,-1,-1,-1
663,45,1446.861,279.738,168.725,578.235,1,-1,-1,-1
663,46,1097.505,298.258,213.361,587.822,1,-1,-1,-1
663,47,1291.380,292.500,183.283,569.289,1,-1,-1,-1
663,48,770.015,395.956,88.134,243.560,1,-1,-1,-1
664,1,840.737,327.194,170.823,455.285,1,-1,-1,-1
664,42,479.902,358.487,107.074,419.342,1,-1,-1,-1
664,44,982.079,306.219,155.237,498.124,1,-1,-1,-1
664,45,1446.700,282.411,170.752,582.523,1,-1,-1,-1
664,46,1092.646,290.179,215.545,596.562,1,-1,-1,-1
664,47,1287.469,287.652,186.101,577.683,1,-1,-1,-1
664,48,762.370,395.340,88.738,244.156,1,-1,-1,-1
665,1,837.463,327.267,169.185,453.654,1,-1,-1,-1
665,42,472.589,357.426,107.964,421.744,1,-1,-1,-1
665,44,982.101,301.536,154.022,498.090,1,-1,-1,-1
665,45,1444.653,283.371,174.647,586.306,1,-1,-1,-1
665,46,1085.082,289.947,217.843,603.683,1,-1,-1,-1
665,47,1279.314,281.415,188.723,586.719,1,-1,-1,-1
665,48,756.778,396.275,88.757,244.214,1,-1,-1,-1
666,1,836.142,325.950,167.772,452.984,1,-1,-1,-1
666,42,465.517,356.347,108.425,424.878,1,-1,-1,-1
666,44,978.364,298.024,152.524,494.928,1,-1,-1,-1
666,45,1442.872,280.618,177.627,590.385,1,-1,-1,-1
666,46,1083.659,291.881,219.064,609.148,1,-1,-1,-1
666,47,1278.161,281.305,189.486,592.304,1,-1,-1,-1
666,48,750.849,397.005,89.755,245.587,1,-1,-1,-1
667,1,830.257,328.140,170.793,452.843,1,-1,-1,-1
667,42,459.205,355.772,108.843,427.926,1,-1,-1,-1
667,44,975.529,297.851,151.289,490.895,1,-1,-1,-1
667,45,1437.390,276.927,182.134,594.025,1,-1,-1,-1
667,46,1077.662,287.128,222.670,619.908,1,-1,-1,-1
667,47,1276.358,280.025,189.980,596.653,1,-1,-1,-1
667,48,746.564,398.001,89.360,244.861,1,-1,-1,-1
668,1,829.415,326.818,171.164,452.600,1,-1,-1,-1
668,42,450.878,353.399,109.753,431.323,1,-1,-1,-1
668,44,967.765,300.990,152.358,493.694,1,-1,-1,-1
668,45,1434.885,276.613,186.972,594.941,1,-1,-1,-1
668,46,1073.469,284.427,226.577,630.212,1,-1,-1,-1
668,47,1273.790,275.742,190.956,601.791,1,-1,-1,-1
668,48,743.272,398.315,89.734,244.572,1,-1,-1,-1
669,1,828.717,326.253,172.115,451.331,1,-1,-1,-1
669,42,444.386,352.297,110.438,433.695,1,-1,-1,-1
669,44,961.759,302.047,153.134,495.636,1,-1,-1,-1
669,45,1432.742,271.988,193.036,597.403,1,-1,-1,-1
669,46,1073.228,284.826,227.858,638.833,1,-1,-1,-1
669,47,1269.184,271.235,192.614,607.297,1,-1,-1,-1
669,48,738.069,394.972,90.264,245.031,1,-1,-1,-1
670,1,827.178,326.335,172.068,449.352,1,-1,-1,-1
670,42,437.904,351.124,111.316,435.157,1,-1,-1,-1
670,44,958.051,298.818,153.112,495.605,1,-1,-1,-1
670,45,1431.595,270.518,197.467,601.194,1,-1,-1,-1
670,46,1073.143,283.495,230.507,648.568,1,-1,-1,-1
670,47,1265.257,264.747,195.296,614.464,1,-1,-1,-1
670,48,732.513,394.575,91.875,248.692,1,-1,-1,-1
671,1,827.518,326.221,172.333,447.668,1,-1,-1,-1
671,42,433.225,348.289,111.879,437.848,1,-1,-1,-1
671,44,955.137,298.057,153.807,494.862,1,-1,-1,-1
671,45,1430.948,271.830,201.102,604.101,1,-1,-1,-1
671,46,1069.547,278.988,235.578,658.460,1,-1,-1,-1
671,47,1265.356,261.537,197.769,623.098,1,-1,-1,-1
671,48,727.570,392.729,92.149,251.318,1,-1,-1,-1
672,1,828.009,327.007,172.201,447.676,1,-1,-1,-1
672,42,429.413,347.576,112.222,442.366,1,-1,-1,-1
672,44,952.446,297.829,154.998,493.953,1,-1,-1,-1
672,45,1428.563,268.522,204.376,605.608,1,-1,-1,-1
672,46,1066.703,275.522,240.200,672.858,1,-1,-1,-1
672,47,1269.065,253.204,198.477,630.602,1,-1,-1,-1
672,48,724.906,390.978,93.641,256.247,1,-1,-1,-1
673,1,827.760,326.687,172.132,447.629,1,-1,-1,-1
673,42,425.768,347.503,113.391,445.298,1,-1,-1,-1
673,44,950.707,298.538,157.579,495.301,1,-1,-1,-1
673,45,1429.175,264.552,205.429,609.559,1,-1,-1,-1
673,46,1070.242,272.645,241.988,684.926,1,-1,-1,-1
673,47,1268.132,251.867,200.727,638.678,1,-1,-1,-1
673,48,723.578,389.037,94.716,258.906,1,-1,-1,-1
674,1,827.085,326.234,172.105,446.333,1,-1,-1,-1
674,42,422.979,346.924,114.130,450.883,1,-1,-1,-1
674,44,952.468,299.764,157.931,497.507,1,-1,-1,-1
674,45,1432.437,262.466,208.435,611.620,1,-1,-1,-1
674,46,1065.159,266.546,249.039,700.767,1,-1,-1,-1
674,47,1267.486,250.275,202.449,648.880,1,-1,-1,-1
674,48,722.490,387.991,95.237,260.469,1,-1,-1,-1
675,1,826.711,327.492,171.754,444.174,1,-1,-1,-1
675,42,418.450,348.652,114.972,453.121,1,-1,-1,-1
675,44,952.117,296.397,158.879,500.073,1,-1,-1,-1
675,45,1433.996,263.358,212.106,613.477,1,-1,-1,-1
675,46,1063.560,260.798,253.634,716.194,1,-1,-1,-1
675,47,1275.255,249.511,203.615,659.263,1,-1,-1,-1
675,48,721.940,388.792,96.331,261.217,1,-1,-1,-1
676,1,828.394,328.094,172.419,446.065,1,-1,-1,-1
676,42,414.691,350.086,115.468,453.675,1,-1,-1,-1
676,44,949.817,296.644,159.194,496.693,1,-1,-1,-1
676,45,1434.797,264.577,216.172,612.811,1,-1,-1,-1
676,46,1066.141,260.440,256.742,728.398,1,-1,-1,-1
676,47,1281.265,239.191,208.053,669.518,1,-1,-1,-1
676,48,721.782,388.087,97.445,265.346,1,-1,-1,-1
677,1,828.226,328.867,174.478,445.445,1,-1,-1,-1
677,42,412.542,347.858,116.328,455.588,1,-1,-1,-1
677,44,953.424,294.407,158.243,496.689,1,-1,-1,-1
677,45,1434.924,263.070,218.213,615.446,1,-1,-1,-1
677,46,1070.007,257.271,262.483,737.652,1,-1,-1,-1
677,47,1284.637,241.059,209.661,678.000,1,-1,-1,-1
677,48,720.468,385.076,98.153,268.998,1,-1,-1,-1
678,1,828.634,326.232,174.885,445.001,1,-1,-1,-1
678,42,409.960,344.844,117.840,459.031,1,-1,-1,-1
678,44,952.187,295.945,159.025,494.286,1,-1,-1,-1
678,45,1436.174,262.864,220.252,618.772,1,-1,-1,-1
678,46,1071.553,253.323,267.561,746.573,1,-1,-1,-1
678,47,1296.424,243.105,212.220,684.787,1,-1,-1,-1
678,48,720.767,382.816,97.719,269.279,1,-1,-1,-1
679,1,826.455,326.560,175.961,446.366,1,-1,-1,-1
679,42,408.249,344.449,119.017,461.084,1,-1,-1,-1
679,44,956.392,293.872,159.073,497.603,1,-1,-1,-1
679,45,1440.838,260.931,223.368,619.421,1,-1,-1,-1
679,46,1070.599,247.677,274.938,756.937,1,-1,-1,-1
679,47,1305.049,240.882,213.387,694.283,1,-1,-1,-1
679,48,722.095,381.941,98.424,270.466,1,-1,-1,-1
680,1,831.742,323.909,175.345,446.774,1,-1,-1,-1
680,42,407.522,346.079,120.638,462.318,1,-1,-1,-1
680,44,958.431,293.464,157.956,495.714,1,-1,-1,-1
680,45,1453.138,256.869,218.640,633.497,1,-1,-1,-1
680,46,1075.811,237.012,283.049,774.261,1,-1,-1,-1
680,47,1312.101,243.144,217.584,707.922,1,-1,-1,-1
680,48,724.108,383.164,99.540,272.780,1,-1,-1,-1
681,1,834.997,324.769,174.535,446.085,1,-1,-1,-1
681,42,408.022,348.880,121.685,464.130,1,-1,-1,-1
681,44,962.704,295.376,158.483,491.935,1,-1,-1,-1
681,46,1077.351,227.441,291.094,793.667,1,-1,-1,-1
681,47,1320.352,240.233,220.153,720.992,1,-1,-1,-1
681,48,726.025,384.686,100.454,272.984,1,-1,-1,-1
682,1,834.228,328.742,176.345,448.415,1,-1,-1,-1
682,42,410.001,345.551,122.619,467.150,1,-1,-1,-1
682,44,966.393,295.341,159.410,490.222,1,-1,-1,-1
682,46,1071.227,222.979,299.211,807.885,1,-1,-1,-1
682,47,1330.823,226.256,222.716,730.994,1,-1,-1,-1
682,48,727.940,384.588,102.045,275.514,1,-1,-1,-1
683,1,841.816,330.158,177.980,444.006,1,-1,-1,-1
683,42,411.895,344.987,123.663,471.283,1,-1,-1,-1
683,44,968.665,295.695,159.783,486.318,1,-1,-1,-1
683,46,1072.655,218.015,305.303,831.484,1,-1,-1,-1
683,47,1344.809,227.051,227.208,740.568,1,-1,-1,-1
683,48,730.904,385.013,102.881,277.753,1,-1,-1,-1
684,1,847.518,329.960,180.174,441.314,1,-1,-1,-1
684,42,414.405,345.243,124.799,473.887,1,-1,-1,-1
684,44,976.271,300.042,158.889,488.590,1,-1,-1,-1
684,46,1076.752,212.409,311.485,850.517,1,-1,-1,-1
684,47,1351.643,225.084,231.917,753.682,1,-1,-1,-1
684,48,735.850,386.040,103.112,279.658,1,-1,-1,-1
685,1,851.098,331.259,182.088,442.699,1,-1,-1,-1
685,42,418.790,341.085,125.594,475.561,1,-1,-1,-1
685,44,979.442,303.194,157.351,492.543,1,-1,-1,-1
685,46,1086.011,210.139,319.239,862.531,1,-1,-1,-1
685,47,1362.941,216.369,241.565,768.742,1,-1,-1,-1
685,48,738.718,386.545,103.651,282.339,1,-1,-1,-1
686,1,859.422,329.423,181.255,440.636,1,-1,-1,-1
686,42,421.968,339.704,126.342,478.370,1,-1,-1,-1
686,44,986.249,301.770,155.938,494.571,1,-1,-1,-1
686,46,1085.855,202.750,322.742,873.536,1,-1,-1,-1
686,47,1375.037,211.025,247.142,784.690,1,-1,-1,-1
686,48,744.517,385.098,105.200,281.043,1,-1,-1,-1
687,1,861.505,327.998,183.424,442.091,1,-1,-1,-1
687,42,426.726,337.688,126.230,481.215,1,-1,-1,-1
687,44,994.040,299.592,155.413,493.234,1,-1,-1,-1
687,46,1085.392,193.903,330.015,884.175,1,-1,-1,-1
687,47,1386.111,204.431,258.145,794.222,1,-1,-1,-1
687,48,749.008,387.939,106.464,281.114,1,-1,-1,-1
688,1,867.281,325.745,180.591,438.112,1,-1,-1,-1
688,42,431.057,331.895,127.490,484.031,1,-1,-1,-1
688,44,1000.411,297.587,154.797,497.939,1,-1,-1,-1
688,46,1089.619,187.207,334.532,892.559,1,-1,-1,-1
688,47,1397.184,200.728,270.710,806.148,1,-1,-1,-1
688,48,753.636,384.201,109.255,283.753,1,-1,-1,-1
689,1,874.738,320.956,180.517,438.028,1,-1,-1,-1
689,42,433.523,326.564,128.599,486.785,1,-1,-1,-1
689,44,1009.492,293.318,151.603,499.032,1,-1,-1,-1
689,46,1093.454,178.113,340.380,901.710,1,-1,-1,-1
689,47,1404.335,200.763,288.136,811.558,1,-1,-1,-1
689,48,757.970,380.409,110.554,286.266,1,-1,-1,-1
690,1,882.080,316.924,179.910,436.203,1,-1,-1,-1
690,42,435.783,323.560,128.883,488.892,1,-1,-1,-1
690,44,1014.956,286.232,149.315,496.080,1,-1,-1,-1
690,46,1093.246,173.225,347.908,908.261,1,-1,-1,-1
690,47,1413.186,185.391,304.966,824.568,1,-1,-1,-1
690,48,764.043,375.580,109.582,285.167,1,-1,-1,-1
691,1,888.190,309.396,178.249,437.521,1,-1,-1,-1
691,42,436.249,323.539,129.273,486.832,1,-1,-1,-1
691,46,1096.319,168.282,355.966,914.149,1,-1,-1,-1
691,47,1425.713,179.043,319.777,833.724,1,-1,-1,-1
691,48,767.657,371.493,109.917,286.588,1,-1,-1,-1
692,1,891.393,308.868,175.957,436.333,1,-1,-1,-1
692,42,436.957,318.065,130.197,489.837,1,-1,-1,-1
692,46,1104.327,156.873,366.763,923.679,1,-1,-1,-1
692,47,1430.444,181.916,335.179,844.426,1,-1,-1,-1
692,48,770.756,366.070,110.093,287.590,1,-1,-1,-1
693,1,894.622,305.636,174.426,436.578,1,-1,-1,-1
693,42,437.620,310.863,131.601,491.023,1,-1,-1,-1
693,46,1098.593,146.701,379.827,933.174,1,-1,-1,-1
693,47,1439.037,166.082,352.084,859.245,1,-1,-1,-1
693,48,772.493,361.027,110.641,289.358,1,-1,-1,-1
694,1,898.441,301.133,172.947,435.243,1,-1,-1,-1
694,42,434.424,308.530,132.964,494.468,1,-1,-1,-1
694,46,1096.743,134.175,391.590,944.225,1,-1,-1,-1
694,47,1445.441,159.421,374.240,884.081,1,-1,-1,-1
694,48,772.685,356.617,109.598,289.937,1,-1,-1,-1
695,1,903.159,300.031,174.580,430.779,1,-1,-1,-1
695,42,433.167,302.148,134.175,497.456,1,-1,-1,-1
695,46,1099.971,131.913,401.938,949.387,1,-1,-1,-1
695,47,1452.128,148.659,386.986,902.242,1,-1,-1,-1
695,48,771.607,351.486,110.698,295.466,1,-1,-1,-1
696,1,902.584,300.363,174.424,430.600,1,-1,-1,-1
696,42,430.542,297.416,135.760,498.474,1,-1,-1,-1
696,46,1103.223,117.465,403.859,960.397,1,-1,-1,-1
696,47,1457.814,135.569,399.142,925.797,1,-1,-1,-1
696,48,770.939,347.348,112.867,298.524,1,-1,-1,-1
697,1,905.715,295.184,173.979,429.532,1,-1,-1,-1
697,42,426.532,295.992,136.750,499.409,1,-1,-1,-1
697,46,1099.708,102.237,415.729,973.654,1,-1,-1,-1
697,47,1463.323,120.023,410.538,946.659,1,-1,-1,-1
697,48,768.561,340.181,114.811,303.413,1,-1,-1,-1
698,1,908.145,291.287,174.064,428.624,1,-1,-1,-1
698,42,423.346,287.782,138.291,504.579,1,-1,-1,-1
698,46,1103.065,76.692,424.584,993.548,1,-1,-1,-1
698,47,1475.805,117.683,421.414,957.306,1,-1,-1,-1
698,48,768.619,335.079,115.671,306.887,1,-1,-1,-1
699,1,907.949,290.042,172.869,428.363,1,-1,-1,-1
699,42,421.486,282.952,140.254,508.466,1,-1,-1,-1
699,46,1108.269,56.850,432.120,1011.929,1,-1,-1,-1
699,47,1481.842,95.142,429.436,976.707,1,-1,-1,-1
699,48,769.555,330.006,115.576,308.801,1,-1,-1,-1
700,1,910.342,287.697,169.839,428.777,1,-1,-1,-1
700,42,418.180,277.693,140.472,511.123,1,-1,-1,-1
700,46,1114.469,42.238,437.435,1027.516,1,-1,-1,-1
700,47,1482.566,83.501,436.940,990.591,1,-1,-1,-1
700,48,771.598,329.585,114.422,306.793,1,-1,-1,-1
701,1,912.555,285.192,166.889,429.058,1,-1,-1,-1
701,42,415.340,273.960,141.207,514.188,1,-1,-1,-1
701,46,1115.814,37.085,450.780,1037.443,1,-1,-1,-1
701,47,1489.043,81.564,437.616,997.439,1,-1,-1,-1
701,48,769.023,327.704,116.218,307.401,1,-1,-1,-1
701,49,868.200,337.400,64.300,262.000,1,-1,-1,-1
702,1,913.588,280.067,165.420,429.115,1,-1,-1,-1
702,42,409.540,269.597,142.683,521.332,1,-1,-1,-1
702,46,1114.383,22.589,459.034,1050.974,1,-1,-1,-1
702,47,1487.235,71.253,440.356,1007.453,1,-1,-1,-1
702,48,765.889,324.849,117.474,309.053,1,-1,-1,-1
703,1,913.994,277.825,161.550,426.695,1,-1,-1,-1
703,42,404.272,263.448,144.212,523.517,1,-1,-1,-1
703,44,1050.193,224.997,189.153,685.706,1,-1,-1,-1
703,46,1123.392,13.778,466.396,1061.375,1,-1,-1,-1
703,47,1484.103,61.751,443.286,1017.029,1,-1,-1,-1
703,48,762.547,321.105,119.059,311.420,1,-1,-1,-1
704,1,915.626,268.824,156.797,428.016,1,-1,-1,-1
704,42,397.128,259.046,144.913,525.302,1,-1,-1,-1
704,44,1029.581,194.202,200.211,724.798,1,-1,-1,-1
704,46,1133.880,5.234,470.086,1070.857,1,-1,-1,-1
704,47,1492.620,47.449,439.163,1028.902,1,-1,-1,-1
704,48,759.672,314.788,120.413,314.481,1,-1,-1,-1
705,42,393.498,253.773,145.427,527.929,1,-1,-1,-1
705,44,1019.323,179.898,216.262,753.446,1,-1,-1,-1
705,46,1145.053,0.575,470.528,1077.576,1,-1,-1,-1
705,47,1499.213,47.179,434.330,1033.475,1,-1,-1,-1
705,48,756.522,311.892,121.624,317.964,1,-1,-1,-1
706,42,388.224,246.845,147.210,532.421,1,-1,-1,-1
706,44,1008.483,165.451,225.682,781.862,1,-1,-1,-1
706,46,1165.585,-2.132,466.332,1082.279,1,-1,-1,-1
706,47,1507.153,27.798,427.967,1047.273,1,-1,-1,-1
706,48,756.206,304.910,122.926,319.910,1,-1,-1,-1
707,42,385.420,241.488,148.522,534.537,1,-1,-1,-1
707,44,997.064,152.162,234.007,799.131,1,-1,-1,-1
707,46,1177.548,-4.042,476.083,1086.089,1,-1,-1,-1
707,47,1523.015,14.288,416.152,1059.224,1,-1,-1,-1
707,48,756.281,296.715,125.055,321.189,1,-1,-1,-1
708,42,381.403,231.887,148.936,537.606,1,-1,-1,-1
708,44,983.199,141.217,242.036,819.168,1,-1,-1,-1
708,46,1192.563,-5.354,493.674,1088.943,1,-1,-1,-1
708,47,1533.560,7.317,405.865,1068.105,1,-1,-1,-1
708,48,757.165,288.626,125.911,322.738,1,-1,-1,-1
709,42,378.349,223.494,149.951,541.228,1,-1,-1,-1
709,44,973.267,122.672,252.852,838.030,1,-1,-1,-1
709,46,1210.503,-6.188,510.772,1090.914,1,-1,-1,-1
709,47,1564.150,2.887,383.442,1074.214,1,-1,-1,-1
709,48,757.701,282.497,126.281,324.432,1,-1,-1,-1
710,42,374.225,215.185,151.460,545.116,1,-1,-1,-1
710,44,961.835,113.811,264.348,862.989,1,-1,-1,-1
710,46,1227.187,-6.664,520.115,1092.174,1,-1,-1,-1
710,47,1587.881,3.486,362.019,1077.078,1,-1,-1,-1
710,48,757.846,276.951,126.456,325.476,1,-1,-1,-1
711,42,370.192,207.043,153.733,551.725,1,-1,-1,-1
711,44,950.619,103.688,274.039,881.516,1,-1,-1,-1
711,46,1238.772,-6.977,534.438,1093.093,1,-1,-1,-1
711,48,757.399,272.416,127.052,326.989,1,-1,-1,-1
712,42,367.163,201.465,155.535,556.010,1,-1,-1,-1
712,44,937.191,87.810,285.310,921.674,1,-1,-1,-1
712,46,1250.142,-7.237,568.060,1093.883,1,-1,-1,-1
712,48,756.151,268.614,127.719,330.011,1,-1,-1,-1
713,42,359.773,197.617,158.156,559.009,1,-1,-1,-1
713,44,915.893,85.658,298.011,937.813,1,-1,-1,-1
713,46,1268.529,-7.354,595.534,1094.364,1,-1,-1,-1
713,48,755.140,265.042,128.839,336.178,1,-1,-1,-1
714,42,355.245,194.139,159.830,563.395,1,-1,-1,-1
714,44,900.656,82.066,307.003,950.198,1,-1,-1,-1
714,46,1275.783,-7.383,618.136,1094.646,1,-1,-1,-1
714,48,755.448,261.618,130.290,339.359,1,-1,-1,-1
715,42,353.218,190.300,160.681,565.834,1,-1,-1,-1
715,44,891.137,68.400,316.371,975.154,1,-1,-1,-1
715,46,1287.102,-7.328,626.878,1094.738,1,-1,-1,-1
715,48,753.714,256.626,131.530,343.854,1,-1,-1,-1
716,42,348.349,187.473,160.834,568.168,1,-1,-1,-1
716,44,878.110,52.922,325.507,1001.513,1,-1,-1,-1
716,46,1285.047,-7.218,624.793,1094.702,1,-1,-1,-1
716,48,751.695,252.121,133.475,345.699,1,-1,-1,-1
717,42,346.705,183.100,162.761,572.156,1,-1,-1,-1
717,44,858.392,42.871,336.272,1020.564,1,-1,-1,-1
717,46,1301.340,-7.100,624.041,1094.632,1,-1,-1,-1
717,48,751.475,249.501,135.733,349.081,1,-1,-1,-1
718,42,340.993,181.248,164.516,575.315,1,-1,-1,-1
718,44,839.264,32.291,342.155,1035.957,1,-1,-1,-1
718,48,749.447,246.900,138.912,351.495,1,-1,-1,-1
719,42,336.289,181.889,166.785,579.060,1,-1,-1,-1
719,44,815.217,22.979,350.328,1048.862,1,-1,-1,-1
719,48,747.390,241.824,137.011,354.771,1,-1,-1,-1
720,42,333.441,177.644,167.938,585.200,1,-1,-1,-1
720,44,791.505,12.650,357.976,1060.897,1,-1,-1,-1
721,42,330.146,173.539,168.884,586.538,1,-1,-1,-1
721,44,768.981,6.730,364.751,1069.498,1,-1,-1,-1
721,50,1239.100,310.700,78.600,209.100,1,-1,-1,-1
722,42,324.738,171.493,170.762,590.467,1,-1,-1,-1
722,44,743.017,3.025,372.384,1075.728,1,-1,-1,-1
722,51,1057.200,166.100,156.200,498.200,1,-1,-1,-1
723,42,318.582,168.321,171.976,598.339,1,-1,-1,-1
723,44,713.482,0.515,384.156,1080.352,1,-1,-1,-1
723,46,1166.817,66.518,473.406,1063.165,1,-1,-1,-1
723,51,1056.725,156.659,162.749,520.181,1,-1,-1,-1
724,42,316.344,162.558,173.684,603.665,1,-1,-1,-1
724,44,674.970,-1.279,403.281,1083.839,1,-1,-1,-1
724,46,1177.903,23.248,402.914,966.852,1,-1,-1,-1
724,51,1053.874,149.815,165.393,523.323,1,-1,-1,-1
725,42,311.446,159.195,174.870,611.303,1,-1,-1,-1
725,44,638.077,-2.464,420.128,1086.217,1,-1,-1,-1
725,46,1180.463,31.970,357.732,909.142,1,-1,-1,-1
725,51,1054.775,152.228,166.386,520.957,1,-1,-1,-1
726,42,303.833,157.767,176.194,615.157,1,-1,-1,-1
726,44,604.645,-3.262,435.478,1087.856,1,-1,-1,-1
726,46,1186.623,35.704,331.319,860.238,1,-1,-1,-1
726,51,1052.971,150.507,166.143,518.891,1,-1,-1,-1
727,42,296.163,152.200,177.138,619.929,1,-1,-1,-1
727,44,574.064,-3.604,448.501,1088.857,1,-1,-1,-1
727,46,1175.014,53.312,325.187,825.129,1,-1,-1,-1
727,51,1051.506,152.707,164.405,517.230,1,-1,-1,-1
728,42,285.195,150.668,178.768,622.127,1,-1,-1,-1
728,44,531.576,-4.105,467.609,1089.751,1,-1,-1,-1
728,46,1165.717,69.063,321.315,800.513,1,-1,-1,-1
728,51,1047.587,150.128,161.962,516.882,1,-1,-1,-1
729,42,273.167,142.967,180.432,626.407,1,-1,-1,-1
729,44,483.869,-4.407,483.704,1090.346,1,-1,-1,-1
729,46,1153.349,74.331,322.692,779.595,1,-1,-1,-1
729,51,1043.976,147.998,160.616,525.108,1,-1,-1,-1
730,42,261.219,139.544,182.030,631.110,1,-1,-1,-1
730,44,435.431,-4.614,502.340,1090.784,1,-1,-1,-1
730,46,1128.001,78.980,331.870,765.999,1,-1,-1,-1
730,51,1043.388,140.934,161.165,530.747,1,-1,-1,-1
730,52,898.700,181.100,161.000,437.500,1,-1,-1,-1
731,42,247.609,118.375,182.327,641.615,1,-1,-1,-1
731,44,375.452,-4.757,522.773,1091.104,1,-1,-1,-1
731,46,1114.712,79.062,336.914,755.017,1,-1,-1,-1
731,52,893.169,183.180,170.363,451.338,1,-1,-1,-1
732,42,246.637,127.080,183.707,669.484,1,-1,-1,-1
732,44,316.426,-3.808,546.354,1090.678,1,-1,-1,-1
732,46,1091.000,81.468,342.667,749.703,1,-1,-1,-1
732,52,880.855,177.206,178.890,457.382,1,-1,-1,-1
733,44,244.589,1.266,579.930,1087.377,1,-1,-1,-1
733,46,1075.339,74.358,341.680,745.187,1,-1,-1,-1
733,52,874.118,173.826,182.522,455.034,1,-1,-1,-1
734,44,166.523,8.596,615.024,1081.917,1,-1,-1,-1
734,46,1055.791,74.932,336.779,745.086,1,-1,-1,-1
734,52,875.748,178.890,176.523,444.602,1,-1,-1,-1
735,44,93.532,16.760,651.663,1075.202,1,-1,-1,-1
735,46,1033.533,76.079,328.007,743.576,1,-1,-1,-1
735,52,870.652,181.200,173.421,441.518,1,-1,-1,-1
736,44,44.143,10.231,684.094,1077.499,1,-1,-1,-1
736,46,1015.005,74.769,314.647,745.219,1,-1,-1,-1
736,52,865.591,180.322,169.029,439.578,1,-1,-1,-1
736,53,696.900,189.500,128.800,425.200,1,-1,-1,-1
737,46,999.134,65.829,304.058,740.332,1,-1,-1,-1
737,52,858.718,179.067,165.901,442.923,1,-1,-1,-1
737,53,671.107,169.081,153.189,452.240,1,-1,-1,-1
738,46,982.292,56.812,293.045,742.029,1,-1,-1,-1
738,52,846.807,181.207,164.818,441.929,1,-1,-1,-1
738,53,642.635,161.813,166.368,468.316,1,-1,-1,-1
739,46,963.138,66.658,281.485,747.719,1,-1,-1,-1
739,52,831.953,176.591,165.092,441.240,1,-1,-1,-1
739,53,621.440,156.899,172.183,473.500,1,-1,-1,-1
740,46,949.448,71.461,267.525,757.424,1,-1,-1,-1
740,52,818.020,181.182,163.678,440.024,1,-1,-1,-1
740,53,604.601,155.936,175.341,474.842,1,-1,-1,-1
740,54,1149.200,295.600,73.300,212.900,1,-1,-1,-1
741,46,933.117,69.214,254.741,759.309,1,-1,-1,-1
741,52,808.053,175.529,163.044,442.604,1,-1,-1,-1
741,53,588.128,158.347,179.962,477.812,1,-1,-1,-1
741,54,1142.926,289.674,80.049,229.652,1,-1,-1,-1
742,46,909.838,65.134,250.077,766.810,1,-1,-1,-1
742,52,798.751,177.960,161.165,439.984,1,-1,-1,-1
742,53,572.219,155.225,185.008,481.648,1,-1,-1,-1
742,54,1127.041,284.370,84.089,245.066,1,-1,-1,-1
743,46,887.685,66.419,251.580,776.199,1,-1,-1,-1
743,52,787.199,179.892,161.710,439.678,1,-1,-1,-1
743,53,555.051,153.006,191.458,487.666,1,-1,-1,-1
743,54,1115.426,278.007,83.402,254.712,1,-1,-1,-1
744,46,858.582,70.148,256.435,780.175,1,-1,-1,-1
744,52,779.506,176.680,161.110,440.086,1,-1,-1,-1
744,53,538.396,151.609,195.475,493.636,1,-1,-1,-1
745,46,827.014,68.813,266.814,785.024,1,-1,-1,-1
745,53,522.347,151.956,200.123,499.849,1,-1,-1,-1
745,54,1070.145,242.196,103.213,302.308,1,-1,-1,-1
746,46,794.312,67.760,279.992,793.344,1,-1,-1,-1
746,53,506.312,152.735,202.227,505.707,1,-1,-1,-1
746,54,1050.012,225.803,113.551,321.096,1,-1,-1,-1
747,46,762.609,66.138,291.932,800.400,1,-1,-1,-1
747,53,490.602,152.385,204.814,512.630,1,-1,-1,-1
747,54,1033.001,219.232,117.945,327.689,1,-1,-1,-1
748,46,736.663,64.389,305.741,809.070,1,-1,-1,-1
748,53,475.145,150.696,208.305,521.095,1,-1,-1,-1
748,54,1025.902,218.257,124.645,331.683,1,-1,-1,-1
749,46,705.721,59.991,322.811,815.114,1,-1,-1,-1
749,53,461.237,149.583,212.059,524.653,1,-1,-1,-1
749,54,1018.417,219.433,125.299,332.757,1,-1,-1,-1
750,46,679.490,55.864,340.568,818.781,1,-1,-1,-1
750,53,445.927,148.422,216.023,532.649,1,-1,-1,-1
750,54,978.173,221.111,125.719,338.359,1,-1,-1,-1
751,46,649.566,56.576,351.197,822.664,1,-1,-1,-1
751,53,432.639,147.897,220.947,540.802,1,-1,-1,-1
751,54,959.925,225.233,124.571,342.293,1,-1,-1,-1
751,55,1032.500,241.100,107.000,312.500,1,-1,-1,-1
752,46,621.733,52.816,359.117,826.646,1,-1,-1,-1
752,53,421.870,147.365,224.141,550.152,1,-1,-1,-1
752,54,953.327,233.398,121.755,342.037,1,-1,-1,-1
752,55,1026.106,227.925,123.087,338.650,1,-1,-1,-1
753,46,591.259,48.558,360.816,848.895,1,-1,-1,-1
753,53,409.262,144.902,229.597,558.797,1,-1,-1,-1
753,54,950.882,236.104,119.324,344.650,1,-1,-1,-1
753,55,1026.296,219.761,127.137,348.283,1,-1,-1,-1
753,56,841.500,129.400,142.000,565.200,1,-1,-1,-1
754,46,560.789,49.020,364.051,856.628,1,-1,-1,-1
754,53,399.358,143.657,233.145,568.918,1,-1,-1,-1
754,54,950.057,243.780,119.644,346.402,1,-1,-1,-1
754,55,1026.254,222.015,129.958,351.574,1,-1,-1,-1
754,56,838.265,146.455,141.872,545.888,1,-1,-1,-1
755,46,528.823,45.173,369.729,868.078,1,-1,-1,-1
755,53,391.557,142.418,236.466,578.731,1,-1,-1,-1
755,54,949.381,240.705,120.607,349.944,1,-1,-1,-1
755,55,1026.458,216.803,131.896,355.020,1,-1,-1,-1
755,56,833.413,145.610,146.386,540.355,1,-1,-1,-1
756,46,493.875,43.725,376.633,867.831,1,-1,-1,-1
756,53,383.239,142.204,235.340,588.006,1,-1,-1,-1
756,54,949.343,244.383,121.193,351.424,1,-1,-1,-1
756,55,1026.633,214.252,132.925,357.597,1,-1,-1,-1
756,56,830.704,149.333,148.842,536.777,1,-1,-1,-1
757,46,465.262,38.722,385.498,863.980,1,-1,-1,-1
757,54,949.016,244.882,123.648,356.418,1,-1,-1,-1
757,55,1030.853,215.591,133.161,357.228,1,-1,-1,-1
757,56,827.449,160.862,153.460,539.715,1,-1,-1,-1
758,46,431.737,42.177,395.145,865.162,1,-1,-1,-1
758,54,952.803,245.777,123.132,356.967,1,-1,-1,-1
758,55,1034.242,221.113,132.831,355.227,1,-1,-1,-1
758,56,828.190,162.126,153.727,535.604,1,-1,-1,-1
759,46,408.677,32.333,386.642,872.429,1,-1,-1,-1
759,54,958.852,246.327,123.729,358.725,1,-1,-1,-1
759,55,1035.780,225.117,132.639,358.375,1,-1,-1,-1
759,56,829.584,163.499,156.374,535.340,1,-1,-1,-1
760,46,384.362,28.982,387.278,882.957,1,-1,-1,-1
760,54,961.643,246.909,128.028,362.586,1,-1,-1,-1
760,55,1035.500,226.262,126.809,356.706,1,-1,-1,-1
760,56,828.895,163.254,160.697,536.404,1,-1,-1,-1
761,46,357.374,23.657,395.264,885.204,1,-1,-1,-1
761,54,964.422,247.439,131.527,363.701,1,-1,-1,-1
761,55,1046.337,232.877,124.479,353.957,1,-1,-1,-1
761,56,826.187,164.050,162.785,538.478,1,-1,-1,-1
761,57,708.900,201.200,161.400,437.300,1,-1,-1,-1
762,46,340.783,46.766,396.069,892.808,1,-1,-1,-1
762,54,967.466,246.519,135.683,370.499,1,-1,-1,-1
762,56,826.710,163.634,163.096,535.428,1,-1,-1,-1
762,57,705.703,197.121,162.695,444.359,1,-1,-1,-1
763,46,325.501,45.702,400.120,896.383,1,-1,-1,-1
763,54,969.532,244.280,140.544,380.336,1,-1,-1,-1
763,56,829.335,166.685,164.072,532.496,1,-1,-1,-1
763,57,700.551,206.542,163.288,444.933,1,-1,-1,-1
764,46,310.739,43.436,401.838,904.922,1,-1,-1,-1
764,54,967.307,241.772,148.094,384.710,1,-1,-1,-1
764,56,831.596,166.833,163.793,531.043,1,-1,-1,-1
764,57,706.079,205.744,163.085,449.573,1,-1,-1,-1
765,46,300.132,38.063,402.730,917.972,1,-1,-1,-1
765,54,967.961,238.805,153.496,390.412,1,-1,-1,-1
765,56,832.972,164.905,162.391,524.770,1,-1,-1,-1
765,57,707.990,212.407,162.780,449.531,1,-1,-1,-1
766,46,282.683,33.015,410.292,940.569,1,-1,-1,-1
766,54,969.410,235.204,157.991,397.811,1,-1,-1,-1
766,56,834.516,165.712,161.287,522.720,1,-1,-1,-1
766,57,708.334,203.407,167.169,456.878,1,-1,-1,-1
767,46,266.086,29.962,416.500,954.091,1,-1,-1,-1
767,54,971.836,233.579,164.484,404.437,1,-1,-1,-1
767,56,832.542,162.134,161.046,519.429,1,-1,-1,-1
767,57,708.522,203.378,167.162,456.386,1,-1,-1,-1
768,46,245.019,23.641,424.882,961.362,1,-1,-1,-1
768,54,972.192,232.175,169.714,410.459,1,-1,-1,-1
768,56,834.641,161.501,160.899,515.882,1,-1,-1,-1
768,57,711.748,201.944,167.895,453.412,1,-1,-1,-1
769,46,230.443,20.020,428.654,978.762,1,-1,-1,-1
769,54,975.952,234.151,173.631,413.054,1,-1,-1,-1
769,56,834.463,161.117,160.844,517.414,1,-1,-1,-1
769,57,712.335,201.774,166.852,451.310,1,-1,-1,-1
769,58,640.300,266.000,108.000,344.300,1,-1,-1,-1
770,46,219.038,17.403,431.911,985.429,1,-1,-1,-1
770,54,974.390,235.191,180.256,414.340,1,-1,-1,-1
770,56,836.831,162.271,159.598,518.438,1,-1,-1,-1
770,57,712.025,199.714,166.369,452.367,1,-1,-1,-1
770,58,627.912,265.731,116.877,354.037,1,-1,-1,-1
771,46,202.683,18.174,437.311,990.819,1,-1,-1,-1
771,54,973.768,238.705,184.184,414.233,1,-1,-1,-1
771,56,837.478,165.024,157.028,515.845,1,-1,-1,-1
771,57,709.155,194.448,166.955,453.391,1,-1,-1,-1
771,58,627.600,254.635,124.377,366.795,1,-1,-1,-1
772,46,185.976,13.687,439.646,997.646,1,-1,-1,-1
772,54,970.874,236.572,186.591,416.572,1,-1,-1,-1
772,56,834.549,161.013,158.237,519.006,1,-1,-1,-1
772,57,712.699,191.660,167.301,456.030,1,-1,-1,-1
772,58,619.004,256.369,122.759,360.584,1,-1,-1,-1
773,46,156.416,7.968,437.961,999.186,1,-1,-1,-1
773,54,967.081,235.270,188.104,419.252,1,-1,-1,-1
773,56,829.819,156.617,159.623,525.107,1,-1,-1,-1
773,57,708.236,195.177,166.246,452.655,1,-1,-1,-1
773,58,610.438,256.937,122.157,360.205,1,-1,-1,-1
774,46,128.904,3.766,432.677,1002.155,1,-1,-1,-1
774,54,961.826,232.801,190.816,422.879,1,-1,-1,-1
774,56,824.872,156.671,159.713,526.023,1,-1,-1,-1
774,57,704.786,194.550,164.710,450.346,1,-1,-1,-1
774,58,599.575,250.762,127.342,364.972,1,-1,-1,-1
775,46,106.509,3.089,422.710,1005.943,1,-1,-1,-1
775,54,959.917,228.120,189.990,426.892,1,-1,-1,-1
775,56,817.916,153.455,160.838,530.897,1,-1,-1,-1
775,57,701.917,192.419,165.485,449.989,1,-1,-1,-1
775,58,595.145,246.861,128.119,366.668,1,-1,-1,-1
776,46,85.188,-0.651,413.216,1005.141,1,-1,-1,-1
776,54,958.888,222.816,189.077,429.718,1,-1,-1,-1
776,56,812.125,150.237,161.678,535.186,1,-1,-1,-1
776,57,699.983,185.272,164.210,449.528,1,-1,-1,-1
776,58,588.228,240.363,126.197,369.559,1,-1,-1,-1
776,59,380.400,54.200,229.000,805.100,1,-1,-1,-1
777,46,64.328,-2.736,400.962,1003.375,1,-1,-1,-1
777,54,957.764,219.021,187.626,434.766,1,-1,-1,-1
777,56,807.118,147.417,160.515,539.706,1,-1,-1,-1
777,57,689.182,185.195,168.054,454.574,1,-1,-1,-1
777,58,579.732,234.648,126.212,370.507,1,-1,-1,-1
777,59,359.900,46.058,246.502,833.982,1,-1,-1,-1
778,46,43.297,-1.053,393.418,1004.848,1,-1,-1,-1
778,54,955.367,214.404,187.209,441.053,1,-1,-1,-1
778,56,799.318,148.999,162.379,540.061,1,-1,-1,-1
778,57,680.828,184.396,171.685,457.118,1,-1,-1,-1
778,59,320.557,9.418,290.488,904.617,1,-1,-1,-1
779,46,19.267,2.933,387.417,1010.710,1,-1,-1,-1
779,54,950.199,208.359,187.526,448.811,1,-1,-1,-1
779,56,791.894,149.436,163.138,539.626,1,-1,-1,-1
779,57,676.778,180.485,169.052,456.959,1,-1,-1,-1
779,59,291.964,-4.137,316.683,940.862,1,-1,-1,-1
779,60,1083.200,198.700,127.200,427.800,1,-1,-1,-1
780,46,-5.409,6.983,381.370,1019.701,1,-1,-1,-1
780,54,947.068,207.153,187.051,456.434,1,-1,-1,-1
780,56,784.609,151.685,162.731,540.531,1,-1,-1,-1
780,57,670.225,183.633,167.620,455.114,1,-1,-1,-1
780,59,276.356,7.057,323.280,940.693,1,-1,-1,-1
780,60,1071.722,177.855,143.857,464.190,1,-1,-1,-1
781,46,-17.014,7.801,371.103,1027.017,1,-1,-1,-1
781,54,941.012,199.523,185.075,464.984,1,-1,-1,-1
781,56,779.123,149.521,163.119,541.618,1,-1,-1,-1
781,57,666.083,184.866,162.646,452.372,1,-1,-1,-1
781,59,265.909,5.841,328.741,949.105,1,-1,-1,-1
781,60,1068.234,174.169,154.979,477.086,1,-1,-1,-1
782,46,-26.159,10.594,353.138,1035.814,1,-1,-1,-1
782,54,942.421,199.206,181.852,469.927,1,-1,-1,-1
782,56,775.728,148.263,163.369,540.743,1,-1,-1,-1
782,57,665.264,182.105,163.125,455.810,1,-1,-1,-1
782,59,251.938,8.453,337.805,940.298,1,-1,-1,-1
782,60,1064.328,172.321,161.223,482.736,1,-1,-1,-1
783,46,-30.450,9.117,333.197,1041.216,1,-1,-1,-1
783,54,943.779,201.099,177.736,472.287,1,-1,-1,-1
783,56,772.817,147.743,163.471,540.960,1,-1,-1,-1
783,57,660.478,185.253,164.285,457.870,1,-1,-1,-1
783,59,240.435,7.263,344.995,949.104,1,-1,-1,-1
783,60,1055.672,170.987,166.817,487.498,1,-1,-1,-1
784,46,-28.612,3.423,311.868,1039.733,1,-1,-1,-1
784,54,945.222,201.363,174.566,476.497,1,-1,-1,-1
784,56,771.819,145.896,162.931,540.239,1,-1,-1,-1
784,57,658.523,184.308,166.120,455.314,1,-1,-1,-1
784,59,233.638,9.440,344.777,958.349,1,-1,-1,-1
784,60,1055.336,172.211,170.681,497.850,1,-1,-1,-1
785,46,-31.673,3.133,290.170,1040.850,1,-1,-1,-1
785,54,945.662,201.119,172.707,480.651,1,-1,-1,-1
785,56,771.587,144.506,162.712,542.145,1,-1,-1,-1
785,57,651.117,189.553,172.559,453.494,1,-1,-1,-1
785,59,223.798,4.585,353.245,971.025,1,-1,-1,-1
785,60,1054.706,169.306,175.241,499.488,1,-1,-1,-1
786,46,-34.348,10.959,262.022,1036.407,1,-1,-1,-1
786,54,943.904,199.420,171.775,488.083,1,-1,-1,-1
786,56,770.188,140.243,163.035,539.786,1,-1,-1,-1
786,57,647.345,189.098,175.160,452.743,1,-1,-1,-1
786,59,211.845,3.113,361.023,992.098,1,-1,-1,-1
786,60,1055.993,166.544,179.340,502.846,1,-1,-1,-1
787,46,-31.710,35.761,240.850,1023.147,1,-1,-1,-1
787,54,944.256,200.098,172.288,492.783,1,-1,-1,-1
787,56,770.378,138.325,162.621,538.612,1,-1,-1,-1
787,57,655.054,181.018,170.938,454.944,1,-1,-1,-1
787,59,200.690,-2.424,373.638,1013.084,1,-1,-1,-1
787,60,1057.910,164.401,182.655,504.096,1,-1,-1,-1
788,54,947.115,199.790,173.265,498.059,1,-1,-1,-1
788,56,770.796,139.555,162.794,537.577,1,-1,-1,-1
788,57,660.055,181.950,166.991,457.221,1,-1,-1,-1
788,59,185.539,-3.097,394.058,1035.289,1,-1,-1,-1
788,60,1060.522,160.291,189.228,513.362,1,-1,-1,-1
789,54,948.951,200.825,174.889,504.093,1,-1,-1,-1
789,56,772.298,142.739,162.485,536.054,1,-1,-1,-1
789,57,666.882,183.795,164.713,458.931,1,-1,-1,-1
789,59,168.638,-1.052,408.915,1063.585,1,-1,-1,-1
789,60,1064.006,159.338,188.880,522.457,1,-1,-1,-1
790,54,953.402,198.517,175.102,509.617,1,-1,-1,-1
790,56,771.955,147.387,162.830,532.825,1,-1,-1,-1
790,57,667.908,186.117,165.697,462.503,1,-1,-1,-1
790,59,153.193,-3.048,422.738,1085.429,1,-1,-1,-1
790,60,1066.572,154.409,195.032,531.317,1,-1,-1,-1
791,54,963.330,197.721,178.778,518.846,1,-1,-1,-1
791,56,778.839,147.875,162.113,534.764,1,-1,-1,-1
791,57,673.436,187.660,163.301,460.772,1,-1,-1,-1
791,59,136.088,-8.016,442.434,1101.628,1,-1,-1,-1
791,60,1072.100,154.802,201.276,538.461,1,-1,-1,-1
791,61,602.300,255.500,111.600,373.600,1,-1,-1,-1
792,54,971.016,194.341,185.052,529.267,1,-1,-1,-1
792,56,785.010,150.325,163.700,534.573,1,-1,-1,-1
792,57,678.737,187.287,160.399,462.801,1,-1,-1,-1
792,59,119.545,-12.883,467.621,1113.268,1,-1,-1,-1
792,60,1082.481,159.756,202.314,541.524,1,-1,-1,-1
792,61,606.675,262.619,113.048,375.859,1,-1,-1,-1
793,54,978.572,191.790,192.893,538.205,1,-1,-1,-1
793,56,790.687,150.566,164.536,533.525,1,-1,-1,-1
793,57,693.463,186.719,154.977,461.731,1,-1,-1,-1
793,59,111.186,-15.542,481.667,1118.887,1,-1,-1,-1
793,60,1091.908,157.440,197.226,542.605,1,-1,-1,-1
793,61,613.072,263.250,116.290,386.204,1,-1,-1,-1
794,54,983.871,186.080,200.921,546.541,1,-1,-1,-1
794,56,801.386,151.552,165.662,538.122,1,-1,-1,-1
794,57,709.494,186.463,147.546,458.386,1,-1,-1,-1
794,59,95.366,-17.850,503.510,1123.239,1,-1,-1,-1
794,61,616.893,258.895,121.663,399.283,1,-1,-1,-1
795,54,992.199,183.937,209.689,553.938,1,-1,-1,-1
795,56,810.363,154.389,166.984,540.280,1,-1,-1,-1
795,57,726.622,187.047,151.990,464.436,1,-1,-1,-1
795,59,84.107,-18.992,519.472,1125.086,1,-1,-1,-1
795,61,619.942,254.770,125.924,410.945,1,-1,-1,-1
796,54,995.292,185.568,221.534,563.067,1,-1,-1,-1
796,56,822.323,157.247,167.190,542.140,1,-1,-1,-1
796,59,73.530,-19.487,532.651,1125.611,1,-1,-1,-1
796,61,629.710,259.090,125.878,414.900,1,-1,-1,-1
797,54,997.937,183.121,229.727,575.507,1,-1,-1,-1
797,56,828.325,162.384,168.300,542.326,1,-1,-1,-1
797,59,56.480,-19.858,551.079,1125.907,1,-1,-1,-1
797,61,631.742,258.040,128.186,420.509,1,-1,-1,-1
798,54,999.826,181.931,239.645,588.926,1,-1,-1,-1
798,56,837.561,170.675,168.971,539.501,1,-1,-1,-1
798,59,37.475,-18.501,566.767,1124.617,1,-1,-1,-1
798,61,633.481,257.758,130.533,427.089,1,-1,-1,-1
799,54,1004.037,185.842,248.251,602.396,1,-1,-1,-1
799,56,845.487,171.454,167.799,536.009,1,-1,-1,-1
799,57,750.086,202.109,155.136,467.241,1,-1,-1,-1
799,59,24.084,-16.988,587.174,1123.025,1,-1,-1,-1
799,61,635.779,256.547,133.645,431.144,1,-1,-1,-1
800,54,1010.432,185.582,256.806,613.247,1,-1,-1,-1
800,56,854.406,183.389,167.158,532.837,1,-1,-1,-1
800,57,752.959,205.371,156.496,465.661,1,-1,-1,-1
800,59,9.953,-17.889,602.880,1122.554,1,-1,-1,-1
800,61,637.467,263.259,135.175,433.895,1,-1,-1,-1
801,54,1015.970,187.797,266.078,622.919,1,-1,-1,-1
801,56,855.512,189.373,169.232,534.672,1,-1,-1,-1
801,59,1.380,-18.158,612.695,1121.721,1,-1,-1,-1
801,61,638.830,268.755,135.636,434.586,1,-1,-1,-1
802,54,1013.120,191.483,274.217,634.525,1,-1,-1,-1
802,56,858.351,191.223,168.156,534.021,1,-1,-1,-1
802,57,772.446,215.072,147.410,456.126,1,-1,-1,-1
802,59,-5.691,-17.863,615.729,1120.454,1,-1,-1,-1
802,61,640.210,268.427,137.150,440.211,1,-1,-1,-1
803,54,1014.314,190.777,279.876,648.052,1,-1,-1,-1
803,56,863.252,191.248,166.289,534.228,1,-1,-1,-1
803,59,-8.601,-17.396,617.685,1119.122,1,-1,-1,-1
803,61,641.093,266.495,138.899,444.094,1,-1,-1,-1
804,54,1019.488,194.584,287.558,656.585,1,-1,-1,-1
804,56,869.989,188.199,165.940,532.225,1,-1,-1,-1
804,59,-12.956,-16.759,613.896,1117.571,1,-1,-1,-1
804,61,639.293,267.945,143.443,446.024,1,-1,-1,-1
805,54,1018.352,196.879,297.479,669.199,1,-1,-1,-1
805,56,875.453,192.377,166.641,532.402,1,-1,-1,-1
805,59,-15.835,-16.070,607.588,1115.976,1,-1,-1,-1
805,61,640.684,267.512,144.965,449.581,1,-1,-1,-1
806,54,1019.227,187.295,304.457,689.755,1,-1,-1,-1
806,56,877.489,195.316,167.282,531.661,1,-1,-1,-1
806,59,-19.162,-7.667,597.182,1109.765,1,-1,-1,-1
806,61,640.996,267.063,145.910,453.108,1,-1,-1,-1
807,54,1022.975,186.683,311.530,703.404,1,-1,-1,-1
807,56,883.143,188.913,164.725,531.979,1,-1,-1,-1
807,59,-26.191,-8.153,577.399,1107.467,1,-1,-1,-1
807,61,641.819,266.402,146.795,457.972,1,-1,-1,-1
807,62,508.000,255.900,158.300,446.000,1,-1,-1,-1
808,54,1031.187,185.922,316.073,712.082,1,-1,-1,-1
808,56,882.922,186.114,166.055,532.457,1,-1,-1,-1
808,57,792.775,211.682,159.698,463.790,1,-1,-1,-1
808,61,642.909,267.465,147.658,462.834,1,-1,-1,-1
808,62,506.300,251.629,169.899,478.740,1,-1,-1,-1
809,54,1032.126,169.531,317.066,730.886,1,-1,-1,-1
809,56,883.032,189.881,166.946,525.511,1,-1,-1,-1
809,57,790.875,210.989,164.802,459.413,1,-1,-1,-1
809,61,643.312,263.160,148.264,469.364,1,-1,-1,-1
809,62,499.830,245.489,179.087,497.998,1,-1,-1,-1
810,54,1042.396,159.130,316.097,748.526,1,-1,-1,-1
810,56,888.356,181.086,165.089,523.932,1,-1,-1,-1
810,57,790.213,207.472,165.300,460.824,1,-1,-1,-1
810,61,643.752,263.080,150.291,473.994,1,-1,-1,-1
810,62,498.720,231.988,181.289,516.161,1,-1,-1,-1
811,54,1054.846,156.446,314.306,763.900,1,-1,-1,-1
811,56,891.482,181.491,163.895,521.949,1,-1,-1,-1
811,57,788.624,212.095,163.828,457.092,1,-1,-1,-1
811,61,645.641,262.075,151.175,479.102,1,-1,-1,-1
811,62,497.098,233.584,182.942,519.836,1,-1,-1,-1
812,54,1062.703,149.132,312.111,783.228,1,-1,-1,-1
812,56,892.413,180.428,162.343,522.453,1,-1,-1,-1
812,57,790.976,208.321,162.737,460.626,1,-1,-1,-1
812,59,135.910,-16.978,452.561,1039.444,1,-1,-1,-1
812,61,645.483,259.486,152.240,482.673,1,-1,-1,-1
812,62,495.811,234.727,182.476,520.635,1,-1,-1,-1
813,54,1074.540,145.074,311.424,798.534,1,-1,-1,-1
813,56,894.153,181.423,162.997,526.448,1,-1,-1,-1
813,57,789.762,206.436,161.026,463.164,1,-1,-1,-1
813,59,187.933,0.368,383.371,973.964,1,-1,-1,-1
813,61,642.683,259.399,154.234,486.603,1,-1,-1,-1
813,62,495.751,233.532,180.427,520.779,1,-1,-1,-1
814,54,1078.752,137.698,311.022,818.939,1,-1,-1,-1
814,56,894.400,179.543,162.231,530.196,1,-1,-1,-1
814,57,787.858,210.875,161.823,461.375,1,-1,-1,-1
814,59,197.517,16.190,350.959,934.101,1,-1,-1,-1
814,61,640.529,255.165,157.036,493.023,1,-1,-1,-1
814,62,490.716,229.380,179.633,526.158,1,-1,-1,-1
815,54,1086.066,132.709,310.545,842.671,1,-1,-1,-1
815,56,895.273,178.800,161.225,533.232,1,-1,-1,-1
815,57,786.161,213.791,162.140,459.515,1,-1,-1,-1
815,59,205.489,18.617,328.344,912.186,1,-1,-1,-1
815,61,639.532,253.066,159.909,499.585,1,-1,-1,-1
815,62,487.981,227.761,176.159,530.406,1,-1,-1,-1
816,54,1094.893,133.166,313.296,860.669,1,-1,-1,-1
816,56,895.687,177.680,160.758,534.942,1,-1,-1,-1
816,57,782.401,212.822,163.382,459.261,1,-1,-1,-1
816,59,199.979,31.675,319.581,893.361,1,-1,-1,-1
816,61,638.287,253.510,162.823,504.513,1,-1,-1,-1
816,62,477.918,227.770,175.209,538.519,1,-1,-1,-1
817,54,1099.605,131.194,315.410,880.754,1,-1,-1,-1
817,56,893.505,181.720,161.567,534.744,1,-1,-1,-1
817,57,773.426,212.290,165.506,458.930,1,-1,-1,-1
817,59,197.391,33.127,313.502,891.245,1,-1,-1,-1
817,61,634.413,251.784,167.172,511.951,1,-1,-1,-1
817,62,469.550,225.105,178.327,547.943,1,-1,-1,-1
818,54,1109.946,126.533,316.606,902.328,1,-1,-1,-1
818,56,892.232,183.487,163.072,535.031,1,-1,-1,-1
818,57,767.856,213.375,166.513,460.313,1,-1,-1,-1
818,59,190.349,41.053,306.435,891.963,1,-1,-1,-1
818,61,631.001,250.215,171.249,519.355,1,-1,-1,-1
818,62,460.516,222.481,182.795,556.701,1,-1,-1,-1
818,63,1056.600,303.900,105.500,263.400,1,-1,-1,-1
819,54,1117.625,119.809,321.103,922.092,1,-1,-1,-1
819,56,890.825,183.099,164.777,538.266,1,-1,-1,-1
819,57,761.302,213.857,168.494,461.384,1,-1,-1,-1
819,59,177.462,37.829,305.856,902.970,1,-1,-1,-1
819,61,627.473,247.209,173.340,522.945,1,-1,-1,-1
819,62,445.063,222.064,190.704,567.404,1,-1,-1,-1
819,63,1052.840,303.016,103.921,266.667,1,-1,-1,-1
820,54,1125.308,114.551,324.606,944.180,1,-1,-1,-1
820,56,889.970,182.000,163.994,536.195,1,-1,-1,-1
820,57,761.848,213.995,167.298,461.910,1,-1,-1,-1
820,59,170.349,38.028,304.171,919.636,1,-1,-1,-1
820,61,619.154,246.511,177.590,528.077,1,-1,-1,-1
820,62,437.906,214.802,193.489,573.139,1,-1,-1,-1
820,63,1051.802,300.652,103.674,268.755,1,-1,-1,-1
821,54,1127.938,97.175,339.462,968.469,1,-1,-1,-1
821,56,886.815,185.233,164.036,536.038,1,-1,-1,-1
821,57,757.084,214.556,169.166,461.904,1,-1,-1,-1
821,59,162.736,37.926,304.701,936.122,1,-1,-1,-1
821,61,616.862,239.690,179.282,533.038,1,-1,-1,-1
821,62,431.976,211.840,195.705,579.949,1,-1,-1,-1
821,63,1052.775,299.357,103.738,270.841,1,-1,-1,-1
822,54,1134.217,82.411,346.633,987.419,1,-1,-1,-1
822,56,887.446,183.481,164.301,532.630,1,-1,-1,-1
822,57,755.970,220.260,169.888,461.852,1,-1,-1,-1
822,59,149.593,36.509,308.825,958.087,1,-1,-1,-1
822,61,614.198,239.762,180.903,539.240,1,-1,-1,-1
822,62,422.077,214.427,198.002,589.147,1,-1,-1,-1
822,63,1053.439,297.722,103.666,274.124,1,-1,-1,-1
823,54,1144.770,66.690,355.739,1005.356,1,-1,-1,-1
823,56,885.152,186.359,165.229,533.815,1,-1,-1,-1
823,57,754.093,213.009,171.152,463.571,1,-1,-1,-1
823,59,134.708,27.757,314.421,981.968,1,-1,-1,-1
823,61,606.904,236.938,185.021,550.292,1,-1,-1,-1
823,62,411.682,210.272,200.191,594.905,1,-1,-1,-1
823,63,1054.136,295.489,104.825,277.384,1,-1,-1,-1
824,54,1145.545,61.478,372.489,1016.302,1,-1,-1,-1
824,56,888.403,183.599,163.879,533.584,1,-1,-1,-1
824,57,750.619,209.278,172.498,463.062,1,-1,-1,-1
824,59,123.299,25.984,323.066,1000.208,1,-1,-1,-1
824,61,599.783,239.464,189.771,555.173,1,-1,-1,-1
824,62,405.167,203.777,201.789,605.253,1,-1,-1,-1
824,63,1057.148,292.957,104.999,278.871,1,-1,-1,-1
825,54,1144.236,36.378,395.587,1037.843,1,-1,-1,-1
825,56,890.317,181.754,165.091,529.576,1,-1,-1,-1
825,57,748.400,205.907,175.252,463.045,1,-1,-1,-1
825,59,107.201,24.170,330.162,1024.859,1,-1,-1,-1
825,61,599.557,237.014,191.382,562.830,1,-1,-1,-1
825,62,397.658,207.134,208.492,610.124,1,-1,-1,-1
825,63,1060.448,291.865,104.561,280.411,1,-1,-1,-1
826,54,1144.988,26.520,418.324,1050.778,1,-1,-1,-1
826,56,891.724,178.262,165.765,533.109,1,-1,-1,-1
826,57,746.863,203.876,176.502,461.679,1,-1,-1,-1
826,59,90.314,18.568,339.946,1043.581,1,-1,-1,-1
826,61,593.836,238.020,194.190,568.675,1,-1,-1,-1
826,62,390.911,201.191,209.335,616.413,1,-1,-1,-1
826,63,1064.301,292.890,104.047,282.585,1,-1,-1,-1
827,54,1146.116,12.817,446.946,1065.082,1,-1,-1,-1
827,56,892.488,174.912,168.234,535.375,1,-1,-1,-1
827,57,745.179,201.711,178.845,459.535,1,-1,-1,-1
827,59,75.405,13.292,347.744,1056.816,1,-1,-1,-1
827,61,592.480,234.551,196.111,576.977,1,-1,-1,-1
827,62,387.203,199.870,209.268,626.151,1,-1,-1,-1
827,63,1067.924,292.751,103.912,285.060,1,-1,-1,-1
828,54,1150.497,8.679,481.286,1072.903,1,-1,-1,-1
828,56,895.088,173.625,169.705,537.461,1,-1,-1,-1
828,57,744.525,203.332,180.800,458.385,1,-1,-1,-1
828,59,59.326,8.794,357.555,1066.662,1,-1,-1,-1
828,61,592.039,233.125,198.081,583.951,1,-1,-1,-1
828,62,382.711,196.540,208.925,636.140,1,-1,-1,-1
829,54,1150.859,2.200,526.032,1080.893,1,-1,-1,-1
829,56,899.225,173.634,170.542,537.155,1,-1,-1,-1
829,57,744.687,203.665,184.039,461.823,1,-1,-1,-1
829,59,44.604,5.313,367.565,1073.786,1,-1,-1,-1
829,61,590.744,237.623,198.284,589.267,1,-1,-1,-1
829,62,376.442,197.445,211.557,647.674,1,-1,-1,-1
829,63,1078.278,292.408,108.238,295.892,1,-1,-1,-1
830,54,1163.717,7.387,551.644,1080.229,1,-1,-1,-1
830,56,905.753,172.983,170.840,535.434,1,-1,-1,-1
830,57,746.604,207.636,186.367,464.485,1,-1,-1,-1
830,59,28.960,2.592,380.090,1079.142,1,-1,-1,-1
830,61,588.428,237.533,201.098,599.254,1,-1,-1,-1
830,62,368.656,196.991,215.690,658.316,1,-1,-1,-1
831,54,1170.381,0.292,587.940,1085.793,1,-1,-1,-1
831,56,909.422,176.419,170.475,534.103,1,-1,-1,-1
831,57,749.195,204.985,186.290,466.445,1,-1,-1,-1
831,59,18.961,0.633,391.002,1082.893,1,-1,-1,-1
831,61,583.474,236.665,204.833,614.026,1,-1,-1,-1
831,62,363.594,196.955,217.391,669.206,1,-1,-1,-1
832,54,1178.194,3.441,619.649,1085.192,1,-1,-1,-1
832,56,914.696,179.954,169.291,530.924,1,-1,-1,-1
832,57,753.238,204.690,187.527,467.852,1,-1,-1,-1
832,59,9.798,-0.764,400.129,1085.502,1,-1,-1,-1
832,61,580.888,234.011,208.648,626.065,1,-1,-1,-1
832,62,361.744,199.568,218.842,677.480,1,-1,-1,-1
833,54,1169.653,8.093,670.794,1082.518,1,-1,-1,-1
833,56,919.882,180.102,170.223,530.544,1,-1,-1,-1
833,57,756.393,210.222,188.137,467.284,1,-1,-1,-1
833,59,3.370,-1.660,404.122,1087.114,1,-1,-1,-1
833,61,583.178,230.279,210.097,631.782,1,-1,-1,-1
833,62,354.910,198.633,224.743,689.855,1,-1,-1,-1
834,54,1171.987,9.470,705.756,1081.242,1,-1,-1,-1
834,56,923.534,178.908,170.634,534.402,1,-1,-1,-1
834,57,763.609,207.587,188.569,464.706,1,-1,-1,-1
834,59,1.292,-2.330,408.538,1088.286,1,-1,-1,-1
834,61,579.762,227.685,215.951,643.439,1,-1,-1,-1
834,62,350.816,198.182,228.020,705.138,1,-1,-1,-1
835,54,1177.177,12.917,724.761,1078.627,1,-1,-1,-1
835,56,929.996,179.458,171.101,535.034,1,-1,-1,-1
835,57,767.869,209.800,190.981,463.681,1,-1,-1,-1
835,59,-1.446,-2.746,409.684,1088.962,1,-1,-1,-1
835,61,580.030,231.629,220.646,643.388,1,-1,-1,-1
835,62,349.046,200.715,230.337,715.641,1,-1,-1,-1
835,63,1105.201,294.938,108.617,298.776,1,-1,-1,-1
836,54,1212.590,6.270,716.506,1081.647,1,-1,-1,-1
836,56,936.997,179.739,169.564,534.992,1,-1,-1,-1
836,57,776.036,215.080,192.215,463.347,1,-1,-1,-1
836,59,-3.729,-2.991,408.667,1089.312,1,-1,-1,-1
836,61,582.010,225.387,223.284,651.814,1,-1,-1,-1
836,62,347.635,201.928,233.380,724.703,1,-1,-1,-1
836,63,1111.755,293.386,107.690,294.459,1,-1,-1,-1
837,54,1248.972,6.889,697.392,1081.661,1,-1,-1,-1
837,56,945.223,184.708,167.553,533.729,1,-1,-1,-1
837,57,782.962,217.283,192.999,462.731,1,-1,-1,-1
837,59,0.240,-3.304,414.505,1089.812,1,-1,-1,-1
837,61,581.914,222.671,226.524,660.174,1,-1,-1,-1
837,62,347.118,202.319,235.681,734.362,1,-1,-1,-1
837,63,1119.045,294.295,107.093,293.577,1,-1,-1,-1
838,54,1278.802,14.235,675.575,1077.641,1,-1,-1,-1
838,56,951.480,187.217,166.880,531.920,1,-1,-1,-1
838,57,789.447,216.503,193.319,462.156,1,-1,-1,-1
838,59,3.052,-3.576,421.930,1090.240,1,-1,-1,-1
838,61,581.666,217.444,230.335,671.395,1,-1,-1,-1
838,62,344.462,198.496,239.820,754.654,1,-1,-1,-1
838,63,1126.048,295.197,107.572,293.353,1,-1,-1,-1
838,64,1300.200,357.300,24.400,92.100,1,-1,-1,-1
839,54,1322.188,22.710,642.552,1071.982,1,-1,-1,-1
839,56,959.415,187.274,166.223,530.833,1,-1,-1,-1
839,57,796.058,215.256,194.484,461.118,1,-1,-1,-1
839,59,1.488,-3.706,425.163,1090.396,1,-1,-1,-1
839,61,581.953,216.987,235.714,679.314,1,-1,-1,-1
839,62,343.911,197.569,245.531,765.866,1,-1,-1,-1
839,63,1133.146,295.079,108.059,293.577,1,-1,-1,-1
839,64,1312.669,359.333,24.159,84.935,1,-1,-1,-1
839,65,1326.200,361.800,24.900,83.600,1,-1,-1,-1
840,54,1347.531,25.017,616.234,1068.615,1,-1,-1,-1
840,56,963.572,187.809,166.876,530.922,1,-1,-1,-1
840,57,800.581,219.041,200.349,459.943,1,-1,-1,-1
840,59,-2.381,-3.700,423.347,1090.291,1,-1,-1,-1
840,61,582.847,215.798,237.671,685.649,1,-1,-1,-1
840,62,341.478,195.281,249.727,778.023,1,-1,-1,-1
840,63,1139.445,293.233,108.308,294.890,1,-1,-1,-1
840,64,1314.198,361.511,23.310,80.302,1,-1,-1,-1
840,65,1330.112,358.834,25.675,84.532,1,-1,-1,-1
841,54,1289.528,56.590,515.008,1014.439,1,-1,-1,-1
841,56,968.943,187.413,167.354,531.206,1,-1,-1,-1
841,57,803.934,214.961,200.303,460.442,1,-1,-1,-1
841,59,2.267,-3.655,420.674,1090.115,1,-1,-1,-1
841,61,586.407,210.424,241.278,699.062,1,-1,-1,-1
841,62,339.131,177.538,259.172,794.879,1,-1,-1,-1
841,63,1147.549,292.490,107.570,296.047,1,-1,-1,-1
841,64,1314.188,361.964,22.444,76.795,1,-1,-1,-1
841,65,1338.088,358.716,26.042,84.379,1,-1,-1,-1
842,54,1298.998,81.664,443.957,961.430,1,-1,-1,-1
842,56,972.914,186.152,168.087,531.543,1,-1,-1,-1
842,57,805.720,219.217,198.879,459.439,1,-1,-1,-1
842,59,-4.193,-3.207,412.395,1089.534,1,-1,-1,-1
842,61,584.683,205.464,248.227,712.531,1,-1,-1,-1
842,62,330.192,168.785,267.704,803.893,1,-1,-1,-1
842,63,1153.995,291.158,107.404,297.727,1,-1,-1,-1
842,64,1322.096,366.411,22.351,76.331,1,-1,-1,-1
842,65,1353.891,360.318,26.342,86.649,1,-1,-1,-1
843,54,1324.940,114.358,397.076,907.162,1,-1,-1,-1
843,56,976.432,184.643,170.452,533.707,1,-1,-1,-1
843,57,807.848,220.029,198.658,461.292,1,-1,-1,-1
843,61,584.776,201.943,250.544,724.113,1,-1,-1,-1
843,62,328.807,158.210,274.840,811.189,1,-1,-1,-1
843,63,1159.668,289.942,108.643,298.276,1,-1,-1,-1
843,64,1317.446,364.652,21.406,73.877,1,-1,-1,-1
843,65,1362.416,358.366,27.014,89.560,1,-1,-1,-1
843,66,1349.100,362.000,24.200,80.100,1,-1,-1,-1
844,54,1353.998,142.223,368.040,874.191,1,-1,-1,-1
844,56,979.646,175.715,172.202,535.222,1,-1,-1,-1
844,57,814.581,217.284,196.354,460.684,1,-1,-1,-1
844,61,585.480,192.776,255.436,739.985,1,-1,-1,-1
844,62,312.530,142.013,283.980,824.673,1,-1,-1,-1
844,63,1162.937,286.253,109.661,299.382,1,-1,-1,-1
844,65,1367.897,355.116,26.858,89.160,1,-1,-1,-1
844,66,1350.630,358.302,24.240,79.797,1,-1,-1,-1
844,67,1383.700,353.100,27.700,89.900,1,-1,-1,-1
845,54,1378.685,155.968,350.400,848.763,1,-1,-1,-1
845,56,984.508,172.213,171.038,531.653,1,-1,-1,-1
845,57,820.902,204.119,194.510,461.028,1,-1,-1,-1
845,61,585.463,182.322,260.724,758.003,1,-1,-1,-1
845,62,310.299,134.309,291.719,840.536,1,-1,-1,-1
845,63,1169.135,283.307,108.864,299.898,1,-1,-1,-1
845,65,1373.129,350.254,27.015,90.280,1,-1,-1,-1
845,66,1349.636,358.553,22.834,75.453,1,-1,-1,-1
845,68,1729.400,343.100,38.800,113.600,1,-1,-1,-1
845,69,1407.400,345.000,27.100,81.000,1,-1,-1,-1
846,54,1401.476,169.079,334.882,828.534,1,-1,-1,-1
846,56,987.923,169.652,170.762,529.149,1,-1,-1,-1
846,57,823.852,195.825,194.754,463.323,1,-1,-1,-1
846,61,584.051,181.127,263.629,767.741,1,-1,-1,-1
846,62,302.582,122.294,296.028,856.215,1,-1,-1,-1
846,63,1174.109,276.830,108.065,303.258,1,-1,-1,-1
846,65,1377.708,347.776,26.860,88.889,1,-1,-1,-1
846,66,1351.706,357.968,21.490,71.385,1,-1,-1,-1
846,68,1736.146,338.197,37.707,114.907,1,-1,-1,-1
846,69,1409.788,345.643,29.824,89.313,1,-1,-1,-1
847,54,1426.742,168.558,321.880,820.871,1,-1,-1,-1
847,56,987.664,160.354,170.805,527.549,1,-1,-1,-1
847,57,826.817,189.826,195.941,464.613,1,-1,-1,-1
847,61,581.542,177.089,268.461,789.276,1,-1,-1,-1
847,62,300.811,114.943,297.534,874.450,1,-1,-1,-1
847,63,1177.736,272.748,107.792,303.713,1,-1,-1,-1
847,66,1351.542,354.175,21.506,73.975,1,-1,-1,-1
847,67,1375.033,343.067,28.335,94.767,1,-1,-1,-1
847,68,1739.136,330.618,38.103,117.140,1,-1,-1,-1
848,54,1439.794,170.635,313.159,815.764,1,-1,-1,-1
848,56,986.624,155.145,170.738,528.771,1,-1,-1,-1
848,57,823.272,183.864,198.046,468.202,1,-1,-1,-1
848,61,579.621,167.604,269.736,809.248,1,-1,-1,-1
848,62,293.587,102.576,302.497,889.217,1,-1,-1,-1
848,63,1181.201,269.305,106.894,305.063,1,-1,-1,-1
848,67,1376.733,340.614,27.837,95.226,1,-1,-1,-1
848,68,1743.115,328.188,37.920,116.444,1,-1,-1,-1
848,69,1420.379,324.835,41.223,119.684,1,-1,-1,-1
849,54,1457.661,170.287,306.577,828.405,1,-1,-1,-1
849,56,984.099,151.643,171.727,528.699,1,-1,-1,-1
849,57,824.583,188.943,198.006,468.323,1,-1,-1,-1
849,61,578.423,158.014,270.699,820.772,1,-1,-1,-1
849,62,282.907,89.163,310.305,900.697,1,-1,-1,-1
849,63,1181.602,265.982,107.531,308.318,1,-1,-1,-1
849,65,1404.279,334.131,28.242,93.508,1,-1,-1,-1
849,67,1375.697,341.353,26.721,91.231,1,-1,-1,-1
849,68,1750.789,329.572,37.326,112.525,1,-1,-1,-1
849,69,1424.492,322.966,40.074,119.721,1,-1,-1,-1
850,54,1468.826,175.338,300.994,828.282,1,-1,-1,-1
850,56,983.033,147.700,171.652,528.823,1,-1,-1,-1
850,57,820.726,189.511,198.795,467.544,1,-1,-1,-1
850,61,574.079,153.293,273.692,834.896,1,-1,-1,-1
850,62,271.707,94.186,318.082,918.358,1,-1,-1,-1
850,63,1181.104,261.160,106.608,308.663,1,-1,-1,-1
850,66,1353.951,341.600,21.367,74.207,1,-1,-1,-1
850,67,1370.583,336.626,25.362,86.941,1,-1,-1,-1
850,69,1423.668,319.814,39.620,120.788,1,-1,-1,-1
850,70,1387.000,333.900,25.700,84.800,1,-1,-1,-1
851,54,1485.082,171.299,309.755,843.873,1,-1,-1,-1
851,56,983.001,143.332,170.824,528.762,1,-1,-1,-1
851,57,822.848,178.251,197.231,468.474,1,-1,-1,-1
851,61,560.197,144.968,282.472,863.739,1,-1,-1,-1
851,62,257.048,83.037,319.860,946.622,1,-1,-1,-1
851,63,1180.571,258.910,105.751,308.165,1,-1,-1,-1
851,65,1421.112,320.553,33.456,109.876,1,-1,-1,-1
851,66,1354.714,335.473,21.690,75.750,1,-1,-1,-1
851,67,1368.105,332.633,25.168,83.835,1,-1,-1,-1
851,70,1393.039,326.902,25.920,86.396,1,-1,-1,-1
852,54,1498.404,171.327,309.241,854.884,1,-1,-1,-1
852,56,984.565,138.092,170.790,524.578,1,-1,-1,-1
852,57,821.545,172.003,195.475,468.243,1,-1,-1,-1
852,61,549.543,133.475,290.498,893.004,1,-1,-1,-1
852,62,244.025,68.876,325.583,972.408,1,-1,-1,-1
852,63,1180.174,253.092,104.781,307.695,1,-1,-1,-1
852,65,1422.711,315.281,35.002,114.308,1,-1,-1,-1
852,66,1356.667,332.178,21.446,73.309,1,-1,-1,-1
852,67,1370.429,329.991,24.646,82.028,1,-1,-1,-1
852,70,1397.183,322.081,26.638,90.226,1,-1,-1,-1
853,54,1506.603,159.003,311.278,874.305,1,-1,-1,-1
853,56,983.490,135.026,170.961,528.203,1,-1,-1,-1
853,57,820.150,168.278,194.252,468.853,1,-1,-1,-1
853,61,539.690,121.850,297.173,917.461,1,-1,-1,-1
853,62,231.636,52.909,336.613,1002.948,1,-1,-1,-1
853,63,1177.764,248.150,104.008,310.236,1,-1,-1,-1
853,65,1421.280,310.808,36.332,117.138,1,-1,-1,-1
853,66,1355.121,327.459,22.195,75.361,1,-1,-1,-1
853,67,1369.725,325.822,25.116,84.263,1,-1,-1,-1
854,54,1517.240,154.556,311.581,888.177,1,-1,-1,-1
854,56,980.539,130.894,171.597,530.356,1,-1,-1,-1
854,57,813.203,168.518,193.840,465.876,1,-1,-1,-1
854,61,539.452,112.791,304.668,939.104,1,-1,-1,-1
854,62,209.914,39.251,344.995,1026.049,1,-1,-1,-1
854,63,1177.085,243.581,103.050,315.032,1,-1,-1,-1
854,65,1419.401,307.760,37.049,118.815,1,-1,-1,-1
854,66,1353.404,324.506,23.306,78.157,1,-1,-1,-1
854,67,1365.908,320.046,31.392,91.613,1,-1,-1,-1
855,54,1529.131,147.840,313.441,903.361,1,-1,-1,-1
855,56,978.279,128.601,171.197,530.332,1,-1,-1,-1
855,57,811.259,164.042,193.264,465.488,1,-1,-1,-1
855,61,532.254,101.330,314.239,947.764,1,-1,-1,-1
855,62,193.985,22.904,353.981,1047.133,1,-1,-1,-1
855,63,1174.538,238.980,103.317,317.313,1,-1,-1,-1
855,65,1418.136,304.530,37.641,120.898,1,-1,-1,-1
855,66,1352.467,322.158,23.483,79.052,1,-1,-1,-1
855,67,1366.574,318.275,30.551,90.880,1,-1,-1,-1
855,69,1456.167,312.790,32.945,87.421,1,-1,-1,-1
856,54,1536.028,130.888,322.252,927.478,1,-1,-1,-1
856,56,976.461,126.738,170.327,530.473,1,-1,-1,-1
856,57,809.516,162.335,192.532,467.545,1,-1,-1,-1
856,61,524.253,89.821,321.822,962.393,1,-1,-1,-1
856,62,170.083,15.766,365.443,1060.860,1,-1,-1,-1
856,63,1170.458,235.121,103.957,320.791,1,-1,-1,-1
856,66,1352.087,316.096,24.055,81.926,1,-1,-1,-1
856,67,1365.593,314.232,29.582,91.562,1,-1,-1,-1
856,69,1460.617,314.787,29.922,77.463,1,-1,-1,-1
856,70,1410.791,300.335,36.451,120.787,1,-1,-1,-1
856,71,1378.200,308.000,40.800,99.400,1,-1,-1,-1
857,54,1541.973,113.731,329.578,948.689,1,-1,-1,-1
857,56,972.801,125.827,169.469,530.075,1,-1,-1,-1
857,57,804.434,161.527,192.385,464.308,1,-1,-1,-1
857,61,512.712,80.835,330.691,971.179,1,-1,-1,-1
857,62,143.596,20.219,371.655,1064.503,1,-1,-1,-1
857,63,1167.860,231.530,104.491,321.295,1,-1,-1,-1
857,66,1348.300,310.304,24.282,84.730,1,-1,-1,-1
857,67,1361.900,309.220,28.771,92.289,1,-1,-1,-1
857,69,1461.109,317.316,27.834,72.295,1,-1,-1,-1
857,70,1408.499,297.485,37.816,123.558,1,-1,-1,-1
858,54,1550.415,99.882,335.976,966.183,1,-1,-1,-1
858,56,970.509,124.781,169.533,530.390,1,-1,-1,-1
858,57,799.369,156.505,193.767,464.638,1,-1,-1,-1
858,61,493.972,62.525,339.769,993.184,1,-1,-1,-1
858,62,105.244,18.258,390.403,1069.343,1,-1,-1,-1
858,63,1165.215,229.307,103.756,321.793,1,-1,-1,-1
858,65,1445.117,300.623,34.568,103.105,1,-1,-1,-1
858,66,1344.958,308.014,23.982,85.070,1,-1,-1,-1
858,67,1359.556,306.236,27.763,90.786,1,-1,-1,-1
858,70,1405.605,293.865,38.893,124.380,1,-1,-1,-1
858,71,1372.558,310.419,28.185,84.662,1,-1,-1,-1
858,72,1319.000,312.100,22.000,76.900,1,-1,-1,-1
859,54,1554.832,92.520,345.503,978.573,1,-1,-1,-1
859,56,965.822,119.733,170.902,531.360,1,-1,-1,-1
859,57,796.094,152.716,194.278,464.908,1,-1,-1,-1
859,61,481.398,47.498,354.490,1016.655,1,-1,-1,-1
859,62,85.684,14.510,403.468,1073.907,1,-1,-1,-1
859,63,1162.727,222.921,104.493,323.429,1,-1,-1,-1
859,65,1452.191,302.801,32.813,91.747,1,-1,-1,-1
859,66,1339.446,304.530,23.718,85.816,1,-1,-1,-1
859,67,1357.961,303.586,27.011,89.503,1,-1,-1,-1
859,70,1401.051,291.055,39.479,125.396,1,-1,-1,-1
859,71,1375.796,308.261,25.755,84.503,1,-1,-1,-1
859,72,1321.229,307.071,24.242,82.758,1,-1,-1,-1
859,73,1434.700,304.000,29.600,78.300,1,-1,-1,-1
860,54,1560.079,83.024,353.129,990.140,1,-1,-1,-1
860,56,963.709,116.251,171.371,530.585,1,-1,-1,-1
860,57,794.930,149.537,191.682,471.085,1,-1,-1,-1
860,61,465.935,42.618,362.334,1029.899,1,-1,-1,-1
860,62,61.755,3.497,411.005,1082.336,1,-1,-1,-1
860,63,1160.017,219.526,105.136,324.525,1,-1,-1,-1
860,66,1339.235,301.888,24.268,85.242,1,-1,-1,-1
860,67,1356.446,300.332,26.169,88.376,1,-1,-1,-1
860,70,1396.715,286.640,39.308,124.631,1,-1,-1,-1
860,72,1323.194,304.311,24.376,82.385,1,-1,-1,-1
860,73,1440.560,303.738,28.179,73.824,1,-1,-1,-1
861,54,1568.487,74.622,353.895,999.759,1,-1,-1,-1
861,56,963.133,116.585,172.158,531.399,1,-1,-1,-1
861,57,794.028,144.814,192.588,473.321,1,-1,-1,-1
861,61,452.638,31.670,368.450,1043.431,1,-1,-1,-1
861,62,36.006,-2.080,419.215,1088.340,1,-1,-1,-1
861,63,1158.394,215.757,105.570,325.243,1,-1,-1,-1
861,65,1454.860,297.761,29.703,85.630,1,-1,-1,-1
861,66,1341.944,298.257,24.815,85.074,1,-1,-1,-1
861,67,1357.976,296.680,25.586,88.045,1,-1,-1,-1
861,70,1393.337,283.354,39.261,124.140,1,-1,-1,-1
861,71,1374.930,297.834,26.390,87.741,1,-1,-1,-1
861,72,1322.725,299.425,24.432,81.896,1,-1,-1,-1
861,73,1438.990,303.656,26.562,70.211,1,-1,-1,-1
862,54,1583.237,66.981,347.327,1007.965,1,-1,-1,-1
862,56,966.135,113.216,170.479,531.886,1,-1,-1,-1
862,57,790.821,138.548,190.562,472.706,1,-1,-1,-1
862,61,439.256,20.522,385.368,1056.720,1,-1,-1,-1
862,62,17.687,-5.082,424.615,1092.428,1,-1,-1,-1
862,63,1160.071,212.426,103.817,328.058,1,-1,-1,-1
862,65,1452.204,297.229,28.780,79.491,1,-1,-1,-1
862,66,1342.557,296.561,24.920,83.850,1,-1,-1,-1
862,70,1392.560,281.657,39.493,124.158,1,-1,-1,-1
862,71,1369.626,295.642,25.473,85.954,1,-1,-1,-1
862,72,1320.291,298.092,23.221,78.563,1,-1,-1,-1
862,73,1435.573,302.280,26.118,71.060,1,-1,-1,-1
863,54,1598.957,67.541,337.000,1011.128,1,-1,-1,-1
863,56,968.199,110.743,169.116,532.399,1,-1,-1,-1
863,57,792.749,140.419,189.186,470.293,1,-1,-1,-1
863,61,421.429,9.197,398.972,1068.965,1,-1,-1,-1
863,62,2.093,-6.820,428.527,1095.223,1,-1,-1,-1
863,63,1161.952,209.069,103.078,331.203,1,-1,-1,-1
863,65,1454.551,296.122,28.780,76.465,1,-1,-1,-1
863,66,1345.062,295.602,24.976,83.657,1,-1,-1,-1
863,70,1391.340,280.177,40.096,123.264,1,-1,-1,-1
863,71,1366.900,294.409,25.122,85.586,1,-1,-1,-1
863,72,1318.355,296.540,22.377,76.265,1,-1,-1,-1
864,54,1606.959,63.820,329.133,1015.411,1,-1,-1,-1
864,56,966.026,115.443,168.770,528.989,1,-1,-1,-1
864,57,794.591,136.845,186.451,470.032,1,-1,-1,-1
864,61,409.590,2.536,409.111,1077.706,1,-1,-1,-1
864,62,-9.126,-7.755,423.834,1096.882,1,-1,-1,-1
864,63,1164.185,207.276,102.559,333.674,1,-1,-1,-1
864,65,1456.316,294.924,28.257,74.339,1,-1,-1,-1
864,66,1339.451,294.280,23.935,83.621,1,-1,-1,-1
864,67,1350.166,292.193,28.737,89.398,1,-1,-1,-1
864,70,1391.927,279.433,39.744,123.284,1,-1,-1,-1
864,72,1316.844,296.990,21.320,74.046,1,-1,-1,-1
864,73,1437.846,295.835,26.254,72.082,1,-1,-1,-1
865,54,1624.390,51.188,315.522,1023.912,1,-1,-1,-1
865,56,968.710,111.713,166.783,527.051,1,-1,-1,-1
865,57,794.084,139.579,184.232,469.240,1,-1,-1,-1
865,61,394.823,-1.445,422.093,1084.032,1,-1,-1,-1
865,62,-12.001,-8.339,420.533,1098.013,1,-1,-1,-1
865,63,1165.688,204.454,103.122,335.598,1,-1,-1,-1
865,65,1455.211,294.543,27.743,71.046,1,-1,-1,-1
865,66,1339.744,294.108,24.097,82.690,1,-1,-1,-1
865,70,1395.493,277.974,39.511,122.722,1,-1,-1,-1
865,71,1359.062,294.156,24.087,81.929,1,-1,-1,-1
865,72,1318.184,297.420,21.292,73.929,1,-1,-1,-1
865,74,1613.200,285.400,27.000,98.100,1,-1,-1,-1
866,54,1655.040,65.665,292.546,1019.217,1,-1,-1,-1
866,56,971.731,109.328,166.212,525.910,1,-1,-1,-1
866,57,795.695,136.070,182.385,471.408,1,-1,-1,-1
866,61,380.234,-3.886,433.262,1088.398,1,-1,-1,-1
866,62,-21.540,-8.513,404.099,1098.388,1,-1,-1,-1
866,63,1168.148,203.387,102.924,337.782,1,-1,-1,-1
866,65,1459.051,293.133,27.081,71.747,1,-1,-1,-1
866,66,1336.049,293.450,23.709,83.057,1,-1,-1,-1
866,70,1396.885,275.470,38.988,122.233,1,-1,-1,-1
866,71,1360.715,293.061,24.213,83.637,1,-1,-1,-1
866,72,1319.102,297.313,21.059,73.479,1,-1,-1,-1
866,73,1444.412,294.970,26.252,73.333,1,-1,-1,-1
866,74,1617.019,275.815,32.361,109.171,1,-1,-1,-1
866,75,1425.600,281.600,27.100,94.200,1,-1,-1,-1
867,56,974.036,109.002,165.434,524.269,1,-1,-1,-1
867,57,795.844,135.425,180.577,470.485,1,-1,-1,-1
867,61,361.810,-5.474,445.430,1091.476,1,-1,-1,-1
867,62,-18.559,-8.590,391.550,1098.588,1,-1,-1,-1
867,63,1171.191,203.215,102.510,340.643,1,-1,-1,-1
867,66,1334.894,291.583,24.494,85.492,1,-1,-1,-1
867,70,1397.562,275.704,39.377,122.142,1,-1,-1,-1
867,71,1360.042,292.845,24.684,85.266,1,-1,-1,-1
867,72,1321.480,294.926,22.032,77.311,1,-1,-1,-1
867,73,1450.917,294.421,25.979,69.066,1,-1,-1,-1
867,74,1619.563,275.289,34.813,114.170,1,-1,-1,-1
868,56,976.372,109.399,163.962,523.601,1,-1,-1,-1
868,57,797.531,137.258,180.404,472.590,1,-1,-1,-1
868,61,338.651,-6.505,456.922,1093.590,1,-1,-1,-1
868,63,1173.316,204.311,101.607,342.021,1,-1,-1,-1
868,66,1332.727,289.805,25.242,87.014,1,-1,-1,-1
868,70,1398.671,274.202,39.554,122.287,1,-1,-1,-1
868,71,1359.852,292.442,25.156,87.060,1,-1,-1,-1
868,73,1454.989,293.471,26.254,67.574,1,-1,-1,-1
868,74,1620.290,273.153,35.144,112.985,1,-1,-1,-1
869,56,977.775,110.396,162.800,521.530,1,-1,-1,-1
869,57,795.434,139.350,179.850,475.557,1,-1,-1,-1
869,61,311.169,-7.184,469.079,1095.049,1,-1,-1,-1
869,63,1175.745,204.706,101.420,343.284,1,-1,-1,-1
869,66,1331.342,289.076,25.734,87.457,1,-1,-1,-1
869,70,1399.622,272.491,40.031,124.041,1,-1,-1,-1
869,71,1364.501,291.475,25.529,84.775,1,-1,-1,-1
869,73,1457.114,292.324,26.819,67.144,1,-1,-1,-1
869,74,1622.048,271.794,35.302,111.999,1,-1,-1,-1
870,56,978.284,112.027,162.308,520.455,1,-1,-1,-1
870,57,795.154,141.245,179.824,477.717,1,-1,-1,-1
870,61,267.825,-1.476,490.738,1092.170,1,-1,-1,-1
870,63,1175.343,202.673,102.368,346.785,1,-1,-1,-1
870,66,1330.967,288.604,26.081,87.307,1,-1,-1,-1
870,70,1400.995,270.928,39.846,123.783,1,-1,-1,-1
870,71,1360.958,290.834,25.758,86.042,1,-1,-1,-1
870,73,1456.840,291.581,27.045,65.744,1,-1,-1,-1
870,74,1623.416,271.464,35.905,110.885,1,-1,-1,-1
871,56,976.262,117.729,164.624,521.875,1,-1,-1,-1
871,57,797.298,147.094,179.018,477.163,1,-1,-1,-1
871,61,235.354,-4.400,508.770,1093.676,1,-1,-1,-1
871,63,1177.065,205.371,101.718,347.003,1,-1,-1,-1
871,66,1330.274,289.188,26.334,87.423,1,-1,-1,-1
871,70,1402.565,271.246,39.791,123.886,1,-1,-1,-1
871,71,1364.549,291.184,26.566,85.711,1,-1,-1,-1
871,73,1458.858,292.085,27.184,65.779,1,-1,-1,-1
871,74,1624.198,271.867,36.171,110.178,1,-1,-1,-1
871,76,1801.800,266.800,38.100,116.500,1,-1,-1,-1
871,77,1862.600,272.700,38.800,91.600,1,-1,-1,-1
872,56,976.398,120.697,162.949,524.415,1,-1,-1,-1
872,57,799.376,156.130,175.960,477.270,1,-1,-1,-1
872,61,191.201,3.924,524.375,1088.612,1,-1,-1,-1
872,63,1178.726,208.505,101.352,347.111,1,-1,-1,-1
872,66,1331.246,289.605,26.636,87.978,1,-1,-1,-1
872,70,1402.841,273.045,39.902,124.873,1,-1,-1,-1
872,71,1364.312,291.691,26.961,85.128,1,-1,-1,-1
872,73,1459.752,293.170,27.084,66.434,1,-1,-1,-1
872,74,1625.348,273.524,35.992,108.884,1,-1,-1,-1
872,76,1801.041,266.777,38.818,118.146,1,-1,-1,-1
872,77,1860.662,272.588,40.476,98.024,1,-1,-1,-1
873,56,976.721,122.088,162.925,525.349,1,-1,-1,-1
873,57,799.680,158.245,174.493,476.605,1,-1,-1,-1
873,61,158.801,-1.065,543.029,1090.678,1,-1,-1,-1
873,63,1179.111,211.678,102.029,347.345,1,-1,-1,-1
873,66,1331.486,290.282,26.672,87.646,1,-1,-1,-1
873,70,1403.239,274.288,40.156,124.878,1,-1,-1,-1
873,71,1364.048,292.403,27.105,83.816,1,-1,-1,-1
873,73,1459.497,294.229,27.100,65.733,1,-1,-1,-1
873,74,1626.755,274.776,35.904,108.001,1,-1,-1,-1
873,76,1803.490,265.743,39.895,119.179,1,-1,-1,-1
873,77,1860.944,272.701,40.254,98.540,1,-1,-1,-1
874,56,976.661,125.103,162.542,524.535,1,-1,-1,-1
874,57,799.274,163.961,174.350,473.932,1,-1,-1,-1
874,61,114.071,-1.706,565.640,1091.130,1,-1,-1,-1
874,63,1180.217,212.549,102.452,349.362,1,-1,-1,-1
874,66,1332.092,290.242,26.875,88.139,1,-1,-1,-1
874,70,1403.701,274.154,40.301,124.924,1,-1,-1,-1
874,71,1361.075,293.274,26.904,85.276,1,-1,-1,-1
874,73,1458.274,294.725,27.129,65.413,1,-1,-1,-1
874,74,1628.285,275.355,35.998,107.818,1,-1,-1,-1
874,76,1808.455,264.432,41.295,121.155,1,-1,-1,-1
874,77,1861.062,271.232,39.793,97.901,1,-1,-1,-1
875,56,976.569,127.054,162.651,524.836,1,-1,-1,-1
875,57,798.717,163.334,172.842,470.033,1,-1,-1,-1
875,61,54.624,2.632,597.366,1088.439,1,-1,-1,-1
875,63,1181.904,213.538,103.342,351.166,1,-1,-1,-1
875,66,1333.592,291.603,26.674,88.070,1,-1,-1,-1
875,70,1404.021,274.460,40.475,124.490,1,-1,-1,-1
875,71,1360.032,294.369,26.773,86.062,1,-1,-1,-1
875,73,1456.119,295.212,27.200,63.959,1,-1,-1,-1
875,74,1628.713,275.485,35.564,107.604,1,-1,-1,-1
875,76,1813.793,265.622,41.447,121.753,1,-1,-1,-1
875,77,1861.125,271.215,40.161,99.858,1,-1,-1,-1
875,78,1136.600,282.900,45.800,124.200,1,-1,-1,-1
876,56,975.875,128.973,161.905,524.414,1,-1,-1,-1
876,57,799.757,164.151,171.817,468.478,1,-1,-1,-1
876,61,22.580,1.571,615.872,1088.547,1,-1,-1,-1
876,63,1182.720,213.449,103.779,353.816,1,-1,-1,-1
876,66,1333.920,291.737,26.587,88.355,1,-1,-1,-1
876,70,1404.804,275.107,40.676,123.976,1,-1,-1,-1
876,71,1364.438,293.704,26.748,84.954,1,-1,-1,-1
876,73,1455.689,295.443,27.036,63.431,1,-1,-1,-1
876,74,1629.268,275.721,35.487,107.700,1,-1,-1,-1
876,76,1817.118,266.515,41.869,122.739,1,-1,-1,-1
876,77,1861.546,272.053,39.918,101.540,1,-1,-1,-1
876,78,1137.962,284.911,45.075,119.077,1,-1,-1,-1
877,56,974.227,134.869,161.836,525.848,1,-1,-1,-1
877,57,799.461,167.997,172.252,468.087,1,-1,-1,-1
877,61,5.951,11.337,625.767,1082.303,1,-1,-1,-1
877,63,1182.971,211.992,104.185,356.738,1,-1,-1,-1
877,66,1333.529,291.837,26.495,88.748,1,-1,-1,-1
877,70,1404.673,276.256,40.519,122.680,1,-1,-1,-1
877,71,1365.296,293.730,26.763,84.014,1,-1,-1,-1
877,72,1320.590,294.183,24.683,87.169,1,-1,-1,-1
877,73,1457.037,295.813,27.040,62.976,1,-1,-1,-1
877,74,1629.744,276.043,35.213,107.281,1,-1,-1,-1
877,76,1820.167,267.986,41.705,123.037,1,-1,-1,-1
877,77,1860.716,273.305,39.417,102.995,1,-1,-1,-1
877,78,1137.084,285.347,46.762,121.059,1,-1,-1,-1
877,79,572.500,161.100,180.500,493.400,1,-1,-1,-1
878,56,972.351,138.043,161.173,525.392,1,-1,-1,-1
878,57,798.098,164.710,172.460,468.045,1,-1,-1,-1
878,61,-0.729,7.787,634.834,1082.887,1,-1,-1,-1
878,63,1183.301,211.070,104.972,358.892,1,-1,-1,-1
878,66,1332.712,291.376,26.250,88.510,1,-1,-1,-1
878,70,1404.380,276.853,40.509,121.780,1,-1,-1,-1
878,71,1365.789,293.707,26.842,83.499,1,-1,-1,-1
878,73,1457.734,296.366,27.466,63.393,1,-1,-1,-1
878,74,1628.777,275.010,35.448,106.988,1,-1,-1,-1
878,76,1822.175,270.149,41.603,122.776,1,-1,-1,-1
878,77,1858.770,273.902,39.552,104.664,1,-1,-1,-1
878,78,1135.126,285.189,47.313,121.737,1,-1,-1,-1
878,79,564.244,140.335,187.313,522.331,1,-1,-1,-1
879,56,971.576,137.168,159.752,523.370,1,-1,-1,-1
879,57,796.555,165.125,172.723,471.187,1,-1,-1,-1
879,61,-14.427,0.648,626.583,1086.449,1,-1,-1,-1
879,63,1183.376,209.004,106.608,361.884,1,-1,-1,-1
879,66,1331.224,291.254,26.184,88.425,1,-1,-1,-1
879,70,1403.256,276.759,40.467,121.334,1,-1,-1,-1
879,71,1361.987,294.503,26.488,84.480,1,-1,-1,-1
879,73,1457.400,296.286,27.784,63.181,1,-1,-1,-1
879,74,1627.262,274.795,35.641,107.532,1,-1,-1,-1
879,76,1821.344,270.964,41.440,121.426,1,-1,-1,-1
879,77,1855.983,273.272,39.685,106.052,1,-1,-1,-1
879,78,1135.344,285.446,46.872,120.697,1,-1,-1,-1
879,79,556.124,134.766,189.524,530.281,1,-1,-1,-1
879,80,1802.400,281.300,32.800,98.700,1,-1,-1,-1
880,56,969.650,136.878,158.904,521.473,1,-1,-1,-1
880,57,794.811,164.486,172.951,472.042,1,-1,-1,-1
880,63,1182.684,206.295,108.734,363.914,1,-1,-1,-1
880,66,1330.776,291.321,26.277,88.600,1,-1,-1,-1
880,70,1402.089,276.606,40.401,121.043,1,-1,-1,-1
880,71,1362.292,293.767,27.000,84.863,1,-1,-1,-1
880,73,1458.084,296.644,28.192,63.006,1,-1,-1,-1
880,74,1626.543,273.748,35.487,107.639,1,-1,-1,-1
880,76,1828.812,271.041,39.719,118.369,1,-1,-1,-1
880,78,1134.399,284.303,46.607,121.073,1,-1,-1,-1
880,79,541.610,130.850,199.782,543.275,1,-1,-1,-1
880,80,1810.927,275.380,38.444,111.340,1,-1,-1,-1
881,56,965.059,136.208,159.737,517.642,1,-1,-1,-1
881,57,792.910,159.950,173.659,474.971,1,-1,-1,-1
881,63,1183.630,203.694,110.061,365.798,1,-1,-1,-1
881,66,1332.840,290.863,26.577,89.350,1,-1,-1,-1
881,70,1401.821,276.212,40.004,120.725,1,-1,-1,-1
881,71,1359.052,293.744,27.070,87.005,1,-1,-1,-1
881,73,1457.133,297.229,27.968,62.852,1,-1,-1,-1
881,74,1624.953,273.397,34.992,107.147,1,-1,-1,-1
881,76,1830.445,270.570,38.860,117.634,1,-1,-1,-1
881,78,1134.361,283.484,45.801,120.555,1,-1,-1,-1
881,79,530.038,128.660,205.896,551.628,1,-1,-1,-1
881,80,1808.643,275.221,38.794,112.176,1,-1,-1,-1
882,56,959.234,131.466,160.100,517.751,1,-1,-1,-1
882,57,793.763,153.413,172.845,478.763,1,-1,-1,-1
882,63,1183.173,202.103,112.133,367.464,1,-1,-1,-1
882,66,1332.719,290.814,26.564,89.680,1,-1,-1,-1
882,70,1400.699,277.191,40.052,120.732,1,-1,-1,-1
882,71,1358.338,294.017,26.753,88.192,1,-1,-1,-1
882,72,1318.234,291.216,25.634,89.151,1,-1,-1,-1
882,73,1456.818,298.001,27.549,62.759,1,-1,-1,-1
882,74,1620.963,274.632,35.047,107.595,1,-1,-1,-1
882,76,1831.273,270.977,39.237,118.027,1,-1,-1,-1
882,78,1133.243,282.950,45.210,120.533,1,-1,-1,-1
882,79,520.762,129.457,210.139,557.437,1,-1,-1,-1
882,80,1809.217,276.421,39.060,111.966,1,-1,-1,-1
883,56,955.770,128.609,160.396,518.327,1,-1,-1,-1
883,57,789.260,153.059,172.243,477.512,1,-1,-1,-1
883,63,1182.974,203.828,113.296,366.842,1,-1,-1,-1
883,66,1333.109,291.240,26.616,90.452,1,-1,-1,-1
883,70,1398.866,278.069,40.132,119.946,1,-1,-1,-1
883,71,1361.208,293.718,27.062,87.760,1,-1,-1,-1
883,72,1319.030,291.057,25.464,88.754,1,-1,-1,-1
883,73,1456.501,298.599,26.571,63.043,1,-1,-1,-1
883,74,1617.818,275.990,35.310,107.640,1,-1,-1,-1
883,76,1831.008,270.669,40.026,119.862,1,-1,-1,-1
883,78,1132.136,281.808,45.096,120.668,1,-1,-1,-1
883,79,507.688,123.462,218.791,570.299,1,-1,-1,-1
883,80,1804.796,277.935,37.767,108.848,1,-1,-1,-1
883,81,1430.200,289.800,30.100,78.300,1,-1,-1,-1
884,56,950.554,123.604,164.353,520.522,1,-1,-1,-1
884,57,784.629,154.188,173.337,475.765,1,-1,-1,-1
884,63,1182.318,204.099,112.419,369.210,1,-1,-1,-1
884,66,1334.495,293.595,26.456,91.089,1,-1,-1,-1
884,70,1397.506,278.254,40.186,119.707,1,-1,-1,-1
884,71,1359.871,294.407,27.229,87.244,1,-1,-1,-1
884,72,1318.677,293.191,24.735,88.513,1,-1,-1,-1
884,73,1452.030,298.877,26.570,64.301,1,-1,-1,-1
884,74,1613.938,276.489,34.904,107.561,1,-1,-1,-1
884,76,1829.995,269.650,41.214,122.326,1,-1,-1,-1
884,78,1130.482,280.679,45.316,121.969,1,-1,-1,-1
884,79,491.676,124.347,225.573,581.522,1,-1,-1,-1
884,80,1801.504,278.085,35.924,105.726,1,-1,-1,-1
884,81,1431.498,290.278,29.404,83.242,1,-1,-1,-1
885,56,943.394,121.419,166.326,520.646,1,-1,-1,-1
885,57,776.956,148.778,173.248,480.136,1,-1,-1,-1
885,63,1181.172,199.305,112.388,371.675,1,-1,-1,-1
885,66,1334.610,294.263,26.376,92.319,1,-1,-1,-1
885,70,1393.449,278.284,40.115,120.237,1,-1,-1,-1
885,71,1354.710,295.330,27.414,88.217,1,-1,-1,-1
885,72,1319.851,293.089,24.668,89.318,1,-1,-1,-1
885,73,1452.976,301.419,26.307,66.312,1,-1,-1,-1
885,74,1610.893,278.754,34.729,108.616,1,-1,-1,-1
885,76,1828.218,269.008,42.494,124.134,1,-1,-1,-1
885,78,1129.062,280.184,44.734,123.922,1,-1,-1,-1
885,79,482.120,127.966,231.777,579.560,1,-1,-1,-1
885,80,1799.428,278.349,35.642,106.657,1,-1,-1,-1
885,81,1437.417,294.662,27.654,81.506,1,-1,-1,-1
885,82,1369.400,291.000,26.800,98.900,1,-1,-1,-1
886,56,937.398,122.015,167.218,521.153,1,-1,-1,-1
886,57,775.178,150.657,174.569,479.110,1,-1,-1,-1
886,63,1176.698,199.500,114.142,374.919,1,-1,-1,-1
886,66,1335.498,294.581,26.682,93.574,1,-1,-1,-1
886,70,1391.185,278.806,39.798,120.085,1,-1,-1,-1
886,72,1321.446,293.177,24.897,89.963,1,-1,-1,-1
886,73,1457.775,302.921,25.498,66.382,1,-1,-1,-1
886,74,1608.698,278.556,34.706,109.219,1,-1,-1,-1
886,76,1828.104,269.513,43.693,123.887,1,-1,-1,-1
886,78,1126.109,280.311,44.700,124.326,1,-1,-1,-1
886,79,463.116,123.657,240.474,587.868,1,-1,-1,-1
886,80,1794.520,281.526,35.678,104.861,1,-1,-1,-1
886,81,1445.096,299.373,26.236,73.609,1,-1,-1,-1
886,82,1360.206,289.657,29.590,99.187,1,-1,-1,-1
886,83,1308.100,296.200,24.200,87.600,1,-1,-1,-1
886,84,1772.100,291.200,31.400,88.100,1,-1,-1,-1
887,56,930.919,119.842,169.970,523.840,1,-1,-1,-1
887,57,766.117,155.160,173.939,478.025,1,-1,-1,-1
887,63,1174.117,202.733,113.802,376.436,1,-1,-1,-1
887,66,1333.281,296.766,27.073,94.815,1,-1,-1,-1
887,70,1389.110,283.003,39.276,119.029,1,-1,-1,-1
887,72,1318.066,296.353,25.497,91.965,1,-1,-1,-1
887,74,1605.863,281.286,34.190,108.200,1,-1,-1,-1
887,76,1827.099,271.952,45.352,123.546,1,-1,-1,-1
887,78,1120.846,283.473,43.784,123.192,1,-1,-1,-1
887,79,446.983,113.780,248.533,599.993,1,-1,-1,-1
887,80,1791.549,284.463,34.960,101.838,1,-1,-1,-1
887,81,1452.098,303.357,25.385,67.592,1,-1,-1,-1
887,82,1356.179,295.318,27.878,95.628,1,-1,-1,-1
887,85,1432.900,300.500,28.100,63.100,1,-1,-1,-1
888,56,921.817,116.668,172.184,524.243,1,-1,-1,-1
888,57,756.771,158.997,174.875,474.478,1,-1,-1,-1
888,63,1169.819,204.584,113.580,377.979,1,-1,-1,-1
888,66,1328.746,296.849,27.490,95.523,1,-1,-1,-1
888,70,1382.330,282.723,39.165,120.220,1,-1,-1,-1
888,74,1602.558,283.163,34.020,107.545,1,-1,-1,-1
888,76,1821.219,274.783,45.698,123.245,1,-1,-1,-1
888,78,1115.676,284.861,43.251,121.310,1,-1,-1,-1
888,79,431.253,103.946,255.988,607.866,1,-1,-1,-1
888,80,1781.899,285.757,36.266,101.936,1,-1,-1,-1
888,85,1430.892,304.888,26.716,62.024,1,-1,-1,-1
889,56,910.093,115.743,173.225,524.864,1,-1,-1,-1
889,57,751.577,158.107,177.066,474.159,1,-1,-1,-1
889,63,1165.133,203.698,115.570,379.300,1,-1,-1,-1
889,70,1371.855,281.926,39.653,119.429,1,-1,-1,-1
889,72,1313.265,296.994,27.010,95.601,1,-1,-1,-1
889,74,1598.871,285.057,33.943,106.402,1,-1,-1,-1
889,76,1814.278,279.203,45.532,122.225,1,-1,-1,-1
889,78,1107.626,285.321,42.589,121.514,1,-1,-1,-1
889,79,406.637,99.252,265.760,620.356,1,-1,-1,-1
889,84,1767.349,290.947,35.803,101.206,1,-1,-1,-1
889,85,1430.482,307.863,25.243,58.410,1,-1,-1,-1
889,86,1278.500,303.400,24.000,89.300,1,-1,-1,-1
889,87,1742.900,296.800,27.800,80.900,1,-1,-1,-1
890,56,899.232,117.061,174.258,525.213,1,-1,-1,-1
890,57,741.782,162.127,176.441,473.799,1,-1,-1,-1
890,63,1155.865,204.406,116.194,380.944,1,-1,-1,-1
890,66,1325.268,298.962,28.468,96.777,1,-1,-1,-1
890,70,1361.830,285.287,39.187,118.126,1,-1,-1,-1
890,74,1586.185,286.704,34.037,106.095,1,-1,-1,-1
890,76,1805.529,284.513,45.290,120.011,1,-1,-1,-1
890,78,1097.238,285.752,43.252,121.327,1,-1,-1,-1
890,79,382.793,87.837,270.085,636.108,1,-1,-1,-1
890,83,1305.288,298.934,29.724,99.633,1,-1,-1,-1
890,85,1422.425,307.802,27.019,61.978,1,-1,-1,-1
890,86,1289.547,301.226,25.003,92.249,1,-1,-1,-1
890,87,1751.403,299.040,32.791,92.819,1,-1,-1,-1
890,88,1402.300,302.900,28.100,59.100,1,-1,-1,-1
891,56,883.399,119.028,175.743,528.139,1,-1,-1,-1
891,57,730.609,166.130,176.775,471.170,1,-1,-1,-1
891,63,1142.619,206.893,117.999,382.454,1,-1,-1,-1
891,70,1353.492,288.959,38.770,118.771,1,-1,-1,-1
891,74,1572.741,291.524,34.222,105.977,1,-1,-1,-1
891,76,1795.554,289.803,44.132,119.476,1,-1,-1,-1
891,77,1870.054,289.544,38.816,114.854,1,-1,-1,-1
891,78,1086.780,286.349,43.316,121.956,1,-1,-1,-1
891,79,360.818,79.522,277.640,646.552,1,-1,-1,-1
891,82,1331.428,295.024,28.956,102.636,1,-1,-1,-1
891,83,1301.209,298.178,30.275,102.203,1,-1,-1,-1
891,86,1285.911,297.901,27.801,98.721,1,-1,-1,-1
891,87,1742.261,301.821,35.524,98.763,1,-1,-1,-1
891,88,1408.095,308.626,28.709,61.347,1,-1,-1,-1
892,56,871.368,123.265,179.850,527.066,1,-1,-1,-1
892,57,721.127,171.318,178.963,469.657,1,-1,-1,-1
892,63,1131.147,208.117,120.008,384.449,1,-1,-1,-1
892,70,1354.982,289.876,37.214,109.752,1,-1,-1,-1
892,71,1340.507,297.945,34.805,109.450,1,-1,-1,-1
892,74,1559.569,297.155,34.104,106.241,1,-1,-1,-1
892,76,1789.779,294.733,43.182,119.340,1,-1,-1,-1
892,77,1865.423,295.665,38.756,116.489,1,-1,-1,-1
892,78,1078.809,288.190,43.567,122.362,1,-1,-1,-1
892,79,338.278,80.888,284.603,654.612,1,-1,-1,-1
892,83,1295.871,301.136,30.417,102.661,1,-1,-1,-1
892,84,1752.768,305.704,35.663,101.251,1,-1,-1,-1
892,85,1398.624,313.885,26.398,61.781,1,-1,-1,-1
892,86,1277.358,299.790,29.153,100.622,1,-1,-1,-1
892,87,1733.921,307.329,35.531,98.028,1,-1,-1,-1
892,89,1715.800,312.100,31.300,83.200,1,-1,-1,-1
893,56,859.039,128.630,181.557,526.532,1,-1,-1,-1
893,57,712.034,167.359,179.065,473.639,1,-1,-1,-1
893,63,1121.198,213.396,120.713,384.403,1,-1,-1,-1
893,70,1364.810,294.894,35.878,98.590,1,-1,-1,-1
893,71,1333.531,299.039,35.804,112.355,1,-1,-1,-1
893,74,1548.761,302.137,34.053,104.880,1,-1,-1,-1
893,76,1777.747,298.441,42.286,119.151,1,-1,-1,-1
893,77,1855.371,302.307,37.384,115.383,1,-1,-1,-1
893,78,1071.213,288.484,44.537,123.888,1,-1,-1,-1
893,79,320.251,72.983,289.905,662.791,1,-1,-1,-1
893,83,1284.944,302.735,31.888,105.741,1,-1,-1,-1
893,84,1745.495,304.614,43.300,107.968,1,-1,-1,-1
893,85,1391.802,317.546,24.839,61.340,1,-1,-1,-1
893,87,1727.239,310.319,34.422,96.493,1,-1,-1,-1
893,90,1252.200,310.400,25.500,85.400,1,-1,-1,-1
894,56,851.405,128.387,181.975,524.731,1,-1,-1,-1
894,57,701.195,169.930,178.005,472.822,1,-1,-1,-1
894,63,1112.655,215.087,121.336,384.614,1,-1,-1,-1
894,70,1363.683,304.453,34.612,89.347,1,-1,-1,-1
894,71,1326.865,301.556,36.242,114.733,1,-1,-1,-1
894,72,1296.768,307.844,27.195,99.041,1,-1,-1,-1
894,74,1539.799,306.471,34.139,104.724,1,-1,-1,-1
894,76,1770.317,301.222,41.642,117.890,1,-1,-1,-1
894,77,1842.881,309.108,36.351,112.625,1,-1,-1,-1
894,78,1061.833,290.275,44.535,125.925,1,-1,-1,-1
894,79,302.982,70.910,299.391,675.215,1,-1,-1,-1
894,83,1278.087,307.171,32.242,104.750,1,-1,-1,-1
894,87,1727.937,310.519,36.068,99.702,1,-1,-1,-1
894,89,1708.964,312.091,32.573,93.318,1,-1,-1,-1
894,90,1248.739,314.109,25.224,85.381,1,-1,-1,-1
895,56,843.192,136.832,181.098,522.089,1,-1,-1,-1
895,57,688.607,168.761,177.533,475.770,1,-1,-1,-1
895,63,1104.543,217.653,123.926,386.962,1,-1,-1,-1
895,66,1317.481,308.136,32.005,108.176,1,-1,-1,-1
895,70,1361.038,313.172,33.013,81.968,1,-1,-1,-1
895,72,1298.998,308.731,28.359,103.940,1,-1,-1,-1
895,74,1528.609,310.332,33.830,104.554,1,-1,-1,-1
895,76,1760.996,304.369,42.199,118.836,1,-1,-1,-1
895,77,1833.255,310.849,36.400,112.696,1,-1,-1,-1
895,78,1052.380,292.975,45.348,126.872,1,-1,-1,-1
895,79,282.193,69.521,308.095,687.945,1,-1,-1,-1
895,83,1273.987,309.544,32.825,104.781,1,-1,-1,-1
895,89,1702.387,314.926,34.180,99.121,1,-1,-1,-1
895,90,1250.193,314.396,26.126,88.066,1,-1,-1,-1
895,91,625.400,255.000,55.800,191.900,1,-1,-1,-1
896,56,837.145,142.741,183.653,524.192,1,-1,-1,-1
896,57,679.309,167.741,177.315,477.465,1,-1,-1,-1
896,63,1098.941,216.645,124.227,390.483,1,-1,-1,-1
896,66,1311.258,308.262,34.088,114.901,1,-1,-1,-1
896,71,1331.716,305.957,34.933,101.634,1,-1,-1,-1
896,74,1520.650,312.513,34.192,105.469,1,-1,-1,-1
896,76,1753.323,307.097,44.334,120.883,1,-1,-1,-1
896,77,1824.151,313.625,37.002,114.076,1,-1,-1,-1
896,78,1045.742,298.660,44.868,126.035,1,-1,-1,-1
896,79,259.670,64.980,313.055,702.925,1,-1,-1,-1
896,83,1270.097,312.150,32.752,104.610,1,-1,-1,-1
896,84,1728.816,315.956,39.334,107.116,1,-1,-1,-1
896,85,1364.282,327.946,24.071,58.148,1,-1,-1,-1
896,89,1689.945,318.761,35.066,100.375,1,-1,-1,-1
896,90,1251.151,315.987,27.517,93.499,1,-1,-1,-1
896,91,610.509,251.130,68.383,216.638,1,-1,-1,-1
897,56,834.086,142.623,182.005,525.516,1,-1,-1,-1
897,57,674.105,169.188,177.088,476.545,1,-1,-1,-1
897,63,1095.645,217.417,125.663,394.305,1,-1,-1,-1
897,66,1305.337,309.803,35.501,117.128,1,-1,-1,-1
897,70,1360.104,320.139,30.736,74.656,1,-1,-1,-1
897,71,1336.951,309.431,33.714,90.965,1,-1,-1,-1
897,74,1514.636,315.157,34.443,105.634,1,-1,-1,-1
897,76,1749.394,308.471,47.194,122.459,1,-1,-1,-1
897,77,1817.327,314.569,37.885,114.970,1,-1,-1,-1
897,78,1041.141,302.247,45.446,127.293,1,-1,-1,-1
897,79,245.674,66.711,318.638,714.612,1,-1,-1,-1
897,83,1265.187,314.765,31.913,102.554,1,-1,-1,-1
897,89,1682.495,322.086,35.653,101.031,1,-1,-1,-1
897,90,1250.936,318.203,28.100,96.420,1,-1,-1,-1
898,56,831.969,145.701,180.112,526.009,1,-1,-1,-1
898,57,668.517,171.846,178.126,472.975,1,-1,-1,-1
898,63,1093.317,219.054,127.345,394.992,1,-1,-1,-1
898,66,1302.908,311.163,36.600,116.889,1,-1,-1,-1
898,71,1337.597,313.901,32.399,85.205,1,-1,-1,-1
898,74,1511.210,316.305,34.613,104.674,1,-1,-1,-1
898,76,1747.157,311.156,48.286,122.097,1,-1,-1,-1
898,77,1815.525,315.413,37.918,114.821,1,-1,-1,-1
898,78,1038.937,304.544,45.657,127.172,1,-1,-1,-1
898,79,226.002,71.102,325.646,723.731,1,-1,-1,-1
898,83,1260.690,319.520,31.171,100.588,1,-1,-1,-1
898,89,1682.665,324.614,36.535,99.922,1,-1,-1,-1
898,92,1215.500,324.700,27.600,93.500,1,-1,-1,-1
899,56,828.173,145.030,177.875,525.141,1,-1,-1,-1
899,57,663.266,172.844,179.126,472.180,1,-1,-1,-1
899,63,1091.535,221.068,128.488,399.024,1,-1,-1,-1
899,66,1301.584,311.625,37.207,116.796,1,-1,-1,-1
899,74,1509.978,318.450,34.675,103.426,1,-1,-1,-1
899,76,1747.045,311.665,49.518,122.625,1,-1,-1,-1
899,77,1816.064,315.407,38.135,114.207,1,-1,-1,-1
899,78,1036.123,306.942,46.136,126.054,1,-1,-1,-1
899,79,210.862,69.480,329.706,745.216,1,-1,-1,-1
899,83,1256.519,320.687,31.325,100.593,1,-1,-1,-1
899,89,1680.327,324.965,38.062,100.671,1,-1,-1,-1
899,92,1217.677,325.678,28.045,95.344,1,-1,-1,-1
900,56,829.173,146.569,176.575,525.499,1,-1,-1,-1
900,57,661.015,174.884,179.911,471.968,1,-1,-1,-1
900,63,1090.758,218.943,128.465,399.755,1,-1,-1,-1
900,66,1303.142,313.106,37.862,116.264,1,-1,-1,-1
900,74,1510.510,318.181,34.898,103.610,1,-1,-1,-1
900,76,1749.835,312.201,49.922,124.140,1,-1,-1,-1
900,77,1817.420,314.282,38.480,114.893,1,-1,-1,-1
900,78,1037.042,307.543,46.809,125.809,1,-1,-1,-1
900,79,207.503,66.800,334.371,759.284,1,-1,-1,-1
900,83,1255.493,321.361,31.872,100.986,1,-1,-1,-1
900,89,1680.934,325.865,38.796,100.240,1,-1,-1,-1
900,92,1218.662,326.444,29.182,95.825,1,-1,-1,-1
